{
    "avg_prefill_latency": 0.08906944592793782,
    "prefill_latencies": [
        0.08644771575927734,
        0.08533430099487305,
        0.11693596839904785,
        0.08427906036376953,
        0.08497405052185059,
        0.0850379467010498,
        0.09365391731262207,
        0.08414602279663086,
        0.08614516258239746,
        0.08462309837341309,
        0.08539128303527832,
        0.09186482429504395
    ],
    "prefill_percentiles": {
        "10": 0.08431346416473388,
        "25": 0.08488631248474121,
        "50": 0.08536279201507568,
        "75": 0.087801992893219,
        "90": 0.09347500801086425
    },
    "avg_decode_latency": 0.02697785474635937,
    "decode_latencies": [
        0.025082164340549044,
        0.028447786966959637,
        0.01843065685696072,
        0.024747822019788954,
        0.024795134862263996,
        0.02571429146660699,
        0.03152571784125434,
        0.02699014875623915,
        0.029290729098849826,
        0.03141938315497504,
        0.03554754787021213,
        0.02174287372165256
    ],
    "decode_percentiles": {
        "10": 0.0220433685514662,
        "25": 0.024783306651645236,
        "50": 0.026352220111423068,
        "75": 0.02982289261288113,
        "90": 0.03151508437262641
    }
}