{
    "avg_prefill_latency": 0.2302114168802897,
    "prefill_latencies": [
        0.22945880889892578,
        0.22419977188110352,
        0.22465300559997559,
        0.22536110877990723,
        0.22475934028625488,
        0.23895001411437988,
        0.23264527320861816,
        0.2245347499847412,
        0.24387812614440918,
        0.2247457504272461,
        0.2443087100982666,
        0.22504234313964844
    ],
    "prefill_percentiles": {
        "10": 0.22454657554626464,
        "25": 0.22472256422042847,
        "50": 0.22520172595977783,
        "75": 0.2342214584350586,
        "90": 0.24338531494140625
    },
    "avg_decode_latency": 0.025449384141851352,
    "decode_latencies": [
        0.026063415739271376,
        0.0249431398179796,
        0.0260467529296875,
        0.03441662258572049,
        0.021602074305216473,
        0.02449973424275716,
        0.028596984015570745,
        0.026286204655965168,
        0.022366470760769315,
        0.02542514271206326,
        0.021168973710801866,
        0.023977094226413302
    ],
    "decode_percentiles": {
        "10": 0.021678513950771756,
        "25": 0.023574438360002305,
        "50": 0.02518414126502143,
        "75": 0.026119112968444824,
        "90": 0.02836590607961019
    }
}