{
    "avg_prefill_latency": 0.04893567164738973,
    "prefill_latencies": [
        0.04893016815185547,
        0.04905271530151367,
        0.048714399337768555,
        0.048918962478637695,
        0.04893803596496582,
        0.04890871047973633,
        0.04924130439758301,
        0.04874610900878906,
        0.0489811897277832,
        0.04883623123168945,
        0.048957109451293945,
        0.04900312423706055
    ],
    "prefill_percentiles": {
        "10": 0.0487551212310791,
        "25": 0.04889059066772461,
        "50": 0.048934102058410645,
        "75": 0.04898667335510254,
        "90": 0.04904775619506836
    },
    "avg_decode_latency": 0.01743040923719053,
    "decode_latencies": [
        0.017378356721666124,
        0.017194271087646484,
        0.01728918817308214,
        0.017820623185899522,
        0.017537487877739802,
        0.017134586970011394,
        0.017293479707505967,
        0.01769860585530599,
        0.01807379722595215,
        0.01729718844095866,
        0.017156574461195204,
        0.017290751139322918
    ],
    "decode_percentiles": {
        "10": 0.01716034412384033,
        "25": 0.017265458901723225,
        "50": 0.017295334074232314,
        "75": 0.017577767372131348,
        "90": 0.01780842145284017
    }
}