{
    "avg_prefill_latency": 0.16272826989491782,
    "prefill_latencies": [
        0.1607038974761963,
        0.16119718551635742,
        0.16161203384399414,
        0.16076946258544922,
        0.16095304489135742,
        0.17026162147521973,
        0.16092753410339355,
        0.16157937049865723,
        0.16176772117614746,
        0.17037701606750488,
        0.16077685356140137,
        0.16181349754333496
    ],
    "prefill_percentiles": {
        "10": 0.16077020168304443,
        "25": 0.1608898639678955,
        "50": 0.16138827800750732,
        "75": 0.16177916526794434,
        "90": 0.16941680908203124
    },
    "avg_decode_latency": 0.029169535195385968,
    "decode_latencies": [
        0.025841395060221355,
        0.033118353949652776,
        0.02823970052931044,
        0.027094364166259766,
        0.028044700622558594,
        0.0340516832139757,
        0.026474343405829534,
        0.02780424224005805,
        0.027662807040744357,
        0.026408778296576604,
        0.027184274461534288,
        0.038109779357910156
    ],
    "decode_percentiles": {
        "10": 0.026415334807501897,
        "25": 0.026939358976152208,
        "50": 0.027733524640401203,
        "75": 0.029459363884396024,
        "90": 0.033958350287543404
    }
}