{
    "avg_prefill_latency": 0.02133987347284953,
    "prefill_latencies": [
        0.021452665328979492,
        0.02276897430419922,
        0.02223348617553711,
        0.022137880325317383,
        0.0205380916595459,
        0.020518779754638672,
        0.02068185806274414,
        0.02116560935974121,
        0.02047252655029297,
        0.02220010757446289,
        0.021043777465820312,
        0.02086472511291504
    ],
    "prefill_percentiles": {
        "10": 0.020520710945129396,
        "25": 0.02064591646194458,
        "50": 0.02110469341278076,
        "75": 0.02215343713760376,
        "90": 0.022230148315429688
    },
    "avg_decode_latency": 0.019015391667683918,
    "decode_latencies": [
        0.01815909809536404,
        0.01840323872036404,
        0.01813575956556532,
        0.01826606856452094,
        0.018421279059516057,
        0.018489360809326172,
        0.01853481928507487,
        0.018417199452718098,
        0.026399532953898113,
        0.018074989318847656,
        0.018556409411960177,
        0.01832694477505154
    ],
    "decode_percentiles": {
        "10": 0.018138093418545193,
        "25": 0.018239325947231717,
        "50": 0.01841021908654107,
        "75": 0.018500725428263348,
        "90": 0.01855425039927165
    }
}