{
    "avg_prefill_latency": 0.08816701173782349,
    "prefill_latencies": [
        0.0877847671508789,
        0.08993816375732422,
        0.08649349212646484,
        0.09190583229064941,
        0.08756399154663086,
        0.08972692489624023,
        0.08537459373474121,
        0.08892703056335449,
        0.08585786819458008,
        0.08952212333679199,
        0.08622193336486816,
        0.08868741989135742
    ],
    "prefill_percentiles": {
        "10": 0.08589427471160889,
        "25": 0.08642560243606567,
        "50": 0.08823609352111816,
        "75": 0.08957332372665405,
        "90": 0.08991703987121583
    },
    "avg_decode_latency": 0.031637873914506696,
    "decode_latencies": [
        0.04342370563083225,
        0.028419229719373915,
        0.028693570031060114,
        0.029240316814846463,
        0.029322597715589736,
        0.028754313786824543,
        0.029357300864325628,
        0.02836020787556966,
        0.04580643441942003,
        0.02866784731547038,
        0.030605554580688477,
        0.02900340822007921
    ],
    "decode_percentiles": {
        "10": 0.028444091478983562,
        "25": 0.02868713935216268,
        "50": 0.029121862517462835,
        "75": 0.02966936429341634,
        "90": 0.04214189052581788
    }
}