{
    "avg_prefill_latency": 0.09405863285064697,
    "prefill_latencies": [
        0.10258722305297852,
        0.08160543441772461,
        0.10594344139099121,
        0.11612081527709961,
        0.08164739608764648,
        0.08373522758483887,
        0.08123254776000977,
        0.0809926986694336,
        0.09227633476257324,
        0.08079695701599121,
        0.09243178367614746,
        0.1293337345123291
    ],
    "prefill_percentiles": {
        "10": 0.0810166835784912,
        "25": 0.0815122127532959,
        "50": 0.08800578117370605,
        "75": 0.10342627763748169,
        "90": 0.11510307788848877
    },
    "avg_decode_latency": 0.0512967551196063,
    "decode_latencies": [
        0.04213974210951063,
        0.052195760938856334,
        0.04218419392903646,
        0.061023314793904625,
        0.04678731494479709,
        0.061222606235080294,
        0.04603433609008789,
        0.05405894915262858,
        0.04879734251234266,
        0.06180376476711697,
        0.04227871365017361,
        0.05703502231174045
    ],
    "decode_percentiles": {
        "10": 0.04219364590115018,
        "25": 0.04509543048010932,
        "50": 0.0504965517255995,
        "75": 0.058032095432281494,
        "90": 0.06120267709096273
    }
}