{
    "avg_prefill_latency": 0.09707844257354736,
    "prefill_latencies": [
        0.09287858009338379,
        0.09206771850585938,
        0.09642410278320312,
        0.09197640419006348,
        0.11731791496276855,
        0.09237933158874512,
        0.09264731407165527,
        0.09247088432312012,
        0.09182286262512207,
        0.09307217597961426,
        0.11522531509399414,
        0.09665870666503906
    ],
    "prefill_percentiles": {
        "10": 0.09198553562164306,
        "25": 0.09230142831802368,
        "50": 0.09276294708251953,
        "75": 0.09648275375366211,
        "90": 0.11336865425109864
    },
    "avg_decode_latency": 0.042810232551009575,
    "decode_latencies": [
        0.052234119839138456,
        0.04268866115146213,
        0.03623639212714301,
        0.04917388492160373,
        0.03837778833177355,
        0.040585094028049044,
        0.041696495480007596,
        0.042601585388183594,
        0.040896336237589516,
        0.04931370417277018,
        0.039037863413492836,
        0.04088086552090115
    ],
    "decode_percentiles": {
        "10": 0.03844379583994548,
        "25": 0.04019828637440999,
        "50": 0.041296415858798556,
        "75": 0.04430996709399753,
        "90": 0.049299722247653534
    }
}