{
    "avg_prefill_latency": 0.06652406851450603,
    "prefill_latencies": [
        0.059889793395996094,
        0.05926847457885742,
        0.10225367546081543,
        0.05956864356994629,
        0.059249162673950195,
        0.059897661209106445,
        0.060004234313964844,
        0.059800148010253906,
        0.06005382537841797,
        0.059769392013549805,
        0.09906482696533203,
        0.059468984603881836
    ],
    "prefill_percentiles": {
        "10": 0.059288525581359865,
        "25": 0.059543728828430176,
        "50": 0.059844970703125,
        "75": 0.060016632080078125,
        "90": 0.09516372680664063
    },
    "avg_decode_latency": 0.036446456555966976,
    "decode_latencies": [
        0.03425063027275933,
        0.039929866790771484,
        0.03369752566019694,
        0.03554532263014051,
        0.034387535519070096,
        0.034025854534573026,
        0.04211809900071886,
        0.034763336181640625,
        0.034862014982435435,
        0.03488983048333062,
        0.043580982420179576,
        0.03530648019578722
    ],
    "decode_percentiles": {
        "10": 0.03404833210839166,
        "25": 0.034353309207492404,
        "50": 0.03487592273288303,
        "75": 0.036641458670298256,
        "90": 0.041899275779724125
    }
}