{
    "avg_prefill_latency": 0.028085748354593914,
    "prefill_latencies": [
        0.028584957122802734,
        0.027553081512451172,
        0.029877901077270508,
        0.02785515785217285,
        0.027862548828125,
        0.027876853942871094,
        0.02763223648071289,
        0.027719736099243164,
        0.02871084213256836,
        0.027754783630371094,
        0.02777838706970215,
        0.027822494506835938
    ],
    "prefill_percentiles": {
        "10": 0.027640986442565917,
        "25": 0.02774602174758911,
        "50": 0.027838826179504395,
        "75": 0.028053879737854004,
        "90": 0.028698253631591796
    },
    "avg_decode_latency": 0.016832009509757714,
    "decode_latencies": [
        0.01645978291829427,
        0.016454378763834637,
        0.016743183135986328,
        0.016736798816257052,
        0.017107592688666448,
        0.017368978924221463,
        0.017144944932725694,
        0.016691472795274522,
        0.016818232006496854,
        0.016803741455078125,
        0.016792906655205622,
        0.01686210102505154
    ],
    "decode_percentiles": {
        "10": 0.016482951905992294,
        "25": 0.01672546731101142,
        "50": 0.016798324055141874,
        "75": 0.016923473940955266,
        "90": 0.01714120970831977
    }
}