{
    "avg_prefill_latency": 0.022905488808949787,
    "prefill_latencies": [
        0.023497581481933594,
        0.02227497100830078,
        0.02019023895263672,
        0.02178478240966797,
        0.04013538360595703,
        0.020494461059570312,
        0.021239280700683594,
        0.021126508712768555,
        0.02214670181274414,
        0.01924729347229004,
        0.02312612533569336,
        0.019602537155151367
    ],
    "prefill_percentiles": {
        "10": 0.019661307334899902,
        "25": 0.020418405532836914,
        "50": 0.02151203155517578,
        "75": 0.022487759590148926,
        "90": 0.02346043586730957
    },
    "avg_decode_latency": 0.01739376783370972,
    "decode_latencies": [
        0.018200821346706815,
        0.01709792349073622,
        0.01713161998324924,
        0.016744375228881836,
        0.01805228657192654,
        0.0172527101304796,
        0.01722574234008789,
        0.01709429423014323,
        0.017827616797553167,
        0.017287280824449327,
        0.016759845945570204,
        0.01805069711473253
    ],
    "decode_percentiles": {
        "10": 0.016793290774027508,
        "25": 0.017097016175587974,
        "50": 0.017239226235283747,
        "75": 0.01788338687684801,
        "90": 0.01805212762620714
    }
}