{
    "avg_prefill_latency": 0.06820334990819295,
    "prefill_latencies": [
        0.0664665699005127,
        0.06601309776306152,
        0.0677802562713623,
        0.0666813850402832,
        0.06429362297058105,
        0.0644369125366211,
        0.06408023834228516,
        0.06386041641235352,
        0.06471467018127441,
        0.06387901306152344,
        0.06417083740234375,
        0.10206317901611328
    ],
    "prefill_percentiles": {
        "10": 0.06389913558959961,
        "25": 0.0641481876373291,
        "50": 0.06457579135894775,
        "75": 0.06652027368545532,
        "90": 0.06767036914825439
    },
    "avg_decode_latency": 0.03729403681225247,
    "decode_latencies": [
        0.03277415699428982,
        0.032826635572645396,
        0.03306497467888726,
        0.032883935504489474,
        0.04715869161817762,
        0.03828104337056478,
        0.03546426031324598,
        0.04382967948913574,
        0.03625461790296766,
        0.0351716677347819,
        0.035766813490125865,
        0.0440519650777181
    ],
    "decode_percentiles": {
        "10": 0.0328323655658298,
        "25": 0.033019714885287814,
        "50": 0.035615536901685924,
        "75": 0.03966820240020752,
        "90": 0.044029736518859865
    }
}