{
    "avg_prefill_latency": 0.017239193121592205,
    "prefill_latencies": [
        0.01583409309387207,
        0.017091989517211914,
        0.017480134963989258,
        0.015917301177978516,
        0.016937971115112305,
        0.017644643783569336,
        0.01654052734375,
        0.023507118225097656,
        0.016486644744873047,
        0.015668153762817383,
        0.016706228256225586,
        0.017055511474609375
    ],
    "prefill_percentiles": {
        "10": 0.015842413902282713,
        "25": 0.016344308853149414,
        "50": 0.016822099685668945,
        "75": 0.01718902587890625,
        "90": 0.017628192901611328
    },
    "avg_decode_latency": 0.01885207935615822,
    "decode_latencies": [
        0.01709800296359592,
        0.01694954766167535,
        0.022272374894883897,
        0.016897572411431208,
        0.020924276775783963,
        0.017023854785495333,
        0.021191914876302082,
        0.01951710383097331,
        0.01707291603088379,
        0.02277329232957628,
        0.017203489939371746,
        0.01730060577392578
    ],
    "decode_percentiles": {
        "10": 0.01695697837405735,
        "25": 0.017060650719536677,
        "50": 0.017252047856648765,
        "75": 0.020991186300913494,
        "90": 0.022164328893025716
    }
}