{
    "avg_prefill_latency": 0.09102509419123332,
    "prefill_latencies": [
        0.08310985565185547,
        0.08268857002258301,
        0.08244013786315918,
        0.0828242301940918,
        0.08209013938903809,
        0.18341994285583496,
        0.08231019973754883,
        0.08249807357788086,
        0.08279657363891602,
        0.0826270580291748,
        0.08292078971862793,
        0.08257555961608887
    ],
    "prefill_percentiles": {
        "10": 0.08232319355010986,
        "25": 0.08248358964920044,
        "50": 0.0826578140258789,
        "75": 0.08284837007522583,
        "90": 0.08309094905853272
    },
    "avg_decode_latency": 0.03509452166380705,
    "decode_latencies": [
        0.03961851861741808,
        0.04405834939744738,
        0.03554627630445692,
        0.03449606895446777,
        0.03386635250515408,
        0.030285093519422743,
        0.03302264213562012,
        0.040806982252332896,
        0.030283689498901367,
        0.0302071041531033,
        0.031373712751600474,
        0.03756946987575955
    ],
    "decode_percentiles": {
        "10": 0.030283829900953504,
        "25": 0.03110155794355604,
        "50": 0.034181210729810924,
        "75": 0.038081732061174184,
        "90": 0.04068813588884142
    }
}