{
    "avg_prefill_latency": 0.04238130648930868,
    "prefill_latencies": [
        0.04032254219055176,
        0.03949570655822754,
        0.04097700119018555,
        0.03964948654174805,
        0.04067707061767578,
        0.03933119773864746,
        0.041103363037109375,
        0.040944814682006836,
        0.06696009635925293,
        0.039786338806152344,
        0.039223670959472656,
        0.04010438919067383
    ],
    "prefill_percentiles": {
        "10": 0.03934764862060547,
        "25": 0.03961104154586792,
        "50": 0.04021346569061279,
        "75": 0.040952861309051514,
        "90": 0.04109072685241699
    },
    "avg_decode_latency": 0.02900326031225699,
    "decode_latencies": [
        0.029174089431762695,
        0.02381457222832574,
        0.029661258061726887,
        0.030228084988064237,
        0.024634149339463975,
        0.031108034981621638,
        0.03019396464029948,
        0.025255521138509113,
        0.02852132585313585,
        0.034893936581081815,
        0.028666019439697266,
        0.03188816706339518
    ],
    "decode_percentiles": {
        "10": 0.02469628651936849,
        "25": 0.027704874674479164,
        "50": 0.02941767374674479,
        "75": 0.030448072486453585,
        "90": 0.03181015385521783
    }
}