{
    "avg_prefill_latency": 0.05220566193262736,
    "prefill_latencies": [
        0.05215144157409668,
        0.05233311653137207,
        0.051206111907958984,
        0.05217695236206055,
        0.05266165733337402,
        0.05088496208190918,
        0.05468630790710449,
        0.05521965026855469,
        0.05118393898010254,
        0.052080392837524414,
        0.051439762115478516,
        0.05044364929199219
    ],
    "prefill_percentiles": {
        "10": 0.050914859771728514,
        "25": 0.05120056867599487,
        "50": 0.05211591720581055,
        "75": 0.05241525173187256,
        "90": 0.05448384284973145
    },
    "avg_decode_latency": 0.028863697140305133,
    "decode_latencies": [
        0.02730740441216363,
        0.027201731999715168,
        0.035235961278279625,
        0.027096721861097548,
        0.02744097179836697,
        0.030216826332939997,
        0.02739042705959744,
        0.027719683117336698,
        0.036069128248426646,
        0.026790936787923176,
        0.026176293690999348,
        0.02771827909681532
    ],
    "decode_percentiles": {
        "10": 0.026821515295240614,
        "25": 0.027175479465060763,
        "50": 0.027415699428982206,
        "75": 0.02834396892123752,
        "90": 0.03473404778374566
    }
}