{
    "avg_prefill_latency": 0.037982006867726646,
    "prefill_latencies": [
        0.03756284713745117,
        0.03824782371520996,
        0.038101911544799805,
        0.03905010223388672,
        0.03800559043884277,
        0.03816795349121094,
        0.03757429122924805,
        0.03779292106628418,
        0.03767275810241699,
        0.03756380081176758,
        0.037503957748413086,
        0.03854012489318848
    ],
    "prefill_percentiles": {
        "10": 0.03756294250488281,
        "25": 0.03757166862487793,
        "50": 0.03789925575256348,
        "75": 0.03818792104721069,
        "90": 0.038510894775390624
    },
    "avg_decode_latency": 0.023063098942791974,
    "decode_latencies": [
        0.024165100521511503,
        0.023618830574883357,
        0.02223372459411621,
        0.03417568736606174,
        0.022629817326863606,
        0.021962642669677734,
        0.021091540654500324,
        0.02106777826944987,
        0.02085243331061469,
        0.02208709716796875,
        0.021767271889580622,
        0.021105262968275283
    ],
    "decode_percentiles": {
        "10": 0.021070154507954915,
        "25": 0.021101832389831543,
        "50": 0.022024869918823242,
        "75": 0.022877070638868544,
        "90": 0.024110473526848687
    }
}