{
    "avg_prefill_latency": 0.018396238485972088,
    "prefill_latencies": [
        0.017893552780151367,
        0.01808619499206543,
        0.01791238784790039,
        0.021453142166137695,
        0.018329858779907227,
        0.018036603927612305,
        0.017979145050048828,
        0.018241405487060547,
        0.01825857162475586,
        0.018695354461669922,
        0.01792430877685547,
        0.0179443359375
    ],
    "prefill_percentiles": {
        "10": 0.0179135799407959,
        "25": 0.017939329147338867,
        "50": 0.018061399459838867,
        "75": 0.0182763934135437,
        "90": 0.01865880489349365
    },
    "avg_decode_latency": 0.015049943217524777,
    "decode_latencies": [
        0.014865398406982422,
        0.015038225385877822,
        0.015093909369574653,
        0.015011072158813477,
        0.015153169631958008,
        0.015118016137017144,
        0.015164004431830512,
        0.015311241149902344,
        0.015203449461195204,
        0.014995813369750977,
        0.014833238389756944,
        0.014811780717637803
    ],
    "decode_percentiles": {
        "10": 0.014836454391479492,
        "25": 0.014963209629058838,
        "50": 0.015066067377726238,
        "75": 0.015155878331926134,
        "90": 0.015199504958258735
    }
}