{
    "avg_prefill_latency": 0.023007015387217205,
    "prefill_latencies": [
        0.01756429672241211,
        0.018703222274780273,
        0.01734638214111328,
        0.01731729507446289,
        0.01727461814880371,
        0.020532846450805664,
        0.017291784286499023,
        0.018344640731811523,
        0.044583797454833984,
        0.05071377754211426,
        0.018813610076904297,
        0.01759791374206543
    ],
    "prefill_percentiles": {
        "10": 0.01729433536529541,
        "25": 0.017339110374450684,
        "50": 0.017971277236938477,
        "75": 0.01924341917037964,
        "90": 0.04217870235443116
    },
    "avg_decode_latency": 0.02311533468740958,
    "decode_latencies": [
        0.02441231409708659,
        0.02402671178181966,
        0.025845395194159612,
        0.02388241555955675,
        0.018301645914713543,
        0.024418433507283527,
        0.024089707268608943,
        0.01881983545091417,
        0.01835587289598253,
        0.02366794480217828,
        0.02300678359137641,
        0.02855695618523492
    ],
    "decode_percentiles": {
        "10": 0.018402269151475695,
        "25": 0.02196004655626085,
        "50": 0.023954563670688205,
        "75": 0.024413843949635826,
        "90": 0.025702699025472005
    }
}