{
    "avg_prefill_latency": 0.08660085995992024,
    "prefill_latencies": [
        0.08627676963806152,
        0.08676958084106445,
        0.0876166820526123,
        0.08991217613220215,
        0.08499503135681152,
        0.08603549003601074,
        0.08642411231994629,
        0.0863492488861084,
        0.08575153350830078,
        0.08623218536376953,
        0.08600163459777832,
        0.08684587478637695
    ],
    "prefill_percentiles": {
        "10": 0.08577654361724854,
        "25": 0.08602702617645264,
        "50": 0.08631300926208496,
        "75": 0.08678865432739258,
        "90": 0.08753960132598877
    },
    "avg_decode_latency": 0.03326907643565425,
    "decode_latencies": [
        0.03901545206705729,
        0.03112612830268012,
        0.03122697936164008,
        0.04028254085116916,
        0.03091560469733344,
        0.03070288234286838,
        0.04125210973951551,
        0.031046708424886067,
        0.03088725937737359,
        0.030861748589409724,
        0.03128372298346625,
        0.030627780490451388
    ],
    "decode_percentiles": {
        "10": 0.030718768967522514,
        "25": 0.030880881680382624,
        "50": 0.03108641836378309,
        "75": 0.033216655254364014,
        "90": 0.040155831972757974
    }
}