{
    "avg_prefill_latency": 0.10340174039204915,
    "prefill_latencies": [
        0.10213255882263184,
        0.10339975357055664,
        0.10281515121459961,
        0.10251045227050781,
        0.10373854637145996,
        0.10498428344726562,
        0.10204553604125977,
        0.10515785217285156,
        0.10336661338806152,
        0.10125041007995605,
        0.10512757301330566,
        0.10429215431213379
    ],
    "prefill_percentiles": {
        "10": 0.10205423831939697,
        "25": 0.10241597890853882,
        "50": 0.10338318347930908,
        "75": 0.10446518659591675,
        "90": 0.10511324405670167
    },
    "avg_decode_latency": 0.014489326212141248,
    "decode_latencies": [
        0.014159388012356229,
        0.014148685667249892,
        0.014326307508680556,
        0.014029052522447374,
        0.014229668511284722,
        0.014747858047485352,
        0.015164984597100152,
        0.014321088790893555,
        0.014358467525906034,
        0.014837450451321073,
        0.014768785900539823,
        0.01478017701043023
    ],
    "decode_percentiles": {
        "10": 0.014149755901760526,
        "25": 0.014212098386552598,
        "50": 0.014342387517293295,
        "75": 0.014771633678012425,
        "90": 0.014831723107231989
    }
}