{
    "avg_prefill_latency": 0.09783746798833211,
    "prefill_latencies": [
        0.09736943244934082,
        0.0967862606048584,
        0.09817385673522949,
        0.09751152992248535,
        0.09843111038208008,
        0.09814834594726562,
        0.09829878807067871,
        0.09688186645507812,
        0.09929466247558594,
        0.0973653793334961,
        0.0995631217956543,
        0.09622526168823242
    ],
    "prefill_percentiles": {
        "10": 0.09679582118988037,
        "25": 0.0972445011138916,
        "50": 0.09782993793487549,
        "75": 0.09833186864852905,
        "90": 0.09920830726623535
    },
    "avg_decode_latency": 0.015967901106233952,
    "decode_latencies": [
        0.015572071075439453,
        0.015805270936754014,
        0.01568950547112359,
        0.01654240820142958,
        0.015784263610839844,
        0.0161740779876709,
        0.016986979378594294,
        0.016131824917263456,
        0.01602943738301595,
        0.01594201723734538,
        0.015988508860270183,
        0.014968448215060763
    ],
    "decode_percentiles": {
        "10": 0.015583814515007868,
        "25": 0.01576057407591078,
        "50": 0.01596526304880778,
        "75": 0.016142388184865318,
        "90": 0.016505575180053713
    }
}