{
    "avg_prefill_latency": 0.0677607258160909,
    "prefill_latencies": [
        0.06910562515258789,
        0.0657660961151123,
        0.0659029483795166,
        0.07281041145324707,
        0.07365059852600098,
        0.0660254955291748,
        0.06594657897949219,
        0.06565141677856445,
        0.0653378963470459,
        0.0657346248626709,
        0.07124447822570801,
        0.06595253944396973
    ],
    "prefill_percentiles": {
        "10": 0.0656597375869751,
        "25": 0.06575822830200195,
        "50": 0.06594955921173096,
        "75": 0.06964033842086792,
        "90": 0.07265381813049317
    },
    "avg_decode_latency": 0.020402696397569444,
    "decode_latencies": [
        0.020877599716186523,
        0.01720550325181749,
        0.017224179373847112,
        0.01885353194342719,
        0.02054572105407715,
        0.022399557961357966,
        0.021426704194810655,
        0.02075846989949544,
        0.022454579671223957,
        0.020600769254896376,
        0.020168198479546443,
        0.02231754197014703
    ],
    "decode_percentiles": {
        "10": 0.01738711463080512,
        "25": 0.01983953184551663,
        "50": 0.02067961957719591,
        "75": 0.021649413638644747,
        "90": 0.022391356362236874
    }
}