{
    "avg_prefill_latency": 0.2244007388750712,
    "prefill_latencies": [
        0.2254781723022461,
        0.22341322898864746,
        0.22500038146972656,
        0.2241818904876709,
        0.22699332237243652,
        0.22394824028015137,
        0.22368574142456055,
        0.22314691543579102,
        0.22307205200195312,
        0.22374796867370605,
        0.22405385971069336,
        0.22608709335327148
    ],
    "prefill_percentiles": {
        "10": 0.22317354679107665,
        "25": 0.22361761331558228,
        "50": 0.22400104999542236,
        "75": 0.22511982917785645,
        "90": 0.22602620124816894
    },
    "avg_decode_latency": 0.018576136341801396,
    "decode_latencies": [
        0.01788486374749078,
        0.018044100867377386,
        0.019777033064100478,
        0.019257068634033203,
        0.01843526628282335,
        0.017658445570203993,
        0.019568443298339844,
        0.018116023805406358,
        0.01772133509318034,
        0.01801504029168023,
        0.01909568574693468,
        0.019340329700046115
    ],
    "decode_percentiles": {
        "10": 0.017737687958611383,
        "25": 0.01798249615563287,
        "50": 0.018275645044114854,
        "75": 0.019277883900536433,
        "90": 0.01954563193851047
    }
}