{
    "avg_prefill_latency": 0.1435089111328125,
    "prefill_latencies": [
        0.13954710960388184,
        0.16485166549682617,
        0.1397385597229004,
        0.14605951309204102,
        0.1399242877960205,
        0.13933515548706055,
        0.1393733024597168,
        0.13982391357421875,
        0.15253734588623047,
        0.14188814163208008,
        0.13945221900939941,
        0.13957571983337402
    ],
    "prefill_percentiles": {
        "10": 0.13938119411468505,
        "25": 0.13952338695526123,
        "50": 0.13978123664855957,
        "75": 0.1429309844970703,
        "90": 0.15188956260681152
    },
    "avg_decode_latency": 0.034085242836563674,
    "decode_latencies": [
        0.02910547786288791,
        0.029860417048136394,
        0.04039984279208713,
        0.03292618857489692,
        0.03352991739908854,
        0.03342996703253852,
        0.045742167366875544,
        0.03897417916191949,
        0.0318357679578993,
        0.028586175706651475,
        0.035461107889811196,
        0.02917170524597168
    ],
    "decode_percentiles": {
        "10": 0.02911210060119629,
        "25": 0.029688239097595215,
        "50": 0.03317807780371772,
        "75": 0.03633937570783827,
        "90": 0.040257276429070364
    }
}