{
    "avg_prefill_latency": 0.1027611494064331,
    "prefill_latencies": [
        0.10257363319396973,
        0.10235762596130371,
        0.10216379165649414,
        0.10317802429199219,
        0.10315966606140137,
        0.10258817672729492,
        0.10320043563842773,
        0.10313940048217773,
        0.1026298999786377,
        0.10293412208557129,
        0.10250997543334961,
        0.10269904136657715
    ],
    "prefill_percentiles": {
        "10": 0.1023728609085083,
        "25": 0.1025577187538147,
        "50": 0.10266447067260742,
        "75": 0.10314446687698364,
        "90": 0.1031761884689331
    },
    "avg_decode_latency": 0.026064821967372195,
    "decode_latencies": [
        0.033956050872802734,
        0.02388106452094184,
        0.024362723032633465,
        0.024193657769097224,
        0.024134185579088,
        0.02449811829460992,
        0.02429032325744629,
        0.025073024961683486,
        0.03492723570929633,
        0.02380357848273383,
        0.024417506323920354,
        0.025240394804212783
    ],
    "decode_percentiles": {
        "10": 0.023906376626756456,
        "25": 0.02417878972159492,
        "50": 0.02439011467827691,
        "75": 0.02511486742231581,
        "90": 0.03308448526594374
    }
}