{
    "avg_prefill_latency": 0.19636106491088867,
    "prefill_latencies": [
        0.1771252155303955,
        0.20275259017944336,
        0.2109205722808838,
        0.17873764038085938,
        0.19511103630065918,
        0.17881560325622559,
        0.17906522750854492,
        0.18006539344787598,
        0.19804000854492188,
        0.1772913932800293,
        0.29718732833862305,
        0.18122076988220215
    ],
    "prefill_percentiles": {
        "10": 0.1774360179901123,
        "25": 0.17879611253738403,
        "50": 0.18064308166503906,
        "75": 0.19921815395355225,
        "90": 0.21010377407073974
    },
    "avg_decode_latency": 0.036868929862976074,
    "decode_latencies": [
        0.032918294270833336,
        0.0326326158311632,
        0.04651268323262533,
        0.03693702485826281,
        0.03283601337009006,
        0.03706129391988119,
        0.037484460406833224,
        0.04725294642978244,
        0.034690909915500216,
        0.03335830900404188,
        0.032726658715142146,
        0.03801594840155707
    ],
    "decode_percentiles": {
        "10": 0.03273759418063694,
        "25": 0.03289772404564752,
        "50": 0.035813967386881515,
        "75": 0.03761733240551419,
        "90": 0.04566300974951851
    }
}