{
    "avg_prefill_latency": 0.024309198061625164,
    "prefill_latencies": [
        0.0328981876373291,
        0.023102760314941406,
        0.04584074020385742,
        0.022204160690307617,
        0.01914072036743164,
        0.017629623413085938,
        0.024481773376464844,
        0.018097400665283203,
        0.018484830856323242,
        0.03441429138183594,
        0.01758599281311035,
        0.01782989501953125
    ],
    "prefill_percentiles": {
        "10": 0.01764965057373047,
        "25": 0.018030524253845215,
        "50": 0.02067244052886963,
        "75": 0.026585876941680908,
        "90": 0.034262681007385255
    },
    "avg_decode_latency": 0.020387483967675105,
    "decode_latencies": [
        0.019551886452568903,
        0.018466287189059787,
        0.01898336410522461,
        0.01799840397304959,
        0.023203081554836698,
        0.01813287205166287,
        0.023221598731146917,
        0.01730513572692871,
        0.02679035398695204,
        0.01884611447652181,
        0.024706204732259113,
        0.017444504631890193
    ],
    "decode_percentiles": {
        "10": 0.017499894566006133,
        "25": 0.01809925503200955,
        "50": 0.018914739290873207,
        "75": 0.02320771084891425,
        "90": 0.024557744132147893
    }
}