{
    "avg_prefill_latency": 0.12448801596959432,
    "prefill_latencies": [
        0.16359233856201172,
        0.12033700942993164,
        0.11543703079223633,
        0.11573982238769531,
        0.12706255912780762,
        0.13919401168823242,
        0.11560678482055664,
        0.11570549011230469,
        0.11709403991699219,
        0.11677932739257812,
        0.11640715599060059,
        0.13090062141418457
    ],
    "prefill_percentiles": {
        "10": 0.11561665534973145,
        "25": 0.11573123931884766,
        "50": 0.11693668365478516,
        "75": 0.12802207469940186,
        "90": 0.13836467266082764
    },
    "avg_decode_latency": 0.04384178143960459,
    "decode_latencies": [
        0.04519579145643446,
        0.04237156444125705,
        0.048426813549465604,
        0.037378284666273326,
        0.041925933625963,
        0.05133681827121311,
        0.037842008802625865,
        0.04565596580505371,
        0.0464021364847819,
        0.03648649321662055,
        0.03955438401963976,
        0.053525182935926646
    ],
    "decode_percentiles": {
        "10": 0.03742465707990858,
        "25": 0.039126290215386286,
        "50": 0.04378367794884576,
        "75": 0.046908305750952825,
        "90": 0.05104581779903836
    }
}