{
    "avg_prefill_latency": 0.01825958490371704,
    "prefill_latencies": [
        0.02259349822998047,
        0.01731395721435547,
        0.022522687911987305,
        0.018810749053955078,
        0.01713728904724121,
        0.01720881462097168,
        0.018481016159057617,
        0.01702880859375,
        0.016919374465942383,
        0.016957998275756836,
        0.017249345779418945,
        0.0168914794921875
    ],
    "prefill_percentiles": {
        "10": 0.016923236846923827,
        "25": 0.01701110601425171,
        "50": 0.017229080200195312,
        "75": 0.018563449382781982,
        "90": 0.022151494026184083
    },
    "avg_decode_latency": 0.01666199498706394,
    "decode_latencies": [
        0.016703499688042536,
        0.016833570268419053,
        0.016715208689371746,
        0.01673685179816352,
        0.01692938804626465,
        0.01650081740485297,
        0.016470379299587674,
        0.016594092051188152,
        0.016332361433241103,
        0.01656431621975369,
        0.016588820351494685,
        0.01697463459438748
    ],
    "decode_percentiles": {
        "10": 0.016473423110114203,
        "25": 0.01654844151602851,
        "50": 0.016648795869615346,
        "75": 0.016761031415727403,
        "90": 0.016919806268480088
    }
}