{
    "avg_prefill_latency": 0.10396615664164226,
    "prefill_latencies": [
        0.10196232795715332,
        0.1037445068359375,
        0.10477542877197266,
        0.10352253913879395,
        0.10493326187133789,
        0.10433149337768555,
        0.10413813591003418,
        0.10454487800598145,
        0.10528707504272461,
        0.10376286506652832,
        0.10295724868774414,
        0.10363411903381348
    ],
    "prefill_percentiles": {
        "10": 0.10301377773284912,
        "25": 0.1036062240600586,
        "50": 0.10395050048828125,
        "75": 0.10460251569747925,
        "90": 0.10491747856140136
    },
    "avg_decode_latency": 0.024314255626113324,
    "decode_latencies": [
        0.02269850836859809,
        0.02337018648783366,
        0.024404790666368272,
        0.023196962144639757,
        0.02382816208733453,
        0.02352256245083279,
        0.0372111267513699,
        0.023634036382039387,
        0.023861858579847548,
        0.022213141123453777,
        0.021897527906629775,
        0.021932204564412434
    ],
    "decode_percentiles": {
        "10": 0.021960298220316567,
        "25": 0.02257716655731201,
        "50": 0.023446374469333224,
        "75": 0.023836586210462783,
        "90": 0.0243504974577162
    }
}