{
    "avg_prefill_latency": 0.018974045912424724,
    "prefill_latencies": [
        0.022127151489257812,
        0.01866316795349121,
        0.018541574478149414,
        0.019716739654541016,
        0.019382238388061523,
        0.0184476375579834,
        0.018293142318725586,
        0.01849222183227539,
        0.019092798233032227,
        0.018202543258666992,
        0.01827859878540039,
        0.01845073699951172
    ],
    "prefill_percentiles": {
        "10": 0.01828005313873291,
        "25": 0.018409013748168945,
        "50": 0.018516898155212402,
        "75": 0.01916515827178955,
        "90": 0.019683289527893066
    },
    "avg_decode_latency": 0.019201000531514485,
    "decode_latencies": [
        0.017925288942125108,
        0.01817541652255588,
        0.017932282553778753,
        0.019621027840508357,
        0.018590158886379667,
        0.021638366911146376,
        0.018169535530938044,
        0.01816362804836697,
        0.021475871404012043,
        0.018063200844658747,
        0.02283363872104221,
        0.017823590172661677
    ],
    "decode_percentiles": {
        "10": 0.017925988303290473,
        "25": 0.01803047127193875,
        "50": 0.018172476026746962,
        "75": 0.020084738731384277,
        "90": 0.021622117360432944
    }
}