{
    "avg_prefill_latency": 0.03372371196746826,
    "prefill_latencies": [
        0.02884507179260254,
        0.029040098190307617,
        0.02902960777282715,
        0.03150129318237305,
        0.03261375427246094,
        0.02878093719482422,
        0.028926610946655273,
        0.07674717903137207,
        0.03229713439941406,
        0.0290069580078125,
        0.028950214385986328,
        0.0289456844329834
    ],
    "prefill_percentiles": {
        "10": 0.028853225708007812,
        "25": 0.028940916061401367,
        "50": 0.029018282890319824,
        "75": 0.0317002534866333,
        "90": 0.03258209228515625
    },
    "avg_decode_latency": 0.02353990077972412,
    "decode_latencies": [
        0.02482710944281684,
        0.023994154400295682,
        0.018493625852796767,
        0.033994939592149526,
        0.023984591166178387,
        0.023063182830810547,
        0.018242703543768987,
        0.01811573240492079,
        0.03282022476196289,
        0.01814691225687663,
        0.02290140257941352,
        0.023894230524698894
    ],
    "decode_percentiles": {
        "10": 0.018156491385565864,
        "25": 0.018430895275539823,
        "50": 0.023478706677754722,
        "75": 0.02420239316092597,
        "90": 0.03202091323004829
    }
}