{
    "avg_prefill_latency": 0.06406476100285848,
    "prefill_latencies": [
        0.0659332275390625,
        0.06599926948547363,
        0.06394100189208984,
        0.06407570838928223,
        0.06355023384094238,
        0.06329464912414551,
        0.06425690650939941,
        0.06355905532836914,
        0.06365251541137695,
        0.06329703330993652,
        0.06418871879577637,
        0.06302881240844727
    ],
    "prefill_percentiles": {
        "10": 0.06329488754272461,
        "25": 0.06348693370819092,
        "50": 0.0637967586517334,
        "75": 0.06420576572418213,
        "90": 0.0657655954360962
    },
    "avg_decode_latency": 0.022682355509863958,
    "decode_latencies": [
        0.021681891547309026,
        0.022358496983846027,
        0.021455234951443143,
        0.03616499900817871,
        0.02185935444302029,
        0.023540947172376845,
        0.021301243040296767,
        0.021257029639350042,
        0.020488288667466905,
        0.02056709925333659,
        0.02090893851386176,
        0.020604742897881403
    ],
    "decode_percentiles": {
        "10": 0.02057086361779107,
        "25": 0.02083288960986667,
        "50": 0.021378238995869957,
        "75": 0.021984140078226726,
        "90": 0.023422702153523763
    }
}