{
    "avg_prefill_latency": 0.17182562748591104,
    "prefill_latencies": [
        0.16942882537841797,
        0.1679096221923828,
        0.16794443130493164,
        0.16784453392028809,
        0.20861339569091797,
        0.16806864738464355,
        0.1674032211303711,
        0.16915035247802734,
        0.16882872581481934,
        0.17032718658447266,
        0.16877269744873047,
        0.1676158905029297
    ],
    "prefill_percentiles": {
        "10": 0.16763875484466553,
        "25": 0.16789335012435913,
        "50": 0.168420672416687,
        "75": 0.169219970703125,
        "90": 0.17023735046386718
    },
    "avg_decode_latency": 0.041695000948729334,
    "decode_latencies": [
        0.044191969765557185,
        0.04212035073174371,
        0.035985973146226674,
        0.04490216573079427,
        0.04504166709052192,
        0.034916983710394964,
        0.04407384660508898,
        0.04076253043280707,
        0.04229113790724012,
        0.03796802626715766,
        0.04986299408806695,
        0.03822236590915256
    ],
    "decode_percentiles": {
        "10": 0.036184178458319775,
        "25": 0.038158780998653836,
        "50": 0.042205744319491915,
        "75": 0.044369518756866455,
        "90": 0.04502771695454915
    }
}