{
    "avg_prefill_latency": 0.02546658118565877,
    "prefill_latencies": [
        0.024456024169921875,
        0.02524876594543457,
        0.024535179138183594,
        0.025727272033691406,
        0.02606987953186035,
        0.024904966354370117,
        0.02453470230102539,
        0.024648666381835938,
        0.02664780616760254,
        0.029191970825195312,
        0.024663925170898438,
        0.024969816207885742
    ],
    "prefill_percentiles": {
        "10": 0.02453474998474121,
        "25": 0.02462029457092285,
        "50": 0.02493739128112793,
        "75": 0.025812923908233643,
        "90": 0.02659001350402832
    },
    "avg_decode_latency": 0.019382788075341113,
    "decode_latencies": [
        0.023309787114461262,
        0.016852511299981013,
        0.017791032791137695,
        0.021734688017103408,
        0.01787943310207791,
        0.021615160836113825,
        0.017153501510620117,
        0.018224530749850802,
        0.021067513359917536,
        0.01795829666985406,
        0.02104987038506402,
        0.017957131067911785
    ],
    "decode_percentiles": {
        "10": 0.017217254638671874,
        "25": 0.017857333024342857,
        "50": 0.01809141370985243,
        "75": 0.02120442522896661,
        "90": 0.02172273529900445
    }
}