{
    "avg_prefill_latency": 0.23923267920811972,
    "prefill_latencies": [
        0.23885726928710938,
        0.23920416831970215,
        0.24004459381103516,
        0.23935580253601074,
        0.23994088172912598,
        0.23810553550720215,
        0.23921561241149902,
        0.23905277252197266,
        0.23919439315795898,
        0.24128341674804688,
        0.23810291290283203,
        0.2384347915649414
    ],
    "prefill_percentiles": {
        "10": 0.23813846111297607,
        "25": 0.23875164985656738,
        "50": 0.23919928073883057,
        "75": 0.23950207233428955,
        "90": 0.24003422260284424
    },
    "avg_decode_latency": 0.022394986064345746,
    "decode_latencies": [
        0.02254372172885471,
        0.02184475792778863,
        0.02284505632188585,
        0.02323370509677463,
        0.022800286610921223,
        0.02332864867316352,
        0.02382553948296441,
        0.018781264623006184,
        0.020710468292236328,
        0.02189792527092828,
        0.022542238235473633,
        0.024386220508151583
    ],
    "decode_percentiles": {
        "10": 0.02082389725579156,
        "25": 0.021884633435143366,
        "50": 0.022672004169887967,
        "75": 0.023257440990871854,
        "90": 0.023775850401984322
    }
}