{
    "avg_prefill_latency": 0.0746497909228007,
    "prefill_latencies": [
        0.07373404502868652,
        0.0735788345336914,
        0.07432293891906738,
        0.07521438598632812,
        0.07467508316040039,
        0.07409381866455078,
        0.07448077201843262,
        0.08128619194030762,
        0.07342219352722168,
        0.0732572078704834,
        0.0743706226348877,
        0.07336139678955078
    ],
    "prefill_percentiles": {
        "10": 0.07336747646331787,
        "25": 0.07353967428207397,
        "50": 0.07420837879180908,
        "75": 0.07452934980392456,
        "90": 0.07516045570373535
    },
    "avg_decode_latency": 0.028929480799922237,
    "decode_latencies": [
        0.029371394051445857,
        0.039625432756212026,
        0.027004692289564345,
        0.02857531441582574,
        0.03725118107265896,
        0.028329769770304363,
        0.027667310502794053,
        0.025871223873562284,
        0.027340703540378146,
        0.027524232864379883,
        0.027663177914089628,
        0.020929336547851562
    ],
    "decode_percentiles": {
        "10": 0.02598457071516249,
        "25": 0.027256700727674697,
        "50": 0.02766524420844184,
        "75": 0.02877433432473077,
        "90": 0.036463202370537656
    }
}