{
    "avg_prefill_latency": 0.2140063246091207,
    "prefill_latencies": [
        0.21438241004943848,
        0.21480083465576172,
        0.21541523933410645,
        0.2118358612060547,
        0.2117917537689209,
        0.21110749244689941,
        0.2322390079498291,
        0.21104717254638672,
        0.2113170623779297,
        0.2117927074432373,
        0.21125364303588867,
        0.21109271049499512
    ],
    "prefill_percentiles": {
        "10": 0.21109418869018554,
        "25": 0.21121710538864136,
        "50": 0.2117922306060791,
        "75": 0.2144870162010193,
        "90": 0.21535379886627198
    },
    "avg_decode_latency": 0.03238973131886235,
    "decode_latencies": [
        0.04218162430657281,
        0.03272689713372125,
        0.03048274252149794,
        0.030008925331963435,
        0.03090654479132758,
        0.03157843483818902,
        0.03227490848965115,
        0.038922389348347984,
        0.031028270721435547,
        0.027779340744018555,
        0.030203978220621746,
        0.030582719379001193
    ],
    "decode_percentiles": {
        "10": 0.030028430620829265,
        "25": 0.030413051446278892,
        "50": 0.030967407756381564,
        "75": 0.03238790565066867,
        "90": 0.03830284012688531
    }
}