{
    "avg_prefill_latency": 0.0352469285329183,
    "prefill_latencies": [
        0.08331513404846191,
        0.07830595970153809,
        0.02059769630432129,
        0.02085566520690918,
        0.019774675369262695,
        0.020508527755737305,
        0.020172834396362305,
        0.02025890350341797,
        0.02122950553894043,
        0.020471572875976562,
        0.0216372013092041,
        0.0758354663848877
    ],
    "prefill_percentiles": {
        "10": 0.020181441307067872,
        "25": 0.020418405532836914,
        "50": 0.020726680755615234,
        "75": 0.035186767578125,
        "90": 0.07805891036987304
    },
    "avg_decode_latency": 0.020792680758017077,
    "decode_latencies": [
        0.017855617735120986,
        0.02849565611945258,
        0.01703280872768826,
        0.02370346917046441,
        0.02203943994310167,
        0.022381438149346247,
        0.021865447362263996,
        0.023517635133531358,
        0.021529806984795466,
        0.017097976472642686,
        0.017145024405585393,
        0.016847848892211914
    ],
    "decode_percentiles": {
        "10": 0.017039325502183702,
        "25": 0.017133262422349717,
        "50": 0.02169762717352973,
        "75": 0.022665487395392526,
        "90": 0.023684885766771108
    }
}