{
    "avg_prefill_latency": 0.15883266925811768,
    "prefill_latencies": [
        0.15195345878601074,
        0.1522660255432129,
        0.15210509300231934,
        0.15189433097839355,
        0.16515421867370605,
        0.15294146537780762,
        0.18479228019714355,
        0.17985248565673828,
        0.15891695022583008,
        0.15175342559814453,
        0.15240025520324707,
        0.1519620418548584
    ],
    "prefill_percentiles": {
        "10": 0.15190024375915528,
        "25": 0.15195989608764648,
        "50": 0.15233314037322998,
        "75": 0.16047626733779907,
        "90": 0.17838265895843505
    },
    "avg_decode_latency": 0.02480477977682043,
    "decode_latencies": [
        0.027410348256429035,
        0.026308377583821613,
        0.03311329417758518,
        0.022126065360175237,
        0.02312612533569336,
        0.023645930820041232,
        0.021816227171156142,
        0.02201178338792589,
        0.02226294411553277,
        0.025981744130452473,
        0.026667859819200303,
        0.023186657163831923
    ],
    "decode_percentiles": {
        "10": 0.022023211585150824,
        "25": 0.022228724426693387,
        "50": 0.02341629399193658,
        "75": 0.026398248142666288,
        "90": 0.027336099412706164
    }
}