{
    "avg_prefill_latency": 0.09011854728062947,
    "prefill_latencies": [
        0.09261465072631836,
        0.08964252471923828,
        0.08931231498718262,
        0.09052014350891113,
        0.08916687965393066,
        0.09136724472045898,
        0.08779454231262207,
        0.08933639526367188,
        0.08979511260986328,
        0.09081649780273438,
        0.09030818939208984,
        0.09074807167053223
    ],
    "prefill_percentiles": {
        "10": 0.08918142318725586,
        "25": 0.08933037519454956,
        "50": 0.09005165100097656,
        "75": 0.09076517820358276,
        "90": 0.09131217002868652
    },
    "avg_decode_latency": 0.017706299269640888,
    "decode_latencies": [
        0.018838802973429363,
        0.0175937016805013,
        0.017311361100938585,
        0.017466518614027236,
        0.01710322168138292,
        0.016947242948744033,
        0.0170388486650255,
        0.017728487650553387,
        0.017549302842881944,
        0.01796844270494249,
        0.018884976704915363,
        0.018044683668348525
    ],
    "decode_percentiles": {
        "10": 0.01704528596666124,
        "25": 0.01725932624604967,
        "50": 0.017571502261691622,
        "75": 0.017987502945794,
        "90": 0.018759391042921278
    }
}