{
    "avg_prefill_latency": 0.015753666559855144,
    "prefill_latencies": [
        0.014767885208129883,
        0.014719963073730469,
        0.015909910202026367,
        0.019114017486572266,
        0.014950037002563477,
        0.015900135040283203,
        0.016635894775390625,
        0.014962196350097656,
        0.015603065490722656,
        0.016402244567871094,
        0.015087604522705078,
        0.014991044998168945
    ],
    "prefill_percentiles": {
        "10": 0.014786100387573243,
        "25": 0.014959156513214111,
        "50": 0.015345335006713867,
        "75": 0.01603299379348755,
        "90": 0.016612529754638672
    },
    "avg_decode_latency": 0.01542272170384725,
    "decode_latencies": [
        0.013562175962660048,
        0.013991620805528428,
        0.020387066735161677,
        0.0173952579498291,
        0.014302968978881836,
        0.013938321007622613,
        0.014861875110202365,
        0.014428297678629557,
        0.014368428124321831,
        0.014383660422431098,
        0.013909631305270724,
        0.019543356365627713
    ],
    "decode_percentiles": {
        "10": 0.013912500275505913,
        "25": 0.013978295856051974,
        "50": 0.014376044273376465,
        "75": 0.015495220820109049,
        "90": 0.019328546524047852
    }
}