{
    "avg_prefill_latency": 0.3228236238161723,
    "prefill_latencies": [
        0.32196760177612305,
        0.3217933177947998,
        0.3222236633300781,
        0.3205604553222656,
        0.3237037658691406,
        0.32503175735473633,
        0.3239755630493164,
        0.3234415054321289,
        0.32080602645874023,
        0.320537805557251,
        0.3243727684020996,
        0.3254692554473877
    ],
    "prefill_percentiles": {
        "10": 0.3205850124359131,
        "25": 0.3215464949607849,
        "50": 0.3228325843811035,
        "75": 0.3240748643875122,
        "90": 0.3249658584594727
    },
    "avg_decode_latency": 0.030148161782158747,
    "decode_latencies": [
        0.03878249062432183,
        0.02778691715664334,
        0.027219163046942815,
        0.028575208452012803,
        0.029037210676405165,
        0.02777364518907335,
        0.02725990613301595,
        0.039845784505208336,
        0.027724928326076932,
        0.028942637973361544,
        0.029284132851494685,
        0.0295459164513482
    ],
    "decode_percentiles": {
        "10": 0.027306408352322047,
        "25": 0.027761465973324247,
        "50": 0.028758923212687172,
        "75": 0.029349578751458064,
        "90": 0.037858833207024475
    }
}