{
    "avg_prefill_latency": 0.017187198003133137,
    "prefill_latencies": [
        0.01869368553161621,
        0.017789602279663086,
        0.016668319702148438,
        0.01685953140258789,
        0.016993999481201172,
        0.018368244171142578,
        0.01677560806274414,
        0.017161846160888672,
        0.016718387603759766,
        0.016677141189575195,
        0.016593456268310547,
        0.01694655418395996
    ],
    "prefill_percentiles": {
        "10": 0.016669201850891113,
        "25": 0.016708076000213623,
        "50": 0.016903042793273926,
        "75": 0.017318785190582275,
        "90": 0.01831037998199463
    },
    "avg_decode_latency": 0.01813106404410468,
    "decode_latencies": [
        0.018074194590250652,
        0.01822866333855523,
        0.01828124788072374,
        0.018086221483018663,
        0.01787106196085612,
        0.018061531914605036,
        0.01802674929300944,
        0.01819088723924425,
        0.017852942148844402,
        0.01780377493964301,
        0.017832517623901367,
        0.019262976116604276
    ],
    "decode_percentiles": {
        "10": 0.01783456007639567,
        "25": 0.01786653200785319,
        "50": 0.018067863252427846,
        "75": 0.018200331264071994,
        "90": 0.01827598942650689
    }
}