{
    "avg_prefill_latency": 0.7381998300552368,
    "prefill_latencies": [
        0.7337501049041748,
        0.7370805740356445,
        0.7364392280578613,
        0.7415235042572021,
        0.7424063682556152,
        0.7363977432250977,
        0.7370219230651855,
        0.7365114688873291,
        0.738344669342041,
        0.7400519847869873,
        0.7399041652679443,
        0.7389662265777588
    ],
    "prefill_percentiles": {
        "10": 0.736401891708374,
        "25": 0.7364934086799622,
        "50": 0.7377126216888428,
        "75": 0.7399411201477051,
        "90": 0.7413763523101806
    },
    "avg_decode_latency": 0.029829135647526494,
    "decode_latencies": [
        0.030101988050672743,
        0.029740121629503038,
        0.029793951246473525,
        0.02979389826456706,
        0.029803011152479384,
        0.02996728155348036,
        0.02976703643798828,
        0.029723644256591797,
        0.029752095540364582,
        0.029872576395670574,
        0.029764122433132596,
        0.029869900809393987
    ],
    "decode_percentiles": {
        "10": 0.029741319020589192,
        "25": 0.029761115709940594,
        "50": 0.02979392475552029,
        "75": 0.029870569705963135,
        "90": 0.029957811037699383
    }
}