{
    "avg_prefill_latency": 0.7231401006380717,
    "prefill_latencies": [
        0.7230672836303711,
        0.7226736545562744,
        0.7196357250213623,
        0.7264804840087891,
        0.7196106910705566,
        0.7233881950378418,
        0.7241485118865967,
        0.7211980819702148,
        0.7220458984375,
        0.7238082885742188,
        0.7255136966705322,
        0.7261106967926025
    ],
    "prefill_percentiles": {
        "10": 0.7197919607162475,
        "25": 0.7218339443206787,
        "50": 0.7232277393341064,
        "75": 0.7244898080825806,
        "90": 0.7260509967803955
    },
    "avg_decode_latency": 0.09815781116485596,
    "decode_latencies": [
        0.09603073596954345,
        0.09647364616394043,
        0.09670529365539551,
        0.10305390357971192,
        0.09667203426361085,
        0.09811327457427979,
        0.09872095584869385,
        0.09959089756011963,
        0.09692921638488769,
        0.0984299659729004,
        0.09894022941589356,
        0.09823358058929443
    ],
    "decode_percentiles": {
        "10": 0.09649348497390747,
        "25": 0.09669697880744935,
        "50": 0.09817342758178711,
        "75": 0.09877577424049377,
        "90": 0.09952583074569703
    }
}