{
    "avg_prefill_latency": 0.03360221783320109,
    "prefill_latencies": [
        0.033698081970214844,
        0.03415632247924805,
        0.03361916542053223,
        0.03366565704345703,
        0.03344273567199707,
        0.03356671333312988,
        0.03355598449707031,
        0.03342747688293457,
        0.03340506553649902,
        0.03344130516052246,
        0.033620595932006836,
        0.03362751007080078
    ],
    "prefill_percentiles": {
        "10": 0.03342885971069336,
        "25": 0.03344237804412842,
        "50": 0.033592939376831055,
        "75": 0.033637046813964844,
        "90": 0.03369483947753906
    },
    "avg_decode_latency": 0.027466773986816406,
    "decode_latencies": [
        0.02770808007982042,
        0.027372996012369793,
        0.027493132485283747,
        0.02741355366177029,
        0.02742449442545573,
        0.027669058905707464,
        0.027414242426554363,
        0.027354001998901367,
        0.027341895633273654,
        0.027398480309380427,
        0.02736308839586046,
        0.02764826350741916
    ],
    "decode_percentiles": {
        "10": 0.027354910638597275,
        "25": 0.02737051910824246,
        "50": 0.027413898044162326,
        "75": 0.0275319152408176,
        "90": 0.027666979365878634
    }
}