{
    "avg_prefill_latency": 0.7218130826950073,
    "prefill_latencies": [
        0.7196259498596191,
        0.7190520763397217,
        0.7197723388671875,
        0.7204911708831787,
        0.7173452377319336,
        0.7229592800140381,
        0.7232038974761963,
        0.7225856781005859,
        0.7205827236175537,
        0.7200927734375,
        0.7272188663482666,
        0.7288269996643066
    ],
    "prefill_percentiles": {
        "10": 0.7191094636917115,
        "25": 0.7197357416152954,
        "50": 0.7205369472503662,
        "75": 0.7230204343795776,
        "90": 0.7268173694610596
    },
    "avg_decode_latency": 0.052993243932724,
    "decode_latencies": [
        0.05283374786376953,
        0.05225076675415039,
        0.05323185920715332,
        0.05310533046722412,
        0.05206294059753418,
        0.052011632919311525,
        0.05196633338928223,
        0.052999043464660646,
        0.05203874111175537,
        0.052011942863464354,
        0.051936221122741696,
        0.05947036743164062
    ],
    "decode_percentiles": {
        "10": 0.05197086334228516,
        "25": 0.05201186537742615,
        "50": 0.05215685367584229,
        "75": 0.05302561521530151,
        "90": 0.0532192063331604
    }
}