{
    "avg_prefill_latency": 0.244441290696462,
    "prefill_latencies": [
        0.24262332916259766,
        0.24177885055541992,
        0.24764442443847656,
        0.24526000022888184,
        0.24200105667114258,
        0.24367785453796387,
        0.24267840385437012,
        0.24781417846679688,
        0.24625062942504883,
        0.2429666519165039,
        0.24732446670532227,
        0.24327564239501953
    ],
    "prefill_percentiles": {
        "10": 0.24206328392028809,
        "25": 0.242664635181427,
        "50": 0.2434767484664917,
        "75": 0.2465190887451172,
        "90": 0.24761242866516114
    },
    "avg_decode_latency": 0.04288687308629354,
    "decode_latencies": [
        0.041437387466430664,
        0.0415697627597385,
        0.041820367177327476,
        0.041005611419677734,
        0.04110391934712728,
        0.04113851653205024,
        0.041227632098727755,
        0.04149768087599012,
        0.041207445992363825,
        0.043751769595676,
        0.05512701140509711,
        0.04375537236531576
    ],
    "decode_percentiles": {
        "10": 0.04110737906561958,
        "25": 0.04119021362728543,
        "50": 0.04146753417121039,
        "75": 0.04230321778191461,
        "90": 0.04375501208835178
    }
}