{
    "avg_prefill_latency": 0.029234151045481365,
    "prefill_latencies": [
        0.029663801193237305,
        0.02932429313659668,
        0.029041290283203125,
        0.029665231704711914,
        0.02916741371154785,
        0.029079675674438477,
        0.029227733612060547,
        0.02915501594543457,
        0.029064655303955078,
        0.029134511947631836,
        0.029208660125732422,
        0.029077529907226562
    ],
    "prefill_percentiles": {
        "10": 0.029065942764282225,
        "25": 0.029079139232635498,
        "50": 0.02916121482849121,
        "75": 0.02925187349319458,
        "90": 0.029629850387573244
    },
    "avg_decode_latency": 0.02857838957398026,
    "decode_latencies": [
        0.02941629621717665,
        0.02847941716512044,
        0.028579685423109267,
        0.028483920627170138,
        0.028534809748331707,
        0.028495179282294378,
        0.028583844502766926,
        0.028474887212117512,
        0.02846150928073459,
        0.028499073452419706,
        0.028481033113267686,
        0.028451018863254122
    ],
    "decode_percentiles": {
        "10": 0.028462847073872883,
        "25": 0.02847828467686971,
        "50": 0.028489549954732258,
        "75": 0.028546028667026095,
        "90": 0.02858342859480116
    }
}