{
    "avg_prefill_latency": 0.3585961063702901,
    "prefill_latencies": [
        0.35805773735046387,
        0.36156678199768066,
        0.35825681686401367,
        0.36058712005615234,
        0.35735487937927246,
        0.3592183589935303,
        0.36005735397338867,
        0.3571200370788574,
        0.3570740222930908,
        0.3570253849029541,
        0.3573343753814697,
        0.3595004081726074
    ],
    "prefill_percentiles": {
        "10": 0.3570786237716675,
        "25": 0.35728079080581665,
        "50": 0.35815727710723877,
        "75": 0.35963964462280273,
        "90": 0.360534143447876
    },
    "avg_decode_latency": 0.061724349304481785,
    "decode_latencies": [
        0.06150886747572157,
        0.06047352155049642,
        0.06714510917663574,
        0.059924920399983726,
        0.060177379184299044,
        0.06081491046481662,
        0.06727070278591579,
        0.05913141038682726,
        0.05909472041659885,
        0.05902213520473904,
        0.05914656321207682,
        0.06698195139567058
    ],
    "decode_percentiles": {
        "10": 0.059098389413621694,
        "25": 0.05914277500576443,
        "50": 0.06032545036739773,
        "75": 0.06287713845570882,
        "90": 0.06712879339853922
    }
}