{
    "avg_prefill_latency": 0.3292544682820638,
    "prefill_latencies": [
        0.3239119052886963,
        0.32136011123657227,
        0.32012271881103516,
        0.32215094566345215,
        0.39092397689819336,
        0.3302614688873291,
        0.32097578048706055,
        0.32665348052978516,
        0.3237156867980957,
        0.3249692916870117,
        0.3212771415710449,
        0.32473111152648926
    ],
    "prefill_percentiles": {
        "10": 0.32100591659545896,
        "25": 0.32133936882019043,
        "50": 0.323813796043396,
        "75": 0.3253903388977051,
        "90": 0.3299006700515747
    },
    "avg_decode_latency": 0.046424088654694724,
    "decode_latencies": [
        0.04692991574605306,
        0.04708229170905219,
        0.046436309814453125,
        0.04632131258646647,
        0.04506219757927789,
        0.04589287439982096,
        0.04544960127936469,
        0.04541574584113227,
        0.046000427669949,
        0.0527347723642985,
        0.04505091243320041,
        0.04471270243326823
    ],
    "decode_percentiles": {
        "10": 0.04505204094780816,
        "25": 0.04532735877566867,
        "50": 0.04594665103488498,
        "75": 0.04655971129735311,
        "90": 0.04706705411275228
    }
}