{
    "avg_prefill_latency": 0.03278652826944987,
    "prefill_latencies": [
        0.03275442123413086,
        0.03288698196411133,
        0.032912254333496094,
        0.03308749198913574,
        0.0328671932220459,
        0.032805442810058594,
        0.0327913761138916,
        0.03246569633483887,
        0.03263497352600098,
        0.0328211784362793,
        0.0326840877532959,
        0.03272724151611328
    ],
    "prefill_percentiles": {
        "10": 0.03263988494873047,
        "25": 0.032716453075408936,
        "50": 0.0327984094619751,
        "75": 0.032872140407562256,
        "90": 0.032909727096557616
    },
    "avg_decode_latency": 0.02916140909548159,
    "decode_latencies": [
        0.02985005908542209,
        0.029718716939290363,
        0.029505491256713867,
        0.0292156007554796,
        0.02908892101711697,
        0.029220634036593966,
        0.02876604927910699,
        0.028874211841159396,
        0.02882708443535699,
        0.028923590977986652,
        0.028825574451022677,
        0.029120975070529513
    ],
    "decode_percentiles": {
        "10": 0.028825725449456108,
        "25": 0.028862429989708796,
        "50": 0.029104948043823242,
        "75": 0.02929184834162394,
        "90": 0.029697394371032713
    }
}