{
    "avg_prefill_latency": 0.1272658109664917,
    "prefill_latencies": [
        0.12862086296081543,
        0.1254441738128662,
        0.12621212005615234,
        0.1265091896057129,
        0.12935566902160645,
        0.12549662590026855,
        0.1292247772216797,
        0.1278235912322998,
        0.1282801628112793,
        0.12748289108276367,
        0.1260087490081787,
        0.12673091888427734
    ],
    "prefill_percentiles": {
        "10": 0.12554783821105958,
        "25": 0.12616127729415894,
        "50": 0.1271069049835205,
        "75": 0.12836533784866333,
        "90": 0.12916438579559325
    },
    "avg_decode_latency": 0.038385998319696496,
    "decode_latencies": [
        0.038065592447916664,
        0.03727385732862684,
        0.0376692877875434,
        0.037833611170450844,
        0.037616226408216685,
        0.03801221317715115,
        0.03790163993835449,
        0.03705933358934191,
        0.03683818711174859,
        0.036944972144232854,
        0.03825240665011936,
        0.04716465208265516
    ],
    "decode_percentiles": {
        "10": 0.03695640828874376,
        "25": 0.03722022639380561,
        "50": 0.037751449478997126,
        "75": 0.03802555799484253,
        "90": 0.03823372522989909
    }
}