{
    "avg_prefill_latency": 0.4950632055600484,
    "prefill_latencies": [
        0.4754371643066406,
        0.4729454517364502,
        0.4810140132904053,
        0.4821360111236572,
        0.47742414474487305,
        0.47777462005615234,
        0.47825121879577637,
        0.5683321952819824,
        0.4851250648498535,
        0.47577500343322754,
        0.4795572757720947,
        0.5869863033294678
    ],
    "prefill_percentiles": {
        "10": 0.4754709482192993,
        "25": 0.47701185941696167,
        "50": 0.47890424728393555,
        "75": 0.4828832745552063,
        "90": 0.5600114822387695
    },
    "avg_decode_latency": 0.06398109153464988,
    "decode_latencies": [
        0.06090129746331109,
        0.07219362258911133,
        0.06207577387491862,
        0.06226634979248047,
        0.07388207647535536,
        0.06324195861816406,
        0.06020005544026693,
        0.061189730962117515,
        0.06081525484720866,
        0.06377930111355251,
        0.06370676888359918,
        0.06352090835571289
    ],
    "decode_percentiles": {
        "10": 0.0608238591088189,
        "25": 0.06111762258741591,
        "50": 0.06275415420532227,
        "75": 0.06372490194108751,
        "90": 0.07135219044155545
    }
}