{
    "avg_prefill_latency": 0.38560014963150024,
    "prefill_latencies": [
        0.38354969024658203,
        0.38483357429504395,
        0.3840820789337158,
        0.3854095935821533,
        0.3871488571166992,
        0.38826489448547363,
        0.3867335319519043,
        0.38519740104675293,
        0.3859822750091553,
        0.3865225315093994,
        0.38344550132751465,
        0.3860318660736084
    ],
    "prefill_percentiles": {
        "10": 0.3836029291152954,
        "25": 0.3846457004547119,
        "50": 0.3856959342956543,
        "75": 0.38657528162002563,
        "90": 0.38710732460021974
    },
    "avg_decode_latency": 0.0630099751331188,
    "decode_latencies": [
        0.06278684404161242,
        0.06056340535481771,
        0.0698853333791097,
        0.062177419662475586,
        0.06117169062296549,
        0.06110464202033149,
        0.06787761052449544,
        0.0611010127597385,
        0.06043656667073568,
        0.060075494978162974,
        0.06037579642401801,
        0.06856388515896267
    ],
    "decode_percentiles": {
        "10": 0.060381873448689775,
        "25": 0.0605316956837972,
        "50": 0.06113816632164849,
        "75": 0.06405953566233318,
        "90": 0.06849525769551594
    }
}