{
    "avg_prefill_latency": 0.7238053679466248,
    "prefill_latencies": [
        0.7196190357208252,
        0.7217795848846436,
        0.7229385375976562,
        0.7219827175140381,
        0.7232153415679932,
        0.7220728397369385,
        0.7280311584472656,
        0.7275006771087646,
        0.7234916687011719,
        0.7244319915771484,
        0.7303006649017334,
        0.7203001976013184
    ],
    "prefill_percentiles": {
        "10": 0.7204481363296509,
        "25": 0.7219319343566895,
        "50": 0.7230769395828247,
        "75": 0.7251991629600525,
        "90": 0.7279781103134155
    },
    "avg_decode_latency": 0.09203948378562928,
    "decode_latencies": [
        0.09279916286468506,
        0.09122388362884522,
        0.09230287075042724,
        0.09148657321929932,
        0.09152824878692627,
        0.0927741289138794,
        0.09195196628570557,
        0.09245946407318115,
        0.0920562505722046,
        0.09202964305877685,
        0.09193947315216064,
        0.09192214012145997
    ],
    "decode_percentiles": {
        "10": 0.09149074077606201,
        "25": 0.09182366728782654,
        "50": 0.09199080467224122,
        "75": 0.09234201908111572,
        "90": 0.09274266242980958
    }
}