{
    "avg_prefill_latency": 0.04717834790547689,
    "prefill_latencies": [
        0.04685854911804199,
        0.045435190200805664,
        0.04644775390625,
        0.04737401008605957,
        0.04720592498779297,
        0.046378374099731445,
        0.048261165618896484,
        0.04765653610229492,
        0.04762625694274902,
        0.0478978157043457,
        0.04764103889465332,
        0.04735755920410156
    ],
    "prefill_percentiles": {
        "10": 0.0463853120803833,
        "25": 0.046755850315093994,
        "50": 0.047365784645080566,
        "75": 0.04764491319656372,
        "90": 0.04787368774414062
    },
    "avg_decode_latency": 0.027920082763389305,
    "decode_latencies": [
        0.027506139543321397,
        0.027696980370415583,
        0.02796716160244412,
        0.027542591094970703,
        0.028440925810072158,
        0.027797937393188477,
        0.027707815170288086,
        0.02808568212721083,
        0.027978923585679796,
        0.027924166785346136,
        0.0283407900068495,
        0.028051879670884874
    ],
    "decode_percentiles": {
        "10": 0.027558030022515192,
        "25": 0.02770510647031996,
        "50": 0.027945664193895128,
        "75": 0.028060330284966364,
        "90": 0.028315279218885634
    }
}