{
    "avg_prefill_latency": 0.7263925671577454,
    "prefill_latencies": [
        0.7249910831451416,
        0.7293350696563721,
        0.7327041625976562,
        0.725405216217041,
        0.7254493236541748,
        0.7289812564849854,
        0.7163097858428955,
        0.7282674312591553,
        0.7332830429077148,
        0.7217035293579102,
        0.7239313125610352,
        0.7263495922088623
    ],
    "prefill_percentiles": {
        "10": 0.7219263076782226,
        "25": 0.724726140499115,
        "50": 0.7258994579315186,
        "75": 0.729069709777832,
        "90": 0.7323672533035278
    },
    "avg_decode_latency": 0.03264088321615148,
    "decode_latencies": [
        0.03179725011189779,
        0.03204120530022515,
        0.03205524550543891,
        0.03179992569817437,
        0.032748646206325956,
        0.03304333157009549,
        0.0326737297905816,
        0.03371217515733507,
        0.03370859887864855,
        0.03314171897040473,
        0.03221631050109863,
        0.03275246090359158
    ],
    "decode_percentiles": {
        "10": 0.03182405365837945,
        "25": 0.03205173545413547,
        "50": 0.03271118799845378,
        "75": 0.033067928420172796,
        "90": 0.03365191088782417
    }
}