{
    "avg_prefill_latency": 0.09404875834782918,
    "prefill_latencies": [
        0.09111642837524414,
        0.08994317054748535,
        0.09717178344726562,
        0.09472894668579102,
        0.09238362312316895,
        0.09476470947265625,
        0.0936741828918457,
        0.09265875816345215,
        0.09619784355163574,
        0.09717988967895508,
        0.09279036521911621,
        0.09597539901733398
    ],
    "prefill_percentiles": {
        "10": 0.09124314785003662,
        "25": 0.09258997440338135,
        "50": 0.09420156478881836,
        "75": 0.09603101015090942,
        "90": 0.09707438945770264
    },
    "avg_decode_latency": 0.02907673959378843,
    "decode_latencies": [
        0.028928359349568684,
        0.028990056779649522,
        0.028916226492987737,
        0.028914001252916124,
        0.028982612821790908,
        0.029024971856011286,
        0.02887423833211263,
        0.029028919008043077,
        0.029090775383843318,
        0.029374546474880643,
        0.029431766933865018,
        0.02936440043979221
    ],
    "decode_percentiles": {
        "10": 0.028914223776923285,
        "25": 0.028925326135423448,
        "50": 0.029007514317830406,
        "75": 0.02915918164783054,
        "90": 0.0293735318713718
    }
}