{
    "avg_prefill_latency": 0.7239671349525452,
    "prefill_latencies": [
        0.7261819839477539,
        0.7205677032470703,
        0.7202656269073486,
        0.7231152057647705,
        0.7276582717895508,
        0.7282373905181885,
        0.7189762592315674,
        0.7263190746307373,
        0.7244298458099365,
        0.7243835926055908,
        0.7243049144744873,
        0.72316575050354
    ],
    "prefill_percentiles": {
        "10": 0.7202958345413208,
        "25": 0.7224783301353455,
        "50": 0.7243442535400391,
        "75": 0.7262162566184998,
        "90": 0.7275243520736694
    },
    "avg_decode_latency": 0.08282318115234374,
    "decode_latencies": [
        0.08647849559783935,
        0.07894845008850097,
        0.0790168046951294,
        0.0782132625579834,
        0.0875812292098999,
        0.07867629528045654,
        0.07949240207672119,
        0.09026751518249512,
        0.08233551979064942,
        0.08225722312927246,
        0.09024443626403808,
        0.08036653995513916
    ],
    "decode_percentiles": {
        "10": 0.07870351076126099,
        "25": 0.07899971604347229,
        "50": 0.08131188154220581,
        "75": 0.08675417900085448,
        "90": 0.08997811555862427
    }
}