{
    "avg_prefill_latency": 0.09170750776926677,
    "prefill_latencies": [
        0.08873796463012695,
        0.09037399291992188,
        0.09422612190246582,
        0.09081792831420898,
        0.09322071075439453,
        0.09165835380554199,
        0.09113192558288574,
        0.09354233741760254,
        0.0919334888458252,
        0.09211158752441406,
        0.0917210578918457,
        0.09101462364196777
    ],
    "prefill_percentiles": {
        "10": 0.09041838645935059,
        "25": 0.09096544981002808,
        "50": 0.09168970584869385,
        "75": 0.09238886833190918,
        "90": 0.09351017475128173
    },
    "avg_decode_latency": 0.03193285509392067,
    "decode_latencies": [
        0.031827953126695424,
        0.032047139273749456,
        0.03175523546006945,
        0.03160232967800564,
        0.03225938479105631,
        0.03214150004916721,
        0.032000064849853516,
        0.032571342256334096,
        0.031816959381103516,
        0.03166532516479492,
        0.03178638882107205,
        0.031720638275146484
    ],
    "decode_percentiles": {
        "10": 0.03167085647583008,
        "25": 0.03174658616383871,
        "50": 0.03182245625389947,
        "75": 0.03207072946760389,
        "90": 0.032247596316867404
    }
}