{
    "avg_prefill_latency": 0.7230873107910156,
    "prefill_latencies": [
        0.7107594013214111,
        0.7175478935241699,
        0.7144560813903809,
        0.7175464630126953,
        0.7202863693237305,
        0.7867803573608398,
        0.7177066802978516,
        0.7185344696044922,
        0.7103466987609863,
        0.7182669639587402,
        0.7242460250854492,
        0.7205703258514404
    ],
    "prefill_percentiles": {
        "10": 0.7111290693283081,
        "25": 0.7167738676071167,
        "50": 0.7179868221282959,
        "75": 0.720357358455658,
        "90": 0.7238784551620483
    },
    "avg_decode_latency": 0.0937119801839193,
    "decode_latencies": [
        0.09450161457061768,
        0.09144995212554932,
        0.10151443481445313,
        0.09100759029388428,
        0.09159965515136718,
        0.08992087841033936,
        0.0915806770324707,
        0.09809663295745849,
        0.09214105606079101,
        0.09171514511108399,
        0.0984912633895874,
        0.09252486228942872
    ],
    "decode_percentiles": {
        "10": 0.09105182647705078,
        "25": 0.09154799580574036,
        "50": 0.0919281005859375,
        "75": 0.09540036916732789,
        "90": 0.0984518003463745
    }
}