{
    "avg_prefill_latency": 0.03382567564646403,
    "prefill_latencies": [
        0.034093379974365234,
        0.033740997314453125,
        0.033766746520996094,
        0.03415393829345703,
        0.03418993949890137,
        0.033936262130737305,
        0.03403115272521973,
        0.03393292427062988,
        0.033606529235839844,
        0.03356027603149414,
        0.03355598449707031,
        0.0333399772644043
    ],
    "prefill_percentiles": {
        "10": 0.03355641365051269,
        "25": 0.03359496593475342,
        "50": 0.03384983539581299,
        "75": 0.034046709537506104,
        "90": 0.03414788246154785
    },
    "avg_decode_latency": 0.029511319266425237,
    "decode_latencies": [
        0.030668444103664823,
        0.029930538601345487,
        0.029724412494235568,
        0.03012961811489529,
        0.02936863899230957,
        0.029363685184054904,
        0.029730266994900174,
        0.029312080807156034,
        0.02896473142835829,
        0.029059039221869573,
        0.02897538079155816,
        0.02890899446275499
    ],
    "decode_percentiles": {
        "10": 0.02896579636467828,
        "25": 0.02903812461429172,
        "50": 0.029366162088182237,
        "75": 0.029780334896511503,
        "90": 0.03010971016354031
    }
}