{
    "avg_prefill_latency": 0.09351841608683269,
    "prefill_latencies": [
        0.09131717681884766,
        0.09217500686645508,
        0.09693503379821777,
        0.09219121932983398,
        0.09151601791381836,
        0.09686636924743652,
        0.09462499618530273,
        0.09282422065734863,
        0.0949406623840332,
        0.09503340721130371,
        0.09296965599060059,
        0.09082722663879395
    ],
    "prefill_percentiles": {
        "10": 0.09133706092834473,
        "25": 0.0920102596282959,
        "50": 0.09289693832397461,
        "75": 0.09496384859085083,
        "90": 0.09668307304382324
    },
    "avg_decode_latency": 0.027570380104912653,
    "decode_latencies": [
        0.027743524975246854,
        0.02780371242099338,
        0.027782917022705078,
        0.027551915910508897,
        0.02744679980807834,
        0.027567280663384333,
        0.02764235602484809,
        0.02744449509514703,
        0.027454826566908095,
        0.0274657408396403,
        0.027466694513956707,
        0.027474297417534724
    ],
    "decode_percentiles": {
        "10": 0.027447602483961317,
        "25": 0.027463012271457247,
        "50": 0.027513106664021812,
        "75": 0.027667648262447782,
        "90": 0.027778977817959256
    }
}