{
    "avg_prefill_latency": 0.7257419427235922,
    "prefill_latencies": [
        0.714984655380249,
        0.7280042171478271,
        0.7162373065948486,
        0.718970775604248,
        0.7151687145233154,
        0.7164392471313477,
        0.7165050506591797,
        0.7971658706665039,
        0.7223775386810303,
        0.7189815044403076,
        0.7217390537261963,
        0.7223293781280518
    ],
    "prefill_percentiles": {
        "10": 0.7152755737304688,
        "25": 0.7163887619972229,
        "50": 0.7189761400222778,
        "75": 0.7223414182662964,
        "90": 0.7274415493011475
    },
    "avg_decode_latency": 0.07918059428532918,
    "decode_latencies": [
        0.0797584056854248,
        0.0801081895828247,
        0.08042960166931153,
        0.07952303886413574,
        0.07815041542053222,
        0.07971899509429932,
        0.0791236162185669,
        0.08028202056884766,
        0.07943341732025147,
        0.07841277122497559,
        0.07757508754730225,
        0.07765157222747802
    ],
    "decode_percentiles": {
        "10": 0.07770145654678344,
        "25": 0.07834718227386475,
        "50": 0.0794782280921936,
        "75": 0.07984585165977479,
        "90": 0.08026463747024537
    }
}