{
    "avg_prefill_latency": 0.44354669253031415,
    "prefill_latencies": [
        0.44149351119995117,
        0.4463155269622803,
        0.44495415687561035,
        0.4425792694091797,
        0.445981502532959,
        0.445972204208374,
        0.4467029571533203,
        0.4465193748474121,
        0.44158506393432617,
        0.4398977756500244,
        0.44096970558166504,
        0.439589262008667
    ],
    "prefill_percentiles": {
        "10": 0.4400049686431885,
        "25": 0.44136255979537964,
        "50": 0.443766713142395,
        "75": 0.4460650086402893,
        "90": 0.4464989900588989
    },
    "avg_decode_latency": 0.03782223330603705,
    "decode_latencies": [
        0.03694981998867459,
        0.037080314424302846,
        0.03694523705376519,
        0.036895566516452365,
        0.036916997697618276,
        0.037152634726630315,
        0.03693747520446777,
        0.036920282575819224,
        0.03686139318678114,
        0.03709342744615343,
        0.037034299638536244,
        0.047079351213243276
    ],
    "decode_percentiles": {
        "10": 0.036897709634568954,
        "25": 0.03691946135626899,
        "50": 0.036947528521219894,
        "75": 0.03708359267976549,
        "90": 0.037146713998582624
    }
}