{
    "avg_prefill_latency": 0.09321856498718262,
    "prefill_latencies": [
        0.08930182456970215,
        0.09155845642089844,
        0.09639859199523926,
        0.09313774108886719,
        0.09249305725097656,
        0.09487009048461914,
        0.09354948997497559,
        0.0939939022064209,
        0.09303641319274902,
        0.0938870906829834,
        0.09292197227478027,
        0.09347414970397949
    ],
    "prefill_percentiles": {
        "10": 0.09165191650390625,
        "25": 0.09281474351882935,
        "50": 0.09330594539642334,
        "75": 0.09391379356384277,
        "90": 0.09478247165679932
    },
    "avg_decode_latency": 0.02974277513998526,
    "decode_latencies": [
        0.029411209954155818,
        0.029464827643500432,
        0.02944623099433051,
        0.029367155498928495,
        0.029501014285617404,
        0.029478708902994793,
        0.029776149325900607,
        0.02981633610195584,
        0.030042092005411785,
        0.03020522329542372,
        0.03011420038011339,
        0.030290153291490342
    ],
    "decode_percentiles": {
        "10": 0.029414712058173288,
        "25": 0.029460178481207952,
        "50": 0.029638581805759005,
        "75": 0.030060119099087186,
        "90": 0.030196121003892688
    }
}