{
    "avg_prefill_latency": 0.04651703437169393,
    "prefill_latencies": [
        0.04672980308532715,
        0.046511173248291016,
        0.046892642974853516,
        0.04617500305175781,
        0.04615378379821777,
        0.04678058624267578,
        0.046099185943603516,
        0.04666280746459961,
        0.04618263244628906,
        0.04692983627319336,
        0.0466761589050293,
        0.04641079902648926
    ],
    "prefill_percentiles": {
        "10": 0.046155905723571776,
        "25": 0.04618072509765625,
        "50": 0.04658699035644531,
        "75": 0.04674249887466431,
        "90": 0.04688143730163574
    },
    "avg_decode_latency": 0.013263433067886916,
    "decode_latencies": [
        0.013127035564846463,
        0.01311892933315701,
        0.013518253962198893,
        0.013124121559990777,
        0.013068358103434244,
        0.013165606392754449,
        0.013383044136895074,
        0.013187170028686523,
        0.013316816753811307,
        0.013767215940687392,
        0.01317180527581109,
        0.013212839762369791
    ],
    "decode_percentiles": {
        "10": 0.013119448555840386,
        "25": 0.013126307063632542,
        "50": 0.013179487652248807,
        "75": 0.01333337359958225,
        "90": 0.013504732979668511
    }
}