{
    "avg_prefill_latency": 0.18510343631108603,
    "prefill_latencies": [
        0.18204736709594727,
        0.1851215362548828,
        0.18551325798034668,
        0.1856241226196289,
        0.18605303764343262,
        0.18632054328918457,
        0.18660545349121094,
        0.18597745895385742,
        0.1865689754486084,
        0.1842801570892334,
        0.1855175495147705,
        0.1816117763519287
    ],
    "prefill_percentiles": {
        "10": 0.18227064609527588,
        "25": 0.18491119146347046,
        "50": 0.1855708360671997,
        "75": 0.1861199140548706,
        "90": 0.18654413223266603
    },
    "avg_decode_latency": 0.01450867564589889,
    "decode_latencies": [
        0.014438205295138888,
        0.014502631293402778,
        0.014533731672498915,
        0.014540884229871962,
        0.01444856325785319,
        0.01448496182759603,
        0.014447344674004449,
        0.014489147398206923,
        0.014546712239583334,
        0.014687432183159722,
        0.014526923497517904,
        0.014457570181952583
    ],
    "decode_percentiles": {
        "10": 0.014447466532389323,
        "25": 0.014455318450927734,
        "50": 0.014495889345804851,
        "75": 0.014535519811842177,
        "90": 0.014546129438612197
    }
}