{
    "avg_prefill_latency": 0.061020871003468834,
    "prefill_latencies": [
        0.060667991638183594,
        0.06074166297912598,
        0.05997347831726074,
        0.06085991859436035,
        0.06145668029785156,
        0.06092357635498047,
        0.061274051666259766,
        0.061222076416015625,
        0.0608668327331543,
        0.06125140190124512,
        0.0613558292388916,
        0.061656951904296875
    ],
    "prefill_percentiles": {
        "10": 0.06067535877227783,
        "25": 0.06083035469055176,
        "50": 0.06107282638549805,
        "75": 0.061294496059417725,
        "90": 0.06144659519195557
    },
    "avg_decode_latency": 0.024063143465254042,
    "decode_latencies": [
        0.022067652808295354,
        0.02205544047885471,
        0.02213176091512044,
        0.022377490997314453,
        0.022894091076321073,
        0.022651645872328017,
        0.022983630498250324,
        0.02281077702840169,
        0.02283371819390191,
        0.040584060880872935,
        0.022655116187201604,
        0.02271233664618598
    ],
    "decode_percentiles": {
        "10": 0.022074063618977863,
        "25": 0.02231605847676595,
        "50": 0.022683726416693792,
        "75": 0.022848811414506703,
        "90": 0.0229746765560574
    }
}