{
    "avg_prefill_latency": 0.046412269274393715,
    "prefill_latencies": [
        0.04633808135986328,
        0.046401262283325195,
        0.046585798263549805,
        0.04640507698059082,
        0.04641222953796387,
        0.04632711410522461,
        0.04627513885498047,
        0.04709434509277344,
        0.046210527420043945,
        0.0461883544921875,
        0.04616665840148926,
        0.04654264450073242
    ],
    "prefill_percentiles": {
        "10": 0.04619057178497314,
        "25": 0.04625898599624634,
        "50": 0.04636967182159424,
        "75": 0.046444833278656006,
        "90": 0.046581482887268065
    },
    "avg_decode_latency": 0.018450814264791986,
    "decode_latencies": [
        0.018337011337280273,
        0.018394072850545246,
        0.018344773186577693,
        0.018512275483873155,
        0.018461412853664823,
        0.01838239034016927,
        0.01840074857076009,
        0.018708758884006076,
        0.018474817276000977,
        0.01849267217848036,
        0.018511798646714952,
        0.01838903956943088
    ],
    "decode_percentiles": {
        "10": 0.01834853490193685,
        "25": 0.01838737726211548,
        "50": 0.018431080712212458,
        "75": 0.018497453795539007,
        "90": 0.018512227800157335
    }
}