{
    "avg_prefill_latency": 0.14233418305714926,
    "prefill_latencies": [
        0.14243483543395996,
        0.14529848098754883,
        0.14295339584350586,
        0.1427931785583496,
        0.14173054695129395,
        0.14342021942138672,
        0.14313006401062012,
        0.1407458782196045,
        0.14136362075805664,
        0.14270830154418945,
        0.14071106910705566,
        0.14072060585021973
    ],
    "prefill_percentiles": {
        "10": 0.1407231330871582,
        "25": 0.1412091851234436,
        "50": 0.1425715684890747,
        "75": 0.14299756288528442,
        "90": 0.14339120388031007
    },
    "avg_decode_latency": 0.039530559822365086,
    "decode_latencies": [
        0.0369764698876275,
        0.04741488562689887,
        0.03766584396362305,
        0.03762467702229818,
        0.03773604498969184,
        0.03781882921854655,
        0.036694738599989146,
        0.03589722845289442,
        0.046071132024129234,
        0.03604057100084093,
        0.03626574410332574,
        0.048160552978515625
    ],
    "decode_percentiles": {
        "10": 0.03606308831108941,
        "25": 0.0365874899758233,
        "50": 0.03764526049296062,
        "75": 0.039881904919942215,
        "90": 0.04728051026662191
    }
}