{
    "avg_prefill_latency": 0.01314850648244222,
    "prefill_latencies": [
        0.013118505477905273,
        0.013105392456054688,
        0.013312816619873047,
        0.013082742691040039,
        0.013064384460449219,
        0.013225555419921875,
        0.01308131217956543,
        0.013141155242919922,
        0.013160228729248047,
        0.01334834098815918,
        0.013070106506347656,
        0.013071537017822266
    ],
    "prefill_percentiles": {
        "10": 0.013070249557495117,
        "25": 0.013078868389129639,
        "50": 0.01311194896697998,
        "75": 0.013176560401916504,
        "90": 0.01330409049987793
    },
    "avg_decode_latency": 0.013065331512027318,
    "decode_latencies": [
        0.012909147474500868,
        0.012974818547566732,
        0.013115061653984917,
        0.012912432352701822,
        0.013007826275295682,
        0.013103511598375108,
        0.013063642713758681,
        0.012887292438083224,
        0.013747612635294596,
        0.012880192862616645,
        0.013024912940131294,
        0.013157526652018229
    ],
    "decode_percentiles": {
        "10": 0.012889477941724988,
        "25": 0.012911611133151583,
        "50": 0.013016369607713487,
        "75": 0.01310639911227756,
        "90": 0.013153280152214897
    }
}