{
    "avg_prefill_latency": 0.0585776170094808,
    "prefill_latencies": [
        0.05957508087158203,
        0.05770444869995117,
        0.05843782424926758,
        0.058734893798828125,
        0.06009554862976074,
        0.05905652046203613,
        0.05845975875854492,
        0.05798673629760742,
        0.058030128479003906,
        0.05965089797973633,
        0.05747509002685547,
        0.0577244758605957
    ],
    "prefill_percentiles": {
        "10": 0.057706451416015624,
        "25": 0.05792117118835449,
        "50": 0.05844879150390625,
        "75": 0.05918616056442261,
        "90": 0.0596433162689209
    },
    "avg_decode_latency": 0.02202993631362915,
    "decode_latencies": [
        0.022958225674099393,
        0.021966642803615995,
        0.022327396604749892,
        0.022578265931871202,
        0.022086487876044378,
        0.021190431382921007,
        0.021815352969699435,
        0.021743668450249568,
        0.021836492750379775,
        0.022868951161702473,
        0.021736303965250652,
        0.021251016192966037
    ],
    "decode_percentiles": {
        "10": 0.021299544970194498,
        "25": 0.02174182732899984,
        "50": 0.021901567776997886,
        "75": 0.022390113936530218,
        "90": 0.022839882638719347
    }
}