{
    "avg_prefill_latency": 0.014336625734965006,
    "prefill_latencies": [
        0.014341115951538086,
        0.014325618743896484,
        0.014318704605102539,
        0.014311790466308594,
        0.014353275299072266,
        0.014333009719848633,
        0.014321327209472656,
        0.014354944229125977,
        0.014302968978881836,
        0.014370441436767578,
        0.014341592788696289,
        0.01436471939086914
    ],
    "prefill_percentiles": {
        "10": 0.014312481880187989,
        "25": 0.014320671558380127,
        "50": 0.01433706283569336,
        "75": 0.014353692531585693,
        "90": 0.014363741874694825
    },
    "avg_decode_latency": 0.013646116963139289,
    "decode_latencies": [
        0.013603342903984917,
        0.013587368859185113,
        0.013600058025783963,
        0.013597885767618815,
        0.01371998257107205,
        0.013602495193481445,
        0.013798077901204428,
        0.013600481881035699,
        0.013731903500027128,
        0.013696485095553927,
        0.013608270221286349,
        0.013607051637437608
    ],
    "decode_percentiles": {
        "10": 0.01359810299343533,
        "25": 0.013600375917222764,
        "50": 0.013605197270711262,
        "75": 0.013702359464433458,
        "90": 0.01373071140713162
    }
}