{
    "avg_prefill_latency": 0.09776548544565837,
    "prefill_latencies": [
        0.09798359870910645,
        0.09746479988098145,
        0.09728813171386719,
        0.09677243232727051,
        0.09866046905517578,
        0.09909296035766602,
        0.09640645980834961,
        0.09733819961547852,
        0.09774374961853027,
        0.10026884078979492,
        0.09767699241638184,
        0.09648919105529785
    ],
    "prefill_percentiles": {
        "10": 0.09651751518249511,
        "25": 0.09715920686721802,
        "50": 0.09757089614868164,
        "75": 0.09815281629562378,
        "90": 0.09904971122741699
    },
    "avg_decode_latency": 0.01371274612568043,
    "decode_latencies": [
        0.013682921727498373,
        0.013499922222561307,
        0.01356045405069987,
        0.013502624299791124,
        0.013561460706922743,
        0.013556030061509874,
        0.013480583826700846,
        0.01358077261182997,
        0.013740963406032987,
        0.014556222491794162,
        0.014130036036173502,
        0.01370096206665039
    ],
    "decode_percentiles": {
        "10": 0.013500192430284289,
        "25": 0.013542678621080186,
        "50": 0.013571116659376357,
        "75": 0.01371096240149604,
        "90": 0.014091128773159451
    }
}