{
    "avg_prefill_latency": 0.04560689131418864,
    "prefill_latencies": [
        0.04546666145324707,
        0.04513812065124512,
        0.04585838317871094,
        0.045229434967041016,
        0.04550290107727051,
        0.04506039619445801,
        0.04606962203979492,
        0.04580521583557129,
        0.045888423919677734,
        0.046140432357788086,
        0.04573321342468262,
        0.04538989067077637
    ],
    "prefill_percentiles": {
        "10": 0.045147252082824704,
        "25": 0.04534977674484253,
        "50": 0.04561805725097656,
        "75": 0.04586589336395264,
        "90": 0.0460515022277832
    },
    "avg_decode_latency": 0.013722490381311488,
    "decode_latencies": [
        0.013536082373725044,
        0.013554652531941732,
        0.014083888795640733,
        0.013829045825534396,
        0.013726313908894857,
        0.013949341244167753,
        0.013616402943929037,
        0.013703107833862305,
        0.013653331332736544,
        0.013754791683620878,
        0.013664007186889648,
        0.013598918914794922
    ],
    "decode_percentiles": {
        "10": 0.013559079170227051,
        "25": 0.013612031936645508,
        "50": 0.013683557510375977,
        "75": 0.013773355219099257,
        "90": 0.013937311702304417
    }
}