{
    "avg_prefill_latency": 0.14505640665690103,
    "prefill_latencies": [
        0.1439359188079834,
        0.14677906036376953,
        0.14640212059020996,
        0.14812517166137695,
        0.14519047737121582,
        0.14566349983215332,
        0.14200115203857422,
        0.14651846885681152,
        0.14565587043762207,
        0.14560508728027344,
        0.1434314250946045,
        0.14136862754821777
    ],
    "prefill_percentiles": {
        "10": 0.14214417934417725,
        "25": 0.14380979537963867,
        "50": 0.14563047885894775,
        "75": 0.14643120765686035,
        "90": 0.14675300121307372
    },
    "avg_decode_latency": 0.027362143551861798,
    "decode_latencies": [
        0.025294648276435003,
        0.025985744264390733,
        0.026476701100667317,
        0.026153908835517034,
        0.04267973370022244,
        0.026525629891289607,
        0.02612267600165473,
        0.025999069213867188,
        0.026804897520277236,
        0.026358366012573242,
        0.024869971805148654,
        0.025074376000298396
    ],
    "decode_percentiles": {
        "10": 0.025096403227912057,
        "25": 0.0258129702674018,
        "50": 0.02613829241858588,
        "75": 0.02648893329832289,
        "90": 0.026776970757378473
    }
}