{
    "avg_prefill_latency": 0.07375494639078777,
    "prefill_latencies": [
        0.07420516014099121,
        0.07219552993774414,
        0.07442402839660645,
        0.07273650169372559,
        0.07435917854309082,
        0.07205843925476074,
        0.07536506652832031,
        0.07341909408569336,
        0.07469487190246582,
        0.07491445541381836,
        0.07230091094970703,
        0.0743861198425293
    ],
    "prefill_percentiles": {
        "10": 0.07220606803894043,
        "25": 0.07262760400772095,
        "50": 0.07428216934204102,
        "75": 0.07449173927307129,
        "90": 0.07489249706268311
    },
    "avg_decode_latency": 0.018653732758981214,
    "decode_latencies": [
        0.018768575456407335,
        0.018566211064656574,
        0.01859389411078559,
        0.018779516220092773,
        0.018414232465955947,
        0.018519931369357638,
        0.019021352132161457,
        0.018719699647691514,
        0.01886259184943305,
        0.018650160895453557,
        0.018509070078531902,
        0.01843955781724718
    ],
    "decode_percentiles": {
        "10": 0.01844650904337565,
        "25": 0.018517216046651203,
        "50": 0.018622027503119573,
        "75": 0.018771310647328694,
        "90": 0.01885428428649902
    }
}