{
    "avg_prefill_latency": 0.013530770937601725,
    "prefill_latencies": [
        0.013578414916992188,
        0.01309347152709961,
        0.013457536697387695,
        0.013394355773925781,
        0.013445854187011719,
        0.013494014739990234,
        0.013372659683227539,
        0.013098478317260742,
        0.01336526870727539,
        0.01479792594909668,
        0.013556241989135742,
        0.013715028762817383
    ],
    "prefill_percentiles": {
        "10": 0.013125157356262207,
        "25": 0.013370811939239502,
        "50": 0.013451695442199707,
        "75": 0.013561785221099854,
        "90": 0.013701367378234863
    },
    "avg_decode_latency": 0.012938669434300177,
    "decode_latencies": [
        0.012843132019042969,
        0.012744850582546659,
        0.012902710172865126,
        0.012963692347208658,
        0.013436714808146158,
        0.012916220559014214,
        0.012782891591389975,
        0.012809117635091146,
        0.012919240527682833,
        0.012894603941175673,
        0.013044436772664389,
        0.013006422254774306
    ],
    "decode_percentiles": {
        "10": 0.012785514195760092,
        "25": 0.012834628423055014,
        "50": 0.01290946536593967,
        "75": 0.01297437482410007,
        "90": 0.01304063532087538
    }
}