{
    "avg_prefill_latency": 0.19679941733678183,
    "prefill_latencies": [
        0.3080296516418457,
        0.18607187271118164,
        0.1878976821899414,
        0.1852881908416748,
        0.18561697006225586,
        0.18581271171569824,
        0.1905202865600586,
        0.18622970581054688,
        0.18759608268737793,
        0.18569040298461914,
        0.18687748908996582,
        0.18596196174621582
    ],
    "prefill_percentiles": {
        "10": 0.1856243133544922,
        "25": 0.18578213453292847,
        "50": 0.18615078926086426,
        "75": 0.1876714825630188,
        "90": 0.19025802612304688
    },
    "avg_decode_latency": 0.03842518528302511,
    "decode_latencies": [
        0.03538377285003662,
        0.03606743812561035,
        0.03549315929412842,
        0.03587892055511475,
        0.04785819053649902,
        0.035226845741271974,
        0.035018420219421385,
        0.0351259708404541,
        0.04741344451904297,
        0.0353271484375,
        0.03526611328125,
        0.04704279899597168
    ],
    "decode_percentiles": {
        "10": 0.03513605833053589,
        "25": 0.03525629639625549,
        "50": 0.03543846607208252,
        "75": 0.03881127834320068,
        "90": 0.04737637996673584
    }
}