{
    "avg_prefill_latency": 0.014115512371063232,
    "prefill_latencies": [
        0.014265298843383789,
        0.01398921012878418,
        0.013970613479614258,
        0.01399540901184082,
        0.013955116271972656,
        0.013949394226074219,
        0.013975143432617188,
        0.013956785202026367,
        0.013988971710205078,
        0.014511346817016602,
        0.014039754867553711,
        0.014789104461669922
    ],
    "prefill_percentiles": {
        "10": 0.013955283164978027,
        "25": 0.013967156410217285,
        "50": 0.013989090919494629,
        "75": 0.01409614086151123,
        "90": 0.014486742019653321
    },
    "avg_decode_latency": 0.013231763133296258,
    "decode_latencies": [
        0.012933492660522461,
        0.012932062149047852,
        0.012981017430623373,
        0.013140413496229384,
        0.013135433197021484,
        0.013107220331827799,
        0.012938075595431857,
        0.01293651262919108,
        0.014104154374864366,
        0.01442620489332411,
        0.012950844234890409,
        0.013195726606580947
    ],
    "decode_percentiles": {
        "10": 0.012933794657389324,
        "25": 0.012937684853871662,
        "50": 0.013044118881225586,
        "75": 0.013154241773817275,
        "90": 0.014013311598036024
    }
}