{
    "avg_prefill_latency": 0.012789984544118246,
    "prefill_latencies": [
        0.01278066635131836,
        0.012732744216918945,
        0.012764215469360352,
        0.012792348861694336,
        0.012772321701049805,
        0.012848615646362305,
        0.012718677520751953,
        0.012792825698852539,
        0.01273345947265625,
        0.012772560119628906,
        0.0130157470703125,
        0.012755632400512695
    ],
    "prefill_percentiles": {
        "10": 0.012732815742492676,
        "25": 0.012750089168548584,
        "50": 0.012772440910339355,
        "75": 0.012792468070983887,
        "90": 0.012843036651611328
    },
    "avg_decode_latency": 0.012545194890764026,
    "decode_latencies": [
        0.012491729524400499,
        0.012501054339938693,
        0.012623442543877495,
        0.01251281632317437,
        0.012809488508436415,
        0.012503623962402344,
        0.01252905527750651,
        0.012499835756089952,
        0.012524949179755317,
        0.012503782908121744,
        0.012540578842163086,
        0.012501981523301866
    ],
    "decode_percentiles": {
        "10": 0.012499957614474826,
        "25": 0.012501749727461074,
        "50": 0.012508299615648057,
        "75": 0.012531936168670654,
        "90": 0.012615156173706055
    }
}