{
    "avg_prefill_latency": 0.1867481271425883,
    "prefill_latencies": [
        0.18717074394226074,
        0.18566536903381348,
        0.18575835227966309,
        0.1864464282989502,
        0.18735384941101074,
        0.186065673828125,
        0.18706989288330078,
        0.18663334846496582,
        0.1873018741607666,
        0.1870129108428955,
        0.18662619590759277,
        0.18787288665771484
    ],
    "prefill_percentiles": {
        "10": 0.18578908443450928,
        "25": 0.1863512396812439,
        "50": 0.18682312965393066,
        "75": 0.1872035264968872,
        "90": 0.18734865188598632
    },
    "avg_decode_latency": 0.03456338047981262,
    "decode_latencies": [
        0.033481717109680176,
        0.03342604637145996,
        0.03328945636749268,
        0.03353960514068603,
        0.03356029987335205,
        0.033661937713623045,
        0.03342936038970947,
        0.033517074584960935,
        0.04629085063934326,
        0.03337862491607666,
        0.03369722366333008,
        0.03348836898803711
    ],
    "decode_percentiles": {
        "10": 0.033383367061614995,
        "25": 0.03342853188514709,
        "50": 0.03350272178649902,
        "75": 0.0335857093334198,
        "90": 0.033693695068359376
    }
}