{
    "avg_prefill_latency": 0.09230250120162964,
    "prefill_latencies": [
        0.0920867919921875,
        0.09195256233215332,
        0.09304046630859375,
        0.09402704238891602,
        0.09097027778625488,
        0.09117674827575684,
        0.09158468246459961,
        0.09164834022521973,
        0.09266138076782227,
        0.0936441421508789,
        0.0926508903503418,
        0.09218668937683105
    ],
    "prefill_percentiles": {
        "10": 0.09121754169464111,
        "25": 0.0916324257850647,
        "50": 0.09213674068450928,
        "75": 0.09275615215301514,
        "90": 0.09358377456665039
    },
    "avg_decode_latency": 0.013994102124814632,
    "decode_latencies": [
        0.013973209593031142,
        0.013998826344807943,
        0.014096948835584853,
        0.013969818751017252,
        0.013984362284342447,
        0.014055199093288846,
        0.014074696434868706,
        0.013948970370822482,
        0.013981315824720595,
        0.013928545845879449,
        0.013940042919582792,
        0.013977289199829102
    ],
    "decode_percentiles": {
        "10": 0.01394093566470676,
        "25": 0.01396460665596856,
        "50": 0.013979302512274848,
        "75": 0.014012919531928169,
        "90": 0.014072746700710721
    }
}