{
    "avg_prefill_latency": 0.14140578111012778,
    "prefill_latencies": [
        0.13887977600097656,
        0.14139485359191895,
        0.14100003242492676,
        0.1430044174194336,
        0.14090752601623535,
        0.14278388023376465,
        0.14008045196533203,
        0.14213132858276367,
        0.13994836807250977,
        0.14328575134277344,
        0.14437341690063477,
        0.13907957077026367
    ],
    "prefill_percentiles": {
        "10": 0.1391664505004883,
        "25": 0.14004743099212646,
        "50": 0.14119744300842285,
        "75": 0.14283901453018188,
        "90": 0.14325761795043945
    },
    "avg_decode_latency": 0.01898864684281526,
    "decode_latencies": [
        0.018625418345133465,
        0.018561840057373047,
        0.018826882044474285,
        0.018773105409410264,
        0.018899414274427626,
        0.01920469601949056,
        0.018814563751220703,
        0.019291904237535264,
        0.01915152867635091,
        0.01865673065185547,
        0.019788583119710285,
        0.019269095526801214
    ],
    "decode_percentiles": {
        "10": 0.018628549575805665,
        "25": 0.018744011720021565,
        "50": 0.018863148159450956,
        "75": 0.019220795896318223,
        "90": 0.01928962336646186
    }
}