{
    "avg_prefill_latency": 0.0875839392344157,
    "prefill_latencies": [
        0.0882570743560791,
        0.08656525611877441,
        0.08731913566589355,
        0.08583617210388184,
        0.08814048767089844,
        0.0881190299987793,
        0.08818340301513672,
        0.08658838272094727,
        0.08790755271911621,
        0.08756828308105469,
        0.0880582332611084,
        0.08846426010131836
    ],
    "prefill_percentiles": {
        "10": 0.0865675687789917,
        "25": 0.08713644742965698,
        "50": 0.0879828929901123,
        "75": 0.08815121650695801,
        "90": 0.08824970722198486
    },
    "avg_decode_latency": 0.016507605711619057,
    "decode_latencies": [
        0.01651130782233344,
        0.01617476675245497,
        0.01617068714565701,
        0.016221735212537978,
        0.018475479549831815,
        0.016241206063164607,
        0.017513487074110243,
        0.016132964028252497,
        0.016140646404690213,
        0.01616856786939833,
        0.016194740931193035,
        0.01614567968580458
    ],
    "decode_percentiles": {
        "10": 0.01614114973280165,
        "25": 0.016162845823499892,
        "50": 0.016184753841824003,
        "75": 0.016308731502956815,
        "90": 0.017413269148932563
    }
}