{
    "avg_prefill_latency": 0.02616282304128011,
    "prefill_latencies": [
        0.02629685401916504,
        0.02619767189025879,
        0.026292085647583008,
        0.026043415069580078,
        0.02616143226623535,
        0.026189327239990234,
        0.026154279708862305,
        0.026105642318725586,
        0.026088237762451172,
        0.02610015869140625,
        0.02605152130126953,
        0.026273250579833984
    ],
    "prefill_percentiles": {
        "10": 0.026055192947387694,
        "25": 0.02609717845916748,
        "50": 0.026157855987548828,
        "75": 0.026216566562652588,
        "90": 0.026290202140808107
    },
    "avg_decode_latency": 0.014428344037797714,
    "decode_latencies": [
        0.01368525293138292,
        0.013655980428059896,
        0.013664113150702583,
        0.01783641179402669,
        0.013948334587944878,
        0.01798881424797906,
        0.013671451144748263,
        0.013663609822591146,
        0.013814025455050997,
        0.013780964745415581,
        0.013720062043931749,
        0.013711108101738824
    ],
    "decode_percentiles": {
        "10": 0.01366366015540229,
        "25": 0.013669616646236843,
        "50": 0.013715585072835285,
        "75": 0.013847602738274468,
        "90": 0.017447604073418513
    }
}