{
    "avg_prefill_latency": 0.013948400815327963,
    "prefill_latencies": [
        0.013922929763793945,
        0.013894796371459961,
        0.013871908187866211,
        0.013898611068725586,
        0.013854026794433594,
        0.013894796371459961,
        0.013876199722290039,
        0.0139007568359375,
        0.013927459716796875,
        0.013898611068725586,
        0.014117717742919922,
        0.014322996139526367
    ],
    "prefill_percentiles": {
        "10": 0.013872337341308594,
        "25": 0.01389014720916748,
        "50": 0.013898611068725586,
        "75": 0.013924062252044678,
        "90": 0.014098691940307616
    },
    "avg_decode_latency": 0.012832515769534642,
    "decode_latencies": [
        0.012689696417914497,
        0.012688530815972222,
        0.012853701909383139,
        0.01269682248433431,
        0.013057788213094076,
        0.012821276982625326,
        0.012722306781344943,
        0.012777831819322374,
        0.012726942698160807,
        0.012742280960083008,
        0.012912511825561523,
        0.013300498326619467
    ],
    "decode_percentiles": {
        "10": 0.012690409024556478,
        "25": 0.012715935707092285,
        "50": 0.01276005638970269,
        "75": 0.012868404388427734,
        "90": 0.01304326057434082
    }
}