{
    "avg_prefill_latency": 0.4376615087191264,
    "prefill_latencies": [
        0.43535876274108887,
        0.4375319480895996,
        0.4349555969238281,
        0.4347550868988037,
        0.43813610076904297,
        0.43743443489074707,
        0.43853330612182617,
        0.43619418144226074,
        0.43616414070129395,
        0.4405534267425537,
        0.44043755531311035,
        0.44188356399536133
    ],
    "prefill_percentiles": {
        "10": 0.4349959135055542,
        "25": 0.4359627962112427,
        "50": 0.43748319149017334,
        "75": 0.4390093684196472,
        "90": 0.44054183959960935
    },
    "avg_decode_latency": 0.07713939944903055,
    "decode_latencies": [
        0.07682573795318604,
        0.07619979381561279,
        0.07645881175994873,
        0.07703559398651123,
        0.07696759700775146,
        0.07680988311767578,
        0.07815470695495605,
        0.07843739986419677,
        0.07735157012939453,
        0.07758135795593261,
        0.07726681232452393,
        0.07658352851867675
    ],
    "decode_percentiles": {
        "10": 0.07647128343582153,
        "25": 0.07675329446792603,
        "50": 0.07700159549713134,
        "75": 0.07740901708602906,
        "90": 0.07809737205505371
    }
}