{
    "avg_prefill_latency": 0.11526507139205933,
    "prefill_latencies": [
        0.11299562454223633,
        0.11660194396972656,
        0.1142575740814209,
        0.11560583114624023,
        0.11312580108642578,
        0.11663079261779785,
        0.11810564994812012,
        0.11486291885375977,
        0.11617255210876465,
        0.11547684669494629,
        0.11548089981079102,
        0.11386442184448242
    ],
    "prefill_percentiles": {
        "10": 0.11319966316223144,
        "25": 0.11415928602218628,
        "50": 0.11547887325286865,
        "75": 0.11627990007400513,
        "90": 0.11662790775299073
    },
    "avg_decode_latency": 0.033436084235156024,
    "decode_latencies": [
        0.03349110815260145,
        0.033368455039130315,
        0.03339245584275988,
        0.033424695332845054,
        0.03341375456915961,
        0.03342668215433756,
        0.03339486651950412,
        0.03339282671610514,
        0.03344567616780599,
        0.03350226084391276,
        0.03346318668789334,
        0.033517042795817055
    ],
    "decode_percentiles": {
        "10": 0.03339249293009441,
        "25": 0.033394356568654374,
        "50": 0.03342568874359131,
        "75": 0.03347016705407037,
        "90": 0.03350114557478163
    }
}