{
    "avg_prefill_latency": 0.35289639234542847,
    "prefill_latencies": [
        0.35207700729370117,
        0.3516678810119629,
        0.3535959720611572,
        0.34822964668273926,
        0.3508307933807373,
        0.3503439426422119,
        0.35186028480529785,
        0.35379958152770996,
        0.35552000999450684,
        0.3547635078430176,
        0.35268259048461914,
        0.35938549041748047
    ],
    "prefill_percentiles": {
        "10": 0.35039262771606444,
        "25": 0.3514586091041565,
        "50": 0.35237979888916016,
        "75": 0.35404056310653687,
        "90": 0.3554443597793579
    },
    "avg_decode_latency": 0.056893496601669875,
    "decode_latencies": [
        0.055623107486301,
        0.05565285682678223,
        0.0622152222527398,
        0.05643709500630697,
        0.05564957194858127,
        0.05570308367411295,
        0.05554755528767904,
        0.055607212914360896,
        0.055572854148017034,
        0.05573285950554742,
        0.06302785873413086,
        0.05595268143547906
    ],
    "decode_percentiles": {
        "10": 0.05557629002465142,
        "25": 0.055619133843315974,
        "50": 0.055677970250447587,
        "75": 0.056073784828186035,
        "90": 0.06163740952809652
    }
}