{
    "avg_prefill_latency": 0.4249266783396403,
    "prefill_latencies": [
        0.4161863327026367,
        0.41568708419799805,
        0.4167037010192871,
        0.4178652763366699,
        0.4188051223754883,
        0.41953444480895996,
        0.41913747787475586,
        0.42014122009277344,
        0.42210865020751953,
        0.41647911071777344,
        0.4196944236755371,
        0.4967772960662842
    ],
    "prefill_percentiles": {
        "10": 0.4162156105041504,
        "25": 0.4166475534439087,
        "50": 0.41897130012512207,
        "75": 0.4198061227798462,
        "90": 0.42191190719604493
    },
    "avg_decode_latency": 0.0626168206886009,
    "decode_latencies": [
        0.0663788848453098,
        0.06022887759738498,
        0.060494926240709096,
        0.06284607781304254,
        0.06294594870673285,
        0.0707804626888699,
        0.06331017282274035,
        0.062322907977634005,
        0.0596830579969618,
        0.06022238731384277,
        0.06092680825127496,
        0.06126133600870768
    ],
    "decode_percentiles": {
        "10": 0.060223036342196994,
        "25": 0.06042841407987807,
        "50": 0.06179212199317084,
        "75": 0.06303700473573473,
        "90": 0.06607201364305285
    }
}