{
    "avg_prefill_latency": 0.2545952995618184,
    "prefill_latencies": [
        0.25226545333862305,
        0.25478100776672363,
        0.2528078556060791,
        0.2544856071472168,
        0.2581949234008789,
        0.2565329074859619,
        0.2537519931793213,
        0.2581751346588135,
        0.24770092964172363,
        0.25400757789611816,
        0.2579667568206787,
        0.2544734477996826
    ],
    "prefill_percentiles": {
        "10": 0.25231969356536865,
        "25": 0.25351595878601074,
        "50": 0.2544795274734497,
        "75": 0.2568913698196411,
        "90": 0.258154296875
    },
    "avg_decode_latency": 0.05088669282418711,
    "decode_latencies": [
        0.04985769589742025,
        0.04998570018344455,
        0.049911446041531034,
        0.049793614281548396,
        0.0499734083811442,
        0.050167613559299044,
        0.05042733086480035,
        0.056909269756740995,
        0.050212462743123375,
        0.050369607077704534,
        0.05158193906148275,
        0.05145022604200575
    ],
    "decode_percentiles": {
        "10": 0.04986307091183133,
        "25": 0.04995791779624091,
        "50": 0.05019003815121121,
        "75": 0.050683054659101695,
        "90": 0.05156876775953505
    }
}