{
    "avg_prefill_latency": 0.2927096486091614,
    "prefill_latencies": [
        0.28537988662719727,
        0.28491759300231934,
        0.2842395305633545,
        0.2862544059753418,
        0.281663179397583,
        0.28656816482543945,
        0.37457823753356934,
        0.28165602684020996,
        0.2845461368560791,
        0.28585004806518555,
        0.2883319854736328,
        0.2885305881500244
    ],
    "prefill_percentiles": {
        "10": 0.2819208145141602,
        "25": 0.28446948528289795,
        "50": 0.2856149673461914,
        "75": 0.2870091199874878,
        "90": 0.28851072788238524
    },
    "avg_decode_latency": 0.053878380192650684,
    "decode_latencies": [
        0.052524566650390625,
        0.053090148501926,
        0.055482811397976346,
        0.05464937951829699,
        0.05460977554321289,
        0.05453107092115614,
        0.05456426408555773,
        0.054486380683051214,
        0.0530748897128635,
        0.05257770750257704,
        0.052558316124810114,
        0.05439125166998969
    ],
    "decode_percentiles": {
        "10": 0.05256025526258681,
        "25": 0.05295059416029188,
        "50": 0.05443881617652045,
        "75": 0.05457564194997152,
        "90": 0.054645419120788574
    }
}