{
    "avg_prefill_latency": 0.4492677648862203,
    "prefill_latencies": [
        0.4453716278076172,
        0.4414103031158447,
        0.4471452236175537,
        0.44619178771972656,
        0.44892144203186035,
        0.4530010223388672,
        0.4539794921875,
        0.44741010665893555,
        0.4492020606994629,
        0.4521515369415283,
        0.4513816833496094,
        0.4550468921661377
    ],
    "prefill_percentiles": {
        "10": 0.4454536437988281,
        "25": 0.4469068646430969,
        "50": 0.4490617513656616,
        "75": 0.45236390829086304,
        "90": 0.45388164520263674
    },
    "avg_decode_latency": 0.09926070570945739,
    "decode_latencies": [
        0.10410137176513672,
        0.09892807006835938,
        0.0991051197052002,
        0.10897507667541503,
        0.09619448184967042,
        0.09596853256225586,
        0.1040569543838501,
        0.09598596096038818,
        0.09730384349822999,
        0.09643306732177734,
        0.09633400440216064,
        0.09774198532104492
    ],
    "decode_percentiles": {
        "10": 0.09600681304931641,
        "25": 0.09629912376403808,
        "50": 0.09752291440963745,
        "75": 0.10034307837486267,
        "90": 0.10409693002700805
    }
}