{
    "avg_prefill_latency": 0.11712082227071126,
    "prefill_latencies": [
        0.11609315872192383,
        0.1151888370513916,
        0.11585187911987305,
        0.11864805221557617,
        0.11712527275085449,
        0.11922764778137207,
        0.11820602416992188,
        0.11738181114196777,
        0.11797642707824707,
        0.11733651161193848,
        0.11753201484680176,
        0.11488223075866699
    ],
    "prefill_percentiles": {
        "10": 0.11525514125823974,
        "25": 0.11603283882141113,
        "50": 0.11735916137695312,
        "75": 0.11803382635116577,
        "90": 0.11860384941101074
    },
    "avg_decode_latency": 0.033507448655587656,
    "decode_latencies": [
        0.033455451329549156,
        0.03329043918185764,
        0.03337743547227648,
        0.03333295716179742,
        0.03332180447048611,
        0.03336797820197211,
        0.033346467547946505,
        0.03361460897657606,
        0.0337980588277181,
        0.03375593821207682,
        0.03374926249186198,
        0.03367898199293348
    ],
    "decode_percentiles": {
        "10": 0.03332291973961724,
        "25": 0.033343089951409235,
        "50": 0.03341644340091282,
        "75": 0.033696552117665604,
        "90": 0.03375527064005534
    }
}