{
    "avg_prefill_latency": 0.44707610209782916,
    "prefill_latencies": [
        0.443340539932251,
        0.4480881690979004,
        0.44837403297424316,
        0.451585054397583,
        0.4472634792327881,
        0.44778013229370117,
        0.44942569732666016,
        0.4506492614746094,
        0.45076918601989746,
        0.4403386116027832,
        0.4428577423095703,
        0.4444413185119629
    ],
    "prefill_percentiles": {
        "10": 0.4429060220718384,
        "25": 0.4441661238670349,
        "50": 0.4479341506958008,
        "75": 0.44973158836364746,
        "90": 0.45075719356536864
    },
    "avg_decode_latency": 0.08109290599822998,
    "decode_latencies": [
        0.081546950340271,
        0.08104972839355469,
        0.08123223781585694,
        0.08112690448760987,
        0.08192389011383057,
        0.08154585361480712,
        0.08061759471893311,
        0.08149509429931641,
        0.08062670230865479,
        0.08075120449066162,
        0.0806337833404541,
        0.08056492805480957
    ],
    "decode_percentiles": {
        "10": 0.08061850547790528,
        "25": 0.08063201308250427,
        "50": 0.08108831644058229,
        "75": 0.08150778412818908,
        "90": 0.08154684066772461
    }
}