{
    "avg_prefill_latency": 0.44331522782643634,
    "prefill_latencies": [
        0.44513678550720215,
        0.44114041328430176,
        0.4404900074005127,
        0.4475524425506592,
        0.4417109489440918,
        0.4416189193725586,
        0.43889331817626953,
        0.4466359615325928,
        0.4500875473022461,
        0.438948392868042,
        0.45016908645629883,
        0.43739891052246094
    ],
    "prefill_percentiles": {
        "10": 0.4388988256454468,
        "25": 0.440104603767395,
        "50": 0.4416649341583252,
        "75": 0.4468650817871094,
        "90": 0.4498340368270874
    },
    "avg_decode_latency": 0.12265731710376161,
    "decode_latencies": [
        0.1197626373984597,
        0.12098444591869008,
        0.12159002910960805,
        0.1204670559276234,
        0.12182309410788796,
        0.12710204991427335,
        0.12488538568670099,
        0.12333646687594327,
        0.12388441779396751,
        0.12701186266812411,
        0.1215769811110063,
        0.11946337873285467
    ],
    "decode_percentiles": {
        "10": 0.11983307925137607,
        "25": 0.1208550984209234,
        "50": 0.121706561608748,
        "75": 0.12413465976715088,
        "90": 0.1267992149699818
    }
}