{
    "avg_prefill_latency": 0.4374791582425435,
    "prefill_latencies": [
        0.43831849098205566,
        0.4407804012298584,
        0.4392540454864502,
        0.43927764892578125,
        0.4399251937866211,
        0.43787646293640137,
        0.4382784366607666,
        0.4385077953338623,
        0.43271660804748535,
        0.4347343444824219,
        0.4360041618347168,
        0.43407630920410156
    ],
    "prefill_percentiles": {
        "10": 0.4341421127319336,
        "25": 0.43568670749664307,
        "50": 0.43829846382141113,
        "75": 0.43925994634628296,
        "90": 0.4398604393005371
    },
    "avg_decode_latency": 0.05304109851519267,
    "decode_latencies": [
        0.05161271095275879,
        0.052963423728942874,
        0.05344839096069336,
        0.05369184017181396,
        0.053411221504211424,
        0.053331637382507326,
        0.05781817436218262,
        0.05169177055358887,
        0.05141384601593017,
        0.052907133102416994,
        0.05141391754150391,
        0.05278911590576172
    ],
    "decode_percentiles": {
        "10": 0.0514337968826294,
        "25": 0.05167200565338135,
        "50": 0.05293527841567994,
        "75": 0.05342051386833191,
        "90": 0.053667495250701906
    }
}