{
    "avg_prefill_latency": 0.4425464868545532,
    "prefill_latencies": [
        0.44612550735473633,
        0.4375801086425781,
        0.44547319412231445,
        0.4414973258972168,
        0.43711185455322266,
        0.45351099967956543,
        0.44518017768859863,
        0.43639039993286133,
        0.4458129405975342,
        0.44225406646728516,
        0.43955206871032715,
        0.44006919860839844
    ],
    "prefill_percentiles": {
        "10": 0.4371586799621582,
        "25": 0.4390590786933899,
        "50": 0.441875696182251,
        "75": 0.4455581307411194,
        "90": 0.4460942506790161
    },
    "avg_decode_latency": 0.12767459587617355,
    "decode_latencies": [
        0.12452281605113637,
        0.12521867318586868,
        0.12513520500876688,
        0.1310949759049849,
        0.1284107728437944,
        0.12758614800193094,
        0.13521155444058505,
        0.12640528245405716,
        0.1264328956604004,
        0.1309123472733931,
        0.12452331456271085,
        0.12664116512645374
    ],
    "decode_percentiles": {
        "10": 0.12458450360731645,
        "25": 0.12519780614159323,
        "50": 0.12653703039342706,
        "75": 0.1290361664511941,
        "90": 0.13107671304182572
    }
}