{
    "avg_prefill_latency": 0.11536816755930583,
    "prefill_latencies": [
        0.11608290672302246,
        0.11474847793579102,
        0.1146080493927002,
        0.11386704444885254,
        0.11446166038513184,
        0.11720037460327148,
        0.11490297317504883,
        0.11567425727844238,
        0.11537766456604004,
        0.11555361747741699,
        0.11565566062927246,
        0.11628532409667969
    ],
    "prefill_percentiles": {
        "10": 0.11447629928588868,
        "25": 0.11471337080001831,
        "50": 0.11546564102172852,
        "75": 0.1157764196395874,
        "90": 0.11626508235931396
    },
    "avg_decode_latency": 0.034665697150760226,
    "decode_latencies": [
        0.03500522507561578,
        0.03441956308152941,
        0.03436099158393012,
        0.03435831599765354,
        0.034335692723592125,
        0.03454409705268012,
        0.03489912880791558,
        0.03447990947299533,
        0.03480752309163412,
        0.034841431511773005,
        0.034815708796183266,
        0.03512077861362033
    ],
    "decode_percentiles": {
        "10": 0.03435858355628119,
        "25": 0.03440492020712958,
        "50": 0.034675810072157115,
        "75": 0.03485585583580865,
        "90": 0.03499461544884576
    }
}