{
    "avg_prefill_latency": 0.4370310306549072,
    "prefill_latencies": [
        0.4362320899963379,
        0.43816208839416504,
        0.43619585037231445,
        0.4398765563964844,
        0.4387359619140625,
        0.43630194664001465,
        0.4402756690979004,
        0.43811821937561035,
        0.4364609718322754,
        0.4367809295654297,
        0.4330434799194336,
        0.4341886043548584
    ],
    "prefill_percentiles": {
        "10": 0.434389328956604,
        "25": 0.43622303009033203,
        "50": 0.43662095069885254,
        "75": 0.4383055567741394,
        "90": 0.4397624969482422
    },
    "avg_decode_latency": 0.12442671921518116,
    "decode_latencies": [
        0.12336126963297527,
        0.12830442190170288,
        0.12271382411321004,
        0.12299013137817383,
        0.12481063604354858,
        0.12476688623428345,
        0.12358907858530681,
        0.12381058931350708,
        0.12483702103296916,
        0.12720147768656412,
        0.12430330117543538,
        0.12243199348449707
    ],
    "decode_percentiles": {
        "10": 0.12274145483970642,
        "25": 0.1232684850692749,
        "50": 0.12405694524447122,
        "75": 0.12481723229090373,
        "90": 0.12696503202120463
    }
}