{
    "avg_prefill_latency": 0.4353601535161336,
    "prefill_latencies": [
        0.43517088890075684,
        0.43560147285461426,
        0.4366292953491211,
        0.4363088607788086,
        0.43642473220825195,
        0.4375486373901367,
        0.43526649475097656,
        0.4402954578399658,
        0.43225693702697754,
        0.43254566192626953,
        0.4352257251739502,
        0.4310476779937744
    ],
    "prefill_percentiles": {
        "10": 0.43228580951690676,
        "25": 0.434514582157135,
        "50": 0.4354339838027954,
        "75": 0.43647587299346924,
        "90": 0.43745670318603513
    },
    "avg_decode_latency": 0.15120869543817309,
    "decode_latencies": [
        0.15571739276250204,
        0.14828630288441977,
        0.14821012814839682,
        0.1491070588429769,
        0.1505549947420756,
        0.15815808375676474,
        0.14903726180394491,
        0.14877035220464072,
        0.14863179127375284,
        0.14987961451212564,
        0.15888873736063638,
        0.14926262696584067
    ],
    "decode_percentiles": {
        "10": 0.14832085172335308,
        "25": 0.14873571197191876,
        "50": 0.14918484290440878,
        "75": 0.1518455942471822,
        "90": 0.15791401465733848
    }
}