{
    "avg_prefill_latency": 0.4111153682072957,
    "prefill_latencies": [
        0.41142749786376953,
        0.41207122802734375,
        0.41235852241516113,
        0.4114654064178467,
        0.4089796543121338,
        0.41262364387512207,
        0.4142749309539795,
        0.41110944747924805,
        0.4118506908416748,
        0.4112122058868408,
        0.40838074684143066,
        0.40763044357299805
    ],
    "prefill_percentiles": {
        "10": 0.40844063758850097,
        "25": 0.4105769991874695,
        "50": 0.4114464521408081,
        "75": 0.4121430516242981,
        "90": 0.412597131729126
    },
    "avg_decode_latency": 0.03909224271774292,
    "decode_latencies": [
        0.04018995496961805,
        0.03955178790622287,
        0.0389764044019911,
        0.039106633928087026,
        0.039839982986450195,
        0.038357522752549916,
        0.038390901353624135,
        0.03831169340345594,
        0.04008311695522732,
        0.03883997599283854,
        0.03901635275946723,
        0.0384425852033827
    ],
    "decode_percentiles": {
        "10": 0.03836086061265734,
        "25": 0.03842966424094306,
        "50": 0.038996378580729164,
        "75": 0.0396238366762797,
        "90": 0.040058803558349614
    }
}