{
    "avg_prefill_latency": 0.22905689477920532,
    "prefill_latencies": [
        0.23412132263183594,
        0.22284340858459473,
        0.2330782413482666,
        0.22478652000427246,
        0.2356243133544922,
        0.22330975532531738,
        0.23366951942443848,
        0.2241499423980713,
        0.23298954963684082,
        0.22583794593811035,
        0.23118185997009277,
        0.22709035873413086
    ],
    "prefill_percentiles": {
        "10": 0.22339377403259278,
        "25": 0.22462737560272217,
        "50": 0.22913610935211182,
        "75": 0.23322606086730957,
        "90": 0.2340761423110962
    },
    "avg_decode_latency": 0.03435873764532584,
    "decode_latencies": [
        0.03436395857069227,
        0.03442909982469347,
        0.034256829155815974,
        0.03420943684048123,
        0.03469898965623644,
        0.03459570142957899,
        0.03466100162929959,
        0.034260564380221896,
        0.034199820624457464,
        0.03419107860989041,
        0.03419921133253309,
        0.03423915969000922
    ],
    "decode_percentiles": {
        "10": 0.034199272261725526,
        "25": 0.034207032786475286,
        "50": 0.03425869676801893,
        "75": 0.03447075022591485,
        "90": 0.03465447160932753
    }
}