{
    "avg_prefill_latency": 0.9067791700363159,
    "prefill_latencies": [
        0.9042766094207764,
        0.9030344486236572,
        0.9088857173919678,
        0.9058771133422852,
        0.9070980548858643,
        0.9059314727783203,
        0.9048380851745605,
        0.9054741859436035,
        0.9083607196807861,
        0.9063816070556641,
        0.9100797176361084,
        0.9111123085021973
    ],
    "prefill_percentiles": {
        "10": 0.9043327569961548,
        "25": 0.9053151607513428,
        "50": 0.9061565399169922,
        "75": 0.9084919691085815,
        "90": 0.9099603176116944
    },
    "avg_decode_latency": 0.03927493095397949,
    "decode_latencies": [
        0.03939366340637207,
        0.039301660325792104,
        0.039328972498575844,
        0.03929278585645887,
        0.03926796383327908,
        0.03926131460401747,
        0.0392611026763916,
        0.03923887676662869,
        0.03924025429619683,
        0.03920422659979926,
        0.03925257258945041,
        0.039255777994791664
    ],
    "decode_percentiles": {
        "10": 0.0392390145195855,
        "25": 0.03924949301613702,
        "50": 0.039261208640204534,
        "75": 0.03929500447379218,
        "90": 0.03932624128129747
    }
}