{
    "avg_prefill_latency": 1.0708069602648418,
    "prefill_latencies": [
        1.065091609954834,
        1.0657095909118652,
        1.0657143592834473,
        1.0686044692993164,
        1.0697643756866455,
        1.0719709396362305,
        1.0710034370422363,
        1.0726318359375,
        1.0743212699890137,
        1.0746326446533203,
        1.0763416290283203,
        1.073897361755371
    ],
    "prefill_percentiles": {
        "10": 1.0657100677490234,
        "25": 1.0678819417953491,
        "50": 1.0714871883392334,
        "75": 1.0740033388137817,
        "90": 1.0746015071868897
    },
    "avg_decode_latency": 0.050198281252825695,
    "decode_latencies": [
        0.04987382888793945,
        0.04991899596320258,
        0.05001110500759549,
        0.049930042690700956,
        0.05017452769809299,
        0.049961222542656794,
        0.05015826225280762,
        0.05059946907891168,
        0.050402164459228516,
        0.05050733354356554,
        0.05048741234673394,
        0.05035501056247287
    ],
    "decode_percentiles": {
        "10": 0.04992010063595242,
        "25": 0.049953427579667836,
        "50": 0.05016639497545031,
        "75": 0.05042347643110487,
        "90": 0.05050534142388238
    }
}