{
    "avg_prefill_latency": 0.03474295139312744,
    "prefill_latencies": [
        0.03473663330078125,
        0.034700870513916016,
        0.034696102142333984,
        0.03469347953796387,
        0.034752607345581055,
        0.03480029106140137,
        0.034773826599121094,
        0.03482651710510254,
        0.034752845764160156,
        0.03468036651611328,
        0.034775733947753906,
        0.03472614288330078
    ],
    "prefill_percentiles": {
        "10": 0.03469374179840088,
        "25": 0.03469967842102051,
        "50": 0.03474462032318115,
        "75": 0.0347743034362793,
        "90": 0.034797835350036624
    },
    "avg_decode_latency": 0.03419093511722706,
    "decode_latencies": [
        0.03412983152601454,
        0.03426678975423177,
        0.03415324952867296,
        0.03416858779059516,
        0.03423269589742025,
        0.03416522343953451,
        0.03416519694858127,
        0.03423407342698839,
        0.03417971399095324,
        0.03419849607679579,
        0.03422183460659451,
        0.03417552842034234
    ],
    "decode_percentiles": {
        "10": 0.034154444270663796,
        "25": 0.0341652168167962,
        "50": 0.03417762120564779,
        "75": 0.03422454992930095,
        "90": 0.03423393567403158
    }
}