{
    "avg_prefill_latency": 0.6344684163729349,
    "prefill_latencies": [
        0.6333370208740234,
        0.6346678733825684,
        0.6377668380737305,
        0.6354141235351562,
        0.6363575458526611,
        0.6353123188018799,
        0.6218609809875488,
        0.6372702121734619,
        0.6403946876525879,
        0.6409294605255127,
        0.640488862991333,
        0.6198210716247559
    ],
    "prefill_percentiles": {
        "10": 0.6230085849761963,
        "25": 0.6343351602554321,
        "50": 0.6358858346939087,
        "75": 0.6384238004684448,
        "90": 0.6404794454574585
    },
    "avg_decode_latency": 0.09513380130132039,
    "decode_latencies": [
        0.09919317563374837,
        0.09226036071777344,
        0.0923371050092909,
        0.09899290402730306,
        0.09248571925693089,
        0.0991022057003445,
        0.09424042701721191,
        0.09336119227939182,
        0.09234645631578234,
        0.09303723441229926,
        0.09969960318671332,
        0.09454923205905491
    ],
    "decode_percentiles": {
        "10": 0.09233804013994004,
        "25": 0.09245090352164376,
        "50": 0.09380080964830187,
        "75": 0.09902022944556342,
        "90": 0.09918407864040799
    }
}