{
    "avg_prefill_latency": 0.6755986015001932,
    "prefill_latencies": [
        0.6702969074249268,
        0.6736304759979248,
        0.6723542213439941,
        0.6657006740570068,
        0.6801803112030029,
        0.6823861598968506,
        0.6822793483734131,
        0.673215389251709,
        0.6775109767913818,
        0.6760220527648926,
        0.6738073825836182,
        0.6797993183135986
    ],
    "prefill_percentiles": {
        "10": 0.6705026388168335,
        "25": 0.6730000972747803,
        "50": 0.6749147176742554,
        "75": 0.6798945665359497,
        "90": 0.6820694446563721
    },
    "avg_decode_latency": 0.09726903173658581,
    "decode_latencies": [
        0.1074617173936632,
        0.09802423583136664,
        0.10109270943535699,
        0.09634153048197429,
        0.09408338864644368,
        0.100748962826199,
        0.09414217207166883,
        0.09447873963250054,
        0.09495846430460612,
        0.09474738438924153,
        0.09646561410692003,
        0.09468346171908909
    ],
    "decode_percentiles": {
        "10": 0.09417582882775201,
        "25": 0.09463228119744195,
        "50": 0.0956499973932902,
        "75": 0.09870541758007473,
        "90": 0.10105833477444119
    }
}