{
    "avg_prefill_latency": 0.03851578632990519,
    "prefill_latencies": [
        0.03843879699707031,
        0.03860831260681152,
        0.03850507736206055,
        0.038443803787231445,
        0.03854203224182129,
        0.03855156898498535,
        0.03840947151184082,
        0.03845715522766113,
        0.038478851318359375,
        0.038518428802490234,
        0.038520097732543945,
        0.03871583938598633
    ],
    "prefill_percentiles": {
        "10": 0.03843929767608643,
        "25": 0.03845381736755371,
        "50": 0.03851175308227539,
        "75": 0.038544416427612305,
        "90": 0.03860263824462891
    },
    "avg_decode_latency": 0.03481404428128843,
    "decode_latencies": [
        0.03473069932725695,
        0.034869088066948786,
        0.03475801150004069,
        0.03477258152431912,
        0.03477554851108127,
        0.03476309776306152,
        0.03479703267415365,
        0.03480662239922418,
        0.034760740068223744,
        0.03490040037367079,
        0.034927156236436635,
        0.034907552931043834
    ],
    "decode_percentiles": {
        "10": 0.034758284356858994,
        "25": 0.03476250833935208,
        "50": 0.03478629059261746,
        "75": 0.03487691614362928,
        "90": 0.03490683767530653
    }
}