{
    "avg_prefill_latency": 0.9218433101971945,
    "prefill_latencies": [
        0.9215869903564453,
        0.9187881946563721,
        0.9176857471466064,
        0.9216227531433105,
        0.9194269180297852,
        0.9234828948974609,
        0.9187936782836914,
        0.9250998497009277,
        0.9257841110229492,
        0.9244880676269531,
        0.9207556247711182,
        0.9246048927307129
    ],
    "prefill_percentiles": {
        "10": 0.918788743019104,
        "25": 0.9192686080932617,
        "50": 0.9216048717498779,
        "75": 0.9245172739028931,
        "90": 0.9250503540039062
    },
    "avg_decode_latency": 0.0393179213559186,
    "decode_latencies": [
        0.03929400444030762,
        0.039358403947618276,
        0.03932330343458387,
        0.039030498928493924,
        0.03925077120463053,
        0.03936886787414551,
        0.03941422038608127,
        0.039284706115722656,
        0.03928907712300619,
        0.03936044375101725,
        0.03924157884385851,
        0.03959918022155762
    ],
    "decode_percentiles": {
        "10": 0.03924249807993571,
        "25": 0.03927622238794962,
        "50": 0.039308653937445745,
        "75": 0.039362549781799316,
        "90": 0.0394096851348877
    }
}