{
    "avg_prefill_latency": 0.42454936106999713,
    "prefill_latencies": [
        0.42151594161987305,
        0.4259967803955078,
        0.4248809814453125,
        0.4252181053161621,
        0.42374491691589355,
        0.42194199562072754,
        0.42410898208618164,
        0.42670273780822754,
        0.42548084259033203,
        0.4245142936706543,
        0.4246938228607178,
        0.425792932510376
    ],
    "prefill_percentiles": {
        "10": 0.42212228775024413,
        "25": 0.4240179657936096,
        "50": 0.42478740215301514,
        "75": 0.425558865070343,
        "90": 0.42597639560699463
    },
    "avg_decode_latency": 0.03806375132666694,
    "decode_latencies": [
        0.038077990214029946,
        0.038035313288370766,
        0.03797986772325304,
        0.037990570068359375,
        0.03816458914015028,
        0.03812201817830404,
        0.0380912356906467,
        0.038031816482543945,
        0.038123369216918945,
        0.038168112436930336,
        0.038002332051595054,
        0.03797780142890082
    ],
    "decode_percentiles": {
        "10": 0.03798093795776367,
        "25": 0.03799939155578613,
        "50": 0.038056651751200356,
        "75": 0.038122355937957764,
        "90": 0.03816046714782714
    }
}