{
    "avg_prefill_latency": 0.548417846361796,
    "prefill_latencies": [
        0.5469205379486084,
        0.5475103855133057,
        0.5531139373779297,
        0.5489554405212402,
        0.5505471229553223,
        0.551185131072998,
        0.5377302169799805,
        0.5402562618255615,
        0.5493659973144531,
        0.5544891357421875,
        0.550433874130249,
        0.5505061149597168
    ],
    "prefill_percentiles": {
        "10": 0.5409226894378663,
        "25": 0.5473629236221313,
        "50": 0.5498999357223511,
        "75": 0.5507066249847412,
        "90": 0.5529210567474365
    },
    "avg_decode_latency": 0.05796180831061468,
    "decode_latencies": [
        0.057350741492377386,
        0.058359384536743164,
        0.058530966440836586,
        0.058570808834499784,
        0.05754899978637695,
        0.06371156374613444,
        0.05820621384514703,
        0.057845354080200195,
        0.05631841553582086,
        0.05635976791381836,
        0.056357622146606445,
        0.0563818613688151
    ],
    "decode_percentiles": {
        "10": 0.056357836723327635,
        "25": 0.05637633800506592,
        "50": 0.057697176933288574,
        "75": 0.05840228001276652,
        "90": 0.05856682459513347
    }
}