{
    "avg_prefill_latency": 0.11934000253677368,
    "prefill_latencies": [
        0.12111496925354004,
        0.11612391471862793,
        0.11876630783081055,
        0.11673855781555176,
        0.11876606941223145,
        0.11818695068359375,
        0.12081551551818848,
        0.1193537712097168,
        0.12062597274780273,
        0.12083292007446289,
        0.11793637275695801,
        0.1228187084197998
    ],
    "prefill_percentiles": {
        "10": 0.11685833930969239,
        "25": 0.11812430620193481,
        "50": 0.11906003952026367,
        "75": 0.12081986665725708,
        "90": 0.12108676433563233
    },
    "avg_decode_latency": 0.03888070141827619,
    "decode_latencies": [
        0.03857734468248156,
        0.03857135772705078,
        0.03851723670959473,
        0.038541846805148654,
        0.03931347529093424,
        0.03922515445285373,
        0.03861249817742242,
        0.03904713524712457,
        0.03900686899820963,
        0.03886281119452582,
        0.03907479180230035,
        0.03921789593166775
    ],
    "decode_percentiles": {
        "10": 0.03854479789733887,
        "25": 0.03857584794362386,
        "50": 0.03893484009636773,
        "75": 0.0391105678346422,
        "90": 0.039224428600735134
    }
}