{
    "avg_prefill_latency": 0.03868476549784342,
    "prefill_latencies": [
        0.03849959373474121,
        0.038481950759887695,
        0.03857421875,
        0.03853273391723633,
        0.03867483139038086,
        0.03879952430725098,
        0.038582563400268555,
        0.03880143165588379,
        0.03903031349182129,
        0.038924455642700195,
        0.0386052131652832,
        0.03871035575866699
    ],
    "prefill_percentiles": {
        "10": 0.03850290775299072,
        "25": 0.03856384754180908,
        "50": 0.03864002227783203,
        "75": 0.03880000114440918,
        "90": 0.03891215324401855
    },
    "avg_decode_latency": 0.03482609545743024,
    "decode_latencies": [
        0.03470701641506619,
        0.03465464380052355,
        0.03465708096822103,
        0.03469575775994195,
        0.03480214542812771,
        0.034907791349622935,
        0.034860319561428495,
        0.03501794073316786,
        0.03506252500745985,
        0.034998416900634766,
        0.03479319148593479,
        0.03475631607903375
    ],
    "decode_percentiles": {
        "10": 0.03466094864739312,
        "25": 0.03470420175128513,
        "50": 0.03479766845703125,
        "75": 0.03493044773737589,
        "90": 0.03501598834991455
    }
}