{
    "avg_prefill_latency": 0.33781715234120685,
    "prefill_latencies": [
        0.33714771270751953,
        0.33909058570861816,
        0.33669567108154297,
        0.3371567726135254,
        0.33772921562194824,
        0.33843445777893066,
        0.3377232551574707,
        0.3407104015350342,
        0.3358001708984375,
        0.33507418632507324,
        0.339674711227417,
        0.33856868743896484
    ],
    "prefill_percentiles": {
        "10": 0.33588972091674807,
        "25": 0.3370347023010254,
        "50": 0.3377262353897095,
        "75": 0.3386991620063782,
        "90": 0.3396162986755371
    },
    "avg_decode_latency": 0.04925996285897715,
    "decode_latencies": [
        0.04934022161695692,
        0.04945500691731771,
        0.04947524600558811,
        0.04936607678731283,
        0.04933373133341471,
        0.04905316564771864,
        0.049589316050211586,
        0.04969000816345215,
        0.04900317721896701,
        0.04893774456448025,
        0.04892500241597494,
        0.04895085758633084
    ],
    "decode_percentiles": {
        "10": 0.04893905586666531,
        "25": 0.04899009731080797,
        "50": 0.04933697647518581,
        "75": 0.04946006668938531,
        "90": 0.04957790904574924
    }
}