{
    "avg_prefill_latency": 1.425467809041341,
    "prefill_latencies": [
        1.4248230457305908,
        1.411487102508545,
        1.409459114074707,
        1.4200611114501953,
        1.424109697341919,
        1.4227707386016846,
        1.4232845306396484,
        1.4300408363342285,
        1.4261651039123535,
        1.4325673580169678,
        1.4389598369598389,
        1.441885232925415
    ],
    "prefill_percentiles": {
        "10": 1.41234450340271,
        "25": 1.4220933318138123,
        "50": 1.4244663715362549,
        "75": 1.4306724667549133,
        "90": 1.4383205890655517
    },
    "avg_decode_latency": 0.10559141415136832,
    "decode_latencies": [
        0.10098102357652453,
        0.10680937767028809,
        0.10104878743489583,
        0.11148842175801595,
        0.10489029354519314,
        0.1085111035241021,
        0.10395277871025933,
        0.10945759879218207,
        0.10108253690931532,
        0.10888414912753636,
        0.10192849900987414,
        0.10806239975823297
    ],
    "decode_percentiles": {
        "10": 0.10105216238233777,
        "25": 0.10171700848473443,
        "50": 0.10584983560774061,
        "75": 0.10860436492496067,
        "90": 0.1094002538257175
    }
}