{
    "avg_prefill_latency": 0.6094231406847636,
    "prefill_latencies": [
        0.6051735877990723,
        0.6086087226867676,
        0.6058163642883301,
        0.612576961517334,
        0.6143836975097656,
        0.6134889125823975,
        0.6115372180938721,
        0.6122839450836182,
        0.6115357875823975,
        0.6100399494171143,
        0.6101541519165039,
        0.5974783897399902
    ],
    "prefill_percentiles": {
        "10": 0.6052378654479981,
        "25": 0.6079106330871582,
        "50": 0.6108449697494507,
        "75": 0.6123571991920471,
        "90": 0.6133977174758911
    },
    "avg_decode_latency": 0.05961752820897984,
    "decode_latencies": [
        0.05730827649434408,
        0.05741445223490397,
        0.05966737535264757,
        0.06708227263556586,
        0.05931372112698025,
        0.05989792611863878,
        0.057468917634752065,
        0.05811693933275011,
        0.05814422501458062,
        0.05786363283793131,
        0.0647026432885064,
        0.05842995643615723
    ],
    "decode_percentiles": {
        "10": 0.05741989877488878,
        "25": 0.0577649540371365,
        "50": 0.058287090725368924,
        "75": 0.059725013044145375,
        "90": 0.06422217157151965
    }
}