{
    "avg_prefill_latency": 0.6808287302652994,
    "prefill_latencies": [
        0.6778185367584229,
        0.6796996593475342,
        0.6780211925506592,
        0.6863977909088135,
        0.6784639358520508,
        0.6792263984680176,
        0.6821107864379883,
        0.6801722049713135,
        0.6799018383026123,
        0.6797149181365967,
        0.6851513385772705,
        0.6832661628723145
    ],
    "prefill_percentiles": {
        "10": 0.6780654668807984,
        "25": 0.6790357828140259,
        "50": 0.6798083782196045,
        "75": 0.6823996305465698,
        "90": 0.6849628210067749
    },
    "avg_decode_latency": 0.06154017095212583,
    "decode_latencies": [
        0.05936429235670301,
        0.05943531460232205,
        0.0669760439130995,
        0.061869674258761935,
        0.06176373693678114,
        0.061421871185302734,
        0.059777392281426325,
        0.060203896628485784,
        0.06086301803588867,
        0.06027115715874566,
        0.06629890865749782,
        0.06023674541049533
    ],
    "decode_percentiles": {
        "10": 0.05946952237023248,
        "25": 0.06009727054172092,
        "50": 0.06056708759731717,
        "75": 0.06179022126727634,
        "90": 0.06585598521762423
    }
}