{
    "avg_prefill_latency": 0.9025388757387797,
    "prefill_latencies": [
        0.8991503715515137,
        0.8993558883666992,
        0.8994624614715576,
        0.9024548530578613,
        0.903548002243042,
        0.9040448665618896,
        0.9039814472198486,
        0.9020426273345947,
        0.9035885334014893,
        0.9047377109527588,
        0.9020180702209473,
        0.9060816764831543
    ],
    "prefill_percentiles": {
        "10": 0.8993665456771851,
        "25": 0.9013791680335999,
        "50": 0.9030014276504517,
        "75": 0.9039973020553589,
        "90": 0.9046684265136719
    },
    "avg_decode_latency": 0.040521219924644185,
    "decode_latencies": [
        0.04079940583970812,
        0.040284050835503474,
        0.040727562374538846,
        0.040897740258110896,
        0.04121557871500651,
        0.040297243330213756,
        0.04026211632622613,
        0.04061672422620985,
        0.040299706988864474,
        0.04029859436882867,
        0.04028087192111545,
        0.04027504391140408
    ],
    "decode_percentiles": {
        "10": 0.040275626712375216,
        "25": 0.040283256106906466,
        "50": 0.04029915067884657,
        "75": 0.040745523240831166,
        "90": 0.040887906816270615
    }
}