{
    "avg_prefill_latency": 1.0769540866216023,
    "prefill_latencies": [
        1.0753319263458252,
        1.0791566371917725,
        1.0812461376190186,
        1.082582712173462,
        1.0814275741577148,
        1.084341049194336,
        1.0740268230438232,
        1.0728113651275635,
        1.0695054531097412,
        1.072763442993164,
        1.0733814239501953,
        1.0768744945526123
    ],
    "prefill_percentiles": {
        "10": 1.072768235206604,
        "25": 1.0732389092445374,
        "50": 1.0761032104492188,
        "75": 1.0812914967536926,
        "90": 1.0824671983718872
    },
    "avg_decode_latency": 0.05863187489686189,
    "decode_latencies": [
        0.05853035714891222,
        0.05857486195034451,
        0.05923994382222494,
        0.05774728457132975,
        0.05860858493381076,
        0.06610176298353407,
        0.05746279822455512,
        0.05758259031507704,
        0.057330025566948786,
        0.05814597341749403,
        0.0571952395968967,
        0.05706307623121473
    ],
    "decode_percentiles": {
        "10": 0.05720871819390191,
        "25": 0.05742960506015354,
        "50": 0.057946628994411886,
        "75": 0.05858329269621107,
        "90": 0.05917680793338352
    }
}