{
    "avg_prefill_latency": 0.11123063166936238,
    "prefill_latencies": [
        0.11396002769470215,
        0.10934805870056152,
        0.11135363578796387,
        0.1107029914855957,
        0.11086583137512207,
        0.11169743537902832,
        0.11132597923278809,
        0.11206364631652832,
        0.11139106750488281,
        0.11100506782531738,
        0.11105632781982422,
        0.10999751091003418
    ],
    "prefill_percentiles": {
        "10": 0.11006805896759034,
        "25": 0.11082512140274048,
        "50": 0.11119115352630615,
        "75": 0.11146765947341919,
        "90": 0.11202702522277833
    },
    "avg_decode_latency": 0.036410627541718664,
    "decode_latencies": [
        0.036323229471842446,
        0.036270485983954534,
        0.0363771120707194,
        0.036280420091417104,
        0.03635610474480523,
        0.03629549344380697,
        0.036501407623291016,
        0.03657375441657172,
        0.03646204206678602,
        0.0365199777815077,
        0.03646837340460883,
        0.03649912940131293
    ],
    "decode_percentiles": {
        "10": 0.03628192742665609,
        "25": 0.03631629546483357,
        "50": 0.036419577068752707,
        "75": 0.03649969895680745,
        "90": 0.03651812076568603
    }
}