{
    "avg_prefill_latency": 0.03845787048339844,
    "prefill_latencies": [
        0.03834366798400879,
        0.0383760929107666,
        0.03847098350524902,
        0.038420915603637695,
        0.03851318359375,
        0.038526296615600586,
        0.03835105895996094,
        0.03845667839050293,
        0.03853631019592285,
        0.03846096992492676,
        0.03848385810852051,
        0.03855443000793457
    ],
    "prefill_percentiles": {
        "10": 0.038353562355041504,
        "25": 0.03840970993041992,
        "50": 0.03846597671508789,
        "75": 0.038516461849212646,
        "90": 0.03853530883789062
    },
    "avg_decode_latency": 0.03294763962427775,
    "decode_latencies": [
        0.03284846411810981,
        0.03313989109463162,
        0.032882107628716364,
        0.03286653094821506,
        0.03297604454888238,
        0.03291887707180447,
        0.032872279485066734,
        0.03296645482381185,
        0.032929685380723744,
        0.03291098276774088,
        0.03298632303873698,
        0.03307403458489312
    ],
    "decode_percentiles": {
        "10": 0.03286710580190023,
        "25": 0.032879650592803955,
        "50": 0.032924281226264104,
        "75": 0.03297861417134603,
        "90": 0.033065263430277506
    }
}