{
    "avg_prefill_latency": 0.0900522271792094,
    "prefill_latencies": [
        0.08927559852600098,
        0.09015464782714844,
        0.08999514579772949,
        0.0901639461517334,
        0.0897378921508789,
        0.09019947052001953,
        0.09106707572937012,
        0.0878152847290039,
        0.0902864933013916,
        0.090667724609375,
        0.09066534042358398,
        0.09059810638427734
    ],
    "prefill_percentiles": {
        "10": 0.08932182788848878,
        "25": 0.08993083238601685,
        "50": 0.09018170833587646,
        "75": 0.090614914894104,
        "90": 0.0906674861907959
    },
    "avg_decode_latency": 0.03577250021475333,
    "decode_latencies": [
        0.03584769037034777,
        0.03386627303229438,
        0.03382484118143717,
        0.03434104389614529,
        0.03413706355624729,
        0.03453376558091906,
        0.036176204681396484,
        0.03749407662285699,
        0.038675149281819664,
        0.038468493355645075,
        0.0370589362250434,
        0.03484646479288737
    ],
    "decode_percentiles": {
        "10": 0.03389335208468967,
        "25": 0.03429004881117079,
        "50": 0.035347077581617564,
        "75": 0.0371677213244968,
        "90": 0.038371051682366264
    }
}