{
    "avg_prefill_latency": 0.8077155550320944,
    "prefill_latencies": [
        0.8087527751922607,
        0.8082051277160645,
        0.8066909313201904,
        0.810549259185791,
        0.8071610927581787,
        0.805572509765625,
        0.806781530380249,
        0.8083391189575195,
        0.8068413734436035,
        0.8084139823913574,
        0.8092455863952637,
        0.8060333728790283
    ],
    "prefill_percentiles": {
        "10": 0.8060991287231445,
        "25": 0.8067588806152344,
        "50": 0.8076831102371216,
        "75": 0.8084986805915833,
        "90": 0.8091963052749633
    },
    "avg_decode_latency": 0.031214151117536757,
    "decode_latencies": [
        0.032710499233669706,
        0.03427780999077691,
        0.03135281138949924,
        0.030672179328070745,
        0.029813978407118056,
        0.03081724378797743,
        0.029802030987209745,
        0.030452516343858507,
        0.02982351515028212,
        0.030368513531155057,
        0.035317050086127386,
        0.02916166517469618
    ],
    "decode_percentiles": {
        "10": 0.029803225729200578,
        "25": 0.029821130964491103,
        "50": 0.030562347835964628,
        "75": 0.03169223335054186,
        "90": 0.03412107891506619
    }
}