{
    "avg_prefill_latency": 0.05784996350606283,
    "prefill_latencies": [
        0.06391239166259766,
        0.05792403221130371,
        0.05779266357421875,
        0.05762457847595215,
        0.05773782730102539,
        0.05571937561035156,
        0.05418705940246582,
        0.057967185974121094,
        0.05788779258728027,
        0.05792832374572754,
        0.05771923065185547,
        0.05779910087585449
    ],
    "prefill_percentiles": {
        "10": 0.05590989589691162,
        "25": 0.05769556760787964,
        "50": 0.05779588222503662,
        "75": 0.05792510509490967,
        "90": 0.05796329975128174
    },
    "avg_decode_latency": 0.034264597627851695,
    "decode_latencies": [
        0.034528652826944985,
        0.03390200932820638,
        0.033618927001953125,
        0.0346732669406467,
        0.03504893514845106,
        0.03474532233344184,
        0.03374285168117947,
        0.0347955756717258,
        0.03340864181518555,
        0.03338525030348036,
        0.03530528810289171,
        0.03402045038011339
    ],
    "decode_percentiles": {
        "10": 0.03342967033386231,
        "25": 0.033711870511372886,
        "50": 0.034274551603529185,
        "75": 0.03475788566801283,
        "90": 0.035023599200778535
    }
}