{
    "avg_prefill_latency": 0.41612937053044635,
    "prefill_latencies": [
        0.41438841819763184,
        0.41604089736938477,
        0.4163060188293457,
        0.4159817695617676,
        0.4144160747528076,
        0.41976118087768555,
        0.41765332221984863,
        0.4161365032196045,
        0.41636228561401367,
        0.41605067253112793,
        0.4157416820526123,
        0.41471362113952637
    ],
    "prefill_percentiles": {
        "10": 0.4144458293914795,
        "25": 0.4154846668243408,
        "50": 0.41604578495025635,
        "75": 0.4163200855255127,
        "90": 0.41752421855926514
    },
    "avg_decode_latency": 0.030272218916151256,
    "decode_latencies": [
        0.02995986408657498,
        0.02974414825439453,
        0.030529260635375977,
        0.03116284476386176,
        0.03189863098992242,
        0.030619886186387803,
        0.030370155970255535,
        0.029396348529391818,
        0.028916888766818576,
        0.029668887456258137,
        0.029352055655585393,
        0.03164765569898817
    ],
    "decode_percentiles": {
        "10": 0.029356484942966037,
        "25": 0.029600752724541556,
        "50": 0.030165010028415255,
        "75": 0.030755625830756292,
        "90": 0.03159917460547553
    }
}