{
    "avg_prefill_latency": 0.04437933365503947,
    "prefill_latencies": [
        0.044295310974121094,
        0.04485821723937988,
        0.04483652114868164,
        0.04429483413696289,
        0.04379749298095703,
        0.043790340423583984,
        0.04457688331604004,
        0.043152570724487305,
        0.04573988914489746,
        0.04383587837219238,
        0.04459023475646973,
        0.044783830642700195
    ],
    "prefill_percentiles": {
        "10": 0.04379105567932129,
        "25": 0.043826282024383545,
        "50": 0.044436097145080566,
        "75": 0.04479700326919556,
        "90": 0.04485604763031006
    },
    "avg_decode_latency": 0.03409576857531512,
    "decode_latencies": [
        0.03370075755649143,
        0.03759506013658312,
        0.03329168425665961,
        0.03336201773749457,
        0.03681813346015082,
        0.03338763448927137,
        0.03347680303785536,
        0.03386934598286947,
        0.03341884083218045,
        0.03340106540256076,
        0.033579111099243164,
        0.03324876891242133
    ],
    "decode_percentiles": {
        "10": 0.03329871760474311,
        "25": 0.03338123030132717,
        "50": 0.0334478219350179,
        "75": 0.03374290466308594,
        "90": 0.03652325471242269
    }
}