{
    "avg_prefill_latency": 0.34593071540196735,
    "prefill_latencies": [
        0.3454017639160156,
        0.3457636833190918,
        0.3457050323486328,
        0.34552717208862305,
        0.34592175483703613,
        0.3446066379547119,
        0.3454303741455078,
        0.3462812900543213,
        0.34679532051086426,
        0.3468458652496338,
        0.34689831733703613,
        0.3459913730621338
    ],
    "prefill_percentiles": {
        "10": 0.34540462493896484,
        "25": 0.34550297260284424,
        "50": 0.34584271907806396,
        "75": 0.34640979766845703,
        "90": 0.34684081077575685
    },
    "avg_decode_latency": 0.02985208122818558,
    "decode_latencies": [
        0.031022972530788846,
        0.029927889506022137,
        0.02954477734035916,
        0.02863968743218316,
        0.03182143635219998,
        0.02912796868218316,
        0.03097314304775662,
        0.02928871578640408,
        0.029389381408691406,
        0.029554949866400823,
        0.029806640413072374,
        0.029127412372165255
    ],
    "decode_percentiles": {
        "10": 0.029127468003167047,
        "25": 0.02924852901034885,
        "50": 0.02954986360337999,
        "75": 0.030189202891455758,
        "90": 0.031017989582485625
    }
}