{
    "avg_prefill_latency": 0.275959591070811,
    "prefill_latencies": [
        0.2752971649169922,
        0.27513670921325684,
        0.2759068012237549,
        0.27565884590148926,
        0.27607178688049316,
        0.27561306953430176,
        0.2768714427947998,
        0.27677273750305176,
        0.27654457092285156,
        0.2754554748535156,
        0.2760002613067627,
        0.2761862277984619
    ],
    "prefill_percentiles": {
        "10": 0.2753129959106445,
        "25": 0.2755736708641052,
        "50": 0.2759535312652588,
        "75": 0.2762758135795593,
        "90": 0.27674992084503175
    },
    "avg_decode_latency": 0.02945913429613466,
    "decode_latencies": [
        0.02847327126397027,
        0.02854050530327691,
        0.029234144422743056,
        0.02918235460917155,
        0.029181030061509874,
        0.028851164711846247,
        0.02999718983968099,
        0.02902992566426595,
        0.028887351353963215,
        0.028490596347384982,
        0.02985170152452257,
        0.033790376451280385
    ],
    "decode_percentiles": {
        "10": 0.028495587242974175,
        "25": 0.028773499859703913,
        "50": 0.02910547786288791,
        "75": 0.029388533698187932,
        "90": 0.029982641008165146
    }
}