{
    "avg_prefill_latency": 0.04701542854309082,
    "prefill_latencies": [
        0.04674839973449707,
        0.047219038009643555,
        0.047109127044677734,
        0.04745793342590332,
        0.054697275161743164,
        0.04659581184387207,
        0.045931339263916016,
        0.04698061943054199,
        0.045784711837768555,
        0.04608345031738281,
        0.04490852355957031,
        0.04466891288757324
    ],
    "prefill_percentiles": {
        "10": 0.04499614238739014,
        "25": 0.04589468240737915,
        "50": 0.04667210578918457,
        "75": 0.04713660478591919,
        "90": 0.04743404388427734
    },
    "avg_decode_latency": 0.02809112160294144,
    "decode_latencies": [
        0.028731558057996962,
        0.028367943233913846,
        0.0284169250064426,
        0.028194003634982638,
        0.032351679272121854,
        0.027247269948323567,
        0.027102523379855685,
        0.027210897869533963,
        0.027216434478759766,
        0.02743461396959093,
        0.027421739366319444,
        0.027397871017456055
    ],
    "decode_percentiles": {
        "10": 0.027211451530456544,
        "25": 0.027239561080932617,
        "50": 0.027428176667955186,
        "75": 0.028380188677046034,
        "90": 0.028700094752841528
    }
}