{
    "avg_prefill_latency": 0.07125663757324219,
    "prefill_latencies": [
        0.058420419692993164,
        0.05741691589355469,
        0.05716085433959961,
        0.05761528015136719,
        0.05735301971435547,
        0.05697202682495117,
        0.0579378604888916,
        0.223158597946167,
        0.05695915222167969,
        0.057233572006225586,
        0.05780339241027832,
        0.05704855918884277
    ],
    "prefill_percentiles": {
        "10": 0.05697968006134033,
        "25": 0.0571327805519104,
        "50": 0.05738496780395508,
        "75": 0.05783700942993164,
        "90": 0.05837216377258301
    },
    "avg_decode_latency": 0.03673901822831895,
    "decode_latencies": [
        0.04137460390726725,
        0.0364625718858507,
        0.035380283991495766,
        0.0376431941986084,
        0.040853553348117404,
        0.03603776295979818,
        0.037210543950398765,
        0.03532878557840983,
        0.03519590695699056,
        0.03490898344251844,
        0.03525243865119086,
        0.03521958986918131
    ],
    "decode_percentiles": {
        "10": 0.035198275248209634,
        "25": 0.03524422645568848,
        "50": 0.03570902347564697,
        "75": 0.03731870651245117,
        "90": 0.04053251743316651
    }
}