{
    "avg_prefill_latency": 0.06375396251678467,
    "prefill_latencies": [
        0.0630650520324707,
        0.06300568580627441,
        0.0659480094909668,
        0.06730771064758301,
        0.06336641311645508,
        0.06334233283996582,
        0.06270003318786621,
        0.0639653205871582,
        0.06174445152282715,
        0.06426787376403809,
        0.06269693374633789,
        0.06363773345947266
    ],
    "prefill_percentiles": {
        "10": 0.06269724369049072,
        "25": 0.06292927265167236,
        "50": 0.06335437297821045,
        "75": 0.06404095888137817,
        "90": 0.06577999591827392
    },
    "avg_decode_latency": 0.030863075344650836,
    "decode_latencies": [
        0.030527432759602863,
        0.03125826517740885,
        0.03305972947014703,
        0.03372727500067817,
        0.031235456466674805,
        0.03288592232598199,
        0.030010355843438044,
        0.02871547804938422,
        0.03015764554341634,
        0.029507133695814345,
        0.029099146525065105,
        0.030173063278198242
    ],
    "decode_percentiles": {
        "10": 0.02913994524214003,
        "25": 0.02988455030653212,
        "50": 0.03035024801890055,
        "75": 0.031665179464552135,
        "90": 0.033042348755730526
    }
}