{
    "avg_prefill_latency": 0.04323647419611613,
    "prefill_latencies": [
        0.041724443435668945,
        0.04452157020568848,
        0.04107952117919922,
        0.04131436347961426,
        0.041251182556152344,
        0.041753292083740234,
        0.04100298881530762,
        0.04594993591308594,
        0.045699119567871094,
        0.04555821418762207,
        0.046242475509643555,
        0.042740583419799805
    ],
    "prefill_percentiles": {
        "10": 0.04109668731689453,
        "25": 0.04129856824874878,
        "50": 0.04224693775177002,
        "75": 0.045593440532684326,
        "90": 0.04592485427856445
    },
    "avg_decode_latency": 0.03638370169533623,
    "decode_latencies": [
        0.03515754805670844,
        0.03533699777391222,
        0.034641875161065,
        0.03490797678629557,
        0.03461525175306532,
        0.03445731268988715,
        0.03782547844780816,
        0.038862281375461154,
        0.038836532168918185,
        0.03950762748718262,
        0.036770025889078774,
        0.03568551275465223
    ],
    "decode_percentiles": {
        "10": 0.03461791409386528,
        "25": 0.034841451379987926,
        "50": 0.03551125526428223,
        "75": 0.038078241878085665,
        "90": 0.03885970645480686
    }
}