{
    "avg_prefill_latency": 0.13122322161992392,
    "prefill_latencies": [
        0.12284159660339355,
        0.1218106746673584,
        0.12186121940612793,
        0.12120366096496582,
        0.12117171287536621,
        0.12174582481384277,
        0.12135148048400879,
        0.12145853042602539,
        0.12283992767333984,
        0.23518061637878418,
        0.1218864917755127,
        0.12132692337036133
    ],
    "prefill_percentiles": {
        "10": 0.12121598720550537,
        "25": 0.12134534120559692,
        "50": 0.12177824974060059,
        "75": 0.12212485074996948,
        "90": 0.12284142971038818
    },
    "avg_decode_latency": 0.03925151515890051,
    "decode_latencies": [
        0.03760864999559191,
        0.05856127209133572,
        0.036279916763305664,
        0.036582999759250216,
        0.03608131408691406,
        0.03615903854370117,
        0.03711745474073622,
        0.04327617751227485,
        0.03666067123413086,
        0.03906220859951443,
        0.037072473102145724,
        0.03655600547790527
    ],
    "decode_percentiles": {
        "10": 0.036171126365661624,
        "25": 0.03648698329925537,
        "50": 0.036866572168138295,
        "75": 0.03797203964657254,
        "90": 0.04285478062099881
    }
}