{
    "avg_prefill_latency": 0.13483705123265585,
    "prefill_latencies": [
        0.13442516326904297,
        0.13550615310668945,
        0.13398218154907227,
        0.13537359237670898,
        0.13447189331054688,
        0.13483762741088867,
        0.13447809219360352,
        0.13544702529907227,
        0.13470911979675293,
        0.13509106636047363,
        0.13448309898376465,
        0.1352396011352539
    ],
    "prefill_percentiles": {
        "10": 0.13442983627319335,
        "25": 0.13447654247283936,
        "50": 0.1347733736038208,
        "75": 0.13527309894561768,
        "90": 0.13543968200683593
    },
    "avg_decode_latency": 0.041354731277183254,
    "decode_latencies": [
        0.06182734171549479,
        0.03754878044128418,
        0.03666636678907606,
        0.037934303283691406,
        0.03764915466308594,
        0.03738903999328613,
        0.060823281606038414,
        0.0371908876630995,
        0.03722781605190701,
        0.03707191679212782,
        0.03758780161539713,
        0.03734008471171061
    ],
    "decode_percentiles": {
        "10": 0.037083813879224985,
        "25": 0.037218583954705134,
        "50": 0.037468910217285156,
        "75": 0.037720441818237305,
        "90": 0.058534383773803725
    }
}