{
    "avg_prefill_latency": 0.2994015614191691,
    "prefill_latencies": [
        0.2520439624786377,
        0.25159621238708496,
        0.25259995460510254,
        0.2562851905822754,
        0.25110578536987305,
        0.2510986328125,
        0.25078606605529785,
        0.821361780166626,
        0.252321720123291,
        0.25173401832580566,
        0.25052452087402344,
        0.2513608932495117
    ],
    "prefill_percentiles": {
        "10": 0.2508173227310181,
        "25": 0.2511039972305298,
        "50": 0.2516651153564453,
        "75": 0.2523912787437439,
        "90": 0.2559166669845581
    },
    "avg_decode_latency": 0.06158768247675012,
    "decode_latencies": [
        0.08278338114420573,
        0.05294569333394369,
        0.05994855033026801,
        0.05503156450059679,
        0.053658088048299156,
        0.07909960216946071,
        0.06029915809631348,
        0.059106138017442494,
        0.05518711937798394,
        0.0537412166595459,
        0.07308101654052734,
        0.05417066150241428
    ],
    "decode_percentiles": {
        "10": 0.05366640090942383,
        "25": 0.05406330029169718,
        "50": 0.05714662869771322,
        "75": 0.06349462270736694,
        "90": 0.07849774360656737
    }
}