{
    "avg_prefill_latency": 0.037092109521230064,
    "prefill_latencies": [
        0.037541866302490234,
        0.039594411849975586,
        0.03829169273376465,
        0.0376734733581543,
        0.03708767890930176,
        0.037783145904541016,
        0.03756093978881836,
        0.037462711334228516,
        0.03638291358947754,
        0.03647160530090332,
        0.03606104850769043,
        0.03319382667541504
    ],
    "prefill_percentiles": {
        "10": 0.03609323501586914,
        "25": 0.036449432373046875,
        "50": 0.037502288818359375,
        "75": 0.03770089149475098,
        "90": 0.03824083805084229
    },
    "avg_decode_latency": 0.029255206938143125,
    "decode_latencies": [
        0.030843867195977107,
        0.030512544843885634,
        0.029417329364352755,
        0.030606534745958116,
        0.028778923882378474,
        0.02875985039605035,
        0.02860826916164822,
        0.028382804658677842,
        0.0284119447072347,
        0.028235197067260742,
        0.02992799546983507,
        0.028577221764458552
    ],
    "decode_percentiles": {
        "10": 0.028385718663533527,
        "25": 0.028535902500152588,
        "50": 0.02876938713921441,
        "75": 0.030074132813347712,
        "90": 0.03059713575575087
    }
}