{
    "avg_prefill_latency": 0.045676092306772866,
    "prefill_latencies": [
        0.045488834381103516,
        0.043425798416137695,
        0.0428309440612793,
        0.0432591438293457,
        0.04642367362976074,
        0.046225547790527344,
        0.046473026275634766,
        0.04371142387390137,
        0.04383254051208496,
        0.04311108589172363,
        0.0603179931640625,
        0.04301309585571289
    ],
    "prefill_percentiles": {
        "10": 0.043022894859313966,
        "25": 0.043222129344940186,
        "50": 0.043771982192993164,
        "75": 0.04627507925033569,
        "90": 0.04646809101104736
    },
    "avg_decode_latency": 0.038333482212490506,
    "decode_latencies": [
        0.041410605112711586,
        0.03573396470811632,
        0.04290456242031521,
        0.03707747989230686,
        0.03888297080993652,
        0.03919140497843424,
        0.03899489508734809,
        0.035555362701416016,
        0.03738180796305338,
        0.036186165279812284,
        0.03781753116183811,
        0.03886503643459744
    ],
    "decode_percentiles": {
        "10": 0.03577918476528592,
        "25": 0.03685465123918322,
        "50": 0.03834128379821777,
        "75": 0.03904402256011963,
        "90": 0.041188685099283855
    }
}