{
    "avg_prefill_latency": 0.0386165976524353,
    "prefill_latencies": [
        0.03841876983642578,
        0.04263925552368164,
        0.038524627685546875,
        0.03931260108947754,
        0.03803229331970215,
        0.03808760643005371,
        0.03823494911193848,
        0.037130117416381836,
        0.03779125213623047,
        0.03925609588623047,
        0.0382082462310791,
        0.037763357162475586
    ],
    "prefill_percentiles": {
        "10": 0.03776614665985108,
        "25": 0.03797203302383423,
        "50": 0.03822159767150879,
        "75": 0.03870749473571777,
        "90": 0.03930695056915283
    },
    "avg_decode_latency": 0.029043034270957665,
    "decode_latencies": [
        0.030398421817355685,
        0.02940588527255588,
        0.02982354164123535,
        0.02884266111585829,
        0.028065045674641926,
        0.028675105836656358,
        0.028148730595906574,
        0.027999930911593966,
        0.0321044921875,
        0.029148101806640625,
        0.02805548244052463,
        0.027849011951022677
    ],
    "decode_percentiles": {
        "10": 0.028005486064487033,
        "25": 0.0280626548661126,
        "50": 0.028758883476257324,
        "75": 0.029510299364725746,
        "90": 0.03034093379974365
    }
}