{
    "avg_prefill_latency": 0.15037200848261514,
    "prefill_latencies": [
        0.15056157112121582,
        0.14984822273254395,
        0.15063762664794922,
        0.15030503273010254,
        0.15027618408203125,
        0.150376558303833,
        0.14963197708129883,
        0.1499795913696289,
        0.15183758735656738,
        0.15096545219421387,
        0.14975810050964355,
        0.15028619766235352
    ],
    "prefill_percentiles": {
        "10": 0.1497671127319336,
        "25": 0.14994674921035767,
        "50": 0.15029561519622803,
        "75": 0.15058058500289917,
        "90": 0.1509326696395874
    },
    "avg_decode_latency": 0.04712980102609705,
    "decode_latencies": [
        0.06242023573981391,
        0.04074109925164117,
        0.041417969597710505,
        0.0438851515452067,
        0.04248136944240994,
        0.06516938739352757,
        0.04046000374688043,
        0.04438334041171604,
        0.04047213660346137,
        0.04184132152133518,
        0.06237059169345432,
        0.039915005366007485
    ],
    "decode_percentiles": {
        "10": 0.04046121703253852,
        "25": 0.04067385858959622,
        "50": 0.04216134548187256,
        "75": 0.04888015323215061,
        "90": 0.06241527133517795
    }
}