{
    "avg_prefill_latency": 0.043636480967203774,
    "prefill_latencies": [
        0.0449976921081543,
        0.04439806938171387,
        0.04432392120361328,
        0.04354405403137207,
        0.043260812759399414,
        0.0440065860748291,
        0.042850494384765625,
        0.043093204498291016,
        0.04274439811706543,
        0.04288029670715332,
        0.04390859603881836,
        0.04362964630126953
    ],
    "prefill_percentiles": {
        "10": 0.042853474617004395,
        "25": 0.04303997755050659,
        "50": 0.0435868501663208,
        "75": 0.044085919857025146,
        "90": 0.04439065456390381
    },
    "avg_decode_latency": 0.03336950363936248,
    "decode_latencies": [
        0.03428496254814996,
        0.03391334745619032,
        0.03309424718221029,
        0.03350051244099935,
        0.03352835443284777,
        0.033000204298231334,
        0.032829470104641385,
        0.033215840657552086,
        0.03329960505167643,
        0.03308264414469401,
        0.033525572882758245,
        0.03315928247239855
    ],
    "decode_percentiles": {
        "10": 0.0330084482828776,
        "25": 0.03309134642283122,
        "50": 0.03325772285461426,
        "75": 0.03352626827028063,
        "90": 0.033874848153856066
    }
}