{
    "avg_prefill_latency": 0.1315171718597412,
    "prefill_latencies": [
        0.11680865287780762,
        0.11745405197143555,
        0.28821611404418945,
        0.11673259735107422,
        0.1182708740234375,
        0.11721467971801758,
        0.11725711822509766,
        0.11709213256835938,
        0.1170501708984375,
        0.11745762825012207,
        0.11712455749511719,
        0.11752748489379883
    ],
    "prefill_percentiles": {
        "10": 0.1168328046798706,
        "25": 0.1170816421508789,
        "50": 0.11723589897155762,
        "75": 0.11747509241104126,
        "90": 0.11819653511047364
    },
    "avg_decode_latency": 0.05194183852937487,
    "decode_latencies": [
        0.048523796929253474,
        0.048885504404703774,
        0.049129327138264976,
        0.04841261439853244,
        0.04907292789883084,
        0.06814312934875488,
        0.048160552978515625,
        0.05009433958265516,
        0.047984706030951604,
        0.0679885016547309,
        0.04842543601989746,
        0.04848122596740723
    ],
    "decode_percentiles": {
        "10": 0.048185759120517306,
        "25": 0.04842223061455621,
        "50": 0.04870465066697863,
        "75": 0.04937058024936252,
        "90": 0.06619908544752333
    }
}