{
    "avg_prefill_latency": 0.09786589940388997,
    "prefill_latencies": [
        0.09728622436523438,
        0.09668278694152832,
        0.09719491004943848,
        0.09971117973327637,
        0.09705567359924316,
        0.0970604419708252,
        0.09737396240234375,
        0.09794735908508301,
        0.09762978553771973,
        0.09946990013122559,
        0.0989227294921875,
        0.09805583953857422
    ],
    "prefill_percentiles": {
        "10": 0.09705615043640137,
        "25": 0.09716129302978516,
        "50": 0.09750187397003174,
        "75": 0.09827256202697754,
        "90": 0.09941518306732178
    },
    "avg_decode_latency": 0.033580128793363216,
    "decode_latencies": [
        0.032118664847479925,
        0.03171947267320421,
        0.03259600533379449,
        0.031279563903808594,
        0.03160092565748426,
        0.033643113242255315,
        0.035175455941094294,
        0.03442170884874132,
        0.03344000710381402,
        0.03569494353400336,
        0.03570609622531467,
        0.035565588209364146
    ],
    "decode_percentiles": {
        "10": 0.03161278035905626,
        "25": 0.032018866803911,
        "50": 0.03354156017303467,
        "75": 0.035272989008161754,
        "90": 0.03568200800153944
    }
}