{
    "avg_prefill_latency": 0.08756335576375325,
    "prefill_latencies": [
        0.0879812240600586,
        0.08701300621032715,
        0.08750486373901367,
        0.08734512329101562,
        0.08774590492248535,
        0.08741545677185059,
        0.08780741691589355,
        0.08718681335449219,
        0.08803391456604004,
        0.08766317367553711,
        0.08765840530395508,
        0.08740496635437012
    ],
    "prefill_percentiles": {
        "10": 0.08720264434814454,
        "25": 0.0873900055885315,
        "50": 0.08758163452148438,
        "75": 0.0877612829208374,
        "90": 0.08796384334564208
    },
    "avg_decode_latency": 0.046188659138149686,
    "decode_latencies": [
        0.06281654040018718,
        0.04291250970628527,
        0.042249838511149086,
        0.04311670197380914,
        0.04687447018093533,
        0.04287134276496039,
        0.042467594146728516,
        0.042349285549587674,
        0.061799181832207575,
        0.04236120647854275,
        0.042367484834459096,
        0.042077753278944224
    ],
    "decode_percentiles": {
        "10": 0.04225978321499294,
        "25": 0.04235822624630398,
        "50": 0.042669468455844455,
        "75": 0.04405614402559069,
        "90": 0.060306710667080356
    }
}