{
    "avg_prefill_latency": 0.1693138281504313,
    "prefill_latencies": [
        0.16930294036865234,
        0.1695849895477295,
        0.16883635520935059,
        0.1690061092376709,
        0.1690225601196289,
        0.16990065574645996,
        0.16976451873779297,
        0.16918468475341797,
        0.16941356658935547,
        0.16949105262756348,
        0.1692197322845459,
        0.1690387725830078
    ],
    "prefill_percentiles": {
        "10": 0.1690077543258667,
        "25": 0.16903471946716309,
        "50": 0.16926133632659912,
        "75": 0.16951453685760498,
        "90": 0.1697465658187866
    },
    "avg_decode_latency": 0.04740819666120741,
    "decode_latencies": [
        0.04716391033596463,
        0.043452713224622935,
        0.042852560679117836,
        0.06321827570597331,
        0.04316968388027615,
        0.043479071723090276,
        0.046567281087239586,
        0.043461216820610896,
        0.0648398134443495,
        0.04403607050577799,
        0.042974922392103404,
        0.043682840135362416
    ],
    "decode_percentiles": {
        "10": 0.04299439854092068,
        "25": 0.04338195588853624,
        "50": 0.043580955929226346,
        "75": 0.04671643839942084,
        "90": 0.06161283916897245
    }
}