{
    "avg_prefill_latency": 0.27618513504664105,
    "prefill_latencies": [
        0.2761108875274658,
        0.2763807773590088,
        0.2764430046081543,
        0.27588558197021484,
        0.27565455436706543,
        0.27590465545654297,
        0.27628207206726074,
        0.2763712406158447,
        0.2766385078430176,
        0.27635955810546875,
        0.2767946720123291,
        0.27539610862731934
    ],
    "prefill_percentiles": {
        "10": 0.27567765712738035,
        "25": 0.27589988708496094,
        "50": 0.27632081508636475,
        "75": 0.27639633417129517,
        "90": 0.27661895751953125
    },
    "avg_decode_latency": 0.03788030589068377,
    "decode_latencies": [
        0.038993782467312284,
        0.03633509741889106,
        0.03673201137118869,
        0.035224358240763344,
        0.0379240247938368,
        0.03815166155497233,
        0.03897791438632541,
        0.03790238168504503,
        0.03560280799865723,
        0.04553405443827311,
        0.035630226135253906,
        0.03755535019768609
    ],
    "decode_percentiles": {
        "10": 0.035605549812316895,
        "25": 0.036158879597981766,
        "50": 0.03772886594136556,
        "75": 0.0383582247628106,
        "90": 0.038992195659213594
    }
}