{
    "avg_prefill_latency": 0.04526412487030029,
    "prefill_latencies": [
        0.045144081115722656,
        0.043625593185424805,
        0.04378962516784668,
        0.04306483268737793,
        0.04385852813720703,
        0.043909549713134766,
        0.045287132263183594,
        0.04569363594055176,
        0.04482102394104004,
        0.0446171760559082,
        0.05007624626159668,
        0.049282073974609375
    ],
    "prefill_percentiles": {
        "10": 0.04364199638366699,
        "25": 0.04384130239486694,
        "50": 0.04471909999847412,
        "75": 0.045388758182525635,
        "90": 0.04892323017120361
    },
    "avg_decode_latency": 0.03476649743539316,
    "decode_latencies": [
        0.03366512722439236,
        0.0338293711344401,
        0.03355794482760959,
        0.033441119723849826,
        0.03387207455105252,
        0.03385962380303277,
        0.03645080990261502,
        0.03482447730170356,
        0.03447643915812174,
        0.03612057367960612,
        0.03817113240559896,
        0.03492927551269531
    ],
    "decode_percentiles": {
        "10": 0.03356866306728787,
        "25": 0.03378831015692817,
        "50": 0.03417425685458713,
        "75": 0.03522710005442301,
        "90": 0.03641778628031413
    }
}