{
    "avg_prefill_latency": 0.11305417617162068,
    "prefill_latencies": [
        0.11454200744628906,
        0.11114287376403809,
        0.11096620559692383,
        0.1105198860168457,
        0.11258959770202637,
        0.11483883857727051,
        0.11295843124389648,
        0.11470580101013184,
        0.11347055435180664,
        0.11357235908508301,
        0.1132667064666748,
        0.11407685279846191
    ],
    "prefill_percentiles": {
        "10": 0.11098387241363525,
        "25": 0.1122279167175293,
        "50": 0.11336863040924072,
        "75": 0.1141931414604187,
        "90": 0.11468942165374756
    },
    "avg_decode_latency": 0.030833754274580214,
    "decode_latencies": [
        0.03164294030931261,
        0.03378597895304362,
        0.03228402137756348,
        0.034809245003594294,
        0.03383647070990668,
        0.032646497090657554,
        0.03240344259474012,
        0.029282199011908636,
        0.027407858106825087,
        0.02709084086947971,
        0.02704840236239963,
        0.027767154905531142
    ],
    "decode_percentiles": {
        "10": 0.027122542593214248,
        "25": 0.027677330705854628,
        "50": 0.031963480843438044,
        "75": 0.032931367556254074,
        "90": 0.03383142153422038
    }
}