{
    "avg_prefill_latency": 0.5379241307576498,
    "prefill_latencies": [
        0.5387017726898193,
        0.5365447998046875,
        0.5373632907867432,
        0.5362401008605957,
        0.5365695953369141,
        0.5397090911865234,
        0.5365149974822998,
        0.5403797626495361,
        0.536954402923584,
        0.5384576320648193,
        0.5384683609008789,
        0.5391857624053955
    ],
    "prefill_percentiles": {
        "10": 0.5365179777145386,
        "25": 0.5365633964538574,
        "50": 0.5379104614257812,
        "75": 0.5388227701187134,
        "90": 0.5396567583084106
    },
    "avg_decode_latency": 0.06996558551435117,
    "decode_latencies": [
        0.06420132848951551,
        0.06328736411200629,
        0.06297347280714247,
        0.06295074356926812,
        0.08785674307081434,
        0.0644167529212104,
        0.06628958384195964,
        0.06524584028455946,
        0.08860466215345594,
        0.07847825686136882,
        0.06818151473999023,
        0.06710076332092285
    ],
    "decode_percentiles": {
        "10": 0.06300486193762884,
        "25": 0.0639728373951382,
        "50": 0.06576771206325954,
        "75": 0.07075570027033488,
        "90": 0.08691889444986979
    }
}