{
    "avg_prefill_latency": 0.4798605640729268,
    "prefill_latencies": [
        0.4802415370941162,
        0.4779646396636963,
        0.4771690368652344,
        0.47998547554016113,
        0.47885775566101074,
        0.47892236709594727,
        0.4791688919067383,
        0.4798760414123535,
        0.4814760684967041,
        0.47924256324768066,
        0.4854774475097656,
        0.47994494438171387
    ],
    "prefill_percentiles": {
        "10": 0.47805395126342776,
        "25": 0.47890621423721313,
        "50": 0.4795593023300171,
        "75": 0.4800494909286499,
        "90": 0.4813526153564453
    },
    "avg_decode_latency": 0.06181128378267642,
    "decode_latencies": [
        0.07736452420552571,
        0.05496578746371799,
        0.056006299124823675,
        0.055714554256863065,
        0.05677840444776747,
        0.05761681662665473,
        0.08189569579230414,
        0.05639023251003689,
        0.05708063973320855,
        0.060952186584472656,
        0.06477496359083387,
        0.0621953010559082
    ],
    "decode_percentiles": {
        "10": 0.05574372874365913,
        "25": 0.05629424916373359,
        "50": 0.05734872817993164,
        "75": 0.06284021668963963,
        "90": 0.07610556814405653
    }
}