{
    "avg_prefill_latency": 0.13502105077107748,
    "prefill_latencies": [
        0.135176420211792,
        0.13520026206970215,
        0.13533592224121094,
        0.13475656509399414,
        0.13588428497314453,
        0.13466477394104004,
        0.13494133949279785,
        0.13487720489501953,
        0.13472795486450195,
        0.1344921588897705,
        0.13493061065673828,
        0.13526511192321777
    ],
    "prefill_percentiles": {
        "10": 0.13467109203338623,
        "25": 0.1347494125366211,
        "50": 0.13493597507476807,
        "75": 0.13521647453308105,
        "90": 0.13532884120941163
    },
    "avg_decode_latency": 0.0333134929339091,
    "decode_latencies": [
        0.03466192881266276,
        0.03030652470058865,
        0.030857218636406794,
        0.030782779057820637,
        0.030827389823065862,
        0.030701531304253474,
        0.03297318352593316,
        0.03361405266655816,
        0.03037767940097385,
        0.03295614984300402,
        0.051112069023980036,
        0.030591408411661785
    ],
    "decode_percentiles": {
        "10": 0.030399052302042644,
        "25": 0.030674000581105552,
        "50": 0.030842304229736328,
        "75": 0.03313340081108941,
        "90": 0.034557141198052296
    }
}