{
    "avg_prefill_latency": 0.3772485653559367,
    "prefill_latencies": [
        0.3765130043029785,
        0.3766357898712158,
        0.3777613639831543,
        0.3782064914703369,
        0.3783085346221924,
        0.37807154655456543,
        0.3774147033691406,
        0.3770749568939209,
        0.37677478790283203,
        0.3783121109008789,
        0.37663936614990234,
        0.37527012825012207
    ],
    "prefill_percentiles": {
        "10": 0.37652528285980225,
        "25": 0.3766384720802307,
        "50": 0.37724483013153076,
        "75": 0.3781052827835083,
        "90": 0.3782983303070068
    },
    "avg_decode_latency": 0.04931983903602318,
    "decode_latencies": [
        0.04587721824645996,
        0.04523491859436035,
        0.06695644060770671,
        0.04383113649156359,
        0.04451131820678711,
        0.04515708817376031,
        0.04500518904791938,
        0.044937080807156034,
        0.04516408178541395,
        0.07376535733540852,
        0.04521316952175564,
        0.046185069613986544
    ],
    "decode_percentiles": {
        "10": 0.044553894466824,
        "25": 0.044988161987728544,
        "50": 0.045188625653584794,
        "75": 0.04595418108834161,
        "90": 0.06487930350833471
    }
}