{
    "avg_prefill_latency": 0.04592682917912801,
    "prefill_latencies": [
        0.04262852668762207,
        0.043578147888183594,
        0.044371843338012695,
        0.044475555419921875,
        0.045477867126464844,
        0.06582069396972656,
        0.044644832611083984,
        0.04526090621948242,
        0.04378461837768555,
        0.043494462966918945,
        0.04648542404174805,
        0.04109907150268555
    ],
    "prefill_percentiles": {
        "10": 0.04271512031555176,
        "25": 0.04355722665786743,
        "50": 0.044423699378967285,
        "75": 0.04531514644622803,
        "90": 0.046384668350219725
    },
    "avg_decode_latency": 0.03502848413255479,
    "decode_latencies": [
        0.033235655890570745,
        0.03357039557562934,
        0.03459106551276313,
        0.03423682848612467,
        0.03677635722690158,
        0.03828785154554579,
        0.0342200067308214,
        0.042032188839382596,
        0.03314656681484646,
        0.0335384209950765,
        0.03334991137186686,
        0.033356560601128474
    ],
    "decode_percentiles": {
        "10": 0.03324708143870036,
        "25": 0.03335489829381307,
        "50": 0.03389520115322537,
        "75": 0.03513738844129774,
        "90": 0.038136702113681364
    }
}