{
    "avg_prefill_latency": 0.17356163263320923,
    "prefill_latencies": [
        0.17342209815979004,
        0.17278671264648438,
        0.1731891632080078,
        0.17339539527893066,
        0.17303752899169922,
        0.1737520694732666,
        0.17293357849121094,
        0.17371296882629395,
        0.1735701560974121,
        0.17352819442749023,
        0.17433714866638184,
        0.17507457733154297
    ],
    "prefill_percentiles": {
        "10": 0.17294397354125976,
        "25": 0.17315125465393066,
        "50": 0.17347514629364014,
        "75": 0.1737227439880371,
        "90": 0.1742786407470703
    },
    "avg_decode_latency": 0.03557421542980053,
    "decode_latencies": [
        0.03415120972527398,
        0.03309090932210287,
        0.032688882615831166,
        0.03274822235107422,
        0.032585091061062284,
        0.053811973995632596,
        0.033112525939941406,
        0.03256811036003961,
        0.032809310489230685,
        0.03250522083706326,
        0.03839461008707682,
        0.038424518373277455
    ],
    "decode_percentiles": {
        "10": 0.03256980843014187,
        "25": 0.032662934727138944,
        "50": 0.032950109905666776,
        "75": 0.03521205981572469,
        "90": 0.03842152754465739
    }
}