{
    "avg_prefill_latency": 0.20103520154953003,
    "prefill_latencies": [
        0.20091533660888672,
        0.20061826705932617,
        0.20095539093017578,
        0.20123910903930664,
        0.20206356048583984,
        0.20077157020568848,
        0.20084428787231445,
        0.20178461074829102,
        0.2009882926940918,
        0.20044898986816406,
        0.20090889930725098,
        0.20088410377502441
    ],
    "prefill_percentiles": {
        "10": 0.2006335973739624,
        "25": 0.20082610845565796,
        "50": 0.20091211795806885,
        "75": 0.2010509967803955,
        "90": 0.20173006057739257
    },
    "avg_decode_latency": 0.05394582395200376,
    "decode_latencies": [
        0.05575829082065158,
        0.050671365525987416,
        0.04889056417677137,
        0.05257829030354818,
        0.051820304658677846,
        0.07102624575297038,
        0.04928898811340332,
        0.04902622434828016,
        0.04918983247545031,
        0.06992379824320476,
        0.049540175331963435,
        0.04963580767313639
    ],
    "decode_percentiles": {
        "10": 0.049042585160997174,
        "25": 0.04926419920391507,
        "50": 0.0501535865995619,
        "75": 0.05337329043282403,
        "90": 0.06850724750094944
    }
}