{
    "avg_prefill_latency": 0.0443886915842692,
    "prefill_latencies": [
        0.04309797286987305,
        0.04368257522583008,
        0.04373931884765625,
        0.046227455139160156,
        0.04478192329406738,
        0.043425559997558594,
        0.04332566261291504,
        0.04361152648925781,
        0.043842315673828125,
        0.04785037040710449,
        0.04458951950073242,
        0.04449009895324707
    ],
    "prefill_percentiles": {
        "10": 0.04333565235137939,
        "25": 0.04356503486633301,
        "50": 0.04379081726074219,
        "75": 0.04463762044906616,
        "90": 0.04608290195465088
    },
    "avg_decode_latency": 0.034800158606635205,
    "decode_latencies": [
        0.03375130229526096,
        0.03492930200364855,
        0.03388267093234592,
        0.03447635968526205,
        0.03431585099962023,
        0.0338647895389133,
        0.033955891927083336,
        0.035442882113986544,
        0.034258127212524414,
        0.036190562778049044,
        0.03470537397596571,
        0.03782878981696235
    ],
    "decode_percentiles": {
        "10": 0.033866577678256564,
        "25": 0.03393758667839898,
        "50": 0.03439610534244114,
        "75": 0.03505769703123305,
        "90": 0.03611579471164279
    }
}