{
    "avg_prefill_latency": 0.2548059821128845,
    "prefill_latencies": [
        0.25471043586730957,
        0.25499391555786133,
        0.25457763671875,
        0.2539353370666504,
        0.2558019161224365,
        0.2550632953643799,
        0.25447988510131836,
        0.25469183921813965,
        0.25443434715270996,
        0.2553575038909912,
        0.2550811767578125,
        0.2545444965362549
    ],
    "prefill_percentiles": {
        "10": 0.2544389009475708,
        "25": 0.25452834367752075,
        "50": 0.2547011375427246,
        "75": 0.25506776571273804,
        "90": 0.25532987117767336
    },
    "avg_decode_latency": 0.04225922734649093,
    "decode_latencies": [
        0.03875104586283366,
        0.03873806529574924,
        0.038847022586398654,
        0.038649956385294594,
        0.05904324849446615,
        0.03873769442240397,
        0.03879057036505805,
        0.0385085211859809,
        0.0387785169813368,
        0.0599721802605523,
        0.03950733608669705,
        0.03878657023111979
    ],
    "decode_percentiles": {
        "10": 0.03865873018900553,
        "25": 0.03873797257741292,
        "50": 0.03878254360622829,
        "75": 0.039012100961473256,
        "90": 0.057089657253689245
    }
}