{
    "avg_prefill_latency": 0.2356396714846293,
    "prefill_latencies": [
        0.2349567413330078,
        0.23519659042358398,
        0.23428845405578613,
        0.2361283302307129,
        0.23580646514892578,
        0.23537588119506836,
        0.23589634895324707,
        0.23579740524291992,
        0.23611044883728027,
        0.2359628677368164,
        0.2357935905456543,
        0.23636293411254883
    ],
    "prefill_percentiles": {
        "10": 0.23498072624206542,
        "25": 0.23533105850219727,
        "50": 0.23580193519592285,
        "75": 0.23599976301193237,
        "90": 0.23612654209136963
    },
    "avg_decode_latency": 0.04219850345894142,
    "decode_latencies": [
        0.05761316087510851,
        0.03789509667290582,
        0.03739195399814182,
        0.038803444968329534,
        0.03851718372768826,
        0.03849119610256619,
        0.06528655687967937,
        0.037939230600992836,
        0.03804400232103136,
        0.03788622220357259,
        0.03870452774895562,
        0.039809465408325195
    ],
    "decode_percentiles": {
        "10": 0.037887109650505915,
        "25": 0.03792819711897108,
        "50": 0.038504189915127225,
        "75": 0.039054950078328446,
        "90": 0.055832791328430185
    }
}