{
    "avg_prefill_latency": 0.2539411187171936,
    "prefill_latencies": [
        0.25086426734924316,
        0.2643439769744873,
        0.25185608863830566,
        0.2517669200897217,
        0.25535058975219727,
        0.2526977062225342,
        0.25203824043273926,
        0.25408363342285156,
        0.2529275417327881,
        0.25370335578918457,
        0.2545454502105713,
        0.2531156539916992
    ],
    "prefill_percentiles": {
        "10": 0.25177583694458006,
        "25": 0.25199270248413086,
        "50": 0.25302159786224365,
        "75": 0.2541990876197815,
        "90": 0.2552700757980347
    },
    "avg_decode_latency": 0.047700195400803176,
    "decode_latencies": [
        0.04392245080735949,
        0.043493323855929904,
        0.043242295583089195,
        0.043996175130208336,
        0.04361168543497721,
        0.0456594361199273,
        0.046788533528645836,
        0.046407063802083336,
        0.04799766010708279,
        0.04730521308051215,
        0.07217997974819607,
        0.04779852761162652
    ],
    "decode_percentiles": {
        "10": 0.043505160013834636,
        "25": 0.043844759464263916,
        "50": 0.046033249961005315,
        "75": 0.047428541713290744,
        "90": 0.04797774685753717
    }
}