{
    "avg_prefill_latency": 0.5626057386398315,
    "prefill_latencies": [
        0.5614790916442871,
        0.5616974830627441,
        0.5600037574768066,
        0.561528205871582,
        0.5615451335906982,
        0.5602614879608154,
        0.5622632503509521,
        0.5626957416534424,
        0.563626766204834,
        0.5665898323059082,
        0.5643978118896484,
        0.5651803016662598
    ],
    "prefill_percentiles": {
        "10": 0.5603832483291626,
        "25": 0.5615159273147583,
        "50": 0.5619803667068481,
        "75": 0.5638195276260376,
        "90": 0.5651020526885986
    },
    "avg_decode_latency": 0.07346396093015317,
    "decode_latencies": [
        0.06478113598293728,
        0.0643669499291314,
        0.0840102301703559,
        0.06462219026353624,
        0.06515714857313368,
        0.08761808607313368,
        0.06534756554497613,
        0.06662609842088488,
        0.06855230861239964,
        0.11020082897610134,
        0.06964916653103298,
        0.07063582208421496
    ],
    "decode_percentiles": {
        "10": 0.06463808483547635,
        "25": 0.06506314542558458,
        "50": 0.06758920351664226,
        "75": 0.07397942410575019,
        "90": 0.0872573004828559
    }
}