{
    "avg_prefill_latency": 0.11676921447118123,
    "prefill_latencies": [
        0.11649060249328613,
        0.11690473556518555,
        0.1168210506439209,
        0.11629199981689453,
        0.11724519729614258,
        0.11721992492675781,
        0.11663675308227539,
        0.11679482460021973,
        0.11654949188232422,
        0.1168065071105957,
        0.11703658103942871,
        0.11643290519714355
    ],
    "prefill_percentiles": {
        "10": 0.11643867492675782,
        "25": 0.1165347695350647,
        "50": 0.11680066585540771,
        "75": 0.11693769693374634,
        "90": 0.1172015905380249
    },
    "avg_decode_latency": 0.029475534403765644,
    "decode_latencies": [
        0.0297294192843967,
        0.029697497685750324,
        0.02921785248650445,
        0.029343975914849177,
        0.029425647523668077,
        0.02993843290540907,
        0.029436482323540583,
        0.02933388286166721,
        0.029012229707505967,
        0.02918455335828993,
        0.02910900115966797,
        0.03027743763393826
    ],
    "decode_percentiles": {
        "10": 0.029116556379530166,
        "25": 0.02920952770445082,
        "50": 0.02938481171925863,
        "75": 0.029705478085411918,
        "90": 0.029917531543307833
    }
}