{
    "avg_prefill_latency": 0.0425788958867391,
    "prefill_latencies": [
        0.04646944999694824,
        0.04007244110107422,
        0.04136037826538086,
        0.04183053970336914,
        0.0417330265045166,
        0.04191708564758301,
        0.04215049743652344,
        0.04166674613952637,
        0.04166603088378906,
        0.041815996170043945,
        0.042649269104003906,
        0.04761528968811035
    ],
    "prefill_percentiles": {
        "10": 0.04139094352722168,
        "25": 0.04166656732559204,
        "50": 0.04182326793670654,
        "75": 0.042275190353393555,
        "90": 0.04608743190765381
    },
    "avg_decode_latency": 0.029036497628247296,
    "decode_latencies": [
        0.030147790908813477,
        0.030599037806193035,
        0.029664357503255207,
        0.028028223249647353,
        0.028300629721747503,
        0.028056542078653973,
        0.02857857280307346,
        0.027960856755574543,
        0.028166903389824763,
        0.029238647884792753,
        0.03011208110385471,
        0.029584328333536785
    ],
    "decode_percentiles": {
        "10": 0.028031055132548013,
        "25": 0.028139313062032066,
        "50": 0.028908610343933105,
        "75": 0.02977628840340508,
        "90": 0.0301442199283176
    }
}