{
    "avg_prefill_latency": 0.08224821090698242,
    "prefill_latencies": [
        0.0819234848022461,
        0.08182001113891602,
        0.0818336009979248,
        0.08234548568725586,
        0.08192062377929688,
        0.08251190185546875,
        0.08198070526123047,
        0.08562302589416504,
        0.08213663101196289,
        0.08161354064941406,
        0.08168268203735352,
        0.08158683776855469
    ],
    "prefill_percentiles": {
        "10": 0.08162045478820801,
        "25": 0.08178567886352539,
        "50": 0.08192205429077148,
        "75": 0.08218884468078613,
        "90": 0.08249526023864746
    },
    "avg_decode_latency": 0.02978896432452732,
    "decode_latencies": [
        0.02805153528849284,
        0.028029123942057293,
        0.02962003813849555,
        0.029193507300482854,
        0.028668721516927082,
        0.02892523341708713,
        0.03790654076470269,
        0.032008965810139976,
        0.02980086538526747,
        0.02767356236775716,
        0.028826104270087347,
        0.028763373692830402
    ],
    "decode_percentiles": {
        "10": 0.028031365076700846,
        "25": 0.02851442495981852,
        "50": 0.02887566884358724,
        "75": 0.02966524495018853,
        "90": 0.031788155767652725
    }
}