{
    "avg_prefill_latency": 0.2111172080039978,
    "prefill_latencies": [
        0.21150851249694824,
        0.2109055519104004,
        0.21145892143249512,
        0.2104640007019043,
        0.2106931209564209,
        0.2116258144378662,
        0.21042990684509277,
        0.2107686996459961,
        0.21105718612670898,
        0.21205925941467285,
        0.21115565299987793,
        0.21127986907958984
    ],
    "prefill_percentiles": {
        "10": 0.21048691272735595,
        "25": 0.2107498049736023,
        "50": 0.21110641956329346,
        "75": 0.2114713191986084,
        "90": 0.21161408424377443
    },
    "avg_decode_latency": 0.05645262753521955,
    "decode_latencies": [
        0.051010979546440974,
        0.07096303833855523,
        0.05123058954874674,
        0.050892617967393666,
        0.05131941371493869,
        0.07075039545694987,
        0.05172138743930393,
        0.0503233273824056,
        0.06974630885654026,
        0.05226408110724555,
        0.05257908503214518,
        0.05463030603196886
    ],
    "decode_percentiles": {
        "10": 0.0509044541252984,
        "25": 0.0511756870481703,
        "50": 0.051992734273274735,
        "75": 0.05840930673811171,
        "90": 0.07064998679690891
    }
}