{
    "avg_prefill_latency": 0.03838153680165609,
    "prefill_latencies": [
        0.03708457946777344,
        0.037108421325683594,
        0.03862118721008301,
        0.037668704986572266,
        0.037522077560424805,
        0.037634849548339844,
        0.03856515884399414,
        0.039515018463134766,
        0.03805136680603027,
        0.04418444633483887,
        0.03761410713195801,
        0.03700852394104004
    ],
    "prefill_percentiles": {
        "10": 0.03708696365356445,
        "25": 0.0374186635017395,
        "50": 0.037651777267456055,
        "75": 0.03857916593551636,
        "90": 0.03942563533782959
    },
    "avg_decode_latency": 0.030246897980018898,
    "decode_latencies": [
        0.027950154410468206,
        0.030855337778727215,
        0.028439018461439345,
        0.028484238518608943,
        0.028478595945570204,
        0.028144439061482746,
        0.0283156500922309,
        0.028790712356567383,
        0.045314258999294706,
        0.031855106353759766,
        0.02850121921963162,
        0.027834044562445745
    ],
    "decode_percentiles": {
        "10": 0.02796958287556966,
        "25": 0.02827284733454386,
        "50": 0.02848141723208957,
        "75": 0.02930686871210734,
        "90": 0.03175512949625651
    }
}