{
    "avg_prefill_latency": 0.045220752557118736,
    "prefill_latencies": [
        0.04293394088745117,
        0.046178340911865234,
        0.04883241653442383,
        0.054566144943237305,
        0.0438385009765625,
        0.043886661529541016,
        0.0430903434753418,
        0.04455399513244629,
        0.04457569122314453,
        0.043501853942871094,
        0.043302297592163086,
        0.04338884353637695
    ],
    "prefill_percentiles": {
        "10": 0.043111538887023924,
        "25": 0.043367207050323486,
        "50": 0.04386258125305176,
        "75": 0.04497635364532471,
        "90": 0.04856700897216797
    },
    "avg_decode_latency": 0.036559239581779195,
    "decode_latencies": [
        0.0376127560933431,
        0.037664704852634005,
        0.04379611545138889,
        0.03460807270473904,
        0.03618571493360731,
        0.034111075931125216,
        0.038673188951280385,
        0.036194562911987305,
        0.034511725107828774,
        0.03434276580810547,
        0.03675259484185113,
        0.034257597393459745
    ],
    "decode_percentiles": {
        "10": 0.034266114234924316,
        "25": 0.03446948528289795,
        "50": 0.03619013892279731,
        "75": 0.03762574328316583,
        "90": 0.03857234054141575
    }
}