{
    "avg_prefill_latency": 0.49943135182062787,
    "prefill_latencies": [
        0.49839115142822266,
        0.4965028762817383,
        0.49852943420410156,
        0.49658203125,
        0.4985055923461914,
        0.4974336624145508,
        0.5020096302032471,
        0.49967360496520996,
        0.5010888576507568,
        0.50299072265625,
        0.5008480548858643,
        0.5006206035614014
    ],
    "prefill_percentiles": {
        "10": 0.49666719436645507,
        "25": 0.4981517791748047,
        "50": 0.49910151958465576,
        "75": 0.5009082555770874,
        "90": 0.501917552947998
    },
    "avg_decode_latency": 0.030359398435663293,
    "decode_latencies": [
        0.02844495243496365,
        0.028400739034016926,
        0.028150929345024958,
        0.028097046746148005,
        0.028311040666368272,
        0.02941629621717665,
        0.03224065568712023,
        0.03219736946953668,
        0.032224178314208984,
        0.03250731362236871,
        0.032132095760769315,
        0.032190163930257164
    ],
    "decode_percentiles": {
        "10": 0.02816694047715929,
        "25": 0.028378314442104764,
        "50": 0.030774195988972984,
        "75": 0.03220407168070476,
        "90": 0.032239007949829104
    }
}