{
    "avg_prefill_latency": 0.26023995876312256,
    "prefill_latencies": [
        0.2596588134765625,
        0.2605917453765869,
        0.26019906997680664,
        0.26029491424560547,
        0.2600829601287842,
        0.2604238986968994,
        0.2597024440765381,
        0.2595081329345703,
        0.2604856491088867,
        0.2598445415496826,
        0.2607235908508301,
        0.2613637447357178
    ],
    "prefill_percentiles": {
        "10": 0.25966317653656007,
        "25": 0.2598090171813965,
        "50": 0.26024699211120605,
        "75": 0.26051217317581177,
        "90": 0.26071040630340575
    },
    "avg_decode_latency": 0.027774300840165883,
    "decode_latencies": [
        0.02790689468383789,
        0.027931478288438585,
        0.027519729402330186,
        0.027603652742173936,
        0.02790249718560113,
        0.02740886476304796,
        0.028168757756551106,
        0.0279848575592041,
        0.027861356735229492,
        0.027867184744940862,
        0.02767401271396213,
        0.027462323506673176
    ],
    "decode_percentiles": {
        "10": 0.02746806409623888,
        "25": 0.027582671907213,
        "50": 0.027864270740085177,
        "75": 0.027913040584988065,
        "90": 0.02797951963212755
    }
}