{
    "avg_prefill_latency": 0.11522740125656128,
    "prefill_latencies": [
        0.11551475524902344,
        0.11565184593200684,
        0.1154937744140625,
        0.11580252647399902,
        0.11698293685913086,
        0.11560487747192383,
        0.11388397216796875,
        0.11594581604003906,
        0.1159365177154541,
        0.11515617370605469,
        0.11467957496643066,
        0.1120760440826416
    ],
    "prefill_percentiles": {
        "10": 0.11396353244781494,
        "25": 0.11503702402114868,
        "50": 0.11555981636047363,
        "75": 0.11583602428436279,
        "90": 0.11594488620758056
    },
    "avg_decode_latency": 0.030232489109039307,
    "decode_latencies": [
        0.031576977835761175,
        0.029968765046861436,
        0.029896444744533963,
        0.029972102906968858,
        0.028708087073432073,
        0.028638654285007052,
        0.03035879135131836,
        0.03015189700656467,
        0.03147191471523709,
        0.030819813410441082,
        0.03135257297092014,
        0.02987384796142578
    ],
    "decode_percentiles": {
        "10": 0.028824663162231444,
        "25": 0.02989079554875692,
        "50": 0.030061999956766762,
        "75": 0.030953003300560847,
        "90": 0.03145998054080539
    }
}