{
    "avg_prefill_latency": 0.08882073561350505,
    "prefill_latencies": [
        0.08987069129943848,
        0.08981847763061523,
        0.08916807174682617,
        0.08926558494567871,
        0.08818602561950684,
        0.08836698532104492,
        0.08823776245117188,
        0.08781838417053223,
        0.08858609199523926,
        0.08879876136779785,
        0.08860278129577637,
        0.08912920951843262
    ],
    "prefill_percentiles": {
        "10": 0.08819119930267334,
        "25": 0.08833467960357666,
        "50": 0.08870077133178711,
        "75": 0.0891924500465393,
        "90": 0.08976318836212158
    },
    "avg_decode_latency": 0.03512426658912942,
    "decode_latencies": [
        0.03914096620347765,
        0.03669481807284885,
        0.03498159514533149,
        0.034785164727105036,
        0.034245808919270836,
        0.0346989631652832,
        0.0349525080786811,
        0.03418185975816515,
        0.03435799810621473,
        0.03465906778971354,
        0.03431998358832465,
        0.03447246551513672
    ],
    "decode_percentiles": {
        "10": 0.03425322638617622,
        "25": 0.03434849447674221,
        "50": 0.03467901547749837,
        "75": 0.034959779845343694,
        "90": 0.036523495780097115
    }
}