{
    "avg_prefill_latency": 0.40800046920776367,
    "prefill_latencies": [
        0.405867338180542,
        0.40612077713012695,
        0.40465593338012695,
        0.4139134883880615,
        0.4092440605163574,
        0.4073927402496338,
        0.407604455947876,
        0.4082224369049072,
        0.40851926803588867,
        0.40845656394958496,
        0.40763020515441895,
        0.40837836265563965
    ],
    "prefill_percentiles": {
        "10": 0.4058926820755005,
        "25": 0.4070747494697571,
        "50": 0.4079263210296631,
        "75": 0.4084722399711609,
        "90": 0.40917158126831055
    },
    "avg_decode_latency": 0.03148239850997924,
    "decode_latencies": [
        0.03126078181796604,
        0.032013257344563804,
        0.034725719028049044,
        0.04007646772596571,
        0.030049641927083332,
        0.030602137247721355,
        0.030691729651557073,
        0.02934537993537055,
        0.029176420635647245,
        0.030301120546129014,
        0.02967638439602322,
        0.02986974186367459
    ],
    "decode_percentiles": {
        "10": 0.029378480381435815,
        "25": 0.029821402496761747,
        "50": 0.030451628896925185,
        "75": 0.03144890069961548,
        "90": 0.03445447285970052
    }
}