{
    "avg_prefill_latency": 0.048583010832468666,
    "prefill_latencies": [
        0.04543733596801758,
        0.04422783851623535,
        0.044512271881103516,
        0.061284542083740234,
        0.049718618392944336,
        0.04981541633605957,
        0.04868960380554199,
        0.04900670051574707,
        0.04851055145263672,
        0.04836630821228027,
        0.04523015022277832,
        0.04819679260253906
    ],
    "prefill_percentiles": {
        "10": 0.044584059715271,
        "25": 0.045385539531707764,
        "50": 0.048438429832458496,
        "75": 0.04918467998504639,
        "90": 0.049805736541748045
    },
    "avg_decode_latency": 0.0363598002327813,
    "decode_latencies": [
        0.03395832909478082,
        0.03422167566087511,
        0.03598369492424859,
        0.03509423467848036,
        0.03808021545410156,
        0.037744760513305664,
        0.03758088747660319,
        0.037787834803263344,
        0.038929144541422524,
        0.03503176901075575,
        0.035810364617241755,
        0.03609469201829699
    ],
    "decode_percentiles": {
        "10": 0.03430268499586318,
        "25": 0.035078618261549205,
        "50": 0.03603919347127279,
        "75": 0.03775552908579508,
        "90": 0.03805097738901774
    }
}