{
    "avg_prefill_latency": 0.3738681475321452,
    "prefill_latencies": [
        0.37334442138671875,
        0.37509655952453613,
        0.3732278347015381,
        0.37389564514160156,
        0.37493300437927246,
        0.3724970817565918,
        0.37305712699890137,
        0.37291598320007324,
        0.3731086254119873,
        0.37342071533203125,
        0.37603211402893066,
        0.37488865852355957
    ],
    "prefill_percentiles": {
        "10": 0.37293009757995604,
        "25": 0.3730957508087158,
        "50": 0.373382568359375,
        "75": 0.3748997449874878,
        "90": 0.37508020401000974
    },
    "avg_decode_latency": 0.03788954240304452,
    "decode_latencies": [
        0.040960576799180776,
        0.03890678617689344,
        0.039968940946790904,
        0.03970652156405979,
        0.04057139820522732,
        0.035965681076049805,
        0.03637022442287869,
        0.03594374656677246,
        0.035162766774495445,
        0.037508620156182185,
        0.036842160754733615,
        0.03676708539326986
    ],
    "decode_percentiles": {
        "10": 0.0359459400177002,
        "25": 0.03626908858617147,
        "50": 0.037175390455457896,
        "75": 0.039772126409742564,
        "90": 0.04051115247938368
    }
}