{
    "avg_prefill_latency": 0.03966832160949707,
    "prefill_latencies": [
        0.04172468185424805,
        0.03896927833557129,
        0.03952813148498535,
        0.03965353965759277,
        0.04316401481628418,
        0.03945469856262207,
        0.03912615776062012,
        0.03916525840759277,
        0.03789806365966797,
        0.038735389709472656,
        0.03930926322937012,
        0.0392913818359375
    ],
    "prefill_percentiles": {
        "10": 0.03875877857208252,
        "25": 0.03908693790435791,
        "50": 0.03930032253265381,
        "75": 0.03955948352813721,
        "90": 0.041517567634582524
    },
    "avg_decode_latency": 0.029002509735248705,
    "decode_latencies": [
        0.028833654191758897,
        0.029080549875895183,
        0.028278774685329862,
        0.028604057100084092,
        0.03233962588840061,
        0.02844524383544922,
        0.028497483995225694,
        0.028434647454155818,
        0.028871244854397245,
        0.028828408983018663,
        0.028911299175686307,
        0.0289051267835829
    ],
    "decode_percentiles": {
        "10": 0.028435707092285156,
        "25": 0.028484423955281574,
        "50": 0.02883103158738878,
        "75": 0.02890666988160875,
        "90": 0.029063624805874298
    }
}