{
    "avg_prefill_latency": 0.253609299659729,
    "prefill_latencies": [
        0.24820160865783691,
        0.24822735786437988,
        0.2481060028076172,
        0.24780702590942383,
        0.2511003017425537,
        0.2508378028869629,
        0.24955534934997559,
        0.25320887565612793,
        0.24803471565246582,
        0.25014758110046387,
        0.2955136299133301,
        0.25257134437561035
    ],
    "prefill_percentiles": {
        "10": 0.24804184436798096,
        "25": 0.24817770719528198,
        "50": 0.24985146522521973,
        "75": 0.25146806240081787,
        "90": 0.2531451225280762
    },
    "avg_decode_latency": 0.03360329733954536,
    "decode_latencies": [
        0.03080606460571289,
        0.031234184900919598,
        0.031749354468451604,
        0.03470653957790799,
        0.03369530042012533,
        0.03271402253044976,
        0.03590183787875705,
        0.03501465585496691,
        0.037795676125420466,
        0.035519944296942815,
        0.032254033618503146,
        0.03184795379638672
    ],
    "decode_percentiles": {
        "10": 0.0312857018576728,
        "25": 0.031823303964402944,
        "50": 0.03320466147528754,
        "75": 0.03514097796546088,
        "90": 0.03586364852057563
    }
}