{
    "avg_prefill_latency": 0.03819497426350912,
    "prefill_latencies": [
        0.038822174072265625,
        0.03865766525268555,
        0.038660526275634766,
        0.03920388221740723,
        0.03776359558105469,
        0.03757977485656738,
        0.03855013847351074,
        0.03786110877990723,
        0.03773856163024902,
        0.037805795669555664,
        0.038187503814697266,
        0.03750896453857422
    ],
    "prefill_percentiles": {
        "10": 0.03759565353393555,
        "25": 0.03775733709335327,
        "50": 0.038024306297302246,
        "75": 0.03865838050842285,
        "90": 0.03880600929260254
    },
    "avg_decode_latency": 0.0286506039124948,
    "decode_latencies": [
        0.029069821039835613,
        0.029201587041219074,
        0.028236548105875652,
        0.028153790367974177,
        0.028334114286634658,
        0.028520213233100042,
        0.028131193584865995,
        0.02788596683078342,
        0.02801248762342665,
        0.02858689096238878,
        0.027956088383992512,
        0.03171854548984104
    ],
    "decode_percentiles": {
        "10": 0.027961728307935925,
        "25": 0.02810151709450616,
        "50": 0.028285331196255155,
        "75": 0.02870762348175049,
        "90": 0.02918841044108073
    }
}