{
    "avg_prefill_latency": 0.3131171663602193,
    "prefill_latencies": [
        0.31258153915405273,
        0.3123159408569336,
        0.31143832206726074,
        0.3127896785736084,
        0.31266021728515625,
        0.3123440742492676,
        0.31252193450927734,
        0.31344032287597656,
        0.3147003650665283,
        0.31776905059814453,
        0.313091516494751,
        0.3117530345916748
    ],
    "prefill_percentiles": {
        "10": 0.3118093252182007,
        "25": 0.3123370409011841,
        "50": 0.3126208782196045,
        "75": 0.3131787180900574,
        "90": 0.31457436084747314
    },
    "avg_decode_latency": 0.035378301585162135,
    "decode_latencies": [
        0.03324543105231391,
        0.03347192870246039,
        0.03505799505445692,
        0.03777270846896701,
        0.037034829457600914,
        0.03470704290601942,
        0.035195509592692055,
        0.035288333892822266,
        0.03554913732740614,
        0.03828056653340658,
        0.03594199816385905,
        0.03299413786994086
    ],
    "decode_percentiles": {
        "10": 0.03326808081732856,
        "25": 0.03439826435512966,
        "50": 0.03524192174275716,
        "75": 0.03621520598729451,
        "90": 0.037698920567830405
    }
}