{
    "avg_prefill_latency": 0.31624797979990643,
    "prefill_latencies": [
        0.317169189453125,
        0.31665992736816406,
        0.31610703468322754,
        0.31520986557006836,
        0.3159506320953369,
        0.3157482147216797,
        0.31609368324279785,
        0.31583094596862793,
        0.3169119358062744,
        0.3164501190185547,
        0.3166968822479248,
        0.3161473274230957
    ],
    "prefill_percentiles": {
        "10": 0.3157564878463745,
        "25": 0.31592071056365967,
        "50": 0.3161271810531616,
        "75": 0.31666916608810425,
        "90": 0.31689043045043946
    },
    "avg_decode_latency": 0.03586871094173855,
    "decode_latencies": [
        0.034692843755086265,
        0.03403592109680176,
        0.03329234653049045,
        0.032950242360432945,
        0.054364919662475586,
        0.03366605440775553,
        0.03413075870937771,
        0.03551401032341851,
        0.037998941209581166,
        0.033918804592556424,
        0.03285005357530382,
        0.033009635077582464
    ],
    "decode_percentiles": {
        "10": 0.0329561816321479,
        "25": 0.033221668667263456,
        "50": 0.03397736284467909,
        "75": 0.03489813539716933,
        "90": 0.037750448120964904
    }
}