{
    "avg_prefill_latency": 0.0978345274925232,
    "prefill_latencies": [
        0.09711503982543945,
        0.09766387939453125,
        0.09763765335083008,
        0.09754109382629395,
        0.09869742393493652,
        0.098480224609375,
        0.09771871566772461,
        0.09771132469177246,
        0.09785199165344238,
        0.09792280197143555,
        0.09783601760864258,
        0.09783816337585449
    ],
    "prefill_percentiles": {
        "10": 0.09755074977874756,
        "25": 0.09765732288360596,
        "50": 0.0977773666381836,
        "75": 0.09786969423294067,
        "90": 0.09842448234558106
    },
    "avg_decode_latency": 0.03552479876412286,
    "decode_latencies": [
        0.034736580318874784,
        0.03553231557210287,
        0.03487369749281141,
        0.03771453433566623,
        0.03891362084282769,
        0.034786621729532875,
        0.03518033027648926,
        0.03505171669854058,
        0.035393847359551325,
        0.03454356723361545,
        0.03479414516025119,
        0.03477660814921061
    ],
    "decode_percentiles": {
        "10": 0.03474058310190837,
        "25": 0.03478411833445231,
        "50": 0.034962707095676,
        "75": 0.03542846441268921,
        "90": 0.0374963124593099
    }
}