{
    "avg_prefill_latency": 0.22890082995096842,
    "prefill_latencies": [
        0.23108601570129395,
        0.21909451484680176,
        0.23099565505981445,
        0.22368836402893066,
        0.2317500114440918,
        0.2248544692993164,
        0.23117470741271973,
        0.22527813911437988,
        0.23417305946350098,
        0.22847390174865723,
        0.23732352256774902,
        0.22891759872436523
    ],
    "prefill_percentiles": {
        "10": 0.22380497455596923,
        "25": 0.225172221660614,
        "50": 0.22995662689208984,
        "75": 0.23131853342056274,
        "90": 0.23393075466156005
    },
    "avg_decode_latency": 0.03272021699834753,
    "decode_latencies": [
        0.03280282020568848,
        0.032689200507269964,
        0.03270411491394043,
        0.03271200921800402,
        0.03271691004435221,
        0.03268149163987902,
        0.03270241949293348,
        0.03270758522881402,
        0.032738579644097224,
        0.0327248043484158,
        0.03271290991041395,
        0.03274975882636176
    ],
    "decode_percentiles": {
        "10": 0.032690522405836316,
        "25": 0.03270369105868869,
        "50": 0.032712459564208984,
        "75": 0.032728248172336154,
        "90": 0.032748640908135306
    }
}