{
    "avg_prefill_latency": 0.4407092134157817,
    "prefill_latencies": [
        0.43584656715393066,
        0.4387929439544678,
        0.43852663040161133,
        0.43775343894958496,
        0.4382514953613281,
        0.4400806427001953,
        0.44827985763549805,
        0.4400603771209717,
        0.4391012191772461,
        0.44353532791137695,
        0.44780850410461426,
        0.4404735565185547
    ],
    "prefill_percentiles": {
        "10": 0.43780324459075926,
        "25": 0.4384578466415405,
        "50": 0.4395807981491089,
        "75": 0.44123899936676025,
        "90": 0.4473811864852905
    },
    "avg_decode_latency": 0.03540889642856739,
    "decode_latencies": [
        0.03547530704074436,
        0.03533988528781467,
        0.0353707472483317,
        0.035424894756740995,
        0.03537456194559733,
        0.03536984655592176,
        0.03540152973598904,
        0.035407172309027776,
        0.03535551495022244,
        0.03551022211710612,
        0.03539188702901205,
        0.03548518816630045
    ],
    "decode_percentiles": {
        "10": 0.035356948110792374,
        "25": 0.03537052207522922,
        "50": 0.035396708382500544,
        "75": 0.03543749782774183,
        "90": 0.03548420005374484
    }
}