{
    "avg_prefill_latency": 0.07011942068735759,
    "prefill_latencies": [
        0.06523442268371582,
        0.06831932067871094,
        0.07269525527954102,
        0.07156729698181152,
        0.06953191757202148,
        0.07114696502685547,
        0.07123327255249023,
        0.07002019882202148,
        0.07046318054199219,
        0.07118368148803711,
        0.07213997840881348,
        0.06789755821228027
    ],
    "prefill_percentiles": {
        "10": 0.06793973445892335,
        "25": 0.06922876834869385,
        "50": 0.07080507278442383,
        "75": 0.07131677865982056,
        "90": 0.07208271026611328
    },
    "avg_decode_latency": 0.03358407153023613,
    "decode_latencies": [
        0.033462842305501304,
        0.033596409691704646,
        0.03349494934082031,
        0.03349683019849989,
        0.033730400933159724,
        0.033586740493774414,
        0.03358758820427789,
        0.03376089202033149,
        0.03362962934705946,
        0.03352456622653537,
        0.03355084525214301,
        0.03358716434902615
    ],
    "decode_percentiles": {
        "10": 0.03349513742658827,
        "25": 0.0335176322195265,
        "50": 0.03358695242140028,
        "75": 0.033604714605543345,
        "90": 0.0337203237745497
    }
}