{
    "avg_prefill_latency": 0.06835718949635823,
    "prefill_latencies": [
        0.061052560806274414,
        0.07053899765014648,
        0.06908321380615234,
        0.06535768508911133,
        0.06956911087036133,
        0.06853413581848145,
        0.06868743896484375,
        0.0695486068725586,
        0.06928491592407227,
        0.06908202171325684,
        0.07027721405029297,
        0.06927037239074707
    ],
    "prefill_percentiles": {
        "10": 0.06567533016204834,
        "25": 0.06864911317825317,
        "50": 0.06917679309844971,
        "75": 0.06955373287200928,
        "90": 0.0702064037322998
    },
    "avg_decode_latency": 0.03660623894797431,
    "decode_latencies": [
        0.036760065290662974,
        0.036727507909139,
        0.03666016790601942,
        0.03655838966369629,
        0.03659552998012967,
        0.03655383321974012,
        0.03653566042582194,
        0.03661796781751844,
        0.0365648799472385,
        0.036604086558024086,
        0.036546680662367076,
        0.0365500979953342
    ],
    "decode_percentiles": {
        "10": 0.03654702239566379,
        "25": 0.036552899413638644,
        "50": 0.03658020496368408,
        "75": 0.03662851783964369,
        "90": 0.03672077390882704
    }
}