{
    "avg_prefill_latency": 0.29708224534988403,
    "prefill_latencies": [
        0.2939903736114502,
        0.29488253593444824,
        0.30057454109191895,
        0.29745960235595703,
        0.29096269607543945,
        0.29361867904663086,
        0.2997770309448242,
        0.2967233657836914,
        0.3016026020050049,
        0.2986330986022949,
        0.3011047840118408,
        0.2956576347351074
    ],
    "prefill_percentiles": {
        "10": 0.29365584850311277,
        "25": 0.29465949535369873,
        "50": 0.2970914840698242,
        "75": 0.2999764084815979,
        "90": 0.30105175971984866
    },
    "avg_decode_latency": 0.05659803858509771,
    "decode_latencies": [
        0.05464818742540148,
        0.05484681659274631,
        0.054829412036471896,
        0.06202414300706652,
        0.05553086598714193,
        0.0547383361392551,
        0.055794874827067055,
        0.056697103712293834,
        0.05664706230163574,
        0.05723510848151313,
        0.058758152855767146,
        0.057426399654812284
    ],
    "decode_percentiles": {
        "10": 0.05474744372897678,
        "25": 0.054842465453677706,
        "50": 0.056220968564351395,
        "75": 0.05728293127483792,
        "90": 0.05862497753567166
    }
}