{
    "avg_prefill_latency": 0.20458690325419107,
    "prefill_latencies": [
        0.20361828804016113,
        0.20187902450561523,
        0.20773696899414062,
        0.20451927185058594,
        0.20442914962768555,
        0.205491304397583,
        0.20264053344726562,
        0.20578789710998535,
        0.20406889915466309,
        0.20618844032287598,
        0.20470428466796875,
        0.2039787769317627
    ],
    "prefill_percentiles": {
        "10": 0.20273830890655517,
        "25": 0.2038886547088623,
        "50": 0.20447421073913574,
        "75": 0.2055654525756836,
        "90": 0.20614838600158691
    },
    "avg_decode_latency": 0.0481971127015573,
    "decode_latencies": [
        0.04819904433356391,
        0.04804163508945041,
        0.04809051089816623,
        0.048167255189683705,
        0.048091491063435875,
        0.048109743330213756,
        0.0481972164577908,
        0.04802621735466851,
        0.0484570132361518,
        0.04848154385884603,
        0.04836652013990614,
        0.048137161466810435
    ],
    "decode_percentiles": {
        "10": 0.048046522670321994,
        "25": 0.048091246022118464,
        "50": 0.04815220832824707,
        "75": 0.04824091328514947,
        "90": 0.048447963926527234
    }
}