{
    "avg_prefill_latency": 0.18000775575637817,
    "prefill_latencies": [
        0.1810009479522705,
        0.1761641502380371,
        0.1789085865020752,
        0.17885661125183105,
        0.1831367015838623,
        0.1798384189605713,
        0.17978382110595703,
        0.1788020133972168,
        0.18191170692443848,
        0.18019413948059082,
        0.17876458168029785,
        0.18273138999938965
    ],
    "prefill_percentiles": {
        "10": 0.17876832485198973,
        "25": 0.1788429617881775,
        "50": 0.17981112003326416,
        "75": 0.1812286376953125,
        "90": 0.18264942169189452
    },
    "avg_decode_latency": 0.04754315040729665,
    "decode_latencies": [
        0.047501564025878906,
        0.04817061954074436,
        0.047974480523003474,
        0.047269741694132485,
        0.047217236624823675,
        0.047287940979003906,
        0.04732410113016764,
        0.04719283845689562,
        0.04744566811455621,
        0.04722325007120768,
        0.04833144611782498,
        0.047578917609320745
    ],
    "decode_percentiles": {
        "10": 0.04721783796946208,
        "25": 0.047258118788401283,
        "50": 0.04738488462236193,
        "75": 0.04767780833774143,
        "90": 0.04815100563897027
    }
}