{
    "avg_prefill_latency": 0.33625346422195435,
    "prefill_latencies": [
        0.3302755355834961,
        0.3328828811645508,
        0.33498358726501465,
        0.33216238021850586,
        0.3337111473083496,
        0.33417201042175293,
        0.34052157402038574,
        0.337665319442749,
        0.3374614715576172,
        0.33667802810668945,
        0.3377721309661865,
        0.3467555046081543
    ],
    "prefill_percentiles": {
        "10": 0.33223443031311034,
        "25": 0.3335040807723999,
        "50": 0.33583080768585205,
        "75": 0.3376920223236084,
        "90": 0.34024662971496583
    },
    "avg_decode_latency": 0.05970983152036313,
    "decode_latencies": [
        0.05693944295247396,
        0.05710956785413954,
        0.0632884767320421,
        0.05701380305820041,
        0.05748078558180067,
        0.05775557623969184,
        0.05917059050665961,
        0.061796638700697154,
        0.05951809883117676,
        0.059410810470581055,
        0.06977359453837077,
        0.057260592778523765
    ],
    "decode_percentiles": {
        "10": 0.05702337953779432,
        "25": 0.057222836547427706,
        "50": 0.058463083373175725,
        "75": 0.06008773379855686,
        "90": 0.0631392929289076
    }
}