{
    "avg_prefill_latency": 0.07057354847590129,
    "prefill_latencies": [
        0.06757974624633789,
        0.06697797775268555,
        0.06948113441467285,
        0.07094192504882812,
        0.06940841674804688,
        0.07092404365539551,
        0.06924128532409668,
        0.07163310050964355,
        0.07335209846496582,
        0.07208395004272461,
        0.07163286209106445,
        0.07362604141235352
    ],
    "prefill_percentiles": {
        "10": 0.06774590015411378,
        "25": 0.06936663389205933,
        "50": 0.07093298435211182,
        "75": 0.07174581289291382,
        "90": 0.0732252836227417
    },
    "avg_decode_latency": 0.031899487530743634,
    "decode_latencies": [
        0.03187674946255154,
        0.03196069929334852,
        0.03198599815368652,
        0.03189147843254937,
        0.03189187579684787,
        0.03196848763359918,
        0.031855106353759766,
        0.03188014030456543,
        0.03185804684956869,
        0.03187251091003418,
        0.03188077608744303,
        0.03187198109096951
    ],
    "decode_percentiles": {
        "10": 0.03185944027370877,
        "25": 0.03187237845526801,
        "50": 0.03188045819600423,
        "75": 0.03190908167097303,
        "90": 0.03196770879957411
    }
}