{
    "avg_prefill_latency": 0.22964258988698324,
    "prefill_latencies": [
        0.23135995864868164,
        0.22484755516052246,
        0.23212242126464844,
        0.22844457626342773,
        0.23302268981933594,
        0.22711706161499023,
        0.23119783401489258,
        0.22848057746887207,
        0.231032133102417,
        0.22937417030334473,
        0.2304689884185791,
        0.22824311256408691
    ],
    "prefill_percentiles": {
        "10": 0.2272296667098999,
        "25": 0.22839421033859253,
        "50": 0.22992157936096191,
        "75": 0.23123836517333984,
        "90": 0.23204617500305175
    },
    "avg_decode_latency": 0.0345141401997319,
    "decode_latencies": [
        0.03451347351074219,
        0.03447874387105306,
        0.03451901011996799,
        0.03450767199198405,
        0.034520361158582896,
        0.0345308780670166,
        0.034527328279283315,
        0.03452348709106445,
        0.03450369834899902,
        0.03450634744432238,
        0.034509393903944224,
        0.03452928860982259
    ],
    "decode_percentiles": {
        "10": 0.03450396325853136,
        "25": 0.03450734085506863,
        "50": 0.03451624181535509,
        "75": 0.03452444738811917,
        "90": 0.034529092576768665
    }
}