{
    "avg_prefill_latency": 0.03901350498199463,
    "prefill_latencies": [
        0.038562774658203125,
        0.03876209259033203,
        0.039321184158325195,
        0.03865313529968262,
        0.039194583892822266,
        0.039240121841430664,
        0.03879809379577637,
        0.03921198844909668,
        0.03938794136047363,
        0.03891158103942871,
        0.03907155990600586,
        0.0390470027923584
    ],
    "prefill_percentiles": {
        "10": 0.03866403102874756,
        "25": 0.03878909349441528,
        "50": 0.03905928134918213,
        "75": 0.039219021797180176,
        "90": 0.03931307792663574
    },
    "avg_decode_latency": 0.03366491308918705,
    "decode_latencies": [
        0.03359508514404297,
        0.03379988670349121,
        0.03363839785257975,
        0.03353958659701877,
        0.03366231918334961,
        0.033632887734307185,
        0.03370873133341471,
        0.033851040734185114,
        0.03375776608784994,
        0.033598740895589195,
        0.03361354933844672,
        0.03358096546596951
    ],
    "decode_percentiles": {
        "10": 0.03358237743377686,
        "25": 0.03359782695770264,
        "50": 0.03363564279344347,
        "75": 0.033720990022023514,
        "90": 0.033795674641927086
    }
}