{
    "avg_prefill_latency": 0.9054339726765951,
    "prefill_latencies": [
        0.8977999687194824,
        0.8999514579772949,
        0.9022350311279297,
        0.9145722389221191,
        0.9045188426971436,
        0.9022362232208252,
        0.9075028896331787,
        0.9041810035705566,
        0.9101011753082275,
        0.9052326679229736,
        0.9079935550689697,
        0.9088826179504395
    ],
    "prefill_percentiles": {
        "10": 0.9001798152923584,
        "25": 0.9022359251976013,
        "50": 0.9048757553100586,
        "75": 0.9082158207893372,
        "90": 0.9099793195724487
    },
    "avg_decode_latency": 0.08455327947934467,
    "decode_latencies": [
        0.08103241920471191,
        0.08384895324707031,
        0.09403116703033447,
        0.08449959754943848,
        0.08175070285797119,
        0.08253743648529052,
        0.09056699275970459,
        0.08187553882598878,
        0.08214912414550782,
        0.08836736679077148,
        0.08214018344879151,
        0.08183987140655517
    ],
    "decode_percentiles": {
        "10": 0.08175961971282959,
        "25": 0.08186662197113037,
        "50": 0.08234328031539917,
        "75": 0.08546653985977173,
        "90": 0.09034703016281127
    }
}