{
    "avg_prefill_latency": 0.11687823136647542,
    "prefill_latencies": [
        0.11955094337463379,
        0.11468005180358887,
        0.11775064468383789,
        0.11630558967590332,
        0.11465215682983398,
        0.11559939384460449,
        0.11620140075683594,
        0.11669731140136719,
        0.11554169654846191,
        0.12092876434326172,
        0.11750364303588867,
        0.1171271800994873
    ],
    "prefill_percentiles": {
        "10": 0.11476621627807618,
        "25": 0.11558496952056885,
        "50": 0.11650145053863525,
        "75": 0.11756539344787598,
        "90": 0.1193709135055542
    },
    "avg_decode_latency": 0.03677885399924384,
    "decode_latencies": [
        0.03712362713283963,
        0.037042193942599826,
        0.03761601448059082,
        0.03641676902770996,
        0.0365503364139133,
        0.03628407584296332,
        0.03656959533691406,
        0.036359177695380315,
        0.03664565086364746,
        0.037052286995781794,
        0.036983489990234375,
        0.036703030268351235
    ],
    "decode_percentiles": {
        "10": 0.03636493682861328,
        "25": 0.036516944567362465,
        "50": 0.036674340565999344,
        "75": 0.03704471720589532,
        "90": 0.03711649311913384
    }
}