{
    "avg_prefill_latency": 0.6882896622021993,
    "prefill_latencies": [
        0.6851310729980469,
        0.6924529075622559,
        0.6610903739929199,
        0.692314863204956,
        0.688511848449707,
        0.6942527294158936,
        0.6968417167663574,
        0.6966049671173096,
        0.6947782039642334,
        0.6944484710693359,
        0.6695060729980469,
        0.6935427188873291
    ],
    "prefill_percentiles": {
        "10": 0.6710685729980469,
        "25": 0.687666654586792,
        "50": 0.6929978132247925,
        "75": 0.6945309042930603,
        "90": 0.6964222908020019
    },
    "avg_decode_latency": 0.059073730751320164,
    "decode_latencies": [
        0.05749826961093479,
        0.06456128756205241,
        0.0589540269639757,
        0.05807092454698351,
        0.05766839451260037,
        0.057495461569892034,
        0.05743967162238227,
        0.05753299925062391,
        0.05757620599534777,
        0.06461789872911242,
        0.05885002348158094,
        0.0586196051703559
    ],
    "decode_percentiles": {
        "10": 0.05749574237399631,
        "25": 0.05752431684070163,
        "50": 0.057869659529791936,
        "75": 0.05887602435217963,
        "90": 0.06400056150224474
    }
}