{
    "avg_prefill_latency": 0.9246382912000021,
    "prefill_latencies": [
        0.9205482006072998,
        0.9255483150482178,
        0.920219898223877,
        0.9245367050170898,
        0.9297332763671875,
        0.9304792881011963,
        0.9258100986480713,
        0.9214160442352295,
        0.9245741367340088,
        0.92755126953125,
        0.9242868423461914,
        0.9209554195404053
    ],
    "prefill_percentiles": {
        "10": 0.9205889225006103,
        "25": 0.9213008880615234,
        "50": 0.9245554208755493,
        "75": 0.926245391368866,
        "90": 0.9295150756835937
    },
    "avg_decode_latency": 0.03861647182040744,
    "decode_latencies": [
        0.03863332006666395,
        0.038647731145222984,
        0.0386454529232449,
        0.0386500358581543,
        0.03862558470831977,
        0.03862810134887695,
        0.03863199551900228,
        0.0385799143049452,
        0.03859906726413303,
        0.03861644532945421,
        0.038549184799194336,
        0.03859082857767741
    ],
    "decode_percentiles": {
        "10": 0.03858100573221842,
        "25": 0.03859700759251912,
        "50": 0.03862684302859836,
        "75": 0.03863635328080919,
        "90": 0.038647503323025176
    }
}