{
    "avg_prefill_latency": 0.9037584463755289,
    "prefill_latencies": [
        0.8913934230804443,
        0.9004881381988525,
        0.9003982543945312,
        0.8989331722259521,
        0.9111747741699219,
        0.9023499488830566,
        0.9006383419036865,
        0.90334153175354,
        0.9112520217895508,
        0.9058883190155029,
        0.9059584140777588,
        0.9132850170135498
    ],
    "prefill_percentiles": {
        "10": 0.8990796804428101,
        "25": 0.9004656672477722,
        "50": 0.9028457403182983,
        "75": 0.9072625041007996,
        "90": 0.9112442970275879
    },
    "avg_decode_latency": 0.08636831243832906,
    "decode_latencies": [
        0.08548872470855713,
        0.08405711650848388,
        0.09551784992218018,
        0.08619174957275391,
        0.08699369430541992,
        0.08481755256652831,
        0.08507106304168702,
        0.08612368106842042,
        0.08487319946289062,
        0.08477973937988281,
        0.08773794174194335,
        0.08476743698120118
    ],
    "decode_percentiles": {
        "10": 0.08476866722106934,
        "25": 0.08480809926986693,
        "50": 0.08527989387512208,
        "75": 0.08639223575592042,
        "90": 0.08766351699829102
    }
}