{
    "avg_prefill_latency": 0.9122422337532043,
    "prefill_latencies": [
        0.901038646697998,
        0.9005117416381836,
        0.9046206474304199,
        0.9091000556945801,
        0.907404899597168,
        0.9101963043212891,
        0.9617562294006348,
        0.9114065170288086,
        0.9093351364135742,
        0.9123749732971191,
        0.9114398956298828,
        0.907721757888794
    ],
    "prefill_percentiles": {
        "10": 0.9013968467712402,
        "25": 0.906708836555481,
        "50": 0.9092175960540771,
        "75": 0.9114148616790771,
        "90": 0.9122814655303955
    },
    "avg_decode_latency": 0.07121829986572265,
    "decode_latencies": [
        0.07086381912231446,
        0.07107126712799072,
        0.07107627391815186,
        0.07108533382415771,
        0.07127115726470948,
        0.07112550735473633,
        0.07132031917572021,
        0.07130811214447022,
        0.07129154205322266,
        0.0714271068572998,
        0.07137770652770996,
        0.07140145301818848
    ],
    "decode_percentiles": {
        "10": 0.07107176780700683,
        "25": 0.07108306884765625,
        "50": 0.07128134965896607,
        "75": 0.07133466601371764,
        "90": 0.07139907836914063
    }
}