{
    "avg_prefill_latency": 0.5494353373845419,
    "prefill_latencies": [
        0.5469727516174316,
        0.5443215370178223,
        0.5484747886657715,
        0.5473933219909668,
        0.5509467124938965,
        0.546008825302124,
        0.5479669570922852,
        0.5497689247131348,
        0.5518732070922852,
        0.5544142723083496,
        0.552027702331543,
        0.5530550479888916
    ],
    "prefill_percentiles": {
        "10": 0.5461052179336547,
        "25": 0.547288179397583,
        "50": 0.5491218566894531,
        "75": 0.5519118309020996,
        "90": 0.5529523134231568
    },
    "avg_decode_latency": 0.046086269396322745,
    "decode_latencies": [
        0.04538114865620931,
        0.0454107920328776,
        0.04544512430826823,
        0.045456488927205406,
        0.04548385408189562,
        0.04579967922634549,
        0.046545055177476674,
        0.04667766888936361,
        0.04686050944858127,
        0.047186719046698675,
        0.04715715514289008,
        0.04563103781806098
    ],
    "decode_percentiles": {
        "10": 0.04541422526041666,
        "25": 0.045453647772471115,
        "50": 0.04571535852220324,
        "75": 0.046723379029168025,
        "90": 0.0471274905734592
    }
}