{
    "avg_prefill_latency": 0.2551944653193156,
    "prefill_latencies": [
        0.25580382347106934,
        0.25452685356140137,
        0.25490331649780273,
        0.255016565322876,
        0.2550230026245117,
        0.25563597679138184,
        0.2552070617675781,
        0.25565505027770996,
        0.2550051212310791,
        0.25526976585388184,
        0.2550828456878662,
        0.2552042007446289
    ],
    "prefill_percentiles": {
        "10": 0.25491349697113036,
        "25": 0.25501370429992676,
        "50": 0.25514352321624756,
        "75": 0.25536131858825684,
        "90": 0.25565314292907715
    },
    "avg_decode_latency": 0.01402188230443884,
    "decode_latencies": [
        0.014130804273817275,
        0.013988971710205078,
        0.014049662484063042,
        0.013984627193874784,
        0.014008416069878472,
        0.013961129718356662,
        0.01402327749464247,
        0.01410304175482856,
        0.013969182968139648,
        0.014004389444986979,
        0.013976573944091797,
        0.014062510596381294
    ],
    "decode_percentiles": {
        "10": 0.013969922065734863,
        "25": 0.013982613881429037,
        "50": 0.014006402757432725,
        "75": 0.014052874512142606,
        "90": 0.014098988638983833
    }
}