{
    "avg_prefill_latency": 0.06800440947214763,
    "prefill_latencies": [
        0.06748056411743164,
        0.06777763366699219,
        0.06829667091369629,
        0.06873011589050293,
        0.06786441802978516,
        0.06800699234008789,
        0.06779098510742188,
        0.0681772232055664,
        0.06792736053466797,
        0.06804156303405762,
        0.06812310218811035,
        0.06783628463745117
    ],
    "prefill_percentiles": {
        "10": 0.06777896881103515,
        "25": 0.06782495975494385,
        "50": 0.06796717643737793,
        "75": 0.06813663244247437,
        "90": 0.0682847261428833
    },
    "avg_decode_latency": 0.013334786450421368,
    "decode_latencies": [
        0.013153473536173502,
        0.013548453648885092,
        0.013199700249565972,
        0.01338799794514974,
        0.013351175520155165,
        0.013364977306789823,
        0.013275093502468534,
        0.013216733932495117,
        0.01342879401312934,
        0.01326857672797309,
        0.013307809829711914,
        0.013514651192559136
    ],
    "decode_percentiles": {
        "10": 0.013201403617858886,
        "25": 0.013255616029103598,
        "50": 0.01332949267493354,
        "75": 0.01339819696214464,
        "90": 0.013506065474616157
    }
}