{
    "avg_prefill_latency": 0.2525104482968648,
    "prefill_latencies": [
        0.25397396087646484,
        0.25135087966918945,
        0.25502705574035645,
        0.2521505355834961,
        0.25235724449157715,
        0.2533538341522217,
        0.2525196075439453,
        0.2512791156768799,
        0.2517666816711426,
        0.2519247531890869,
        0.25172948837280273,
        0.25269222259521484
    ],
    "prefill_percentiles": {
        "10": 0.2513887405395508,
        "25": 0.2517573833465576,
        "50": 0.2522538900375366,
        "75": 0.25285762548446655,
        "90": 0.2539119482040405
    },
    "avg_decode_latency": 0.03288519978523255,
    "decode_latencies": [
        0.03299059867858887,
        0.03270092010498047,
        0.03297162055969238,
        0.03342864513397217,
        0.03279736042022705,
        0.03344695568084717,
        0.03231000900268555,
        0.03228094577789307,
        0.03236522674560547,
        0.03358335494995117,
        0.03330399990081787,
        0.032442760467529294
    ],
    "decode_percentiles": {
        "10": 0.03231553077697754,
        "25": 0.03242337703704834,
        "50": 0.032884490489959714,
        "75": 0.03333516120910644,
        "90": 0.03344512462615967
    }
}