{
    "avg_prefill_latency": 0.2524716854095459,
    "prefill_latencies": [
        0.25243592262268066,
        0.25356316566467285,
        0.25270938873291016,
        0.25214362144470215,
        0.2521824836730957,
        0.2527148723602295,
        0.25281667709350586,
        0.2519996166229248,
        0.2520592212677002,
        0.25116729736328125,
        0.25241613388061523,
        0.2534518241882324
    ],
    "prefill_percentiles": {
        "10": 0.25200557708740234,
        "25": 0.25212252140045166,
        "50": 0.25242602825164795,
        "75": 0.2527403235435486,
        "90": 0.2533883094787598
    },
    "avg_decode_latency": 0.043550060192743933,
    "decode_latencies": [
        0.04327242374420166,
        0.04249274730682373,
        0.042693352699279784,
        0.04214763641357422,
        0.042880821228027347,
        0.04257509708404541,
        0.04227426052093506,
        0.05607395172119141,
        0.04176397323608398,
        0.042603349685668944,
        0.04244053363800049,
        0.041382575035095216
    ],
    "decode_percentiles": {
        "10": 0.04180233955383301,
        "25": 0.04224260449409485,
        "50": 0.04253392219543457,
        "75": 0.042740219831466676,
        "90": 0.04323326349258423
    }
}