{
    "avg_prefill_latency": 0.1273823380470276,
    "prefill_latencies": [
        0.12988901138305664,
        0.12841415405273438,
        0.12659692764282227,
        0.12692475318908691,
        0.12715506553649902,
        0.12587642669677734,
        0.1264636516571045,
        0.12619519233703613,
        0.1275348663330078,
        0.12806200981140137,
        0.1273789405822754,
        0.1280970573425293
    ],
    "prefill_percentiles": {
        "10": 0.12622203826904296,
        "25": 0.12656360864639282,
        "50": 0.1272670030593872,
        "75": 0.12807077169418335,
        "90": 0.12838244438171387
    },
    "avg_decode_latency": 0.03115155299504598,
    "decode_latencies": [
        0.030495511160956487,
        0.02933478355407715,
        0.02926701969570584,
        0.029119941923353408,
        0.0367323292626275,
        0.028955909940931533,
        0.02879754702250163,
        0.030162599351671007,
        0.030500385496351454,
        0.029954989751180012,
        0.04072923130459256,
        0.02976838747660319
    ],
    "decode_percentiles": {
        "10": 0.02897231313917372,
        "25": 0.02923025025261773,
        "50": 0.0298616886138916,
        "75": 0.030496729744805228,
        "90": 0.03610913488599989
    }
}