{
    "avg_prefill_latency": 0.20870574315388998,
    "prefill_latencies": [
        0.20003724098205566,
        0.20003390312194824,
        0.200639009475708,
        0.19889521598815918,
        0.20000028610229492,
        0.20096421241760254,
        0.28983473777770996,
        0.20371174812316895,
        0.2014601230621338,
        0.2026059627532959,
        0.20433735847473145,
        0.2019491195678711
    ],
    "prefill_percentiles": {
        "10": 0.20000364780426025,
        "25": 0.2000364065170288,
        "50": 0.20121216773986816,
        "75": 0.20288240909576416,
        "90": 0.2042747974395752
    },
    "avg_decode_latency": 0.0459646428072894,
    "decode_latencies": [
        0.051765627331203885,
        0.04133394029405382,
        0.0410664611392551,
        0.0528621408674452,
        0.04089848200480143,
        0.040842029783460826,
        0.04045751359727648,
        0.04272760285271539,
        0.058380444844563804,
        0.04252505302429199,
        0.04426874054802789,
        0.054447677400377065
    ],
    "decode_percentiles": {
        "10": 0.040847675005594886,
        "25": 0.04102446635564168,
        "50": 0.04262632793850369,
        "75": 0.052039755715264216,
        "90": 0.054289123747083876
    }
}