{
    "avg_prefill_latency": 0.1832667589187622,
    "prefill_latencies": [
        0.18369483947753906,
        0.18497538566589355,
        0.1827096939086914,
        0.1829512119293213,
        0.18233299255371094,
        0.18405437469482422,
        0.1821002960205078,
        0.18207097053527832,
        0.18192124366760254,
        0.18540287017822266,
        0.1824324131011963,
        0.1845548152923584
    ],
    "prefill_percentiles": {
        "10": 0.18207390308380128,
        "25": 0.18227481842041016,
        "50": 0.18283045291900635,
        "75": 0.18417948484420776,
        "90": 0.18493332862854003
    },
    "avg_decode_latency": 0.041780767617402244,
    "decode_latencies": [
        0.0412288506825765,
        0.04135129186842176,
        0.05141422483656141,
        0.04079302151997884,
        0.04170783360799154,
        0.040361139509412974,
        0.038442638185289174,
        0.04937275250752767,
        0.0393578741285536,
        0.03940065701802572,
        0.039120753606160484,
        0.038818173938327365
    ],
    "decode_percentiles": {
        "10": 0.03884843190511068,
        "25": 0.03929859399795532,
        "50": 0.04057708051469591,
        "75": 0.04144042730331421,
        "90": 0.04860626061757406
    }
}