{
    "avg_prefill_latency": 0.10561080773671468,
    "prefill_latencies": [
        0.10502171516418457,
        0.10494232177734375,
        0.10508966445922852,
        0.10494041442871094,
        0.10524964332580566,
        0.10830330848693848,
        0.10530233383178711,
        0.1075594425201416,
        0.10513830184936523,
        0.10515809059143066,
        0.10535621643066406,
        0.10526823997497559
    ],
    "prefill_percentiles": {
        "10": 0.10495026111602783,
        "25": 0.10507267713546753,
        "50": 0.10520386695861816,
        "75": 0.10531580448150635,
        "90": 0.10733911991119385
    },
    "avg_decode_latency": 0.02783663405312432,
    "decode_latencies": [
        0.02592786153157552,
        0.03353783819410536,
        0.026696072684393987,
        0.026020526885986328,
        0.026680284076266818,
        0.027239746517605253,
        0.02665151490105523,
        0.026592175165812176,
        0.02693796157836914,
        0.026767359839545354,
        0.03454693158467611,
        0.026441335678100586
    ],
    "decode_percentiles": {
        "10": 0.026062607765197754,
        "25": 0.026554465293884277,
        "50": 0.026688178380330402,
        "75": 0.027013407813178167,
        "90": 0.03290802902645535
    }
}