{
    "avg_prefill_latency": 0.2619091272354126,
    "prefill_latencies": [
        0.26197314262390137,
        0.2610037326812744,
        0.26233983039855957,
        0.26140379905700684,
        0.2610175609588623,
        0.2622551918029785,
        0.26253819465637207,
        0.26244688034057617,
        0.2629241943359375,
        0.26201558113098145,
        0.26140570640563965,
        0.26158571243286133
    ],
    "prefill_percentiles": {
        "10": 0.26105618476867676,
        "25": 0.26140522956848145,
        "50": 0.2619943618774414,
        "75": 0.2623665928840637,
        "90": 0.26252906322479247
    },
    "avg_decode_latency": 0.013814809145750825,
    "decode_latencies": [
        0.013681756125556098,
        0.013822793960571289,
        0.013708406024509005,
        0.013683716456095377,
        0.01370459132724338,
        0.013768513997395834,
        0.013780938254462348,
        0.013882054222954644,
        0.013705995347764757,
        0.014010747273763021,
        0.014076100455390083,
        0.013952096303304037
    ],
    "decode_percentiles": {
        "10": 0.013685803943210178,
        "25": 0.013705644342634413,
        "50": 0.013774726125929091,
        "75": 0.013899564743041992,
        "90": 0.014004882176717123
    }
}