{
    "avg_prefill_latency": 0.2623796860376994,
    "prefill_latencies": [
        0.26131129264831543,
        0.2628335952758789,
        0.26219773292541504,
        0.2614574432373047,
        0.262253999710083,
        0.26216840744018555,
        0.26190638542175293,
        0.26172494888305664,
        0.26303744316101074,
        0.2619156837463379,
        0.26380443572998047,
        0.2639448642730713
    ],
    "prefill_percentiles": {
        "10": 0.26148419380187987,
        "25": 0.26186102628707886,
        "50": 0.2621830701828003,
        "75": 0.26288455724716187,
        "90": 0.2637277364730835
    },
    "avg_decode_latency": 0.040854760011037196,
    "decode_latencies": [
        0.04030945301055908,
        0.04037740230560303,
        0.04011745452880859,
        0.04046130180358887,
        0.04045801162719727,
        0.04095382690429687,
        0.041356563568115234,
        0.04072351455688476,
        0.04131085872650146,
        0.04159746170043945,
        0.041338109970092775,
        0.041253161430358884
    ],
    "decode_percentiles": {
        "10": 0.04031624794006348,
        "25": 0.04043785929679871,
        "50": 0.04083867073059082,
        "75": 0.04131767153739929,
        "90": 0.04135471820831299
    }
}