{
    "avg_prefill_latency": 0.25227423508961994,
    "prefill_latencies": [
        0.2515106201171875,
        0.2508985996246338,
        0.2515990734100342,
        0.25228357315063477,
        0.2525467872619629,
        0.2516670227050781,
        0.2529478073120117,
        0.25201892852783203,
        0.25193071365356445,
        0.2527585029602051,
        0.25447893142700195,
        0.25265026092529297
    ],
    "prefill_percentiles": {
        "10": 0.2515194654464722,
        "25": 0.25165003538131714,
        "50": 0.2521512508392334,
        "75": 0.252677321434021,
        "90": 0.2529288768768311
    },
    "avg_decode_latency": 0.01586596171061198,
    "decode_latencies": [
        0.016956885655721027,
        0.015201727549235025,
        0.015442530314127604,
        0.015134334564208984,
        0.015809138615926106,
        0.016328069898817275,
        0.01595918337504069,
        0.016406085756089952,
        0.01604392793443468,
        0.016177654266357422,
        0.01551206906636556,
        0.015419933531019423
    ],
    "decode_percentiles": {
        "10": 0.015223548147413465,
        "25": 0.015436881118350558,
        "50": 0.0158841609954834,
        "75": 0.016215258174472384,
        "90": 0.016398284170362685
    }
}