{
    "avg_prefill_latency": 0.03657780090967814,
    "prefill_latencies": [
        0.03640151023864746,
        0.03673505783081055,
        0.03646111488342285,
        0.03685593605041504,
        0.03655862808227539,
        0.03628039360046387,
        0.036504268646240234,
        0.03650665283203125,
        0.036405086517333984,
        0.03650832176208496,
        0.036537885665893555,
        0.037178754806518555
    ],
    "prefill_percentiles": {
        "10": 0.03640186786651611,
        "25": 0.036447107791900635,
        "50": 0.036507487297058105,
        "75": 0.03660273551940918,
        "90": 0.03684384822845459
    },
    "avg_decode_latency": 0.013961180492683694,
    "decode_latencies": [
        0.014107121361626519,
        0.014066378275553385,
        0.014092339409722222,
        0.01423441039191352,
        0.014018932978312174,
        0.014436483383178711,
        0.014133532842000326,
        0.013646099302503798,
        0.013640642166137695,
        0.013724115159776475,
        0.013784223132663302,
        0.01364988750881619
    ],
    "decode_percentiles": {
        "10": 0.013646478123135037,
        "25": 0.013705558247036405,
        "50": 0.01404265562693278,
        "75": 0.01411372423171997,
        "90": 0.0142243226369222
    }
}