{
    "avg_prefill_latency": 0.021061837673187256,
    "prefill_latencies": [
        0.020937681198120117,
        0.021105051040649414,
        0.021094322204589844,
        0.0210723876953125,
        0.021159887313842773,
        0.02109813690185547,
        0.02114129066467285,
        0.021092891693115234,
        0.020961284637451172,
        0.020948171615600586,
        0.02121424674987793,
        0.02091670036315918
    ],
    "prefill_percentiles": {
        "10": 0.020938730239868163,
        "25": 0.020958006381988525,
        "50": 0.02109360694885254,
        "75": 0.021114110946655273,
        "90": 0.02115802764892578
    },
    "avg_decode_latency": 0.012906202563533078,
    "decode_latencies": [
        0.012663258446587456,
        0.012782679663764106,
        0.01287621921963162,
        0.01318730248345269,
        0.013161341349283854,
        0.013070397906833224,
        0.013094054328070747,
        0.012944618860880533,
        0.012893438339233398,
        0.012756003273857964,
        0.01274373796251085,
        0.012701378928290473
    ],
    "decode_percentiles": {
        "10": 0.012705614831712512,
        "25": 0.012752936946021186,
        "50": 0.012884828779432509,
        "75": 0.013076312012142604,
        "90": 0.013154612647162544
    }
}