{
    "avg_prefill_latency": 0.26591060558954877,
    "prefill_latencies": [
        0.2581181526184082,
        0.2585585117340088,
        0.25689268112182617,
        0.26035594940185547,
        0.25855350494384766,
        0.25829505920410156,
        0.34928321838378906,
        0.25751304626464844,
        0.2594306468963623,
        0.25827503204345703,
        0.25765514373779297,
        0.2579963207244873
    ],
    "prefill_percentiles": {
        "10": 0.2575272560119629,
        "25": 0.2579110264778137,
        "50": 0.2582850456237793,
        "75": 0.25877654552459717,
        "90": 0.26026341915130613
    },
    "avg_decode_latency": 0.053645042578379314,
    "decode_latencies": [
        0.062023591995239255,
        0.04992785453796387,
        0.050104713439941405,
        0.06242461204528808,
        0.05182514190673828,
        0.05158419609069824,
        0.04971802234649658,
        0.050296664237976074,
        0.05987606048583984,
        0.050159025192260745,
        0.04905447959899902,
        0.05674614906311035
    ],
    "decode_percentiles": {
        "10": 0.04973900556564331,
        "25": 0.050060498714447024,
        "50": 0.05094043016433716,
        "75": 0.05752862691879272,
        "90": 0.061808838844299316
    }
}