{
    "avg_prefill_latency": 0.06843149662017822,
    "prefill_latencies": [
        0.06772255897521973,
        0.06809639930725098,
        0.06831669807434082,
        0.06836557388305664,
        0.06844472885131836,
        0.06847643852233887,
        0.06866621971130371,
        0.06838846206665039,
        0.06872987747192383,
        0.06848025321960449,
        0.06902718544006348,
        0.06846356391906738
    ],
    "prefill_percentiles": {
        "10": 0.06811842918395997,
        "25": 0.06835335493087769,
        "50": 0.06845414638519287,
        "75": 0.0685267448425293,
        "90": 0.06872351169586181
    },
    "avg_decode_latency": 0.014317874555234556,
    "decode_latencies": [
        0.01383066177368164,
        0.014232344097561307,
        0.013944837782118056,
        0.013896809683905708,
        0.014365063773261176,
        0.014563216103447808,
        0.014521201451619467,
        0.014304002126057943,
        0.014694293340047201,
        0.014321618609958224,
        0.014557017220391167,
        0.014583428700764975
    ],
    "decode_percentiles": {
        "10": 0.013901612493726942,
        "25": 0.014160467518700495,
        "50": 0.0143433411916097,
        "75": 0.014558566941155327,
        "90": 0.014581407441033258
    }
}