{
    "avg_prefill_latency": 0.02497937281926473,
    "prefill_latencies": [
        0.023527145385742188,
        0.023569107055664062,
        0.023156404495239258,
        0.023178815841674805,
        0.023404359817504883,
        0.02358555793762207,
        0.023826122283935547,
        0.030775785446166992,
        0.023574113845825195,
        0.02340412139892578,
        0.034234046936035156,
        0.02351689338684082
    ],
    "prefill_percentiles": {
        "10": 0.023201346397399902,
        "25": 0.023404300212860107,
        "50": 0.023548126220703125,
        "75": 0.02364569902420044,
        "90": 0.03008081912994385
    },
    "avg_decode_latency": 0.021495470294245967,
    "decode_latencies": [
        0.022759305106268987,
        0.017099910312228732,
        0.017450412114461262,
        0.030420859654744465,
        0.02156843079460992,
        0.02500054571363661,
        0.0195057127210829,
        0.02142786979675293,
        0.01759950319925944,
        0.025122510062323675,
        0.020154264238145616,
        0.019836319817437068
    ],
    "decode_percentiles": {
        "10": 0.01746532122294108,
        "25": 0.019029160340627037,
        "50": 0.020791067017449275,
        "75": 0.023319615258110892,
        "90": 0.02511031362745497
    }
}