{
    "avg_prefill_latency": 0.21927201747894287,
    "prefill_latencies": [
        0.21802759170532227,
        0.21763920783996582,
        0.21820378303527832,
        0.21765947341918945,
        0.21729826927185059,
        0.21773862838745117,
        0.2177114486694336,
        0.23382282257080078,
        0.21933722496032715,
        0.218064546585083,
        0.2183818817138672,
        0.21737933158874512
    ],
    "prefill_percentiles": {
        "10": 0.2174053192138672,
        "25": 0.21765440702438354,
        "50": 0.21788311004638672,
        "75": 0.21824830770492554,
        "90": 0.21924169063568116
    },
    "avg_decode_latency": 0.026756074693467885,
    "decode_latencies": [
        0.025146987703111436,
        0.02570321824815538,
        0.03524189525180393,
        0.035370826721191406,
        0.022462553448147245,
        0.02645089891221788,
        0.026529259151882596,
        0.022066964043511286,
        0.02605552143520779,
        0.024902635150485568,
        0.024474673800998263,
        0.0266674624549018
    ],
    "decode_percentiles": {
        "10": 0.022663765483432345,
        "25": 0.02479564481311374,
        "50": 0.025879369841681585,
        "75": 0.026563809977637395,
        "90": 0.03438445197211372
    }
}