{
    "avg_prefill_latency": 0.01744091510772705,
    "prefill_latencies": [
        0.016993999481201172,
        0.015424013137817383,
        0.016023635864257812,
        0.01672196388244629,
        0.014940023422241211,
        0.01720452308654785,
        0.017798900604248047,
        0.015608549118041992,
        0.015233755111694336,
        0.019601821899414062,
        0.015619516372680664,
        0.02812027931213379
    ],
    "prefill_percentiles": {
        "10": 0.015252780914306641,
        "25": 0.01556241512298584,
        "50": 0.01637279987335205,
        "75": 0.0173531174659729,
        "90": 0.01942152976989746
    },
    "avg_decode_latency": 0.016446950259032072,
    "decode_latencies": [
        0.01590948634677463,
        0.01620160208808051,
        0.016501453187730577,
        0.01619916492038303,
        0.016516367594401043,
        0.016484657923380535,
        0.016423914167616103,
        0.016588740878634982,
        0.016567998462253146,
        0.016281021965874568,
        0.017067803276909724,
        0.016621192296346027
    ],
    "decode_percentiles": {
        "10": 0.016199408637152777,
        "25": 0.016261166996426053,
        "50": 0.016493055555555556,
        "75": 0.016573184066348605,
        "90": 0.016617947154574923
    }
}