{
    "avg_prefill_latency": 0.018085956573486328,
    "prefill_latencies": [
        0.017572879791259766,
        0.017722129821777344,
        0.017377853393554688,
        0.018197298049926758,
        0.01660442352294922,
        0.018113374710083008,
        0.020571470260620117,
        0.019607067108154297,
        0.017241716384887695,
        0.01782679557800293,
        0.0177304744720459,
        0.01846599578857422
    ],
    "prefill_percentiles": {
        "10": 0.017255330085754396,
        "25": 0.017524123191833496,
        "50": 0.017778635025024414,
        "75": 0.018264472484588623,
        "90": 0.01949295997619629
    },
    "avg_decode_latency": 0.0190527704026964,
    "decode_latencies": [
        0.01886206203036838,
        0.022944053014119465,
        0.018715620040893555,
        0.01814073986477322,
        0.02146323521931966,
        0.017233530680338543,
        0.016850259568956163,
        0.021610180536905926,
        0.017463260226779513,
        0.021112521489461262,
        0.01741300688849555,
        0.01682477527194553
    ],
    "decode_percentiles": {
        "10": 0.0168885866800944,
        "25": 0.0173681378364563,
        "50": 0.018428179952833388,
        "75": 0.02120019992192586,
        "90": 0.0215954860051473
    }
}