{
    "avg_prefill_latency": 0.1335033377011617,
    "prefill_latencies": [
        0.13324737548828125,
        0.13373827934265137,
        0.13367509841918945,
        0.13350391387939453,
        0.13314533233642578,
        0.1331193447113037,
        0.13313865661621094,
        0.1337449550628662,
        0.1337440013885498,
        0.1334247589111328,
        0.13340473175048828,
        0.1341536045074463
    ],
    "prefill_percentiles": {
        "10": 0.13313932418823243,
        "25": 0.13322186470031738,
        "50": 0.13346433639526367,
        "75": 0.13373970985412598,
        "90": 0.13374485969543456
    },
    "avg_decode_latency": 0.022550276032200566,
    "decode_latencies": [
        0.02134039666917589,
        0.027178181542290583,
        0.02245299021402995,
        0.0199735164642334,
        0.019541263580322266,
        0.019513474570380315,
        0.04257451163397895,
        0.019467088911268447,
        0.019702778922186956,
        0.019439803229437932,
        0.019208272298177082,
        0.02021103435092502
    ],
    "decode_percentiles": {
        "10": 0.019442531797620986,
        "25": 0.019501878155602347,
        "50": 0.019838147693210177,
        "75": 0.021618545055389404,
        "90": 0.026705662409464523
    }
}