{
    "avg_prefill_latency": 0.11171036958694458,
    "prefill_latencies": [
        0.11077451705932617,
        0.11060333251953125,
        0.11146855354309082,
        0.11138224601745605,
        0.11230039596557617,
        0.11129903793334961,
        0.11140084266662598,
        0.1119527816772461,
        0.11057019233703613,
        0.11037397384643555,
        0.11801886558532715,
        0.11037969589233398
    ],
    "prefill_percentiles": {
        "10": 0.1103987455368042,
        "25": 0.11059504747390747,
        "50": 0.11134064197540283,
        "75": 0.11158961057662964,
        "90": 0.11226563453674317
    },
    "avg_decode_latency": 0.02013887740947582,
    "decode_latencies": [
        0.019663996166653104,
        0.019923236634996202,
        0.01913783285352919,
        0.0244954162173801,
        0.019091208775838215,
        0.019634538226657443,
        0.0218150880601671,
        0.018612888124254014,
        0.022292375564575195,
        0.01761560969882541,
        0.018523428175184462,
        0.020860910415649414
    ],
    "decode_percentiles": {
        "10": 0.018532374170091417,
        "25": 0.018971628612942167,
        "50": 0.019649267196655273,
        "75": 0.021099454826778836,
        "90": 0.022244646814134385
    }
}