{
    "avg_prefill_latency": 0.08584386110305786,
    "prefill_latencies": [
        0.08444833755493164,
        0.08305978775024414,
        0.08402681350708008,
        0.08485174179077148,
        0.08674764633178711,
        0.0875694751739502,
        0.08469414710998535,
        0.08656716346740723,
        0.08737683296203613,
        0.08559536933898926,
        0.0879812240600586,
        0.08720779418945312
    ],
    "prefill_percentiles": {
        "10": 0.08406896591186523,
        "25": 0.08463269472122192,
        "50": 0.08608126640319824,
        "75": 0.08725005388259888,
        "90": 0.08755021095275879
    },
    "avg_decode_latency": 0.031844902921606,
    "decode_latencies": [
        0.038151317172580294,
        0.02826314502292209,
        0.02871780925326877,
        0.03033243285285102,
        0.03038954734802246,
        0.02948549058702257,
        0.030185858408610027,
        0.030311081144544814,
        0.04566195276048449,
        0.030484596888224285,
        0.030296299192640517,
        0.029859304428100586
    ],
    "decode_percentiles": {
        "10": 0.028794577386644152,
        "25": 0.029765850967831083,
        "50": 0.030303690168592665,
        "75": 0.030413309733072918,
        "90": 0.0373846451441447
    }
}