{
    "avg_prefill_latency": 0.03801872332890829,
    "prefill_latencies": [
        0.03728842735290527,
        0.037425994873046875,
        0.039855241775512695,
        0.03761005401611328,
        0.0378262996673584,
        0.03763914108276367,
        0.0373539924621582,
        0.03679323196411133,
        0.03887462615966797,
        0.03774428367614746,
        0.03790283203125,
        0.03991055488586426
    ],
    "prefill_percentiles": {
        "10": 0.037294983863830566,
        "25": 0.03740799427032471,
        "50": 0.037691712379455566,
        "75": 0.03814578056335449,
        "90": 0.039757180213928225
    },
    "avg_decode_latency": 0.021580077983714918,
    "decode_latencies": [
        0.021574894587198894,
        0.020897759331597224,
        0.02075354258219401,
        0.020908461676703557,
        0.0222372743818495,
        0.034931315316094294,
        0.019750568601820204,
        0.019277016321818035,
        0.019252300262451172,
        0.02001765039232042,
        0.01995902591281467,
        0.019401126437717013
    ],
    "decode_percentiles": {
        "10": 0.019289427333407935,
        "25": 0.019663208060794406,
        "50": 0.020385596487257216,
        "75": 0.021075069904327393,
        "90": 0.02217103640238444
    }
}