{
    "avg_prefill_latency": 0.08138497670491536,
    "prefill_latencies": [
        0.07256031036376953,
        0.0732278823852539,
        0.0732872486114502,
        0.07309103012084961,
        0.09021544456481934,
        0.07376956939697266,
        0.07225394248962402,
        0.07288837432861328,
        0.14817428588867188,
        0.08081650733947754,
        0.0729985237121582,
        0.07333660125732422
    ],
    "prefill_percentiles": {
        "10": 0.0725931167602539,
        "25": 0.07297098636627197,
        "50": 0.07325756549835205,
        "75": 0.07553130388259888,
        "90": 0.08927555084228515
    },
    "avg_decode_latency": 0.04106409461409957,
    "decode_latencies": [
        0.03713615735371908,
        0.03875067498948839,
        0.042171610726250544,
        0.035001118977864586,
        0.03345709376864963,
        0.050013197792900935,
        0.03784208827548557,
        0.03765646616617838,
        0.05887211693657769,
        0.038329495324028864,
        0.045844713846842446,
        0.03769440121120877
    ],
    "decode_percentiles": {
        "10": 0.035214622815450035,
        "25": 0.03752638896306355,
        "50": 0.03808579179975721,
        "75": 0.04308988650639852,
        "90": 0.04959634939829509
    }
}