{
    "avg_prefill_latency": 0.08348111311594646,
    "prefill_latencies": [
        0.08278679847717285,
        0.08378291130065918,
        0.08285856246948242,
        0.08383011817932129,
        0.08294391632080078,
        0.0833735466003418,
        0.08676552772521973,
        0.08267569541931152,
        0.08324956893920898,
        0.08392333984375,
        0.08310270309448242,
        0.08248066902160645
    ],
    "prefill_percentiles": {
        "10": 0.08268680572509765,
        "25": 0.08284062147140503,
        "50": 0.0831761360168457,
        "75": 0.08379471302032471,
        "90": 0.08391401767730713
    },
    "avg_decode_latency": 0.035538390830711086,
    "decode_latencies": [
        0.043333318498399526,
        0.0322367615169949,
        0.03195510970221625,
        0.04138043191697863,
        0.03720556365119086,
        0.03219654824998644,
        0.04871177673339844,
        0.0318552123175727,
        0.03188527954949273,
        0.03224854999118381,
        0.03183653619554308,
        0.03161560164557563
    ],
    "decode_percentiles": {
        "10": 0.031838403807746045,
        "25": 0.03187776274151272,
        "50": 0.03221665488349067,
        "75": 0.03824928071763781,
        "90": 0.043138029840257434
    }
}