{
    "avg_prefill_latency": 0.09447872638702393,
    "prefill_latencies": [
        0.08934926986694336,
        0.08954691886901855,
        0.08941912651062012,
        0.10203838348388672,
        0.09009289741516113,
        0.10428285598754883,
        0.08990097045898438,
        0.11946344375610352,
        0.08954119682312012,
        0.08944320678710938,
        0.08930134773254395,
        0.09136509895324707
    ],
    "prefill_percentiles": {
        "10": 0.08935625553131103,
        "25": 0.08943718671798706,
        "50": 0.08972394466400146,
        "75": 0.09403342008590698,
        "90": 0.10405840873718261
    },
    "avg_decode_latency": 0.04344547677923132,
    "decode_latencies": [
        0.0450342231326633,
        0.04392872916327582,
        0.04171882735358344,
        0.046549320220947266,
        0.037375185224745006,
        0.041400750478108726,
        0.05096342828538683,
        0.03836178779602051,
        0.04321612252129449,
        0.04273886150783963,
        0.05178509818183051,
        0.038273387485080294
    ],
    "decode_percentiles": {
        "10": 0.038282227516174314,
        "25": 0.04064100980758667,
        "50": 0.04297749201456706,
        "75": 0.04541299740473429,
        "90": 0.050522017478942874
    }
}