{
    "avg_prefill_latency": 0.04451056321461996,
    "prefill_latencies": [
        0.05330204963684082,
        0.04293560981750488,
        0.044901132583618164,
        0.04445457458496094,
        0.04366660118103027,
        0.04297494888305664,
        0.043515682220458984,
        0.04418444633483887,
        0.04357743263244629,
        0.042955875396728516,
        0.04480719566345215,
        0.04285120964050293
    ],
    "prefill_percentiles": {
        "10": 0.042937636375427246,
        "25": 0.04297018051147461,
        "50": 0.04362201690673828,
        "75": 0.04454272985458374,
        "90": 0.044891738891601564
    },
    "avg_decode_latency": 0.023899093822196682,
    "decode_latencies": [
        0.02241418096754286,
        0.023105091518825956,
        0.03175889121161567,
        0.02370476722717285,
        0.021006769604153104,
        0.02465213669670953,
        0.021439419852362737,
        0.02551836437649197,
        0.02514301406012641,
        0.02198778258429633,
        0.02039488156636556,
        0.025663826200697158
    ],
    "decode_percentiles": {
        "10": 0.021050034628974066,
        "25": 0.021850691901312932,
        "50": 0.023404929372999404,
        "75": 0.0252368516392178,
        "90": 0.02564928001827664
    }
}