{
    "avg_prefill_latency": 0.05577560265858968,
    "prefill_latencies": [
        0.042040109634399414,
        0.042018890380859375,
        0.04155850410461426,
        0.0416722297668457,
        0.04314613342285156,
        0.04198956489562988,
        0.04311966896057129,
        0.04192829132080078,
        0.2056732177734375,
        0.04209780693054199,
        0.04194331169128418,
        0.042119503021240234
    ],
    "prefill_percentiles": {
        "10": 0.04169783592224121,
        "25": 0.04193955659866333,
        "50": 0.042029500007629395,
        "75": 0.042369544506073,
        "90": 0.043143486976623534
    },
    "avg_decode_latency": 0.029225397993017127,
    "decode_latencies": [
        0.02922134929233127,
        0.024502277374267578,
        0.030619038475884333,
        0.030207077662150066,
        0.024611234664916992,
        0.03648238711886936,
        0.03035108248392741,
        0.023967901865641277,
        0.03836862246195475,
        0.024070766237046983,
        0.028522782855563693,
        0.0297802554236518
    ],
    "decode_percentiles": {
        "10": 0.024113917350769044,
        "25": 0.02458399534225464,
        "50": 0.029500802357991535,
        "75": 0.03041807148191664,
        "90": 0.035896052254570855
    }
}