{
    "avg_prefill_latency": 0.0662191907564799,
    "prefill_latencies": [
        0.0651388168334961,
        0.06501030921936035,
        0.06541848182678223,
        0.0647735595703125,
        0.06587457656860352,
        0.07602095603942871,
        0.06601858139038086,
        0.06479811668395996,
        0.06524777412414551,
        0.06536054611206055,
        0.06601619720458984,
        0.06495237350463867
    ],
    "prefill_percentiles": {
        "10": 0.06481354236602783,
        "25": 0.06499582529067993,
        "50": 0.06530416011810303,
        "75": 0.0659099817276001,
        "90": 0.06601834297180176
    },
    "avg_decode_latency": 0.02872624220671477,
    "decode_latencies": [
        0.02613965670267741,
        0.02728091345893012,
        0.025989744398328993,
        0.02629685401916504,
        0.035722308688693576,
        0.027251111136542425,
        0.026834514405992296,
        0.025990088780721027,
        0.027906497319539387,
        0.04172319836086697,
        0.02707990010579427,
        0.02650011910332574
    ],
    "decode_percentiles": {
        "10": 0.026005045572916666,
        "25": 0.026257554690043133,
        "50": 0.026957207255893283,
        "75": 0.027437309424082436,
        "90": 0.03494072755177816
    }
}