{
    "avg_prefill_latency": 0.013317465782165527,
    "prefill_latencies": [
        0.013247966766357422,
        0.013307332992553711,
        0.013607978820800781,
        0.013326168060302734,
        0.013250350952148438,
        0.013247251510620117,
        0.013397455215454102,
        0.013438224792480469,
        0.01325225830078125,
        0.013235330581665039,
        0.013213872909545898,
        0.013285398483276367
    ],
    "prefill_percentiles": {
        "10": 0.013236522674560547,
        "25": 0.013247787952423096,
        "50": 0.013268828392028809,
        "75": 0.013343989849090576,
        "90": 0.013434147834777832
    },
    "avg_decode_latency": 0.013265810630939625,
    "decode_latencies": [
        0.013388289345635308,
        0.013195461697048612,
        0.013295782936943902,
        0.013247701856825087,
        0.013414939244588217,
        0.013437085681491427,
        0.013142479790581597,
        0.013123353322347006,
        0.01324854956732856,
        0.013147354125976562,
        0.013393110699123807,
        0.013155619303385416
    ],
    "decode_percentiles": {
        "10": 0.013142967224121093,
        "25": 0.013153553009033203,
        "50": 0.013248125712076824,
        "75": 0.013389494684007432,
        "90": 0.013412756390041776
    }
}