{
    "avg_prefill_latency": 0.06724586089452107,
    "prefill_latencies": [
        0.06289982795715332,
        0.06374216079711914,
        0.08170413970947266,
        0.06260848045349121,
        0.0629584789276123,
        0.07674860954284668,
        0.0621027946472168,
        0.06352043151855469,
        0.0626983642578125,
        0.0624079704284668,
        0.06461000442504883,
        0.08094906806945801
    ],
    "prefill_percentiles": {
        "10": 0.06242802143096924,
        "25": 0.06267589330673218,
        "50": 0.0632394552230835,
        "75": 0.06764465570449829,
        "90": 0.08052902221679688
    },
    "avg_decode_latency": 0.03796830000700774,
    "decode_latencies": [
        0.03938153054979113,
        0.03043145603603787,
        0.030097087224324543,
        0.037052154541015625,
        0.0420277648501926,
        0.03387777010599772,
        0.035418722364637584,
        0.03530743387010363,
        0.041676733228895396,
        0.058977603912353516,
        0.030418899324205186,
        0.040952444076538086
    ],
    "decode_percentiles": {
        "10": 0.030420154995388454,
        "25": 0.03301619158850776,
        "50": 0.036235438452826604,
        "75": 0.041133516364627414,
        "90": 0.04199266168806288
    }
}