{
    "avg_prefill_latency": 0.06981537739435832,
    "prefill_latencies": [
        0.06723880767822266,
        0.06700682640075684,
        0.0677025318145752,
        0.06759119033813477,
        0.06828689575195312,
        0.07409834861755371,
        0.06868886947631836,
        0.06921172142028809,
        0.08055877685546875,
        0.06864070892333984,
        0.07032227516174316,
        0.06843757629394531
    ],
    "prefill_percentiles": {
        "10": 0.06727404594421386,
        "25": 0.06767469644546509,
        "50": 0.06853914260864258,
        "75": 0.06948935985565186,
        "90": 0.07372074127197266
    },
    "avg_decode_latency": 0.021044481683660438,
    "decode_latencies": [
        0.016497135162353516,
        0.017219516966078017,
        0.016013145446777344,
        0.017411894268459745,
        0.025855514738294814,
        0.020059982935587566,
        0.023192750083075628,
        0.020395225948757596,
        0.027723842196994357,
        0.022247287962171767,
        0.02393560939364963,
        0.02198187510172526
    ],
    "decode_percentiles": {
        "10": 0.016569373342725967,
        "25": 0.017363799942864314,
        "50": 0.021188550525241427,
        "75": 0.023378464910719127,
        "90": 0.025663524203830296
    }
}