{
    "avg_prefill_latency": 0.10193244616190593,
    "prefill_latencies": [
        0.09096193313598633,
        0.09064030647277832,
        0.09099841117858887,
        0.09075617790222168,
        0.09120750427246094,
        0.09091067314147949,
        0.12143945693969727,
        0.18401002883911133,
        0.09236955642700195,
        0.0908350944519043,
        0.09085464477539062,
        0.09820556640625
    ],
    "prefill_percentiles": {
        "10": 0.09076406955718994,
        "25": 0.09084975719451904,
        "50": 0.0909801721572876,
        "75": 0.09382855892181396,
        "90": 0.11911606788635255
    },
    "avg_decode_latency": 0.018209322735115333,
    "decode_latencies": [
        0.015932401021321613,
        0.01657978693644206,
        0.01569297578599718,
        0.020940224329630535,
        0.015595568550957574,
        0.015595330132378472,
        0.015524890687730577,
        0.030862993664211698,
        0.015675571229722764,
        0.019731442133585613,
        0.015473153856065538,
        0.020907534493340388
    ],
    "decode_percentiles": {
        "10": 0.015531934632195366,
        "25": 0.015595508946312798,
        "50": 0.015812688403659396,
        "75": 0.020025465223524306,
        "90": 0.02093695534600152
    }
}