{
    "avg_prefill_latency": 0.05123370885848999,
    "prefill_latencies": [
        0.05155444145202637,
        0.05088663101196289,
        0.05228090286254883,
        0.05101609230041504,
        0.05114865303039551,
        0.05074954032897949,
        0.05138349533081055,
        0.05222797393798828,
        0.050713300704956055,
        0.05102229118347168,
        0.050920724868774414,
        0.05090045928955078
    ],
    "prefill_percentiles": {
        "10": 0.05076324939727783,
        "25": 0.05089700222015381,
        "50": 0.05101919174194336,
        "75": 0.0514262318611145,
        "90": 0.05216062068939209
    },
    "avg_decode_latency": 0.02273176555280332,
    "decode_latencies": [
        0.022479772567749023,
        0.016290373272365995,
        0.020030657450358074,
        0.02584279908074273,
        0.02378567059834798,
        0.04104871220058865,
        0.023274156782362197,
        0.02088631523980035,
        0.017903645833333332,
        0.021994166904025607,
        0.022636757956610784,
        0.016608158747355144
    ],
    "decode_percentiles": {
        "10": 0.016737707455952964,
        "25": 0.01949890454610189,
        "50": 0.022236969735887315,
        "75": 0.023402035236358643,
        "90": 0.025637086232503256
    }
}