{
    "avg_prefill_latency": 0.2447942097981771,
    "prefill_latencies": [
        0.24060583114624023,
        0.2431321144104004,
        0.2424931526184082,
        0.24590516090393066,
        0.2535991668701172,
        0.2430429458618164,
        0.24531292915344238,
        0.24163079261779785,
        0.24428009986877441,
        0.25609803199768066,
        0.24050188064575195,
        0.24092841148376465
    ],
    "prefill_percentiles": {
        "10": 0.2406380891799927,
        "25": 0.24145519733428955,
        "50": 0.2430875301361084,
        "75": 0.24546098709106445,
        "90": 0.2528297662734985
    },
    "avg_decode_latency": 0.021889783717967844,
    "decode_latencies": [
        0.022272957695855036,
        0.021699905395507812,
        0.02438211441040039,
        0.018686850865681965,
        0.01964447233412001,
        0.02261829376220703,
        0.01949686474270291,
        0.02221038606431749,
        0.018617974387274847,
        0.01963056458367242,
        0.021268261803521052,
        0.03214875857035319
    ],
    "decode_percentiles": {
        "10": 0.01876785225338406,
        "25": 0.019597139623430043,
        "50": 0.021484083599514432,
        "75": 0.022359291712443035,
        "90": 0.024205732345581054
    }
}