{
    "avg_prefill_latency": 0.06563442945480347,
    "prefill_latencies": [
        0.06440997123718262,
        0.06409597396850586,
        0.07836079597473145,
        0.06435585021972656,
        0.06498265266418457,
        0.06414079666137695,
        0.06445026397705078,
        0.06453084945678711,
        0.06503963470458984,
        0.06442666053771973,
        0.06452226638793945,
        0.06429743766784668
    ],
    "prefill_percentiles": {
        "10": 0.06415646076202393,
        "25": 0.06434124708175659,
        "50": 0.06443846225738525,
        "75": 0.06464380025863647,
        "90": 0.06503393650054931
    },
    "avg_decode_latency": 0.017951678346704556,
    "decode_latencies": [
        0.021239148245917425,
        0.016418298085530598,
        0.017763005362616643,
        0.016809013154771592,
        0.017722606658935547,
        0.017375204298231337,
        0.018637577692667644,
        0.01794335577223036,
        0.01644322607252333,
        0.016486167907714844,
        0.016404522789849177,
        0.022178014119466145
    ],
    "decode_percentiles": {
        "10": 0.01642079088422987,
        "25": 0.016475432448916964,
        "50": 0.01754890547858344,
        "75": 0.018116911252339683,
        "90": 0.020978991190592447
    }
}