{
    "avg_prefill_latency": 0.04063733418782552,
    "prefill_latencies": [
        0.03210139274597168,
        0.028974533081054688,
        0.029001235961914062,
        0.028995990753173828,
        0.029122114181518555,
        0.02897024154663086,
        0.029434919357299805,
        0.16214990615844727,
        0.029578208923339844,
        0.029565811157226562,
        0.02951979637145996,
        0.03023386001586914
    ],
    "prefill_percentiles": {
        "10": 0.0289766788482666,
        "25": 0.028999924659729004,
        "50": 0.029477357864379883,
        "75": 0.029742121696472168,
        "90": 0.03191463947296143
    },
    "avg_decode_latency": 0.018225987752278648,
    "decode_latencies": [
        0.018138435151841905,
        0.020463678571912978,
        0.015645371543036565,
        0.018963972727457683,
        0.01552491717868381,
        0.019693003760443792,
        0.020621458689371746,
        0.016396496031019423,
        0.021510203679402668,
        0.015975157419840496,
        0.019634856118096247,
        0.016144302156236436
    ],
    "decode_percentiles": {
        "10": 0.01567835013071696,
        "25": 0.01610201597213745,
        "50": 0.018551203939649794,
        "75": 0.019885672463311087,
        "90": 0.02060568067762587
    }
}