{
    "avg_prefill_latency": 0.020049015680948894,
    "prefill_latencies": [
        0.018561363220214844,
        0.021786928176879883,
        0.02143692970275879,
        0.018596410751342773,
        0.02232193946838379,
        0.018842697143554688,
        0.01861286163330078,
        0.01916670799255371,
        0.019997596740722656,
        0.020173072814941406,
        0.019160985946655273,
        0.021930694580078125
    ],
    "prefill_percentiles": {
        "10": 0.018598055839538573,
        "25": 0.01878523826599121,
        "50": 0.019582152366638184,
        "75": 0.021524429321289062,
        "90": 0.0219163179397583
    },
    "avg_decode_latency": 0.017681711249881323,
    "decode_latencies": [
        0.015630483627319336,
        0.01562356948852539,
        0.015777614381578233,
        0.015788131290011935,
        0.03889958063761393,
        0.01585425270928277,
        0.01588596238030328,
        0.01603025860256619,
        0.015645530488755967,
        0.01570733388264974,
        0.01589255862765842,
        0.015445258882310655
    ],
    "decode_percentiles": {
        "10": 0.015624260902404786,
        "25": 0.01564176877339681,
        "50": 0.015782872835795082,
        "75": 0.015887611442142062,
        "90": 0.016016488605075412
    }
}