{
    "avg_prefill_latency": 0.1199260950088501,
    "prefill_latencies": [
        0.11352992057800293,
        0.11362266540527344,
        0.11321854591369629,
        0.1543562412261963,
        0.12875127792358398,
        0.1191399097442627,
        0.11352324485778809,
        0.11551403999328613,
        0.11390042304992676,
        0.11628866195678711,
        0.1146998405456543,
        0.12256836891174316
    ],
    "prefill_percentiles": {
        "10": 0.11352391242980957,
        "25": 0.11359947919845581,
        "50": 0.11510694026947021,
        "75": 0.11999702453613281,
        "90": 0.1281329870223999
    },
    "avg_decode_latency": 0.04554229974746704,
    "decode_latencies": [
        0.04549487431844076,
        0.0443723996480306,
        0.047113153669569224,
        0.03981177012125651,
        0.04670212003919813,
        0.04705405235290527,
        0.03725255860222711,
        0.03982785012986925,
        0.0728559758928087,
        0.03841100798712836,
        0.039521217346191406,
        0.048090616861979164
    ],
    "decode_percentiles": {
        "10": 0.03852202892303467,
        "25": 0.039739131927490234,
        "50": 0.04493363698323568,
        "75": 0.04706882768207126,
        "90": 0.047992870542738174
    }
}