{
    "avg_prefill_latency": 0.1952060659726461,
    "prefill_latencies": [
        0.18604803085327148,
        0.18864655494689941,
        0.18729853630065918,
        0.18460679054260254,
        0.18947553634643555,
        0.18891501426696777,
        0.18895602226257324,
        0.27195072174072266,
        0.18753385543823242,
        0.19249796867370605,
        0.18910861015319824,
        0.18743515014648438
    ],
    "prefill_percentiles": {
        "10": 0.18617308139801025,
        "25": 0.18740099668502808,
        "50": 0.1887807846069336,
        "75": 0.18920034170150757,
        "90": 0.19219572544097902
    },
    "avg_decode_latency": 0.03544588000686081,
    "decode_latencies": [
        0.03215943442450629,
        0.031735526190863714,
        0.04229738977220324,
        0.03319305843777127,
        0.0347845024532742,
        0.03412718243069119,
        0.03481499354044596,
        0.03481655650668674,
        0.03442411952548557,
        0.03470990392896864,
        0.034934282302856445,
        0.04335361056857639
    ],
    "decode_percentiles": {
        "10": 0.03226279682583279,
        "25": 0.03389365143246121,
        "50": 0.034747203191121415,
        "75": 0.034845987955729164,
        "90": 0.04156107902526856
    }
}