{
    "avg_prefill_latency": 0.16681001583735147,
    "prefill_latencies": [
        0.16496062278747559,
        0.18439197540283203,
        0.16440391540527344,
        0.16480207443237305,
        0.16412973403930664,
        0.16384291648864746,
        0.1700448989868164,
        0.1641221046447754,
        0.16895484924316406,
        0.16452503204345703,
        0.1633288860321045,
        0.1642131805419922
    ],
    "prefill_percentiles": {
        "10": 0.16387083530426025,
        "25": 0.16412782669067383,
        "50": 0.16446447372436523,
        "75": 0.1659591794013977,
        "90": 0.16993589401245118
    },
    "avg_decode_latency": 0.04318050764225148,
    "decode_latencies": [
        0.05013887087504069,
        0.03634847535027398,
        0.03756300608317057,
        0.05400223202175564,
        0.04480083783467611,
        0.042113913430107966,
        0.05253937509324816,
        0.03808752695719401,
        0.03797022501627604,
        0.04779007699754503,
        0.03841659757826063,
        0.03839495446946886
    ],
    "decode_percentiles": {
        "10": 0.037603727976481115,
        "25": 0.038058201471964516,
        "50": 0.0402652555041843,
        "75": 0.048377275466918945,
        "90": 0.052299324671427415
    }
}