{
    "avg_prefill_latency": 0.29511356353759766,
    "prefill_latencies": [
        0.2843494415283203,
        0.28160953521728516,
        0.2851114273071289,
        0.28363609313964844,
        0.2858583927154541,
        0.28331875801086426,
        0.2845747470855713,
        0.28825998306274414,
        0.2874031066894531,
        0.4060335159301758,
        0.2842886447906494,
        0.28691911697387695
    ],
    "prefill_percentiles": {
        "10": 0.2833504915237427,
        "25": 0.28412550687789917,
        "50": 0.2848430871963501,
        "75": 0.287040114402771,
        "90": 0.28817429542541506
    },
    "avg_decode_latency": 0.04833896292580498,
    "decode_latencies": [
        0.041726907094319664,
        0.05212391747368707,
        0.042842706044514976,
        0.05627168549431695,
        0.04493493503994412,
        0.0506744384765625,
        0.0421141783396403,
        0.05422234535217285,
        0.04579231474134657,
        0.04570603370666504,
        0.04546729723612467,
        0.05819079611036512
    ],
    "decode_percentiles": {
        "10": 0.04218703111012777,
        "25": 0.04441187779108684,
        "50": 0.045749174224005804,
        "75": 0.05264852444330852,
        "90": 0.05606675148010254
    }
}