{
    "avg_prefill_latency": 0.03783156474431356,
    "prefill_latencies": [
        0.03719687461853027,
        0.03704118728637695,
        0.03780841827392578,
        0.045443058013916016,
        0.03768038749694824,
        0.03661322593688965,
        0.03752422332763672,
        0.03712892532348633,
        0.03786516189575195,
        0.03666234016418457,
        0.03628897666931152,
        0.03672599792480469
    ],
    "prefill_percentiles": {
        "10": 0.03661813735961914,
        "25": 0.03671008348464966,
        "50": 0.0371628999710083,
        "75": 0.03771239519119263,
        "90": 0.03785948753356934
    },
    "avg_decode_latency": 0.023277940573515715,
    "decode_latencies": [
        0.02481834093729655,
        0.030140532387627497,
        0.022986809412638348,
        0.024255037307739258,
        0.029003567165798612,
        0.024147510528564453,
        0.02510857582092285,
        0.017867326736450195,
        0.01798314518398709,
        0.023897118038601346,
        0.021808703740437824,
        0.017318619622124568
    ],
    "decode_percentiles": {
        "10": 0.017878908581203886,
        "25": 0.02085231410132514,
        "50": 0.0240223142835829,
        "75": 0.024890899658203125,
        "90": 0.028614068031311037
    }
}