{
    "avg_prefill_latency": 0.018099665641784668,
    "prefill_latencies": [
        0.017827272415161133,
        0.018232107162475586,
        0.018206357955932617,
        0.01879262924194336,
        0.018689393997192383,
        0.017884254455566406,
        0.017943382263183594,
        0.01825547218322754,
        0.017868757247924805,
        0.017915725708007812,
        0.01789379119873047,
        0.017686843872070312
    ],
    "prefill_percentiles": {
        "10": 0.0178314208984375,
        "25": 0.017880380153656006,
        "50": 0.017929553985595703,
        "75": 0.018237948417663574,
        "90": 0.0186460018157959
    },
    "avg_decode_latency": 0.014193914554737235,
    "decode_latencies": [
        0.014590104420979818,
        0.014500141143798828,
        0.01504116588168674,
        0.014455927742852105,
        0.014012681113349067,
        0.01390308803982205,
        0.014090326097276475,
        0.013983567555745443,
        0.013875087102254232,
        0.014119227727254232,
        0.013834529452853732,
        0.013921128378974067
    ],
    "decode_percentiles": {
        "10": 0.013877887196011015,
        "25": 0.013916618294186063,
        "50": 0.014051503605312772,
        "75": 0.014466981093088785,
        "90": 0.01458110809326172
    }
}