{
    "avg_prefill_latency": 0.18343559900919595,
    "prefill_latencies": [
        0.18210625648498535,
        0.18297672271728516,
        0.18312406539916992,
        0.18244647979736328,
        0.18349456787109375,
        0.1851482391357422,
        0.18371105194091797,
        0.18386316299438477,
        0.18515253067016602,
        0.1832892894744873,
        0.18214750289916992,
        0.18376731872558594
    ],
    "prefill_percentiles": {
        "10": 0.18217740058898926,
        "25": 0.1828441619873047,
        "50": 0.18339192867279053,
        "75": 0.18379127979278564,
        "90": 0.18501973152160645
    },
    "avg_decode_latency": 0.03887257752595124,
    "decode_latencies": [
        0.03482951058281793,
        0.03497722413804796,
        0.04321840074327257,
        0.03607124752468533,
        0.04400957955254449,
        0.040893766615125865,
        0.0379536681705051,
        0.04576871130201551,
        0.03588713539971246,
        0.042595757378472224,
        0.03499242994520399,
        0.0352734989590115
    ],
    "decode_percentiles": {
        "10": 0.03497874471876357,
        "25": 0.035203231705559626,
        "50": 0.037012457847595215,
        "75": 0.04275141821967231,
        "90": 0.0439304616716173
    }
}