{
    "avg_prefill_latency": 0.035909692446390785,
    "prefill_latencies": [
        0.0359954833984375,
        0.03566622734069824,
        0.03626203536987305,
        0.03609442710876465,
        0.036086320877075195,
        0.03529548645019531,
        0.035782575607299805,
        0.03610491752624512,
        0.036123037338256836,
        0.03573012351989746,
        0.035771846771240234,
        0.036003828048706055
    ],
    "prefill_percentiles": {
        "10": 0.03567261695861816,
        "25": 0.03576141595840454,
        "50": 0.03599965572357178,
        "75": 0.036097049713134766,
        "90": 0.03612122535705566
    },
    "avg_decode_latency": 0.018922434912787542,
    "decode_latencies": [
        0.016562011506822374,
        0.02183630731370714,
        0.016979058583577473,
        0.021369960572984483,
        0.016448974609375,
        0.02009545432196723,
        0.01769044664171007,
        0.021982590357462566,
        0.017968840069240995,
        0.016704532835218642,
        0.02261286311679416,
        0.016818179024590388
    ],
    "decode_percentiles": {
        "10": 0.016576263639662,
        "25": 0.01678976747724745,
        "50": 0.01782964335547553,
        "75": 0.021486547258165147,
        "90": 0.021967962053087025
    }
}