{
    "avg_prefill_latency": 0.09475896755854289,
    "prefill_latencies": [
        0.10503745079040527,
        0.11912870407104492,
        0.08981466293334961,
        0.09021759033203125,
        0.09010767936706543,
        0.08948612213134766,
        0.09011387825012207,
        0.08961939811706543,
        0.0899052619934082,
        0.10517024993896484,
        0.08923912048339844,
        0.08926749229431152
    ],
    "prefill_percentiles": {
        "10": 0.08928935527801514,
        "25": 0.08958607912063599,
        "50": 0.09000647068023682,
        "75": 0.09392255544662476,
        "90": 0.10515697002410888
    },
    "avg_decode_latency": 0.028648751753347895,
    "decode_latencies": [
        0.02853279643588596,
        0.02905106544494629,
        0.03155814276801215,
        0.02757559882269965,
        0.02718920177883572,
        0.030873987409803603,
        0.02863425678677029,
        0.027634011374579534,
        0.027801911036173504,
        0.02365732192993164,
        0.03515452808803982,
        0.026122199164496526
    ],
    "decode_percentiles": {
        "10": 0.026228899425930447,
        "25": 0.02747899956173367,
        "50": 0.02816735373602973,
        "75": 0.029506795936160617,
        "90": 0.031489727232191296
    }
}