{
    "avg_prefill_latency": 0.024015307426452637,
    "prefill_latencies": [
        0.023784637451171875,
        0.0238192081451416,
        0.023699283599853516,
        0.023712873458862305,
        0.023908138275146484,
        0.023859739303588867,
        0.023801803588867188,
        0.023824691772460938,
        0.02591538429260254,
        0.023815631866455078,
        0.02377772331237793,
        0.02426457405090332
    ],
    "prefill_percentiles": {
        "10": 0.023719358444213866,
        "25": 0.02378290891647339,
        "50": 0.02381742000579834,
        "75": 0.02387183904647827,
        "90": 0.024228930473327637
    },
    "avg_decode_latency": 0.016591593071266456,
    "decode_latencies": [
        0.01655422316657172,
        0.01676760779486762,
        0.016458961698744033,
        0.016369183858235676,
        0.016550514433119033,
        0.016693141725328233,
        0.016732003953721788,
        0.016657776302761503,
        0.01669491661919488,
        0.01661048995123969,
        0.016573799981011286,
        0.01643649737040202
    ],
    "decode_percentiles": {
        "10": 0.01643874380323622,
        "25": 0.016527626249525283,
        "50": 0.01659214496612549,
        "75": 0.016693585448794894,
        "90": 0.0167282952202691
    }
}