{
    "avg_prefill_latency": 0.08783531188964844,
    "prefill_latencies": [
        0.08092856407165527,
        0.12719130516052246,
        0.08414220809936523,
        0.08111357688903809,
        0.08044767379760742,
        0.10323977470397949,
        0.09328746795654297,
        0.08091545104980469,
        0.08063459396362305,
        0.08024930953979492,
        0.0807487964630127,
        0.08112502098083496
    ],
    "prefill_percentiles": {
        "10": 0.08046636581420899,
        "25": 0.08072024583816528,
        "50": 0.08102107048034668,
        "75": 0.08642852306365967,
        "90": 0.10224454402923584
    },
    "avg_decode_latency": 0.03128217547028153,
    "decode_latencies": [
        0.02592627207438151,
        0.025669018427530926,
        0.03135760625203451,
        0.03281924459669325,
        0.02708305252922906,
        0.03458311822679308,
        0.026298628913031682,
        0.0324306223127577,
        0.03242190678914388,
        0.03168111377292209,
        0.046426508161756724,
        0.028689013587103948
    ],
    "decode_percentiles": {
        "10": 0.02596350775824653,
        "25": 0.026886946625179715,
        "50": 0.0315193600124783,
        "75": 0.03252777788374159,
        "90": 0.0344067308637831
    }
}