{
    "avg_prefill_latency": 0.060290753841400146,
    "prefill_latencies": [
        0.06017255783081055,
        0.060569047927856445,
        0.060300350189208984,
        0.059987545013427734,
        0.060175180435180664,
        0.06024622917175293,
        0.0600581169128418,
        0.06019902229309082,
        0.0607600212097168,
        0.060292720794677734,
        0.06061363220214844,
        0.06011462211608887
    ],
    "prefill_percentiles": {
        "10": 0.06006376743316651,
        "25": 0.06015807390213013,
        "50": 0.060222625732421875,
        "75": 0.06036752462387085,
        "90": 0.060609173774719236
    },
    "avg_decode_latency": 0.024190622347372546,
    "decode_latencies": [
        0.023291693793402776,
        0.023124588860405818,
        0.023410558700561523,
        0.023083872265285917,
        0.023355431026882596,
        0.022890488306681316,
        0.023334662119547527,
        0.03413769933912489,
        0.02333423826429579,
        0.023143794801500108,
        0.023913039101494685,
        0.023267401589287653
    ],
    "decode_percentiles": {
        "10": 0.023087943924797908,
        "25": 0.023138993316226535,
        "50": 0.02331296602884928,
        "75": 0.02336921294530233,
        "90": 0.023862791061401368
    }
}