{
    "avg_prefill_latency": 0.014575103918711344,
    "prefill_latencies": [
        0.013779163360595703,
        0.013528585433959961,
        0.013869524002075195,
        0.01693105697631836,
        0.013075113296508789,
        0.016813993453979492,
        0.017479658126831055,
        0.015804290771484375,
        0.013399600982666016,
        0.014113426208496094,
        0.013089418411254883,
        0.013017416000366211
    ],
    "prefill_percentiles": {
        "10": 0.013076543807983398,
        "25": 0.013322055339813232,
        "50": 0.01382434368133545,
        "75": 0.016056716442108154,
        "90": 0.01691935062408447
    },
    "avg_decode_latency": 0.013600298651942498,
    "decode_latencies": [
        0.013376633326212565,
        0.013593726687961154,
        0.013302485148111979,
        0.01372996966044108,
        0.015056159761216905,
        0.015143341488308378,
        0.014105902777777778,
        0.013004011578030057,
        0.013020224041408963,
        0.01294602288140191,
        0.012936883502536349,
        0.012988222969902886
    ],
    "decode_percentiles": {
        "10": 0.012950242890252006,
        "25": 0.013000064425998265,
        "50": 0.013339559237162272,
        "75": 0.013823952939775255,
        "90": 0.014961134062872992
    }
}