{
    "avg_prefill_latency": 0.18060386180877686,
    "prefill_latencies": [
        0.1799013614654541,
        0.17981481552124023,
        0.1795668601989746,
        0.179671049118042,
        0.18242812156677246,
        0.18058347702026367,
        0.18022418022155762,
        0.18061375617980957,
        0.18204641342163086,
        0.1807231903076172,
        0.1801910400390625,
        0.18148207664489746
    ],
    "prefill_percentiles": {
        "10": 0.17968542575836183,
        "25": 0.17987972497940063,
        "50": 0.18040382862091064,
        "75": 0.18091291189193726,
        "90": 0.18198997974395753
    },
    "avg_decode_latency": 0.016849358876546223,
    "decode_latencies": [
        0.016364177068074543,
        0.016217337714301214,
        0.016436470879448786,
        0.015992058648003474,
        0.017254882388644747,
        0.016553163528442383,
        0.016400575637817383,
        0.017108254962497287,
        0.021782557169596355,
        0.01625370979309082,
        0.01616146829393175,
        0.015667650434705947
    ],
    "decode_percentiles": {
        "10": 0.016008999612596303,
        "25": 0.01620337035920885,
        "50": 0.01638237635294596,
        "75": 0.01669193638695611,
        "90": 0.01724021964603
    }
}