{
    "avg_prefill_latency": 0.18558597564697266,
    "prefill_latencies": [
        0.18583202362060547,
        0.18595457077026367,
        0.18494677543640137,
        0.18626618385314941,
        0.1866743564605713,
        0.1847681999206543,
        0.18564510345458984,
        0.18471932411193848,
        0.18588876724243164,
        0.18590021133422852,
        0.18441510200500488,
        0.186021089553833
    ],
    "prefill_percentiles": {
        "10": 0.18472421169281006,
        "25": 0.1849021315574646,
        "50": 0.18586039543151855,
        "75": 0.185971200466156,
        "90": 0.18624167442321776
    },
    "avg_decode_latency": 0.015553871790568033,
    "decode_latencies": [
        0.015515274471706815,
        0.01547339227464464,
        0.015496386422051324,
        0.015537394417656792,
        0.01564923922220866,
        0.015799760818481445,
        0.01561035050286187,
        0.015513340632120768,
        0.015516519546508789,
        0.015496757295396592,
        0.015450663036770292,
        0.01558738284640842
    ],
    "decode_percentiles": {
        "10": 0.015475691689385307,
        "25": 0.015496664577060275,
        "50": 0.015515897009107802,
        "75": 0.015593124760521783,
        "90": 0.015645350350273982
    }
}