{
    "avg_prefill_latency": 0.09615325927734375,
    "prefill_latencies": [
        0.09601187705993652,
        0.0964975357055664,
        0.09589433670043945,
        0.09660458564758301,
        0.09618568420410156,
        0.09627032279968262,
        0.09520149230957031,
        0.09649205207824707,
        0.09633660316467285,
        0.0963585376739502,
        0.09546494483947754,
        0.09652113914489746
    ],
    "prefill_percentiles": {
        "10": 0.09550788402557372,
        "25": 0.09598249197006226,
        "50": 0.09630346298217773,
        "75": 0.0964934229850769,
        "90": 0.09651877880096435
    },
    "avg_decode_latency": 0.014362397017302337,
    "decode_latencies": [
        0.014508194393581815,
        0.014424827363755967,
        0.01427928606669108,
        0.014327287673950195,
        0.014337990019056533,
        0.014312717649671767,
        0.014502525329589844,
        0.014340400695800781,
        0.014382335874769423,
        0.01435708999633789,
        0.01434999042087131,
        0.014226118723551432
    ],
    "decode_percentiles": {
        "10": 0.014282629224989149,
        "25": 0.014323645167880587,
        "50": 0.014345195558336046,
        "75": 0.01439295874701606,
        "90": 0.014494755533006456
    }
}