{
    "avg_prefill_latency": 0.15605072180430093,
    "prefill_latencies": [
        0.15256357192993164,
        0.1518709659576416,
        0.15176892280578613,
        0.15290403366088867,
        0.1517629623413086,
        0.18300795555114746,
        0.15373015403747559,
        0.15207266807556152,
        0.15105795860290527,
        0.16903448104858398,
        0.1513805389404297,
        0.15145444869995117
    ],
    "prefill_percentiles": {
        "10": 0.15138792991638184,
        "25": 0.15168583393096924,
        "50": 0.15197181701660156,
        "75": 0.1531105637550354,
        "90": 0.16750404834747315
    },
    "avg_decode_latency": 0.03681251958564476,
    "decode_latencies": [
        0.031283272637261286,
        0.038919687271118164,
        0.03142107857598199,
        0.03861236572265625,
        0.037176291147867836,
        0.043581247329711914,
        0.03151988983154297,
        0.05642207463582357,
        0.031973335478040904,
        0.031629721323649086,
        0.029397514131334092,
        0.03981375694274902
    ],
    "decode_percentiles": {
        "10": 0.031297053231133354,
        "25": 0.03149518701765272,
        "50": 0.03457481331295437,
        "75": 0.03914320468902588,
        "90": 0.04320449829101563
    }
}