{
    "avg_prefill_latency": 0.15058112144470215,
    "prefill_latencies": [
        0.14702057838439941,
        0.15755558013916016,
        0.14731574058532715,
        0.17482972145080566,
        0.14707231521606445,
        0.1477961540222168,
        0.14776396751403809,
        0.1473541259765625,
        0.1474931240081787,
        0.14789342880249023,
        0.147475004196167,
        0.14740371704101562
    ],
    "prefill_percentiles": {
        "10": 0.14709665775299072,
        "25": 0.14734452962875366,
        "50": 0.14748406410217285,
        "75": 0.14782047271728516,
        "90": 0.15658936500549317
    },
    "avg_decode_latency": 0.02405113644070096,
    "decode_latencies": [
        0.0216677188873291,
        0.021645016140407987,
        0.03071252504984538,
        0.02150596512688531,
        0.02185813585917155,
        0.02658261193169488,
        0.027142842610677082,
        0.022412776947021484,
        0.021962218814425997,
        0.025446732838948567,
        0.0259707768758138,
        0.02170631620619032
    ],
    "decode_percentiles": {
        "10": 0.0216472864151001,
        "25": 0.021696666876475017,
        "50": 0.02218749788072374,
        "75": 0.02612373563978407,
        "90": 0.02708681954277886
    }
}