{
    "avg_prefill_latency": 0.06453533967336018,
    "prefill_latencies": [
        0.058618783950805664,
        0.058281660079956055,
        0.05852103233337402,
        0.05879521369934082,
        0.0588383674621582,
        0.05933690071105957,
        0.09198856353759766,
        0.05874276161193848,
        0.0584867000579834,
        0.05862116813659668,
        0.09564590454101562,
        0.058547019958496094
    ],
    "prefill_percentiles": {
        "10": 0.05849013328552246,
        "25": 0.058540523052215576,
        "50": 0.05868196487426758,
        "75": 0.058963000774383545,
        "90": 0.08872339725494385
    },
    "avg_decode_latency": 0.021607217965302645,
    "decode_latencies": [
        0.016956753200954862,
        0.03322394688924154,
        0.017665969000922307,
        0.017848597632514104,
        0.024107933044433594,
        0.01758538352118598,
        0.038620048099093966,
        0.017676803800794814,
        0.024144755469428167,
        0.01729517512851291,
        0.01679041650560167,
        0.01737083329094781
    ],
    "decode_percentiles": {
        "10": 0.016990595393710665,
        "25": 0.017351918750339083,
        "50": 0.01767138640085856,
        "75": 0.024117138650682237,
        "90": 0.0323160277472602
    }
}