{
    "avg_prefill_latency": 0.019732435544331867,
    "prefill_latencies": [
        0.0196382999420166,
        0.019112586975097656,
        0.019512414932250977,
        0.02057814598083496,
        0.021379470825195312,
        0.01913285255432129,
        0.019096851348876953,
        0.020060300827026367,
        0.01911616325378418,
        0.019234180450439453,
        0.019141435623168945,
        0.020786523818969727
    ],
    "prefill_percentiles": {
        "10": 0.01911294460296631,
        "25": 0.01912868022918701,
        "50": 0.019373297691345215,
        "75": 0.020189762115478516,
        "90": 0.02076568603515625
    },
    "avg_decode_latency": 0.01717279796247129,
    "decode_latencies": [
        0.015858570734659832,
        0.015925698810153537,
        0.017009761598375108,
        0.03130931324428982,
        0.015834887822469074,
        0.015761401918199327,
        0.01588228013780382,
        0.015615913603040908,
        0.015857034259372287,
        0.01565708054436578,
        0.01576542854309082,
        0.015596204333835177
    ],
    "decode_percentiles": {
        "10": 0.015620030297173395,
        "25": 0.01573532157474094,
        "50": 0.015845961040920682,
        "75": 0.01589313480589125,
        "90": 0.01690135531955295
    }
}