{
    "avg_prefill_latency": 0.3111297090848287,
    "prefill_latencies": [
        0.3117547035217285,
        0.3086979389190674,
        0.30864596366882324,
        0.3129298686981201,
        0.3133506774902344,
        0.30960536003112793,
        0.31128668785095215,
        0.31267476081848145,
        0.3094601631164551,
        0.3115267753601074,
        0.312793493270874,
        0.31083011627197266
    ],
    "prefill_percentiles": {
        "10": 0.30877416133880614,
        "25": 0.3095690608024597,
        "50": 0.3114067316055298,
        "75": 0.3127044439315796,
        "90": 0.3129162311553955
    },
    "avg_decode_latency": 0.030714004128067577,
    "decode_latencies": [
        0.03755566808912489,
        0.030397997962103948,
        0.030505021413167317,
        0.028208335240681965,
        0.02938124868604872,
        0.028603421317206487,
        0.02832606103685167,
        0.03988424936930338,
        0.028410461213853624,
        0.02976878484090169,
        0.028650522232055664,
        0.02887627813551161
    ],
    "decode_percentiles": {
        "10": 0.028334501054551865,
        "25": 0.028555181291368272,
        "50": 0.029128763410780165,
        "75": 0.03042475382486979,
        "90": 0.036850603421529134
    }
}