{
    "avg_prefill_latency": 0.022058427333831787,
    "prefill_latencies": [
        0.020512819290161133,
        0.017534494400024414,
        0.019031524658203125,
        0.018175363540649414,
        0.019373655319213867,
        0.021857023239135742,
        0.01840829849243164,
        0.055422306060791016,
        0.018648624420166016,
        0.017345666885375977,
        0.018845319747924805,
        0.019546031951904297
    ],
    "prefill_percentiles": {
        "10": 0.017598581314086915,
        "25": 0.018350064754486084,
        "50": 0.018938422203063965,
        "75": 0.019787728786468506,
        "90": 0.02172260284423828
    },
    "avg_decode_latency": 0.02137279510498047,
    "decode_latencies": [
        0.022918992572360568,
        0.02077560954623752,
        0.021571238835652668,
        0.021089368396335177,
        0.022170967525906034,
        0.015472968419392904,
        0.020264705022176106,
        0.015599436230129667,
        0.02076509263780382,
        0.027863396538628474,
        0.026253938674926758,
        0.02172782686021593
    ],
    "decode_percentiles": {
        "10": 0.01606596310933431,
        "25": 0.02063999573389689,
        "50": 0.021330303615993924,
        "75": 0.022357973787519667,
        "90": 0.02592044406467014
    }
}