{
    "avg_prefill_latency": 0.02355573574701945,
    "prefill_latencies": [
        0.024480819702148438,
        0.023113727569580078,
        0.023533344268798828,
        0.02313995361328125,
        0.023075103759765625,
        0.023151874542236328,
        0.02310633659362793,
        0.023156166076660156,
        0.02312326431274414,
        0.024471044540405273,
        0.023349761962890625,
        0.024967432022094727
    ],
    "prefill_percentiles": {
        "10": 0.023107075691223146,
        "25": 0.023120880126953125,
        "50": 0.023154020309448242,
        "75": 0.02376776933670044,
        "90": 0.02447984218597412
    },
    "avg_decode_latency": 0.018885568336204247,
    "decode_latencies": [
        0.016120645734998915,
        0.022347317801581487,
        0.01650555928548177,
        0.01733610365125868,
        0.02094819810655382,
        0.016699737972683378,
        0.022464831670125324,
        0.016450458102756076,
        0.016588475969102647,
        0.021117740207248263,
        0.018187761306762695,
        0.021859990225897893
    ],
    "decode_percentiles": {
        "10": 0.016455968221028645,
        "25": 0.016567746798197426,
        "50": 0.017761932479010686,
        "75": 0.021303302711910672,
        "90": 0.02229858504401313
    }
}