{
    "avg_prefill_latency": 0.015443722407023111,
    "prefill_latencies": [
        0.015354394912719727,
        0.015257120132446289,
        0.016365528106689453,
        0.01692509651184082,
        0.014682769775390625,
        0.014638423919677734,
        0.015091419219970703,
        0.016069650650024414,
        0.0145111083984375,
        0.015229225158691406,
        0.016711711883544922,
        0.01448822021484375
    ],
    "prefill_percentiles": {
        "10": 0.014523839950561524,
        "25": 0.014671683311462402,
        "50": 0.015243172645568848,
        "75": 0.016143620014190674,
        "90": 0.016677093505859376
    },
    "avg_decode_latency": 0.015813487547415274,
    "decode_latencies": [
        0.015702459547254775,
        0.01596400472852919,
        0.01596877310011122,
        0.015850146611531574,
        0.01586453119913737,
        0.015782515207926433,
        0.015687942504882812,
        0.015933752059936523,
        0.015776554743448894,
        0.015741613176133897,
        0.01571178436279297,
        0.015777773327297635
    ],
    "decode_percentiles": {
        "10": 0.015703392028808594,
        "25": 0.015734155972798664,
        "50": 0.015780144267612033,
        "75": 0.015881836414337158,
        "90": 0.01596097946166992
    }
}