{
    "avg_prefill_latency": 0.08744686841964722,
    "prefill_latencies": [
        0.08819842338562012,
        0.08693242073059082,
        0.08572697639465332,
        0.08833003044128418,
        0.0886690616607666,
        0.08849120140075684,
        0.08647942543029785,
        0.08651399612426758,
        0.08800840377807617,
        0.08835101127624512,
        0.08640694618225098,
        0.08725452423095703
    ],
    "prefill_percentiles": {
        "10": 0.08641419410705567,
        "25": 0.08650535345077515,
        "50": 0.0876314640045166,
        "75": 0.08833527565002441,
        "90": 0.08847718238830567
    },
    "avg_decode_latency": 0.017211739663724544,
    "decode_latencies": [
        0.017510732014973957,
        0.016802151997884113,
        0.017177687750922307,
        0.01720351643032498,
        0.01717662811279297,
        0.017238405015733507,
        0.017176469167073567,
        0.017120997111002605,
        0.0169932312435574,
        0.017333719465467665,
        0.01731750700208876,
        0.017489830652872723
    ],
    "decode_percentiles": {
        "10": 0.01700600783030192,
        "25": 0.017162601153055825,
        "50": 0.017190602090623643,
        "75": 0.017321560117933486,
        "90": 0.017474219534132217
    }
}