{
    "avg_prefill_latency": 0.08667161067326863,
    "prefill_latencies": [
        0.08566665649414062,
        0.08544492721557617,
        0.08494710922241211,
        0.08520126342773438,
        0.08469891548156738,
        0.08885741233825684,
        0.09759163856506348,
        0.08511638641357422,
        0.08549332618713379,
        0.08499526977539062,
        0.08506584167480469,
        0.08698058128356934
    ],
    "prefill_percentiles": {
        "10": 0.08495192527770996,
        "25": 0.08504819869995117,
        "50": 0.08532309532165527,
        "75": 0.0859951376914978,
        "90": 0.08866972923278808
    },
    "avg_decode_latency": 0.02442653532381411,
    "decode_latencies": [
        0.021346542570326064,
        0.022519429524739582,
        0.022700707117716473,
        0.02281490961710612,
        0.02844071388244629,
        0.023622698254055448,
        0.022211339738633897,
        0.0267179012298584,
        0.021953105926513672,
        0.023515939712524414,
        0.028535551495022245,
        0.028739584816826716
    ],
    "decode_percentiles": {
        "10": 0.021978929307725693,
        "25": 0.022442407078213163,
        "50": 0.02316542466481527,
        "75": 0.02714860439300537,
        "90": 0.02852606773376465
    }
}