{
    "avg_prefill_latency": 0.16153607765833536,
    "prefill_latencies": [
        0.16162371635437012,
        0.1602468490600586,
        0.16231727600097656,
        0.16148090362548828,
        0.16200494766235352,
        0.16254854202270508,
        0.16160321235656738,
        0.1617107391357422,
        0.16148662567138672,
        0.16142892837524414,
        0.15993714332580566,
        0.16204404830932617
    ],
    "prefill_percentiles": {
        "10": 0.16036505699157716,
        "25": 0.16146790981292725,
        "50": 0.16161346435546875,
        "75": 0.16201472282409668,
        "90": 0.16228995323181153
    },
    "avg_decode_latency": 0.013664960861206055,
    "decode_latencies": [
        0.01359497176276313,
        0.014143678877088759,
        0.014220264222886827,
        0.013798528247409396,
        0.013868914710150825,
        0.013490676879882812,
        0.013498677147759331,
        0.013494041230943467,
        0.013751506805419922,
        0.013301240073310005,
        0.013469907972547743,
        0.013347122404310439
    ],
    "decode_percentiles": {
        "10": 0.01335940096113417,
        "25": 0.013485484653049044,
        "50": 0.01354682445526123,
        "75": 0.013816124863094753,
        "90": 0.014116202460394967
    }
}