{
    "avg_prefill_latency": 0.19259411096572876,
    "prefill_latencies": [
        0.19158148765563965,
        0.1926736831665039,
        0.1918039321899414,
        0.19167327880859375,
        0.19340014457702637,
        0.19255733489990234,
        0.19113516807556152,
        0.19330072402954102,
        0.19267606735229492,
        0.19432902336120605,
        0.19344139099121094,
        0.19255709648132324
    ],
    "prefill_percentiles": {
        "10": 0.19159066677093506,
        "25": 0.1917712688446045,
        "50": 0.19261550903320312,
        "75": 0.19332557916641235,
        "90": 0.19343726634979247
    },
    "avg_decode_latency": 0.014335263658452916,
    "decode_latencies": [
        0.014494525061713325,
        0.01423335075378418,
        0.014243761698404947,
        0.014123651716444228,
        0.01406285497877333,
        0.014259232415093316,
        0.014457596672905816,
        0.014145586225721572,
        0.015630775027804904,
        0.014134883880615234,
        0.014026588863796659,
        0.014210356606377495
    ],
    "decode_percentiles": {
        "10": 0.01406893465254042,
        "25": 0.014132075839572482,
        "50": 0.014221853680080838,
        "75": 0.01430882347954644,
        "90": 0.014490832222832574
    }
}