{
    "avg_prefill_latency": 0.06395520766576131,
    "prefill_latencies": [
        0.06480002403259277,
        0.0644068717956543,
        0.06446313858032227,
        0.06396031379699707,
        0.06400227546691895,
        0.06374192237854004,
        0.0640869140625,
        0.0631265640258789,
        0.06312251091003418,
        0.06346368789672852,
        0.06415820121765137,
        0.06413006782531738
    ],
    "prefill_percentiles": {
        "10": 0.06316027641296387,
        "25": 0.06367236375808716,
        "50": 0.06404459476470947,
        "75": 0.0642203688621521,
        "90": 0.06445751190185547
    },
    "avg_decode_latency": 0.02435710695054796,
    "decode_latencies": [
        0.022436036003960505,
        0.03170090251498752,
        0.02243261867099338,
        0.023277256223890517,
        0.0221103032430013,
        0.022011200586954754,
        0.030889484617445204,
        0.021999650531344943,
        0.021986908382839628,
        0.02200052473280165,
        0.02200969060262044,
        0.029430707295735676
    ],
    "decode_percentiles": {
        "10": 0.021999737951490614,
        "25": 0.022007399135165744,
        "50": 0.022271460956997342,
        "75": 0.024815618991851807,
        "90": 0.030743606885274253
    }
}