{
    "avg_prefill_latency": 0.016957561175028484,
    "prefill_latencies": [
        0.016895532608032227,
        0.01696467399597168,
        0.0168917179107666,
        0.01694488525390625,
        0.017021894454956055,
        0.01703667640686035,
        0.016978025436401367,
        0.017009496688842773,
        0.016921281814575195,
        0.016924619674682617,
        0.01696610450744629,
        0.01693582534790039
    ],
    "prefill_percentiles": {
        "10": 0.016898107528686524,
        "25": 0.01692378520965576,
        "50": 0.016954779624938965,
        "75": 0.01698589324951172,
        "90": 0.017020654678344727
    },
    "avg_decode_latency": 0.011782414383358425,
    "decode_latencies": [
        0.010878430472479926,
        0.018708017137315538,
        0.010909477869669596,
        0.011221276389227973,
        0.011581791771782769,
        0.012389209535386827,
        0.011086781819661459,
        0.010953505833943685,
        0.010884735319349501,
        0.010987069871690538,
        0.010887808269924588,
        0.010900868309868706
    ],
    "decode_percentiles": {
        "10": 0.01088504261440701,
        "25": 0.010897603299882676,
        "50": 0.01097028785281711,
        "75": 0.011311405234866671,
        "90": 0.012308467759026422
    }
}