{
    "avg_prefill_latency": 0.008977254231770834,
    "prefill_latencies": [
        0.008845090866088867,
        0.008794546127319336,
        0.008729219436645508,
        0.008862972259521484,
        0.00887441635131836,
        0.00879049301147461,
        0.009024858474731445,
        0.009463787078857422,
        0.00939488410949707,
        0.009530067443847656,
        0.008770942687988281,
        0.008645772933959961
    ],
    "prefill_percentiles": {
        "10": 0.008733391761779785,
        "25": 0.008785605430603027,
        "50": 0.008854031562805176,
        "75": 0.009117364883422852,
        "90": 0.009456896781921386
    },
    "avg_decode_latency": 0.008961030730494746,
    "decode_latencies": [
        0.008765776952107748,
        0.008491807513766818,
        0.013310008578830294,
        0.008702410591973199,
        0.008537716335720487,
        0.008485370212131076,
        0.008422480689154731,
        0.008788691626654731,
        0.008427090115017362,
        0.008453157212999132,
        0.008560366100735135,
        0.008587492836846245
    ],
    "decode_percentiles": {
        "10": 0.00842969682481554,
        "25": 0.008477316962348089,
        "50": 0.008549041218227811,
        "75": 0.008718252182006836,
        "90": 0.008786400159200033
    }
}