{
    "avg_prefill_latency": 0.01158076524734497,
    "prefill_latencies": [
        0.011501789093017578,
        0.011518716812133789,
        0.011500358581542969,
        0.011513948440551758,
        0.011530637741088867,
        0.011496782302856445,
        0.011523246765136719,
        0.011548519134521484,
        0.011581897735595703,
        0.011584281921386719,
        0.011537551879882812,
        0.012131452560424805
    ],
    "prefill_percentiles": {
        "10": 0.01150050163269043,
        "25": 0.011510908603668213,
        "50": 0.011526942253112793,
        "75": 0.011556863784790039,
        "90": 0.011584043502807617
    },
    "avg_decode_latency": 0.01013946533203125,
    "decode_latencies": [
        0.010181718402438693,
        0.009948068194919162,
        0.009987804624769423,
        0.01113332642449273,
        0.009901152716742622,
        0.009975565804375542,
        0.010016971164279513,
        0.010192235310872396,
        0.009917736053466797,
        0.009970161649915908,
        0.010335710313585069,
        0.010113133324517144
    ],
    "decode_percentiles": {
        "10": 0.009920769267612033,
        "25": 0.00996463828616672,
        "50": 0.010002387894524468,
        "75": 0.01018434762954712,
        "90": 0.010321362813313802
    }
}