{
    "avg_prefill_latency": 0.051751295725504555,
    "prefill_latencies": [
        0.05205821990966797,
        0.05170321464538574,
        0.051905155181884766,
        0.051813602447509766,
        0.05159616470336914,
        0.051894187927246094,
        0.05115532875061035,
        0.051796674728393555,
        0.05160808563232422,
        0.05190277099609375,
        0.05192255973815918,
        0.051659584045410156
    ],
    "prefill_percentiles": {
        "10": 0.05159735679626465,
        "25": 0.05164670944213867,
        "50": 0.05180513858795166,
        "75": 0.051903367042541504,
        "90": 0.05192081928253174
    },
    "avg_decode_latency": 0.020999983504966454,
    "decode_latencies": [
        0.020138078265719943,
        0.019429816140068903,
        0.019488520092434354,
        0.02826245625813802,
        0.019327720006306965,
        0.020003769132826064,
        0.019488096237182617,
        0.019352489047580294,
        0.01929052670796712,
        0.028202056884765625,
        0.019549343321058486,
        0.019466929965549044
    ],
    "decode_percentiles": {
        "10": 0.0193301969104343,
        "25": 0.01941048436694675,
        "50": 0.019488308164808486,
        "75": 0.020037346416049533,
        "90": 0.02739565902286106
    }
}