{
    "avg_prefill_latency": 0.02162488301595052,
    "prefill_latencies": [
        0.021715641021728516,
        0.021726131439208984,
        0.02171802520751953,
        0.021657943725585938,
        0.02159285545349121,
        0.021633625030517578,
        0.0215761661529541,
        0.021541357040405273,
        0.021558046340942383,
        0.021526813507080078,
        0.021612882614135742,
        0.021639108657836914
    ],
    "prefill_percentiles": {
        "10": 0.021543025970458984,
        "25": 0.021571636199951172,
        "50": 0.02162325382232666,
        "75": 0.021672368049621582,
        "90": 0.02171778678894043
    },
    "avg_decode_latency": 0.01240358308509544,
    "decode_latencies": [
        0.01303447617424859,
        0.012306637234157987,
        0.012375805113050673,
        0.01251546541849772,
        0.012309365802341037,
        0.012240886688232422,
        0.012255880567762587,
        0.012477477391560873,
        0.012771553463406034,
        0.01225672827826606,
        0.012189918094211154,
        0.012108802795410156
    ],
    "decode_percentiles": {
        "10": 0.012195014953613281,
        "25": 0.012252132097880047,
        "50": 0.012308001518249512,
        "75": 0.012486974398295086,
        "90": 0.012745944658915202
    }
}