{
    "avg_prefill_latency": 0.03644990921020508,
    "prefill_latencies": [
        0.036603450775146484,
        0.03628349304199219,
        0.0362091064453125,
        0.03630971908569336,
        0.03643536567687988,
        0.03661990165710449,
        0.03627371788024902,
        0.03645443916320801,
        0.03624367713928223,
        0.03714632987976074,
        0.03633570671081543,
        0.0364840030670166
    ],
    "prefill_percentiles": {
        "10": 0.03624668121337891,
        "25": 0.036281049251556396,
        "50": 0.036385536193847656,
        "75": 0.03651386499404907,
        "90": 0.03661825656890869
    },
    "avg_decode_latency": 0.01532315766369855,
    "decode_latencies": [
        0.015268776151869033,
        0.015209886762830947,
        0.016381475660536025,
        0.015437947379218208,
        0.015228827794392904,
        0.015033668941921659,
        0.01518061425950792,
        0.015045563379923502,
        0.015171951717800565,
        0.014981455273098417,
        0.01497756110297309,
        0.01596016354031033
    ],
    "decode_percentiles": {
        "10": 0.014986676639980741,
        "25": 0.015042589770423042,
        "50": 0.015195250511169434,
        "75": 0.015311068958706327,
        "90": 0.01590794192420112
    }
}