{
    "avg_prefill_latency": 0.17480617761611938,
    "prefill_latencies": [
        0.17104864120483398,
        0.17005348205566406,
        0.1713428497314453,
        0.16804933547973633,
        0.1676952838897705,
        0.16926002502441406,
        0.2346956729888916,
        0.1675882339477539,
        0.16976332664489746,
        0.17122483253479004,
        0.16801142692565918,
        0.16894102096557617
    ],
    "prefill_percentiles": {
        "10": 0.16772689819335937,
        "25": 0.16803985834121704,
        "50": 0.16951167583465576,
        "75": 0.171092689037323,
        "90": 0.17133104801177979
    },
    "avg_decode_latency": 0.030959665775299072,
    "decode_latencies": [
        0.028085708618164062,
        0.03784280353122287,
        0.027816613515218098,
        0.03670509656270345,
        0.027755843268500432,
        0.02768863572014703,
        0.027873701519436307,
        0.027778890397813585,
        0.036170641581217446,
        0.027883741590711806,
        0.027969386842515733,
        0.037944926155938044
    ],
    "decode_percentiles": {
        "10": 0.02775814798143175,
        "25": 0.02780718273586697,
        "50": 0.02792656421661377,
        "75": 0.036304255326588944,
        "90": 0.03772903283437093
    }
}