{
    "avg_prefill_latency": 0.009510159492492676,
    "prefill_latencies": [
        0.009534597396850586,
        0.009458541870117188,
        0.009533166885375977,
        0.009494543075561523,
        0.009514331817626953,
        0.009525060653686523,
        0.009511232376098633,
        0.009466409683227539,
        0.009495735168457031,
        0.009498357772827148,
        0.009530782699584961,
        0.009559154510498047
    ],
    "prefill_percentiles": {
        "10": 0.009469223022460938,
        "25": 0.009495437145233154,
        "50": 0.009512782096862793,
        "75": 0.009531378746032715,
        "90": 0.009534454345703125
    },
    "avg_decode_latency": 0.008870464784127695,
    "decode_latencies": [
        0.008810626135932075,
        0.008808612823486328,
        0.008822970920138888,
        0.008788797590467665,
        0.008821328481038412,
        0.008845620685153537,
        0.008896138932969835,
        0.008794784545898438,
        0.009153048197428385,
        0.0088144408331977,
        0.009059535132514106,
        0.008829673131306967
    ],
    "decode_percentiles": {
        "10": 0.008796167373657227,
        "25": 0.008810122807820639,
        "50": 0.008822149700588651,
        "75": 0.00885825024710761,
        "90": 0.009043195512559679
    }
}