{
    "avg_prefill_latency": 0.009232024351755777,
    "prefill_latencies": [
        0.009181499481201172,
        0.00914454460144043,
        0.009215354919433594,
        0.009282112121582031,
        0.009274959564208984,
        0.009281396865844727,
        0.009187936782836914,
        0.009187936782836914,
        0.00921773910522461,
        0.009200811386108398,
        0.00918722152709961,
        0.009422779083251953
    ],
    "prefill_percentiles": {
        "10": 0.009182071685791016,
        "25": 0.009187757968902588,
        "50": 0.009208083152770996,
        "75": 0.00927656888961792,
        "90": 0.0092820405960083
    },
    "avg_decode_latency": 0.008635161099610504,
    "decode_latencies": [
        0.008512788348727755,
        0.008548577626546225,
        0.009529246224297417,
        0.008529186248779297,
        0.008527994155883789,
        0.008521397908528646,
        0.008809248606363932,
        0.00853668318854438,
        0.008534484439425997,
        0.008576605055067275,
        0.008487092124091255,
        0.008508629269070096
    ],
    "decode_percentiles": {
        "10": 0.008509045177035861,
        "25": 0.008519245518578423,
        "50": 0.008531835344102647,
        "75": 0.008555584483676488,
        "90": 0.008785984251234266
    }
}