{
    "avg_prefill_latency": 0.13866798082987467,
    "prefill_latencies": [
        0.19724774360656738,
        0.1309826374053955,
        0.1339418888092041,
        0.13154172897338867,
        0.1490802764892578,
        0.13145780563354492,
        0.13232731819152832,
        0.13033294677734375,
        0.13208723068237305,
        0.13172364234924316,
        0.13199567794799805,
        0.13129687309265137
    ],
    "prefill_percentiles": {
        "10": 0.1310140609741211,
        "25": 0.13141757249832153,
        "50": 0.1318596601486206,
        "75": 0.13273096084594727,
        "90": 0.14756643772125244
    },
    "avg_decode_latency": 0.026152312755584717,
    "decode_latencies": [
        0.023484071095784504,
        0.02388607131110297,
        0.024173842536078557,
        0.03302380773756239,
        0.025970273547702365,
        0.023683362536960177,
        0.030921008851793077,
        0.024027638965182833,
        0.023845248752170138,
        0.023591862784491643,
        0.033299790488349065,
        0.023920774459838867
    ],
    "decode_percentiles": {
        "10": 0.023601012759738495,
        "25": 0.023804777198367648,
        "50": 0.02397420671251085,
        "75": 0.027207957373725042,
        "90": 0.03281352784898546
    }
}