{
    "avg_prefill_latency": 0.0339082678159078,
    "prefill_latencies": [
        0.033893585205078125,
        0.033811330795288086,
        0.033846378326416016,
        0.034102439880371094,
        0.033864498138427734,
        0.03383159637451172,
        0.03386378288269043,
        0.03403759002685547,
        0.03387284278869629,
        0.03382706642150879,
        0.03384685516357422,
        0.034101247787475586
    ],
    "prefill_percentiles": {
        "10": 0.03382751941680908,
        "25": 0.03384268283843994,
        "50": 0.03386414051055908,
        "75": 0.03392958641052246,
        "90": 0.03409488201141357
    },
    "avg_decode_latency": 0.011896879584700974,
    "decode_latencies": [
        0.011876397662692599,
        0.011888715955946181,
        0.012166049745347764,
        0.011880583233303495,
        0.011883921093410917,
        0.011895100275675455,
        0.011872132619222006,
        0.011855284372965494,
        0.011818303002251519,
        0.011934730741712783,
        0.011857324176364474,
        0.011834012137518989
    ],
    "decode_percentiles": {
        "10": 0.01183613936106364,
        "25": 0.011856814225514729,
        "50": 0.011878490447998047,
        "75": 0.0118903120358785,
        "90": 0.01193076769510905
    }
}