{
    "avg_prefill_latency": 0.04879061381022135,
    "prefill_latencies": [
        0.04873967170715332,
        0.04925799369812012,
        0.04914736747741699,
        0.04874897003173828,
        0.04849052429199219,
        0.04907536506652832,
        0.048078060150146484,
        0.04810357093811035,
        0.04901623725891113,
        0.04856133460998535,
        0.04897809028625488,
        0.04929018020629883
    ],
    "prefill_percentiles": {
        "10": 0.04814226627349853,
        "25": 0.04854363203048706,
        "50": 0.04886353015899658,
        "75": 0.04909336566925049,
        "90": 0.049246931076049806
    },
    "avg_decode_latency": 0.009229384086750173,
    "decode_latencies": [
        0.009237236446804471,
        0.009329266018337674,
        0.009313715828789605,
        0.009198135799831815,
        0.009255674150254991,
        0.009208891126844618,
        0.009122477637396919,
        0.009186055925157335,
        0.009188572565714518,
        0.009224202897813585,
        0.009236203299628364,
        0.009252177344428169
    ],
    "decode_percentiles": {
        "10": 0.009186307589213053,
        "25": 0.00919574499130249,
        "50": 0.009230203098720975,
        "75": 0.009253051545884874,
        "90": 0.009307911660936143
    }
}