{
    "avg_prefill_latency": 0.205795685450236,
    "prefill_latencies": [
        0.2031421661376953,
        0.20485329627990723,
        0.20543217658996582,
        0.20388531684875488,
        0.20776844024658203,
        0.20779848098754883,
        0.20525169372558594,
        0.2032327651977539,
        0.20591115951538086,
        0.20799541473388672,
        0.20797443389892578,
        0.20630288124084473
    ],
    "prefill_percentiles": {
        "10": 0.203298020362854,
        "25": 0.20461130142211914,
        "50": 0.20567166805267334,
        "75": 0.20777595043182373,
        "90": 0.20795683860778807
    },
    "avg_decode_latency": 0.01090667203620628,
    "decode_latencies": [
        0.010940790176391602,
        0.010705577002631294,
        0.011089563369750977,
        0.010914855533175997,
        0.010825528038872613,
        0.010817554261949327,
        0.010873662100897895,
        0.011311928431193033,
        0.010939598083496094,
        0.010791301727294922,
        0.010775009791056315,
        0.010894695917765299
    ],
    "decode_percentiles": {
        "10": 0.010776638984680176,
        "25": 0.010810991128285725,
        "50": 0.010884179009331597,
        "75": 0.01093989610671997,
        "90": 0.011074686050415039
    }
}