{
    "avg_prefill_latency": 0.08135374387105306,
    "prefill_latencies": [
        0.0819101333618164,
        0.08162593841552734,
        0.08167171478271484,
        0.08229589462280273,
        0.08199620246887207,
        0.08249044418334961,
        0.08078956604003906,
        0.0800619125366211,
        0.07958602905273438,
        0.0840001106262207,
        0.0802919864654541,
        0.07952499389648438
    ],
    "prefill_percentiles": {
        "10": 0.07963361740112304,
        "25": 0.08023446798324585,
        "50": 0.0816488265991211,
        "75": 0.08207112550735474,
        "90": 0.08247098922729493
    },
    "avg_decode_latency": 0.013042937826227258,
    "decode_latencies": [
        0.013075696097479926,
        0.012808402379353842,
        0.012962765163845487,
        0.01284525129530165,
        0.013155354393853081,
        0.01282827059427897,
        0.012800508075290255,
        0.012823343276977539,
        0.012806918885972764,
        0.013901869455973307,
        0.013118717405531142,
        0.01338815689086914
    ],
    "decode_percentiles": {
        "10": 0.012807067235310872,
        "25": 0.012819608052571615,
        "50": 0.012904008229573568,
        "75": 0.013127876652611626,
        "90": 0.013364876641167535
    }
}