{
    "avg_prefill_latency": 0.06685189406077068,
    "prefill_latencies": [
        0.06545805931091309,
        0.06752777099609375,
        0.06724214553833008,
        0.06656432151794434,
        0.0680232048034668,
        0.06543087959289551,
        0.06692147254943848,
        0.06765866279602051,
        0.06716585159301758,
        0.06770086288452148,
        0.06566309928894043,
        0.06686639785766602
    ],
    "prefill_percentiles": {
        "10": 0.06547856330871582,
        "25": 0.06633901596069336,
        "50": 0.06704366207122803,
        "75": 0.06756049394607544,
        "90": 0.06769664287567138
    },
    "avg_decode_latency": 0.01222137830875538,
    "decode_latencies": [
        0.01225325796339247,
        0.012905597686767578,
        0.012495040893554688,
        0.01230168342590332,
        0.01223664813571506,
        0.011996454662746854,
        0.012028164333767362,
        0.011986441082424588,
        0.012103584077623155,
        0.012182897991604276,
        0.012035502327813042,
        0.01213126712375217
    ],
    "decode_percentiles": {
        "10": 0.011999625629848906,
        "25": 0.012033667829301622,
        "50": 0.012157082557678223,
        "75": 0.012265364329020183,
        "90": 0.012475705146789551
    }
}