{
    "avg_prefill_latency": 0.02618171771367391,
    "prefill_latencies": [
        0.02531719207763672,
        0.025769710540771484,
        0.025435924530029297,
        0.02538609504699707,
        0.02576136589050293,
        0.025728940963745117,
        0.0259859561920166,
        0.03237032890319824,
        0.02555394172668457,
        0.02600383758544922,
        0.0251767635345459,
        0.025690555572509766
    ],
    "prefill_percentiles": {
        "10": 0.025324082374572753,
        "25": 0.02542346715927124,
        "50": 0.02570974826812744,
        "75": 0.025823771953582764,
        "90": 0.026002049446105957
    },
    "avg_decode_latency": 0.02603502847530224,
    "decode_latencies": [
        0.02572896745469835,
        0.025668170717027452,
        0.02573590808444553,
        0.026055918799506292,
        0.026082542207505967,
        0.025862852732340496,
        0.02645087242126465,
        0.02606950865851508,
        0.025791194703843858,
        0.02614479594760471,
        0.025785870022243924,
        0.027043739954630535
    ],
    "decode_percentiles": {
        "10": 0.02572966151767307,
        "25": 0.025773379537794325,
        "50": 0.025959385765923396,
        "75": 0.026098105642530654,
        "90": 0.026420264773898656
    }
}