{
    "avg_prefill_latency": 0.031446377436319985,
    "prefill_latencies": [
        0.031592607498168945,
        0.03149604797363281,
        0.03142714500427246,
        0.03139948844909668,
        0.0314791202545166,
        0.031467437744140625,
        0.031350135803222656,
        0.031404972076416016,
        0.031445980072021484,
        0.03150320053100586,
        0.03138232231140137,
        0.031408071517944336
    ],
    "prefill_percentiles": {
        "10": 0.0313840389251709,
        "25": 0.03140360116958618,
        "50": 0.03143656253814697,
        "75": 0.031483352184295654,
        "90": 0.031502485275268555
    },
    "avg_decode_latency": 0.02951522668202718,
    "decode_latencies": [
        0.038635969161987305,
        0.02843152152167426,
        0.028462065590752497,
        0.02862071990966797,
        0.028694629669189453,
        0.028396712409125432,
        0.028425746493869357,
        0.029896259307861328,
        0.02897440062628852,
        0.028597036997477215,
        0.02855139308505588,
        0.028496265411376953
    ],
    "decode_percentiles": {
        "10": 0.028426323996649846,
        "25": 0.028454429573482938,
        "50": 0.028574215041266546,
        "75": 0.02876457240846422,
        "90": 0.029804073439704048
    }
}