{
    "avg_prefill_latency": 0.05476961533228556,
    "prefill_latencies": [
        0.0471498966217041,
        0.047486066818237305,
        0.04734301567077637,
        0.04695892333984375,
        0.04738187789916992,
        0.1378035545349121,
        0.04730057716369629,
        0.047046661376953125,
        0.04730057716369629,
        0.04715561866760254,
        0.04702472686767578,
        0.04728388786315918
    ],
    "prefill_percentiles": {
        "10": 0.04702692031860352,
        "25": 0.04712408781051636,
        "50": 0.047292232513427734,
        "75": 0.047352731227874756,
        "90": 0.047475647926330564
    },
    "avg_decode_latency": 0.038666349870187265,
    "decode_latencies": [
        0.03479962878757053,
        0.04504293865627713,
        0.034510135650634766,
        0.03509227434794108,
        0.03559162881639269,
        0.034552680121527776,
        0.03568394978841146,
        0.04108354780409071,
        0.041865401797824435,
        0.05640284220377604,
        0.03452637460496691,
        0.03484479586283366
    ],
    "decode_percentiles": {
        "10": 0.034529005156622994,
        "25": 0.03473789162105984,
        "50": 0.03534195158216688,
        "75": 0.04127901130252414,
        "90": 0.04472518497043186
    }
}