{
    "avg_prefill_latency": 0.05810576677322388,
    "prefill_latencies": [
        0.051271677017211914,
        0.05177903175354004,
        0.051229000091552734,
        0.05174612998962402,
        0.05147361755371094,
        0.0523068904876709,
        0.13057756423950195,
        0.051282405853271484,
        0.05140328407287598,
        0.05140995979309082,
        0.05141258239746094,
        0.051377058029174805
    ],
    "prefill_percentiles": {
        "10": 0.05127274990081787,
        "25": 0.051353394985198975,
        "50": 0.05141127109527588,
        "75": 0.05175435543060303,
        "90": 0.052254104614257814
    },
    "avg_decode_latency": 0.039800175914057975,
    "decode_latencies": [
        0.04634367095099555,
        0.03669118881225586,
        0.03676552242702908,
        0.04796287748548719,
        0.03677924474080404,
        0.038975371254815,
        0.03940370347764757,
        0.038324832916259766,
        0.037860340542263456,
        0.04426042238871256,
        0.03703411420186361,
        0.03720082177056207
    ],
    "decode_percentiles": {
        "10": 0.036766894658406574,
        "25": 0.036970396836598717,
        "50": 0.03809258672926161,
        "75": 0.04061788320541382,
        "90": 0.04613534609476725
    }
}