{
    "avg_prefill_latency": 0.023421943187713623,
    "prefill_latencies": [
        0.02307438850402832,
        0.022904634475708008,
        0.023266077041625977,
        0.023197650909423828,
        0.023499727249145508,
        0.022931814193725586,
        0.023196935653686523,
        0.023189067840576172,
        0.0232391357421875,
        0.02353811264038086,
        0.023337841033935547,
        0.02568793296813965
    ],
    "prefill_percentiles": {
        "10": 0.02294607162475586,
        "25": 0.02316039800643921,
        "50": 0.023218393325805664,
        "75": 0.023378312587738037,
        "90": 0.023534274101257323
    },
    "avg_decode_latency": 0.021874056922064886,
    "decode_latencies": [
        0.021199252870347764,
        0.022061162524753146,
        0.021685494316948786,
        0.021474467383490667,
        0.021444294187757704,
        0.022270679473876953,
        0.021509965260823567,
        0.021863751941257052,
        0.02180065049065484,
        0.0220131344265408,
        0.022106912400987413,
        0.023058917787339952
    ],
    "decode_percentiles": {
        "10": 0.021447311507331,
        "25": 0.021501090791490342,
        "50": 0.021832201215955947,
        "75": 0.022072599993811712,
        "90": 0.022254302766587998
    }
}