{
    "avg_prefill_latency": 0.027397533257802326,
    "prefill_latencies": [
        0.02717137336730957,
        0.028980016708374023,
        0.02728271484375,
        0.027228116989135742,
        0.027188777923583984,
        0.027326107025146484,
        0.0273892879486084,
        0.02722787857055664,
        0.027260780334472656,
        0.027345657348632812,
        0.027166128158569336,
        0.02720355987548828
    ],
    "prefill_percentiles": {
        "10": 0.027173113822937012,
        "25": 0.027199864387512207,
        "50": 0.0272444486618042,
        "75": 0.027330994606018066,
        "90": 0.02738492488861084
    },
    "avg_decode_latency": 0.026771176744390415,
    "decode_latencies": [
        0.026627779006958008,
        0.026598427030775283,
        0.0265453126695421,
        0.026535828908284504,
        0.027012480629814997,
        0.02657204204135471,
        0.027216143078274198,
        0.02675787607828776,
        0.027103715472751193,
        0.026596917046440974,
        0.02678227424621582,
        0.02690532472398546
    ],
    "decode_percentiles": {
        "10": 0.026547985606723362,
        "25": 0.026590698295169406,
        "50": 0.026692827542622886,
        "75": 0.026932113700442843,
        "90": 0.027094591988457574
    }
}