{
    "avg_prefill_latency": 0.059503515561421715,
    "prefill_latencies": [
        0.059236764907836914,
        0.05954408645629883,
        0.059081077575683594,
        0.05953526496887207,
        0.05919456481933594,
        0.059929609298706055,
        0.05922675132751465,
        0.05942034721374512,
        0.05934643745422363,
        0.0592503547668457,
        0.059350013732910156,
        0.06092691421508789
    ],
    "prefill_percentiles": {
        "10": 0.05919778347015381,
        "25": 0.05923426151275635,
        "50": 0.059348225593566895,
        "75": 0.05953747034072876,
        "90": 0.05989105701446533
    },
    "avg_decode_latency": 0.042533267427373816,
    "decode_latencies": [
        0.03911166720920139,
        0.039528475867377386,
        0.04939079284667969,
        0.03961102167765299,
        0.051145315170288086,
        0.03912909825642904,
        0.03909142812093099,
        0.04777932167053223,
        0.03931736946105957,
        0.03881798850165473,
        0.047521511713663735,
        0.03995521863301595
    ],
    "decode_percentiles": {
        "10": 0.03909345202975803,
        "25": 0.039124740494622126,
        "50": 0.03956974877251519,
        "75": 0.04758596420288086,
        "90": 0.04922964572906494
    }
}