{
    "avg_prefill_latency": 0.023640771706899006,
    "prefill_latencies": [
        0.023882627487182617,
        0.023226261138916016,
        0.02327585220336914,
        0.023291587829589844,
        0.02321624755859375,
        0.023488759994506836,
        0.025599956512451172,
        0.023743391036987305,
        0.023382902145385742,
        0.023533105850219727,
        0.023442983627319336,
        0.0236055850982666
    ],
    "prefill_percentiles": {
        "10": 0.02323122024536133,
        "25": 0.023287653923034668,
        "50": 0.023465871810913086,
        "75": 0.023640036582946777,
        "90": 0.023868703842163087
    },
    "avg_decode_latency": 0.02126859956317478,
    "decode_latencies": [
        0.02105834749009874,
        0.02103643947177463,
        0.021176603105333116,
        0.021181742350260418,
        0.021183543735080294,
        0.021178695890638564,
        0.021899620691935223,
        0.0211589601304796,
        0.021434863408406574,
        0.021308713489108615,
        0.02137046390109592,
        0.021235201093885634
    ],
    "decode_percentiles": {
        "10": 0.021068408754136826,
        "25": 0.021172192361619737,
        "50": 0.021182643042670354,
        "75": 0.02132415109210544,
        "90": 0.02142842345767551
    }
}