{
    "avg_prefill_latency": 0.05690572659174601,
    "prefill_latencies": [
        0.05661821365356445,
        0.056816816329956055,
        0.05864429473876953,
        0.05690288543701172,
        0.056699275970458984,
        0.05670499801635742,
        0.056664228439331055,
        0.05683112144470215,
        0.05687761306762695,
        0.05667233467102051,
        0.05675387382507324,
        0.05668306350708008
    ],
    "prefill_percentiles": {
        "10": 0.0566650390625,
        "25": 0.056680381298065186,
        "50": 0.05672943592071533,
        "75": 0.05684274435043335,
        "90": 0.05690035820007324
    },
    "avg_decode_latency": 0.03217908629664669,
    "decode_latencies": [
        0.03139117028978136,
        0.03112687004937066,
        0.03132632043626574,
        0.0314942200978597,
        0.031172911326090496,
        0.03135718239678277,
        0.031217787000868056,
        0.04156401422288683,
        0.03122780058119032,
        0.03134658601548937,
        0.03133461210462782,
        0.03158956103854709
    ],
    "decode_percentiles": {
        "10": 0.031177398893568253,
        "25": 0.031225297186109755,
        "50": 0.031340599060058594,
        "75": 0.03141693274180095,
        "90": 0.031580026944478354
    }
}