{
    "avg_prefill_latency": 0.07059743007024129,
    "prefill_latencies": [
        0.07034873962402344,
        0.07039928436279297,
        0.07050180435180664,
        0.07033967971801758,
        0.0706171989440918,
        0.07045340538024902,
        0.07042860984802246,
        0.07045364379882812,
        0.07039690017700195,
        0.07089805603027344,
        0.07037186622619629,
        0.0719599723815918
    ],
    "prefill_percentiles": {
        "10": 0.07035105228424073,
        "25": 0.07039064168930054,
        "50": 0.07044100761413574,
        "75": 0.07053065299987793,
        "90": 0.07086997032165528
    },
    "avg_decode_latency": 0.02196818369406241,
    "decode_latencies": [
        0.020931561787923176,
        0.02100915378994412,
        0.021309534708658855,
        0.02203165160285102,
        0.0222628911336263,
        0.022200293011135526,
        0.02364381154378255,
        0.022698826260036893,
        0.022271447711520724,
        0.022051042980617948,
        0.021975543763902452,
        0.021232446034749348
    ],
    "decode_percentiles": {
        "10": 0.021031483014424642,
        "25": 0.02129026254018148,
        "50": 0.022041347291734483,
        "75": 0.022265030278099906,
        "90": 0.022656088405185276
    }
}