{
    "avg_prefill_latency": 0.022363324960072834,
    "prefill_latencies": [
        0.024689197540283203,
        0.022054672241210938,
        0.02221989631652832,
        0.02239847183227539,
        0.022075891494750977,
        0.022059917449951172,
        0.021953344345092773,
        0.02217388153076172,
        0.0220797061920166,
        0.02224111557006836,
        0.022233009338378906,
        0.022180795669555664
    ],
    "prefill_percentiles": {
        "10": 0.02205519676208496,
        "25": 0.022071897983551025,
        "50": 0.02217733860015869,
        "75": 0.02223503589630127,
        "90": 0.022382736206054688
    },
    "avg_decode_latency": 0.020244097268139874,
    "decode_latencies": [
        0.020176225238376193,
        0.020282639397515193,
        0.020241498947143555,
        0.0200905270046658,
        0.020144489076402452,
        0.020052141613430448,
        0.020065254635281034,
        0.02009195751614041,
        0.020087904400295682,
        0.02027440071105957,
        0.021208789613511827,
        0.020213339063856337
    ],
    "decode_percentiles": {
        "10": 0.0200675196117825,
        "25": 0.02008987135357327,
        "50": 0.02016035715738932,
        "75": 0.02024972438812256,
        "90": 0.02028181552886963
    }
}