{
    "avg_prefill_latency": 0.05452283223470052,
    "prefill_latencies": [
        0.054610490798950195,
        0.05487227439880371,
        0.05454516410827637,
        0.05435633659362793,
        0.05431818962097168,
        0.05437874794006348,
        0.054582834243774414,
        0.05439281463623047,
        0.05441856384277344,
        0.05432295799255371,
        0.05501747131347656,
        0.0544581413269043
    ],
    "prefill_percentiles": {
        "10": 0.05432629585266113,
        "25": 0.05437314510345459,
        "50": 0.05443835258483887,
        "75": 0.05458974838256836,
        "90": 0.05484609603881836
    },
    "avg_decode_latency": 0.026700604844976356,
    "decode_latencies": [
        0.027406030231051974,
        0.02753244505988227,
        0.026439693239000108,
        0.02626877360873752,
        0.026824076970418293,
        0.027367273966471355,
        0.026281012429131403,
        0.026546345816718206,
        0.02647264798482259,
        0.026423295338948567,
        0.026473522186279297,
        0.026372141308254667
    ],
    "decode_percentiles": {
        "10": 0.02629012531704373,
        "25": 0.02641050683127509,
        "50": 0.02647308508555094,
        "75": 0.026959876219431557,
        "90": 0.02740215460459391
    }
}