{
    "avg_prefill_latency": 0.11873249212900798,
    "prefill_latencies": [
        0.11824750900268555,
        0.11766219139099121,
        0.11900734901428223,
        0.11828303337097168,
        0.11851954460144043,
        0.11994481086730957,
        0.11840605735778809,
        0.11791825294494629,
        0.11874699592590332,
        0.11854887008666992,
        0.12055397033691406,
        0.11895132064819336
    ],
    "prefill_percentiles": {
        "10": 0.11795117855072021,
        "25": 0.11827415227890015,
        "50": 0.11853420734405518,
        "75": 0.11896532773971558,
        "90": 0.11985106468200683
    },
    "avg_decode_latency": 0.036779129946673365,
    "decode_latencies": [
        0.0332497755686442,
        0.03301686710781521,
        0.032946613099839955,
        0.042607095506456166,
        0.03886278470357259,
        0.03837135103013781,
        0.034667385949028864,
        0.03513436847262912,
        0.034825536939832896,
        0.04711800151401096,
        0.03697776794433594,
        0.03357201152377658
    ],
    "decode_percentiles": {
        "10": 0.033040157953898114,
        "25": 0.033491452534993485,
        "50": 0.03497995270623101,
        "75": 0.038494209448496505,
        "90": 0.04223266442616781
    }
}