{
    "avg_prefill_latency": 0.1013218363126119,
    "prefill_latencies": [
        0.10073494911193848,
        0.10108637809753418,
        0.10109496116638184,
        0.10099196434020996,
        0.10080170631408691,
        0.10419559478759766,
        0.10077929496765137,
        0.10184097290039062,
        0.10139322280883789,
        0.10104608535766602,
        0.10103201866149902,
        0.10086488723754883
    ],
    "prefill_percentiles": {
        "10": 0.10078153610229493,
        "25": 0.10084909200668335,
        "50": 0.10103905200958252,
        "75": 0.10116952657699585,
        "90": 0.10179619789123535
    },
    "avg_decode_latency": 0.03154148437358715,
    "decode_latencies": [
        0.03040334913465712,
        0.030394792556762695,
        0.030306206809149847,
        0.030287848578559026,
        0.0312809149424235,
        0.030994415283203125,
        0.030849589241875544,
        0.04101112153795031,
        0.030727068583170574,
        0.030951499938964844,
        0.03073067135281033,
        0.03056033452351888
    ],
    "decode_percentiles": {
        "10": 0.03031506538391113,
        "25": 0.030401209990183514,
        "50": 0.03072886996799045,
        "75": 0.030962228775024414,
        "90": 0.031252264976501465
    }
}