{
    "avg_prefill_latency": 0.07313833634058635,
    "prefill_latencies": [
        0.07294201850891113,
        0.0729212760925293,
        0.073028564453125,
        0.0733177661895752,
        0.07381319999694824,
        0.07274532318115234,
        0.07355070114135742,
        0.0729520320892334,
        0.07324528694152832,
        0.07319974899291992,
        0.07314062118530273,
        0.07280349731445312
    ],
    "prefill_percentiles": {
        "10": 0.07281527519226075,
        "25": 0.07293683290481567,
        "50": 0.07308459281921387,
        "75": 0.07326340675354004,
        "90": 0.0735274076461792
    },
    "avg_decode_latency": 0.029521937723513008,
    "decode_latencies": [
        0.03783795568678114,
        0.02868999375237359,
        0.028349134657118056,
        0.028793228997124568,
        0.028724114100138348,
        0.028718312581380207,
        0.02852042516072591,
        0.02868705325656467,
        0.02951012717352973,
        0.029198328653971355,
        0.02870313326517741,
        0.028531445397271052
    ],
    "decode_percentiles": {
        "10": 0.028521527184380426,
        "25": 0.028648151291741267,
        "50": 0.02871072292327881,
        "75": 0.028894503911336265,
        "90": 0.02947894732157389
    }
}