{
    "avg_prefill_latency": 0.06717195113499959,
    "prefill_latencies": [
        0.06705117225646973,
        0.06700396537780762,
        0.06814169883728027,
        0.06734585762023926,
        0.06705403327941895,
        0.06702685356140137,
        0.06703424453735352,
        0.0669867992401123,
        0.06701278686523438,
        0.06699705123901367,
        0.06707978248596191,
        0.06732916831970215
    ],
    "prefill_percentiles": {
        "10": 0.06699774265289307,
        "25": 0.06701058149337769,
        "50": 0.06704270839691162,
        "75": 0.06714212894439697,
        "90": 0.06734418869018555
    },
    "avg_decode_latency": 0.011245963750062168,
    "decode_latencies": [
        0.011209832297431098,
        0.01131492190890842,
        0.011243714226616753,
        0.011249383290608725,
        0.011200163099500868,
        0.011248694525824653,
        0.01135645972357856,
        0.011219607459174262,
        0.011226865980360243,
        0.011224455303615995,
        0.0112052493625217,
        0.011252217822604708
    ],
    "decode_percentiles": {
        "10": 0.01120570765601264,
        "25": 0.011217163668738471,
        "50": 0.011235290103488497,
        "75": 0.01125009192360772,
        "90": 0.011308651500278048
    }
}