{
    "avg_prefill_latency": 0.12294882535934448,
    "prefill_latencies": [
        0.1228177547454834,
        0.1229400634765625,
        0.1228799819946289,
        0.1229093074798584,
        0.12290406227111816,
        0.12284278869628906,
        0.1228489875793457,
        0.12285614013671875,
        0.12285137176513672,
        0.12275052070617676,
        0.12289714813232422,
        0.12388777732849121
    ],
    "prefill_percentiles": {
        "10": 0.12282025814056396,
        "25": 0.12284743785858154,
        "50": 0.12286806106567383,
        "75": 0.12290537357330322,
        "90": 0.12293698787689208
    },
    "avg_decode_latency": 0.012522017514264142,
    "decode_latencies": [
        0.012559360928005643,
        0.012535121705796983,
        0.012526591618855795,
        0.012522379557291666,
        0.01250971688164605,
        0.012520684136284722,
        0.012510379155476889,
        0.01252126693725586,
        0.01251273685031467,
        0.012509160571628146,
        0.012519147660997178,
        0.012517664167616103
    ],
    "decode_percentiles": {
        "10": 0.012509783109029135,
        "25": 0.012512147426605225,
        "50": 0.01251991589864095,
        "75": 0.012523432572682697,
        "90": 0.012534268697102864
    }
}