{
    "avg_prefill_latency": 0.2396407127380371,
    "prefill_latencies": [
        0.23966574668884277,
        0.23967504501342773,
        0.2396094799041748,
        0.2397150993347168,
        0.23964881896972656,
        0.23960232734680176,
        0.23957037925720215,
        0.2396559715270996,
        0.23969674110412598,
        0.23964691162109375,
        0.23959803581237793,
        0.23960399627685547
    ],
    "prefill_percentiles": {
        "10": 0.23959846496582032,
        "25": 0.23960357904434204,
        "50": 0.23964786529541016,
        "75": 0.239668071269989,
        "90": 0.23969457149505616
    },
    "avg_decode_latency": 0.037346829970677696,
    "decode_latencies": [
        0.036694002151489255,
        0.036670875549316403,
        0.03666741847991943,
        0.03679537773132324,
        0.0366663932800293,
        0.03670117855072021,
        0.0444828987121582,
        0.03669197559356689,
        0.03666610717773437,
        0.03672029972076416,
        0.036719536781311034,
        0.0366858959197998
    ],
    "decode_percentiles": {
        "10": 0.03666649580001831,
        "25": 0.03667001128196716,
        "50": 0.03669298887252807,
        "75": 0.03671972751617432,
        "90": 0.036787869930267336
    }
}