{
    "avg_prefill_latency": 0.1223328709602356,
    "prefill_latencies": [
        0.1222527027130127,
        0.12227416038513184,
        0.12225747108459473,
        0.12245464324951172,
        0.1222071647644043,
        0.1222391128540039,
        0.12228202819824219,
        0.12244868278503418,
        0.12248587608337402,
        0.12248516082763672,
        0.12235903739929199,
        0.12224841117858887
    ],
    "prefill_percentiles": {
        "10": 0.12224004268646241,
        "25": 0.12225162982940674,
        "50": 0.12227809429168701,
        "75": 0.12245017290115356,
        "90": 0.12248210906982422
    },
    "avg_decode_latency": 0.025426846963387945,
    "decode_latencies": [
        0.02457451820373535,
        0.024635155995686848,
        0.02459989653693305,
        0.0245822270711263,
        0.024584505293104384,
        0.024621142281426325,
        0.02472739749484592,
        0.034231238894992404,
        0.02464906374613444,
        0.024689992268880207,
        0.024650520748562284,
        0.024576505025227863
    ],
    "decode_percentiles": {
        "10": 0.024577077229817706,
        "25": 0.024583935737609863,
        "50": 0.024628149138556585,
        "75": 0.024660388628641765,
        "90": 0.024723656972249347
    }
}