{
    "avg_prefill_latency": 0.03592058022816976,
    "prefill_latencies": [
        0.03577256202697754,
        0.03578042984008789,
        0.03595161437988281,
        0.03583955764770508,
        0.035738229751586914,
        0.0368497371673584,
        0.03575015068054199,
        0.03594827651977539,
        0.03577470779418945,
        0.03609132766723633,
        0.035758018493652344,
        0.03579235076904297
    ],
    "prefill_percentiles": {
        "10": 0.035750937461853025,
        "25": 0.03576892614364624,
        "50": 0.03578639030456543,
        "75": 0.035949110984802246,
        "90": 0.036077356338500975
    },
    "avg_decode_latency": 0.013647576173146566,
    "decode_latencies": [
        0.013611793518066406,
        0.013619555367363824,
        0.013665066825018989,
        0.013616641362508139,
        0.013762129677666558,
        0.013648589452107748,
        0.013679212994045682,
        0.013692776362101236,
        0.013584428363376193,
        0.013693571090698242,
        0.01360932985941569,
        0.013587819205390083
    ],
    "decode_percentiles": {
        "10": 0.013589970270792643,
        "25": 0.013611177603403727,
        "50": 0.013634072409735786,
        "75": 0.01368260383605957,
        "90": 0.013693491617838541
    }
}