{
    "avg_prefill_latency": 0.015571216742197672,
    "prefill_latencies": [
        0.01558685302734375,
        0.015575170516967773,
        0.015561819076538086,
        0.015572071075439453,
        0.015581607818603516,
        0.015571117401123047,
        0.015571117401123047,
        0.015561342239379883,
        0.015558004379272461,
        0.015559911727905273,
        0.015596866607666016,
        0.015558719635009766
    ],
    "prefill_percentiles": {
        "10": 0.015558838844299316,
        "25": 0.01556098461151123,
        "50": 0.015571117401123047,
        "75": 0.015576779842376709,
        "90": 0.015586328506469727
    },
    "avg_decode_latency": 0.011397748081772416,
    "decode_latencies": [
        0.011375321282280816,
        0.011365625593397353,
        0.011370526419745551,
        0.011598163180881076,
        0.011524968677096896,
        0.011360804239908854,
        0.011363241407606337,
        0.011356300777859159,
        0.011363559299045138,
        0.011370950274997287,
        0.011362102296617296,
        0.011361413531833224
    ],
    "decode_percentiles": {
        "10": 0.011360865169101292,
        "25": 0.011361930105421279,
        "50": 0.011364592446221245,
        "75": 0.01137204302681817,
        "90": 0.011510003937615289
    }
}