{
    "avg_prefill_latency": 0.24031112591425577,
    "prefill_latencies": [
        0.24021434783935547,
        0.24021124839782715,
        0.24030399322509766,
        0.24016952514648438,
        0.24043607711791992,
        0.24019217491149902,
        0.24075627326965332,
        0.24022483825683594,
        0.24041748046875,
        0.2403113842010498,
        0.2402796745300293,
        0.24021649360656738
    ],
    "prefill_percentiles": {
        "10": 0.24019408226013184,
        "25": 0.2402135729789734,
        "50": 0.24025225639343262,
        "75": 0.24033790826797485,
        "90": 0.24043421745300292
    },
    "avg_decode_latency": 0.034404408931732175,
    "decode_latencies": [
        0.03436045646667481,
        0.034425878524780275,
        0.034330201148986814,
        0.034287452697753906,
        0.034375905990600586,
        0.03435955047607422,
        0.03439033031463623,
        0.03429789543151855,
        0.034336304664611815,
        0.03443212509155273,
        0.03494839668273926,
        0.03430840969085693
    ],
    "decode_percentiles": {
        "10": 0.03429894685745239,
        "25": 0.03432475328445434,
        "50": 0.03436000347137451,
        "75": 0.03439921736717224,
        "90": 0.03443150043487549
    }
}