{
    "avg_prefill_latency": 0.19021536906560263,
    "prefill_latencies": [
        0.19016170501708984,
        0.1901686191558838,
        0.19019865989685059,
        0.19015812873840332,
        0.19010376930236816,
        0.1902005672454834,
        0.1901707649230957,
        0.19015073776245117,
        0.1904773712158203,
        0.1902017593383789,
        0.19040226936340332,
        0.19019007682800293
    ],
    "prefill_percentiles": {
        "10": 0.19015147686004638,
        "25": 0.1901608109474182,
        "50": 0.19018042087554932,
        "75": 0.19020086526870728,
        "90": 0.19038221836090088
    },
    "avg_decode_latency": 0.01621950776488693,
    "decode_latencies": [
        0.015471272998385958,
        0.015686988830566406,
        0.015489975611368815,
        0.015476809607611762,
        0.015484491984049479,
        0.01547302140129937,
        0.015471087561713325,
        0.015491459104749892,
        0.015778779983520508,
        0.023619227939181857,
        0.01568325360616048,
        0.015507724550035264
    ],
    "decode_percentiles": {
        "10": 0.0154714478386773,
        "25": 0.015475862556033664,
        "50": 0.015490717358059354,
        "75": 0.015684187412261963,
        "90": 0.015769600868225098
    }
}