{
    "avg_prefill_latency": 0.43210142850875854,
    "prefill_latencies": [
        0.428741455078125,
        0.4279043674468994,
        0.4285430908203125,
        0.43112802505493164,
        0.43070363998413086,
        0.4304172992706299,
        0.43268561363220215,
        0.43461036682128906,
        0.4311079978942871,
        0.4365272521972656,
        0.4371805191040039,
        0.4356675148010254
    ],
    "prefill_percentiles": {
        "10": 0.42856292724609374,
        "25": 0.42999833822250366,
        "50": 0.4311180114746094,
        "75": 0.43487465381622314,
        "90": 0.4364412784576416
    },
    "avg_decode_latency": 0.03535296078081484,
    "decode_latencies": [
        0.03482678201463488,
        0.03490802976820204,
        0.03493656052483453,
        0.03489009539286295,
        0.03491526179843479,
        0.035001648796929255,
        0.035071108076307506,
        0.0365545219845242,
        0.035730441411336265,
        0.03554198477003309,
        0.03586607509189182,
        0.03599301973978678
    ],
    "decode_percentiles": {
        "10": 0.034891888830396865,
        "25": 0.0349134537908766,
        "50": 0.03503637843661838,
        "75": 0.03576434983147515,
        "90": 0.03598032527499728
    }
}