{
    "avg_prefill_latency": 0.43557822704315186,
    "prefill_latencies": [
        0.43122172355651855,
        0.43235325813293457,
        0.43747425079345703,
        0.4356851577758789,
        0.431255578994751,
        0.4334862232208252,
        0.43709349632263184,
        0.44124603271484375,
        0.4376261234283447,
        0.43459248542785645,
        0.43802809715270996,
        0.4368762969970703
    ],
    "prefill_percentiles": {
        "10": 0.4313653469085693,
        "25": 0.43320298194885254,
        "50": 0.4362807273864746,
        "75": 0.43751221895217896,
        "90": 0.4379878997802734
    },
    "avg_decode_latency": 0.03723116274233217,
    "decode_latencies": [
        0.03712707095675998,
        0.03716686036851671,
        0.03742127948337131,
        0.03722887569003635,
        0.03716111183166504,
        0.03717070155673557,
        0.03717690043979221,
        0.03717740376790365,
        0.037159972720676,
        0.03725443945990668,
        0.03750891155666775,
        0.03722042507595486
    ],
    "decode_percentiles": {
        "10": 0.037160086631774905,
        "25": 0.037165423234303795,
        "50": 0.03717715210384793,
        "75": 0.037235266632503934,
        "90": 0.03740459548102485
    }
}