{
    "avg_prefill_latency": 0.889242966969808,
    "prefill_latencies": [
        0.8767962455749512,
        0.8831865787506104,
        0.8864097595214844,
        0.8865146636962891,
        0.8882420063018799,
        0.8849537372589111,
        0.8912053108215332,
        0.8904578685760498,
        0.8932292461395264,
        0.8995833396911621,
        0.8967115879058838,
        0.8936252593994141
    ],
    "prefill_percentiles": {
        "10": 0.8833632946014405,
        "25": 0.8860457539558411,
        "50": 0.8893499374389648,
        "75": 0.8933282494544983,
        "90": 0.8964029550552368
    },
    "avg_decode_latency": 0.0923296332359314,
    "decode_latencies": [
        0.09182100296020508,
        0.09190490245819091,
        0.09177064895629883,
        0.0926396369934082,
        0.09310677051544189,
        0.0925112247467041,
        0.09244391918182374,
        0.0927614450454712,
        0.09193458557128906,
        0.09212865829467773,
        0.09212560653686523,
        0.09280719757080078
    ],
    "decode_percentiles": {
        "10": 0.09182939291000367,
        "25": 0.09192716479301452,
        "50": 0.09228628873825073,
        "75": 0.09267008900642396,
        "90": 0.09280262231826782
    }
}