{
    "avg_prefill_latency": 0.035486459732055664,
    "prefill_latencies": [
        0.03333258628845215,
        0.03403806686401367,
        0.034569501876831055,
        0.03359532356262207,
        0.03343963623046875,
        0.033310890197753906,
        0.05356931686401367,
        0.035864830017089844,
        0.03330636024475098,
        0.03400135040283203,
        0.03348875045776367,
        0.03332090377807617
    ],
    "prefill_percentiles": {
        "10": 0.033311891555786136,
        "25": 0.033329665660858154,
        "50": 0.03354203701019287,
        "75": 0.03417092561721802,
        "90": 0.03573529720306397
    },
    "avg_decode_latency": 0.03493814335929023,
    "decode_latencies": [
        0.034211821026272245,
        0.035238530900743276,
        0.03401970863342285,
        0.03462293412950304,
        0.03653377956814236,
        0.03517410490247938,
        0.03408945931328668,
        0.03513010342915853,
        0.03461572859022352,
        0.033850378460354276,
        0.03877539104885525,
        0.03299578030904134
    ],
    "decode_percentiles": {
        "10": 0.03386731147766114,
        "25": 0.034072021643320724,
        "50": 0.03461933135986328,
        "75": 0.035190211402045354,
        "90": 0.036404254701402454
    }
}