{
    "avg_prefill_latency": 0.1477909286816915,
    "prefill_latencies": [
        0.14638662338256836,
        0.1481616497039795,
        0.1500105857849121,
        0.14818167686462402,
        0.1497042179107666,
        0.1453838348388672,
        0.149428129196167,
        0.1407930850982666,
        0.14832091331481934,
        0.14825749397277832,
        0.15018582344055176,
        0.14867711067199707
    ],
    "prefill_percentiles": {
        "10": 0.1454841136932373,
        "25": 0.1477178931236267,
        "50": 0.14828920364379883,
        "75": 0.1494971513748169,
        "90": 0.14997994899749756
    },
    "avg_decode_latency": 0.044627865155537925,
    "decode_latencies": [
        0.04469005266825358,
        0.044318305121527776,
        0.04431202676561144,
        0.04342428843180338,
        0.04341006278991699,
        0.04388361506991916,
        0.0467115773095025,
        0.044849024878607854,
        0.045588175455729164,
        0.044844494925604925,
        0.04474602805243598,
        0.04475673039754232
    ],
    "decode_percentiles": {
        "10": 0.043470221095614964,
        "25": 0.04420492384168837,
        "50": 0.04471804036034478,
        "75": 0.04484562741385566,
        "90": 0.04551426039801704
    }
}