{
    "avg_prefill_latency": 0.43057183424631756,
    "prefill_latencies": [
        0.4255681037902832,
        0.4313325881958008,
        0.4321765899658203,
        0.4295828342437744,
        0.4283280372619629,
        0.4289069175720215,
        0.4323694705963135,
        0.4342222213745117,
        0.42887115478515625,
        0.42994093894958496,
        0.42946720123291016,
        0.4360959529876709
    ],
    "prefill_percentiles": {
        "10": 0.42838234901428224,
        "25": 0.4288979768753052,
        "50": 0.4297618865966797,
        "75": 0.4322248101234436,
        "90": 0.4340369462966919
    },
    "avg_decode_latency": 0.07784607233824553,
    "decode_latencies": [
        0.07685542106628418,
        0.07744439442952473,
        0.07675729857550727,
        0.0822960270775689,
        0.07682715521918403,
        0.07561487621731228,
        0.07500865724351671,
        0.08239809672037761,
        0.0765081246693929,
        0.07570213741726345,
        0.07635792096455891,
        0.0823827584584554
    ],
    "decode_percentiles": {
        "10": 0.07562360233730739,
        "25": 0.07619397507773505,
        "50": 0.07679222689734565,
        "75": 0.07865730259153578,
        "90": 0.08237408532036675
    }
}