{
    "avg_prefill_latency": 0.0586509903271993,
    "prefill_latencies": [
        0.05891871452331543,
        0.056592702865600586,
        0.06266188621520996,
        0.06190323829650879,
        0.05553770065307617,
        0.05980420112609863,
        0.05875396728515625,
        0.057013750076293945,
        0.05977153778076172,
        0.05951809883117676,
        0.05664825439453125,
        0.05668783187866211
    ],
    "prefill_percentiles": {
        "10": 0.05659825801849365,
        "25": 0.056677937507629395,
        "50": 0.05883634090423584,
        "75": 0.05977970361709595,
        "90": 0.061693334579467775
    },
    "avg_decode_latency": 0.03576422620702673,
    "decode_latencies": [
        0.036672618654039174,
        0.036407788594563804,
        0.035395171907213,
        0.03597036997477213,
        0.0354461669921875,
        0.03529514206780328,
        0.03543670972188314,
        0.03560858302646213,
        0.03548428747389051,
        0.03553536203172472,
        0.03613633579678006,
        0.035782178243001304
    ],
    "decode_percentiles": {
        "10": 0.03539932568868002,
        "25": 0.03544380267461141,
        "50": 0.03557197252909343,
        "75": 0.036011861430274114,
        "90": 0.03638064331478543
    }
}