{
    "avg_prefill_latency": 0.11320465803146362,
    "prefill_latencies": [
        0.11259841918945312,
        0.11297225952148438,
        0.10872673988342285,
        0.11290264129638672,
        0.11262726783752441,
        0.1163177490234375,
        0.11346936225891113,
        0.11366486549377441,
        0.11315083503723145,
        0.11411643028259277,
        0.113922119140625,
        0.11398720741271973
    ],
    "prefill_percentiles": {
        "10": 0.11260130405426025,
        "25": 0.11283379793167114,
        "50": 0.11331009864807129,
        "75": 0.11393839120864868,
        "90": 0.11410350799560547
    },
    "avg_decode_latency": 0.03380186027950711,
    "decode_latencies": [
        0.034023814731174044,
        0.03391509585910373,
        0.03418283992343479,
        0.03411330117119683,
        0.03403319252861871,
        0.0337314870622423,
        0.033978806601630315,
        0.0337925222184923,
        0.03365863694085015,
        0.0336000919342041,
        0.03326121966044108,
        0.03333131472269694
    ],
    "decode_percentiles": {
        "10": 0.033358192443847655,
        "25": 0.033644000689188644,
        "50": 0.03385380903879802,
        "75": 0.03402615918053521,
        "90": 0.03410529030693902
    }
}