{
    "avg_prefill_latency": 0.06667717297871907,
    "prefill_latencies": [
        0.06173539161682129,
        0.06228899955749512,
        0.07096982002258301,
        0.06247282028198242,
        0.06847476959228516,
        0.07024145126342773,
        0.06537890434265137,
        0.06886434555053711,
        0.06493496894836426,
        0.06749129295349121,
        0.06932783126831055,
        0.06794548034667969
    ],
    "prefill_percentiles": {
        "10": 0.06230738162994385,
        "25": 0.0643194317817688,
        "50": 0.06771838665008545,
        "75": 0.06898021697998047,
        "90": 0.07015008926391601
    },
    "avg_decode_latency": 0.03185310849437007,
    "decode_latencies": [
        0.03207490179273817,
        0.0323180357615153,
        0.03243165545993381,
        0.03191147910224067,
        0.03170657157897949,
        0.03144603305392795,
        0.03154622183905707,
        0.031414429346720375,
        0.03200104501512316,
        0.03164256943596734,
        0.031718201107449,
        0.03202615843878852
    ],
    "decode_percentiles": {
        "10": 0.031456051932440866,
        "25": 0.031618482536739774,
        "50": 0.03181484010484484,
        "75": 0.032038344277275935,
        "90": 0.03229372236463759
    }
}