{
    "avg_prefill_latency": 0.43454776207606,
    "prefill_latencies": [
        0.4297981262207031,
        0.4343233108520508,
        0.43619537353515625,
        0.4334702491760254,
        0.433957576751709,
        0.43617987632751465,
        0.43810105323791504,
        0.4368438720703125,
        0.44046616554260254,
        0.43329739570617676,
        0.4321584701538086,
        0.4297816753387451
    ],
    "prefill_percentiles": {
        "10": 0.43003416061401367,
        "25": 0.4330126643180847,
        "50": 0.4341404438018799,
        "75": 0.4363574981689453,
        "90": 0.4379753351211548
    },
    "avg_decode_latency": 0.03699157193855003,
    "decode_latencies": [
        0.03623628616333008,
        0.03596557511223687,
        0.03589850001864963,
        0.036739879184299044,
        0.03653928968641493,
        0.03655332989162869,
        0.03646659851074219,
        0.036523924933539495,
        0.038638300365871854,
        0.03823942608303494,
        0.03982392946879069,
        0.036273823844061956
    ],
    "decode_percentiles": {
        "10": 0.03599264621734619,
        "25": 0.03626443942387898,
        "50": 0.03653160730997721,
        "75": 0.03711476590898302,
        "90": 0.038598412937588165
    }
}