{
    "avg_prefill_latency": 0.11452106634775798,
    "prefill_latencies": [
        0.1198587417602539,
        0.11143374443054199,
        0.11831784248352051,
        0.11388325691223145,
        0.11027193069458008,
        0.11475086212158203,
        0.11140227317810059,
        0.11670660972595215,
        0.11374211311340332,
        0.11588692665100098,
        0.1141517162322998,
        0.1138467788696289
    ],
    "prefill_percentiles": {
        "10": 0.11140542030334473,
        "25": 0.11316502094268799,
        "50": 0.11401748657226562,
        "75": 0.11609184741973877,
        "90": 0.11815671920776367
    },
    "avg_decode_latency": 0.03585155584194042,
    "decode_latencies": [
        0.036188602447509766,
        0.03569846683078342,
        0.03619737095303006,
        0.0357064406077067,
        0.035676797231038414,
        0.03571833504570855,
        0.03567247920566135,
        0.03561684820387098,
        0.03550667232937283,
        0.03578119807773166,
        0.03627167807685004,
        0.03618378109402127
    ],
    "decode_percentiles": {
        "10": 0.03562241130405002,
        "25": 0.03567571772469415,
        "50": 0.03571238782670763,
        "75": 0.036184986432393394,
        "90": 0.03619649410247803
    }
}