{
    "avg_prefill_latency": 0.8924151659011841,
    "prefill_latencies": [
        0.8898453712463379,
        0.8916201591491699,
        0.8830606937408447,
        0.8941805362701416,
        0.9011523723602295,
        0.8956286907196045,
        0.8971178531646729,
        0.886415958404541,
        0.8959221839904785,
        0.8983674049377441,
        0.8846137523651123,
        0.891057014465332
    ],
    "prefill_percentiles": {
        "10": 0.8847939729690552,
        "25": 0.8889880180358887,
        "50": 0.8929003477096558,
        "75": 0.8962211012840271,
        "90": 0.898242449760437
    },
    "avg_decode_latency": 0.07413270870844525,
    "decode_latencies": [
        0.07437009811401367,
        0.07441043853759766,
        0.07471003532409667,
        0.08350465297698975,
        0.07415544986724854,
        0.0726024866104126,
        0.07230224609375,
        0.07776620388031005,
        0.07145254611968994,
        0.0713961362838745,
        0.07142698764801025,
        0.07149522304534912
    ],
    "decode_percentiles": {
        "10": 0.07142954349517823,
        "25": 0.07148455381393433,
        "50": 0.07337896823883057,
        "75": 0.07448533773422242,
        "90": 0.07746058702468872
    }
}