{
    "avg_prefill_latency": 0.6768467823664347,
    "prefill_latencies": [
        0.6684401035308838,
        0.6783952713012695,
        0.6719157695770264,
        0.6546790599822998,
        0.6775491237640381,
        0.6760077476501465,
        0.6893455982208252,
        0.683368444442749,
        0.681347131729126,
        0.6855769157409668,
        0.6755344867706299,
        0.6800017356872559
    ],
    "prefill_percentiles": {
        "10": 0.668787670135498,
        "25": 0.674629807472229,
        "50": 0.6779721975326538,
        "75": 0.6818524599075317,
        "90": 0.6853560686111451
    },
    "avg_decode_latency": 0.0589416954252455,
    "decode_latencies": [
        0.054906739128960505,
        0.055826134151882596,
        0.06579282548692492,
        0.058297660615709096,
        0.05827657381693522,
        0.057958894305759005,
        0.05782188309563531,
        0.05744036038716634,
        0.05574835671318902,
        0.058068037033081055,
        0.07034993171691895,
        0.05681294865078396
    ],
    "decode_percentiles": {
        "10": 0.055756134457058376,
        "25": 0.05656624502605862,
        "50": 0.057890388700697154,
        "75": 0.05828184551662869,
        "90": 0.06504330899980333
    }
}