{
    "avg_prefill_latency": 0.8912060658137003,
    "prefill_latencies": [
        0.8811969757080078,
        0.8699626922607422,
        0.885638952255249,
        0.8915276527404785,
        0.8962349891662598,
        0.8974106311798096,
        0.8970074653625488,
        0.9001638889312744,
        0.8946053981781006,
        0.8914546966552734,
        0.8997666835784912,
        0.889502763748169
    ],
    "prefill_percentiles": {
        "10": 0.881641173362732,
        "25": 0.888536810874939,
        "50": 0.8930665254592896,
        "75": 0.897108256816864,
        "90": 0.899531078338623
    },
    "avg_decode_latency": 0.09118345777193705,
    "decode_latencies": [
        0.08841176033020019,
        0.08909058570861816,
        0.08847157955169678,
        0.09553089141845703,
        0.08885886669158935,
        0.08885104656219482,
        0.09828469753265381,
        0.09086790084838867,
        0.0905646800994873,
        0.09679212570190429,
        0.08969259262084961,
        0.08878476619720459
    ],
    "decode_percentiles": {
        "10": 0.08850289821624756,
        "25": 0.08883447647094726,
        "50": 0.08939158916473389,
        "75": 0.09203364849090576,
        "90": 0.09666600227355956
    }
}