{
    "avg_prefill_latency": 0.543712337811788,
    "prefill_latencies": [
        0.5408542156219482,
        0.5447969436645508,
        0.54526686668396,
        0.5468471050262451,
        0.5490057468414307,
        0.5494160652160645,
        0.5277462005615234,
        0.5407521724700928,
        0.5417499542236328,
        0.5424494743347168,
        0.5474193096160889,
        0.5482439994812012
    ],
    "prefill_percentiles": {
        "10": 0.5407623767852783,
        "25": 0.5415260195732117,
        "50": 0.5450319051742554,
        "75": 0.5476254820823669,
        "90": 0.5489295721054077
    },
    "avg_decode_latency": 0.05444053146574233,
    "decode_latencies": [
        0.05204923947652181,
        0.05188682344224718,
        0.05191503630744086,
        0.05186629295349121,
        0.05213681856791178,
        0.06454565789964464,
        0.055876202053493924,
        0.0544839964972602,
        0.05482922659979926,
        0.054858101738823786,
        0.05477746327718099,
        0.05406151877509223
    ],
    "decode_percentiles": {
        "10": 0.05188964472876655,
        "25": 0.052015688684251576,
        "50": 0.054272757636176214,
        "75": 0.05483644538455539,
        "90": 0.055774392022026914
    }
}