{
    "avg_prefill_latency": 0.03659909963607788,
    "prefill_latencies": [
        0.03652048110961914,
        0.03656196594238281,
        0.03664994239807129,
        0.036650657653808594,
        0.03656268119812012,
        0.036583900451660156,
        0.03655385971069336,
        0.03654956817626953,
        0.03659462928771973,
        0.036775827407836914,
        0.03659510612487793,
        0.036590576171875
    ],
    "prefill_percentiles": {
        "10": 0.03654999732971191,
        "25": 0.03655993938446045,
        "50": 0.03658723831176758,
        "75": 0.03660881519317627,
        "90": 0.036650586128234866
    },
    "avg_decode_latency": 0.030690500029811153,
    "decode_latencies": [
        0.030622323354085285,
        0.030679040484958224,
        0.030810382631089952,
        0.030641900168524847,
        0.03063617812262641,
        0.03074918852912055,
        0.030659013324313693,
        0.030638164944118924,
        0.03078648779127333,
        0.030728658040364582,
        0.030631436241997614,
        0.030703226725260418
    ],
    "decode_percentiles": {
        "10": 0.030631910430060492,
        "25": 0.030637668238745794,
        "50": 0.03066902690463596,
        "75": 0.030733790662553575,
        "90": 0.03078275786505805
    }
}