{
    "avg_prefill_latency": 0.39874279499053955,
    "prefill_latencies": [
        0.39963269233703613,
        0.39767003059387207,
        0.3953571319580078,
        0.3968358039855957,
        0.3965573310852051,
        0.3985018730163574,
        0.40051889419555664,
        0.40050625801086426,
        0.3994889259338379,
        0.399599552154541,
        0.4005002975463867,
        0.39974474906921387
    ],
    "prefill_percentiles": {
        "10": 0.39658517837524415,
        "25": 0.397461473941803,
        "50": 0.39954423904418945,
        "75": 0.3999336361885071,
        "90": 0.4005056619644165
    },
    "avg_decode_latency": 0.03881709663956254,
    "decode_latencies": [
        0.03970707787407769,
        0.03931474685668945,
        0.03895799318949381,
        0.03962903552585178,
        0.03944603602091471,
        0.03843130005730523,
        0.03838618596394857,
        0.03861323992411295,
        0.038512865702311196,
        0.03823526700337728,
        0.03823675049675836,
        0.038334661059909396
    ],
    "decode_percentiles": {
        "10": 0.038246541553073464,
        "25": 0.038373304737938776,
        "50": 0.038563052813212075,
        "75": 0.039347569147745766,
        "90": 0.039610735575358075
    }
}