{
    "avg_prefill_latency": 0.8852035601933798,
    "prefill_latencies": [
        0.8774755001068115,
        0.8823442459106445,
        0.8880887031555176,
        0.8805365562438965,
        0.8864476680755615,
        0.8840749263763428,
        0.8912320137023926,
        0.8767509460449219,
        0.8851747512817383,
        0.8914341926574707,
        0.8898978233337402,
        0.8889853954315186
    ],
    "prefill_percentiles": {
        "10": 0.87778160572052,
        "25": 0.8818923234939575,
        "50": 0.8858112096786499,
        "75": 0.889213502407074,
        "90": 0.8910985946655273
    },
    "avg_decode_latency": 0.1325577994187673,
    "decode_latencies": [
        0.13842194080352782,
        0.1315934181213379,
        0.1315772294998169,
        0.13509759902954102,
        0.13258440494537355,
        0.13400254249572754,
        0.13202316761016847,
        0.13679952621459962,
        0.129599928855896,
        0.12912909984588622,
        0.13068804740905762,
        0.1291766881942749
    ],
    "decode_percentiles": {
        "10": 0.12921901226043703,
        "25": 0.13041601777076722,
        "50": 0.13180829286575318,
        "75": 0.1342763066291809,
        "90": 0.13662933349609377
    }
}