{
    "avg_prefill_latency": 0.038177669048309326,
    "prefill_latencies": [
        0.03774547576904297,
        0.03862810134887695,
        0.038376808166503906,
        0.03818774223327637,
        0.03826785087585449,
        0.038290977478027344,
        0.03854203224182129,
        0.03802824020385742,
        0.03809094429016113,
        0.038146018981933594,
        0.037982940673828125,
        0.03784489631652832
    ],
    "prefill_percentiles": {
        "10": 0.0378587007522583,
        "25": 0.0380169153213501,
        "50": 0.03816688060760498,
        "75": 0.038312435150146484,
        "90": 0.038525509834289554
    },
    "avg_decode_latency": 0.03295216516212181,
    "decode_latencies": [
        0.033095359802246094,
        0.033483425776163735,
        0.033296161227756076,
        0.03323141733805338,
        0.03301209873623318,
        0.03291204240587023,
        0.032826397154066295,
        0.032843430836995445,
        0.03260178036159939,
        0.03281050258212619,
        0.03274695078531901,
        0.03256641493903266
    ],
    "decode_percentiles": {
        "10": 0.03261629740397135,
        "25": 0.03279461463292439,
        "50": 0.03287773662143284,
        "75": 0.033129374186197914,
        "90": 0.033289686838785804
    }
}