{
    "avg_prefill_latency": 0.01028283437093099,
    "prefill_latencies": [
        0.00989222526550293,
        0.009940147399902344,
        0.009959936141967773,
        0.010493278503417969,
        0.010036230087280273,
        0.00998997688293457,
        0.009867668151855469,
        0.009830236434936523,
        0.013413667678833008,
        0.00992274284362793,
        0.010025978088378906,
        0.01002192497253418
    ],
    "prefill_percentiles": {
        "10": 0.009870123863220216,
        "25": 0.00991511344909668,
        "50": 0.009974956512451172,
        "75": 0.010028541088104248,
        "90": 0.0104475736618042
    },
    "avg_decode_latency": 0.009226152190455682,
    "decode_latencies": [
        0.00920822885301378,
        0.00917212168375651,
        0.009159856372409396,
        0.009223143259684244,
        0.009418725967407227,
        0.009217182795206705,
        0.009137736426459419,
        0.009181208080715604,
        0.009269449445936415,
        0.009243037965562608,
        0.00928134388393826,
        0.009201791551378038
    ],
    "decode_percentiles": {
        "10": 0.009161082903544107,
        "25": 0.00917893648147583,
        "50": 0.009212705824110243,
        "75": 0.00924964083565606,
        "90": 0.009280154440138076
    }
}