{
    "avg_prefill_latency": 0.09154059489568074,
    "prefill_latencies": [
        0.09167647361755371,
        0.09144926071166992,
        0.09088611602783203,
        0.09186410903930664,
        0.09144401550292969,
        0.0912010669708252,
        0.09176230430603027,
        0.09224271774291992,
        0.09086036682128906,
        0.09170126914978027,
        0.0912330150604248,
        0.09216642379760742
    ],
    "prefill_percentiles": {
        "10": 0.09091761112213134,
        "25": 0.0912250280380249,
        "50": 0.09156286716461182,
        "75": 0.09178775548934937,
        "90": 0.09213619232177735
    },
    "avg_decode_latency": 0.013874890627684414,
    "decode_latencies": [
        0.012211587693956163,
        0.01355086432562934,
        0.013443258073594835,
        0.015542904535929361,
        0.01401980717976888,
        0.01387770970662435,
        0.013880385292900933,
        0.013744380739000108,
        0.014388084411621094,
        0.014176501168145074,
        0.013720830281575521,
        0.01394237412346734
    ],
    "decode_percentiles": {
        "10": 0.013454018698798285,
        "25": 0.013678338792588975,
        "50": 0.013879047499762641,
        "75": 0.014058980676862929,
        "90": 0.014366926087273493
    }
}