{
    "avg_prefill_latency": 0.15266976753870645,
    "prefill_latencies": [
        0.15486979484558105,
        0.15297245979309082,
        0.1525728702545166,
        0.1542065143585205,
        0.15219354629516602,
        0.15244078636169434,
        0.15070414543151855,
        0.15149188041687012,
        0.15235280990600586,
        0.15188074111938477,
        0.15456128120422363,
        0.15179038047790527
    ],
    "prefill_percentiles": {
        "10": 0.15152173042297362,
        "25": 0.1518581509590149,
        "50": 0.1523967981338501,
        "75": 0.15328097343444824,
        "90": 0.1545258045196533
    },
    "avg_decode_latency": 0.033604306203347666,
    "decode_latencies": [
        0.031270901362101235,
        0.030664947297838,
        0.04407374064127604,
        0.032272656758626304,
        0.04152409235636393,
        0.029812018076578777,
        0.029071701897515193,
        0.03742920027838813,
        0.02964819802178277,
        0.037208610110812716,
        0.03012643920050727,
        0.03014916843838162
    ],
    "decode_percentiles": {
        "10": 0.029664580027262372,
        "25": 0.030047833919525146,
        "50": 0.030967924329969615,
        "75": 0.03726375765270657,
        "90": 0.04111460314856635
    }
}