{
    "avg_prefill_latency": 0.03358511130015055,
    "prefill_latencies": [
        0.03362250328063965,
        0.033382415771484375,
        0.03761863708496094,
        0.03314781188964844,
        0.03367352485656738,
        0.033742427825927734,
        0.03303647041320801,
        0.03271222114562988,
        0.03275632858276367,
        0.032991647720336914,
        0.032758235931396484,
        0.033579111099243164
    ],
    "prefill_percentiles": {
        "10": 0.03275651931762695,
        "25": 0.03293329477310181,
        "50": 0.033265113830566406,
        "75": 0.03363525867462158,
        "90": 0.0337355375289917
    },
    "avg_decode_latency": 0.01350545883178711,
    "decode_latencies": [
        0.014389726850721572,
        0.01431666480170356,
        0.014132685131496854,
        0.01421303219265408,
        0.013983514573838975,
        0.013440582487318251,
        0.013022078408135308,
        0.012643681632147895,
        0.012766599655151367,
        0.012988567352294922,
        0.013033178117540147,
        0.013135194778442383
    ],
    "decode_percentiles": {
        "10": 0.012788796424865722,
        "25": 0.013013700644175211,
        "50": 0.013287888632880317,
        "75": 0.01415277189678616,
        "90": 0.014306301540798611
    }
}