{
    "avg_prefill_latency": 0.0544048547744751,
    "prefill_latencies": [
        0.0466761589050293,
        0.04695582389831543,
        0.047926902770996094,
        0.04680490493774414,
        0.1309645175933838,
        0.04773974418640137,
        0.047327518463134766,
        0.04736661911010742,
        0.0469663143157959,
        0.047005414962768555,
        0.04850363731384277,
        0.04862070083618164
    ],
    "prefill_percentiles": {
        "10": 0.04681999683380127,
        "25": 0.04696369171142578,
        "50": 0.047347068786621094,
        "75": 0.048071086406707764,
        "90": 0.04860899448394775
    },
    "avg_decode_latency": 0.015507263165933115,
    "decode_latencies": [
        0.01479747560289171,
        0.015456226136949327,
        0.015297200944688585,
        0.014926009707980685,
        0.01488478978474935,
        0.015426238377888998,
        0.01526967684427897,
        0.014981879128350152,
        0.015067948235405816,
        0.015154785580105253,
        0.017315016852484807,
        0.01750991079542372
    ],
    "decode_percentiles": {
        "10": 0.014888911777072484,
        "25": 0.014967911773257785,
        "50": 0.01521223121219211,
        "75": 0.01543373531765408,
        "90": 0.01712913778093126
    }
}