{
    "avg_prefill_latency": 0.025315622488657635,
    "prefill_latencies": [
        0.025254249572753906,
        0.025569677352905273,
        0.025238752365112305,
        0.02529168128967285,
        0.025469541549682617,
        0.02535867691040039,
        0.025283336639404297,
        0.025250673294067383,
        0.025273799896240234,
        0.025287151336669922,
        0.02523493766784668,
        0.025274991989135742
    ],
    "prefill_percentiles": {
        "10": 0.025239944458007812,
        "25": 0.025253355503082275,
        "50": 0.02527916431427002,
        "75": 0.025308430194854736,
        "90": 0.025458455085754395
    },
    "avg_decode_latency": 0.010355008973015679,
    "decode_latencies": [
        0.010365592108832465,
        0.01028238402472602,
        0.010441144307454428,
        0.010523054334852431,
        0.010845661163330078,
        0.010411130057440864,
        0.010245800018310547,
        0.010225481457180448,
        0.0102384885152181,
        0.010258038838704428,
        0.010244660907321505,
        0.01017867194281684
    ],
    "decode_percentiles": {
        "10": 0.010226782162984213,
        "25": 0.010243117809295654,
        "50": 0.010270211431715224,
        "75": 0.010418633619944256,
        "90": 0.01051486333211263
    }
}