{
    "avg_prefill_latency": 0.24791053930918375,
    "prefill_latencies": [
        0.2472376823425293,
        0.24608945846557617,
        0.24704885482788086,
        0.24842429161071777,
        0.24778151512145996,
        0.2478785514831543,
        0.2477126121520996,
        0.2483835220336914,
        0.24783587455749512,
        0.2481844425201416,
        0.24913883209228516,
        0.24921083450317383
    ],
    "prefill_percentiles": {
        "10": 0.2470677375793457,
        "25": 0.24759387969970703,
        "50": 0.2478572130203247,
        "75": 0.248393714427948,
        "90": 0.24906737804412843
    },
    "avg_decode_latency": 0.03706073562304179,
    "decode_latencies": [
        0.03702325820922851,
        0.03697550296783447,
        0.03696610927581787,
        0.036922574043273926,
        0.03693394660949707,
        0.03716750144958496,
        0.03703830242156982,
        0.036972784996032716,
        0.037037992477416994,
        0.037296080589294435,
        0.03728129863739014,
        0.03711347579956055
    ],
    "decode_percentiles": {
        "10": 0.03693716287612915,
        "25": 0.036971116065979005,
        "50": 0.03703062534332276,
        "75": 0.03712698221206665,
        "90": 0.03726991891860962
    }
}