{
    "avg_prefill_latency": 0.03641897439956665,
    "prefill_latencies": [
        0.03587007522583008,
        0.03657269477844238,
        0.03596067428588867,
        0.03598427772521973,
        0.0359349250793457,
        0.03618621826171875,
        0.03627324104309082,
        0.03598833084106445,
        0.03798484802246094,
        0.03615140914916992,
        0.03708314895629883,
        0.03703784942626953
    ],
    "prefill_percentiles": {
        "10": 0.0359375,
        "25": 0.03597837686538696,
        "50": 0.036168813705444336,
        "75": 0.03668898344039917,
        "90": 0.0370786190032959
    },
    "avg_decode_latency": 0.013411309983995224,
    "decode_latencies": [
        0.012891372044881185,
        0.013014263576931424,
        0.013825813929239908,
        0.014714691374037001,
        0.012722598181830512,
        0.013426780700683594,
        0.013278961181640625,
        0.013524346881442599,
        0.013673040601942275,
        0.012502113978068033,
        0.013899750179714628,
        0.013461987177530924
    ],
    "decode_percentiles": {
        "10": 0.01273947556813558,
        "25": 0.012983540693918865,
        "50": 0.013444383939107258,
        "75": 0.013711233933766684,
        "90": 0.013892356554667156
    }
}