{
    "avg_prefill_latency": 0.015918533007303875,
    "prefill_latencies": [
        0.015712261199951172,
        0.015840530395507812,
        0.0156857967376709,
        0.01572132110595703,
        0.01831507682800293,
        0.01572871208190918,
        0.015629053115844727,
        0.01563119888305664,
        0.015603065490722656,
        0.015636682510375977,
        0.015655517578125,
        0.01586318016052246
    ],
    "prefill_percentiles": {
        "10": 0.015629267692565917,
        "25": 0.015635311603546143,
        "50": 0.015699028968811035,
        "75": 0.015756666660308838,
        "90": 0.015860915184020996
    },
    "avg_decode_latency": 0.01233753893110487,
    "decode_latencies": [
        0.012627787060207792,
        0.012681192821926542,
        0.01263133684794108,
        0.012776957617865669,
        0.012157572640313042,
        0.0121103392706977,
        0.012092245949639214,
        0.012089172999064127,
        0.012125333150227865,
        0.012082603242662217,
        0.012268728680080838,
        0.012407196892632378
    ],
    "decode_percentiles": {
        "10": 0.012089480294121636,
        "25": 0.012105815940433078,
        "50": 0.012213150660196941,
        "75": 0.012628674507141113,
        "90": 0.012676207224527995
    }
}