{
    "avg_prefill_latency": 0.08050348361333211,
    "prefill_latencies": [
        0.08059549331665039,
        0.08048653602600098,
        0.08053398132324219,
        0.08010578155517578,
        0.08050417900085449,
        0.08034920692443848,
        0.0801534652709961,
        0.08044266700744629,
        0.08026552200317383,
        0.08016443252563477,
        0.08124136924743652,
        0.08119916915893555
    ],
    "prefill_percentiles": {
        "10": 0.08015456199645996,
        "25": 0.08024024963378906,
        "50": 0.08046460151672363,
        "75": 0.08054935932159424,
        "90": 0.08113880157470703
    },
    "avg_decode_latency": 0.022408397109420216,
    "decode_latencies": [
        0.03267582257588705,
        0.021749787860446505,
        0.021311177147759333,
        0.021614578035142686,
        0.021240949630737305,
        0.021258036295572918,
        0.02123194270663791,
        0.021664857864379883,
        0.021559052997165255,
        0.021701362397935655,
        0.021462308035956487,
        0.02143088976542155
    ],
    "decode_percentiles": {
        "10": 0.021242658297220867,
        "25": 0.02129789193471273,
        "50": 0.02151068051656087,
        "75": 0.021673983997768827,
        "90": 0.02174494531419542
    }
}