{
    "avg_prefill_latency": 0.18221551179885864,
    "prefill_latencies": [
        0.18171262741088867,
        0.1808614730834961,
        0.1823580265045166,
        0.18323826789855957,
        0.18233346939086914,
        0.18193268775939941,
        0.18241167068481445,
        0.18241286277770996,
        0.18265604972839355,
        0.1816856861114502,
        0.18250584602355957,
        0.18247747421264648
    ],
    "prefill_percentiles": {
        "10": 0.18168838024139405,
        "25": 0.18187767267227173,
        "50": 0.18238484859466553,
        "75": 0.18248456716537476,
        "90": 0.18264102935791016
    },
    "avg_decode_latency": 0.03594930525179263,
    "decode_latencies": [
        0.03847670555114746,
        0.03631668620639377,
        0.035447253121270075,
        0.03494469324747721,
        0.043480634689331055,
        0.03498649597167969,
        0.03467787636650933,
        0.034869644376966685,
        0.03455816374884711,
        0.0342203246222602,
        0.034551779429117836,
        0.03486140569051107
    ],
    "decode_percentiles": {
        "10": 0.03455241786109076,
        "25": 0.03464794821209378,
        "50": 0.034907168812221945,
        "75": 0.035664611392551,
        "90": 0.038260703616672095
    }
}