{
    "avg_prefill_latency": 0.11619474490483601,
    "prefill_latencies": [
        0.11753010749816895,
        0.11634421348571777,
        0.1170651912689209,
        0.11565589904785156,
        0.11691403388977051,
        0.11551690101623535,
        0.11527276039123535,
        0.11593294143676758,
        0.11546492576599121,
        0.1157996654510498,
        0.11595511436462402,
        0.11688518524169922
    ],
    "prefill_percentiles": {
        "10": 0.11547012329101562,
        "25": 0.11562114953994751,
        "50": 0.1159440279006958,
        "75": 0.11689239740371704,
        "90": 0.11705007553100585
    },
    "avg_decode_latency": 0.02750067799179642,
    "decode_latencies": [
        0.0268246332804362,
        0.0269725587632921,
        0.026756021711561415,
        0.027491092681884766,
        0.027979214986165363,
        0.025690449608696833,
        0.025508668687608507,
        0.025574896070692275,
        0.02617947260538737,
        0.02605605125427246,
        0.03946285777621799,
        0.025512218475341797
    ],
    "decode_percentiles": {
        "10": 0.025518486234876844,
        "25": 0.025661561224195693,
        "50": 0.026467747158474393,
        "75": 0.027102192242940266,
        "90": 0.027930402755737303
    }
}