{
    "avg_prefill_latency": 0.12802563110987344,
    "prefill_latencies": [
        0.12694478034973145,
        0.12670350074768066,
        0.12766027450561523,
        0.12755060195922852,
        0.12922120094299316,
        0.12975716590881348,
        0.1300196647644043,
        0.12763381004333496,
        0.1284644603729248,
        0.1273210048675537,
        0.1274569034576416,
        0.12757420539855957
    ],
    "prefill_percentiles": {
        "10": 0.12698240280151368,
        "25": 0.12742292881011963,
        "50": 0.12760400772094727,
        "75": 0.1286536455154419,
        "90": 0.12970356941223143
    },
    "avg_decode_latency": 0.013870828681521946,
    "decode_latencies": [
        0.0124763912624783,
        0.01248629887898763,
        0.012521319919162326,
        0.013828489515516493,
        0.012672636244032118,
        0.015155871709187826,
        0.015337149302164713,
        0.012565904193454318,
        0.015351586871676974,
        0.014809767405192057,
        0.014030271106296115,
        0.015214257770114474
    ],
    "decode_percentiles": {
        "10": 0.0124898009830051,
        "25": 0.01255475812488132,
        "50": 0.013929380310906304,
        "75": 0.015170468224419488,
        "90": 0.01532486014895969
    }
}