{
    "avg_prefill_latency": 0.2523549199104309,
    "prefill_latencies": [
        0.25119805335998535,
        0.2518758773803711,
        0.2510354518890381,
        0.2531101703643799,
        0.2530367374420166,
        0.2519803047180176,
        0.251751184463501,
        0.2516171932220459,
        0.2532382011413574,
        0.2531595230102539,
        0.25269246101379395,
        0.25356388092041016
    ],
    "prefill_percentiles": {
        "10": 0.2512399673461914,
        "25": 0.2517176866531372,
        "50": 0.25233638286590576,
        "75": 0.2531225085258484,
        "90": 0.25323033332824707
    },
    "avg_decode_latency": 0.03726309537887573,
    "decode_latencies": [
        0.03710637092590332,
        0.037236142158508304,
        0.037182950973510744,
        0.03716309070587158,
        0.03714709281921387,
        0.03724203109741211,
        0.03713910579681397,
        0.036992573738098146,
        0.03720602989196777,
        0.037263107299804685,
        0.0375805139541626,
        0.037898135185241696
    ],
    "decode_percentiles": {
        "10": 0.037109644412994386,
        "25": 0.037145096063613894,
        "50": 0.03719449043273926,
        "75": 0.037247300148010254,
        "90": 0.03754877328872681
    }
}