{
    "avg_prefill_latency": 0.24505352973937988,
    "prefill_latencies": [
        0.24446988105773926,
        0.24344325065612793,
        0.24534368515014648,
        0.24446725845336914,
        0.24498271942138672,
        0.24580645561218262,
        0.24522066116333008,
        0.2481827735900879,
        0.24560332298278809,
        0.24354815483093262,
        0.2440786361694336,
        0.24549555778503418
    ],
    "prefill_percentiles": {
        "10": 0.24360120296478271,
        "25": 0.24437010288238525,
        "50": 0.2451016902923584,
        "75": 0.24552249908447266,
        "90": 0.24578614234924318
    },
    "avg_decode_latency": 0.01453781569445575,
    "decode_latencies": [
        0.01399283938937717,
        0.014018350177341037,
        0.014048099517822266,
        0.014761951234605577,
        0.01497975985209147,
        0.014929771423339844,
        0.014899121390448676,
        0.015236854553222656,
        0.014105187522040473,
        0.014057000478108725,
        0.015528069602118598,
        0.013896783192952475
    ],
    "decode_percentiles": {
        "10": 0.013995390468173555,
        "25": 0.014040662182701958,
        "50": 0.014433569378323026,
        "75": 0.01494226853052775,
        "90": 0.015211145083109537
    }
}