{
    "avg_prefill_latency": 0.24501778682072958,
    "prefill_latencies": [
        0.2448129653930664,
        0.24552369117736816,
        0.24535346031188965,
        0.24434494972229004,
        0.24431943893432617,
        0.24430346488952637,
        0.2455596923828125,
        0.24539732933044434,
        0.24511432647705078,
        0.24531865119934082,
        0.24426889419555664,
        0.245896577835083
    ],
    "prefill_percentiles": {
        "10": 0.24430506229400634,
        "25": 0.24433857202529907,
        "50": 0.2452164888381958,
        "75": 0.2454289197921753,
        "90": 0.24555609226226807
    },
    "avg_decode_latency": 0.036041778326034536,
    "decode_latencies": [
        0.035415148735046385,
        0.03557684421539307,
        0.03559069633483887,
        0.03536436557769775,
        0.03540866374969483,
        0.03536787033081055,
        0.03742415904998779,
        0.035750079154968264,
        0.03719239234924317,
        0.037113285064697264,
        0.03653829097747803,
        0.03575954437255859
    ],
    "decode_percentiles": {
        "10": 0.03537194967269898,
        "25": 0.0354135274887085,
        "50": 0.03567038774490357,
        "75": 0.03668203949928284,
        "90": 0.03718448162078858
    }
}