{
    "avg_prefill_latency": 0.03623835245768229,
    "prefill_latencies": [
        0.03597235679626465,
        0.03570699691772461,
        0.03604435920715332,
        0.03578639030456543,
        0.03590655326843262,
        0.036116838455200195,
        0.03594160079956055,
        0.03655695915222168,
        0.03699851036071777,
        0.03579831123352051,
        0.037014007568359375,
        0.0370173454284668
    ],
    "prefill_percentiles": {
        "10": 0.03578758239746094,
        "25": 0.03587949275970459,
        "50": 0.036008358001708984,
        "75": 0.0366673469543457,
        "90": 0.037012457847595215
    },
    "avg_decode_latency": 0.012630169038419368,
    "decode_latencies": [
        0.012268304824829102,
        0.012377447552151151,
        0.012330558564927842,
        0.012527200910780165,
        0.012307167053222656,
        0.012422906027899848,
        0.012413342793782553,
        0.012915796703762479,
        0.012745830747816298,
        0.012884272469414605,
        0.01327220598856608,
        0.013096994823879667
    ],
    "decode_percentiles": {
        "10": 0.012309506204393176,
        "25": 0.012365725305345323,
        "50": 0.012475053469340008,
        "75": 0.012892153528001573,
        "90": 0.013078875011867948
    }
}