{
    "avg_prefill_latency": 0.11525940895080566,
    "prefill_latencies": [
        0.11537432670593262,
        0.115020751953125,
        0.11483573913574219,
        0.11517763137817383,
        0.11542177200317383,
        0.11552071571350098,
        0.11479306221008301,
        0.1152951717376709,
        0.1152808666229248,
        0.1153109073638916,
        0.1152956485748291,
        0.11578631401062012
    ],
    "prefill_percentiles": {
        "10": 0.11485424041748046,
        "25": 0.11513841152191162,
        "50": 0.11529541015625,
        "75": 0.11538618803024292,
        "90": 0.11551082134246826
    },
    "avg_decode_latency": 0.01931719426755552,
    "decode_latencies": [
        0.018833372328016493,
        0.0272627936469184,
        0.01815523041619195,
        0.01845706833733453,
        0.018183602227105036,
        0.01823536554972331,
        0.018663432863023546,
        0.018605788548787434,
        0.018649737040201824,
        0.018951839870876737,
        0.018652545081244573,
        0.019155555301242404
    ],
    "decode_percentiles": {
        "10": 0.018188778559366865,
        "25": 0.018401642640431724,
        "50": 0.0186511410607232,
        "75": 0.018862989213731553,
        "90": 0.01913518375820584
    }
}