{
    "avg_prefill_latency": 0.016449888547261555,
    "prefill_latencies": [
        0.016126394271850586,
        0.0159759521484375,
        0.016173124313354492,
        0.017098426818847656,
        0.016866683959960938,
        0.01636815071105957,
        0.017195940017700195,
        0.016179800033569336,
        0.016005516052246094,
        0.016769886016845703,
        0.016624927520751953,
        0.01601386070251465
    ],
    "prefill_percentiles": {
        "10": 0.01600635051727295,
        "25": 0.0160982608795166,
        "50": 0.016273975372314453,
        "75": 0.01679408550262451,
        "90": 0.017075252532958985
    },
    "avg_decode_latency": 0.013725225572232847,
    "decode_latencies": [
        0.012758016586303711,
        0.012903081046210395,
        0.013579209645589193,
        0.013714684380425347,
        0.013230933083428277,
        0.013648192087809244,
        0.013650072945488824,
        0.01329366366068522,
        0.014127413431803385,
        0.014333566029866537,
        0.014130406909518771,
        0.015333467059665255
    ],
    "decode_percentiles": {
        "10": 0.012935866249932183,
        "25": 0.013277981016370986,
        "50": 0.013649132516649034,
        "75": 0.014128161801232232,
        "90": 0.014313250117831761
    }
}