{
    "avg_prefill_latency": 0.25067559878031415,
    "prefill_latencies": [
        0.2491455078125,
        0.2511463165283203,
        0.24984121322631836,
        0.254774808883667,
        0.2509913444519043,
        0.2505502700805664,
        0.25000667572021484,
        0.24972295761108398,
        0.25021815299987793,
        0.2502326965332031,
        0.25063014030456543,
        0.25084710121154785
    ],
    "prefill_percentiles": {
        "10": 0.24973478317260742,
        "25": 0.24996531009674072,
        "50": 0.25039148330688477,
        "75": 0.25088316202163696,
        "90": 0.2511308193206787
    },
    "avg_decode_latency": 0.04453120628992716,
    "decode_latencies": [
        0.04143967628479004,
        0.05229334831237793,
        0.043825316429138186,
        0.041808247566223145,
        0.042192816734313965,
        0.05249686241149902,
        0.041371393203735354,
        0.0412322998046875,
        0.04119110107421875,
        0.0521906852722168,
        0.04139094352722168,
        0.04294178485870361
    ],
    "decode_percentiles": {
        "10": 0.04124620914459228,
        "25": 0.0413860559463501,
        "50": 0.042000532150268555,
        "75": 0.04591665863990784,
        "90": 0.05228308200836182
    }
}