{
    "avg_prefill_latency": 0.13652590910593668,
    "prefill_latencies": [
        0.13760924339294434,
        0.13715147972106934,
        0.1363837718963623,
        0.13124561309814453,
        0.13942861557006836,
        0.13679099082946777,
        0.13631391525268555,
        0.13608455657958984,
        0.13696885108947754,
        0.13648271560668945,
        0.13747024536132812,
        0.13638091087341309
    ],
    "prefill_percentiles": {
        "10": 0.1361074924468994,
        "25": 0.1363641619682312,
        "50": 0.1366368532180786,
        "75": 0.13723117113113403,
        "90": 0.1375953435897827
    },
    "avg_decode_latency": 0.022236446539560955,
    "decode_latencies": [
        0.0234629578060574,
        0.024672534730699327,
        0.024831427468193903,
        0.024842951032850478,
        0.020640505684746638,
        0.020534091525607638,
        0.020776536729600694,
        0.021314038170708552,
        0.021548483106825087,
        0.02194033728705512,
        0.021466281678941514,
        0.020807213253445096
    ],
    "decode_percentiles": {
        "10": 0.020654108789232045,
        "25": 0.020799544122483995,
        "50": 0.0215073823928833,
        "75": 0.02376535203721788,
        "90": 0.024815538194444445
    }
}