{
    "avg_prefill_latency": 0.2505188783009847,
    "prefill_latencies": [
        0.2522444725036621,
        0.2510662078857422,
        0.24862980842590332,
        0.251356840133667,
        0.2506530284881592,
        0.24991655349731445,
        0.25095534324645996,
        0.24903225898742676,
        0.25022029876708984,
        0.25050854682922363,
        0.2511434555053711,
        0.2504997253417969
    ],
    "prefill_percentiles": {
        "10": 0.24912068843841553,
        "25": 0.250144362449646,
        "50": 0.2505807876586914,
        "75": 0.2510855197906494,
        "90": 0.2513355016708374
    },
    "avg_decode_latency": 0.03137342731157939,
    "decode_latencies": [
        0.03153471946716309,
        0.02912585735321045,
        0.02941274642944336,
        0.028871798515319826,
        0.0408954381942749,
        0.028877830505371092,
        0.030061984062194826,
        0.028943443298339845,
        0.02882528305053711,
        0.028892254829406737,
        0.029667997360229494,
        0.04137177467346191
    ],
    "decode_percentiles": {
        "10": 0.028872401714324952,
        "25": 0.028888648748397826,
        "50": 0.029269301891326906,
        "75": 0.03043016791343689,
        "90": 0.03995936632156372
    }
}