{
    "avg_prefill_latency": 0.24546372890472412,
    "prefill_latencies": [
        0.24438929557800293,
        0.2450575828552246,
        0.24470758438110352,
        0.24515938758850098,
        0.24484038352966309,
        0.24621200561523438,
        0.24555277824401855,
        0.24550771713256836,
        0.24523162841796875,
        0.2456820011138916,
        0.24708271026611328,
        0.24614167213439941
    ],
    "prefill_percentiles": {
        "10": 0.24472086429595946,
        "25": 0.24500328302383423,
        "50": 0.24536967277526855,
        "75": 0.24579691886901855,
        "90": 0.24620497226715088
    },
    "avg_decode_latency": 0.03804178436597188,
    "decode_latencies": [
        0.037592530250549316,
        0.03767695426940918,
        0.03757717609405518,
        0.03850715160369873,
        0.038278722763061525,
        0.03776099681854248,
        0.03817188739776611,
        0.038150477409362796,
        0.037851572036743164,
        0.03808150291442871,
        0.03857333660125732,
        0.03827910423278809
    ],
    "decode_percentiles": {
        "10": 0.037600972652435304,
        "25": 0.03773998618125916,
        "50": 0.03811599016189575,
        "75": 0.038278818130493164,
        "90": 0.03848434686660767
    }
}