{
    "avg_prefill_latency": 0.012955764929453531,
    "prefill_latencies": [
        0.012968301773071289,
        0.012958049774169922,
        0.012918472290039062,
        0.012930631637573242,
        0.012954235076904297,
        0.012916803359985352,
        0.012921333312988281,
        0.013084650039672852,
        0.012938261032104492,
        0.012959718704223633,
        0.012933492660522461,
        0.0129852294921875
    ],
    "prefill_percentiles": {
        "10": 0.012918758392333984,
        "25": 0.012928307056427002,
        "50": 0.012946248054504395,
        "75": 0.012961864471435547,
        "90": 0.01298353672027588
    },
    "avg_decode_latency": 0.011987794328618932,
    "decode_latencies": [
        0.011950678295559354,
        0.011935207578870986,
        0.011968162324693467,
        0.012040668063693576,
        0.011944214502970377,
        0.01196138064066569,
        0.011973513497246636,
        0.012018415662977431,
        0.012006203333536783,
        0.01195995012919108,
        0.012030018700493706,
        0.012065119213528104
    ],
    "decode_percentiles": {
        "10": 0.011944860882229276,
        "25": 0.011957632170783149,
        "50": 0.011970837910970051,
        "75": 0.0120213164223565,
        "90": 0.012039603127373589
    }
}