{
    "avg_prefill_latency": 0.03649646043777466,
    "prefill_latencies": [
        0.036104679107666016,
        0.0361480712890625,
        0.03658747673034668,
        0.03633594512939453,
        0.036557674407958984,
        0.03621697425842285,
        0.03726911544799805,
        0.03620719909667969,
        0.03659629821777344,
        0.035898447036743164,
        0.03748059272766113,
        0.03655505180358887
    ],
    "prefill_percentiles": {
        "10": 0.03610901832580567,
        "25": 0.03619241714477539,
        "50": 0.0364454984664917,
        "75": 0.03658968210220337,
        "90": 0.03720183372497558
    },
    "avg_decode_latency": 0.013705593568307382,
    "decode_latencies": [
        0.013056039810180664,
        0.01348643832736545,
        0.013453933927747939,
        0.013749308056301542,
        0.01367142465379503,
        0.013150188657972548,
        0.01328375604417589,
        0.01545140478346083,
        0.013038979636298286,
        0.013698789808485243,
        0.01351830694410536,
        0.014908552169799805
    ],
    "decode_percentiles": {
        "10": 0.013065454694959852,
        "25": 0.013250364197625054,
        "50": 0.013502372635735406,
        "75": 0.013711419370439317,
        "90": 0.014792627758449979
    }
}