{
    "avg_prefill_latency": 0.15423202514648438,
    "prefill_latencies": [
        0.15344691276550293,
        0.15319347381591797,
        0.15347743034362793,
        0.15326857566833496,
        0.1558835506439209,
        0.15325546264648438,
        0.15394353866577148,
        0.15514874458312988,
        0.15382647514343262,
        0.15483951568603516,
        0.15614056587219238,
        0.15436005592346191
    ],
    "prefill_percentiles": {
        "10": 0.15325677394866943,
        "25": 0.15340232849121094,
        "50": 0.15388500690460205,
        "75": 0.15491682291030884,
        "90": 0.1558100700378418
    },
    "avg_decode_latency": 0.019265510417796946,
    "decode_latencies": [
        0.016024801466200087,
        0.016148911582099065,
        0.016387674543592665,
        0.015955050786336262,
        0.016334109836154513,
        0.016599787606133357,
        0.01666169696384006,
        0.017931302388509113,
        0.017579952875773113,
        0.042473554611206055,
        0.019195265240139432,
        0.019894017113579646
    ],
    "decode_percentiles": {
        "10": 0.016037212477789987,
        "25": 0.016287810272640653,
        "50": 0.01663074228498671,
        "75": 0.018247293101416692,
        "90": 0.019824141926235623
    }
}