{
    "avg_prefill_latency": 0.24635072549184164,
    "prefill_latencies": [
        0.24538016319274902,
        0.24585199356079102,
        0.2475905418395996,
        0.2466118335723877,
        0.24653315544128418,
        0.24703574180603027,
        0.2466869354248047,
        0.24597477912902832,
        0.246382474899292,
        0.24570798873901367,
        0.24568390846252441,
        0.24676918983459473
    ],
    "prefill_percentiles": {
        "10": 0.24568631649017333,
        "25": 0.24581599235534668,
        "50": 0.24645781517028809,
        "75": 0.2467074990272522,
        "90": 0.2470090866088867
    },
    "avg_decode_latency": 0.040622305870056157,
    "decode_latencies": [
        0.03998687267303467,
        0.040343642234802246,
        0.040567994117736816,
        0.040195798873901366,
        0.040793633460998534,
        0.040848708152770995,
        0.04078190326690674,
        0.04031591415405274,
        0.040027308464050296,
        0.04113316535949707,
        0.04101731777191162,
        0.041455411911010744
    ],
    "decode_percentiles": {
        "10": 0.040044157505035406,
        "25": 0.04028588533401489,
        "50": 0.04067494869232178,
        "75": 0.040890860557556155,
        "90": 0.041121580600738526
    }
}