{
    "avg_prefill_latency": 0.2510458429654439,
    "prefill_latencies": [
        0.25098705291748047,
        0.25099968910217285,
        0.2510960102081299,
        0.25113773345947266,
        0.2511324882507324,
        0.25107645988464355,
        0.25119709968566895,
        0.2509300708770752,
        0.2510368824005127,
        0.2509157657623291,
        0.25089335441589355,
        0.2511475086212158
    ],
    "prefill_percentiles": {
        "10": 0.2509171962738037,
        "25": 0.25097280740737915,
        "50": 0.2510566711425781,
        "75": 0.2511337995529175,
        "90": 0.2511465311050415
    },
    "avg_decode_latency": 0.021842850579155814,
    "decode_latencies": [
        0.021893368826972112,
        0.021849791208902996,
        0.021833022435506184,
        0.021843353907267254,
        0.02182308832804362,
        0.021838929918077257,
        0.02183940675523546,
        0.02188486523098416,
        0.02183190981547038,
        0.02182756529914008,
        0.02180163065592448,
        0.02184727456834581
    ],
    "decode_percentiles": {
        "10": 0.021823536025153266,
        "25": 0.021830823686387803,
        "50": 0.021839168336656358,
        "75": 0.021847903728485107,
        "90": 0.02188135782877604
    }
}