{
    "avg_prefill_latency": 0.14053084452946982,
    "prefill_latencies": [
        0.14056062698364258,
        0.14047908782958984,
        0.14041662216186523,
        0.14139318466186523,
        0.14046168327331543,
        0.1404566764831543,
        0.14038658142089844,
        0.14042973518371582,
        0.14044594764709473,
        0.14040565490722656,
        0.14042878150939941,
        0.14050555229187012
    ],
    "prefill_percentiles": {
        "10": 0.14040675163269042,
        "25": 0.14042574167251587,
        "50": 0.1404513120651245,
        "75": 0.1404857039451599,
        "90": 0.14055511951446534
    },
    "avg_decode_latency": 0.021166404088338215,
    "decode_latencies": [
        0.021171278423733182,
        0.02114383379618327,
        0.021169741948445637,
        0.021158536275227863,
        0.021171967188517254,
        0.021181556913587783,
        0.02116500006781684,
        0.021150377061631944,
        0.021152734756469727,
        0.0211943785349528,
        0.021180841657850478,
        0.021156602435641818
    ],
    "decode_percentiles": {
        "10": 0.021150612831115724,
        "25": 0.021155635515848793,
        "50": 0.021167371008131236,
        "75": 0.021174185805850558,
        "90": 0.02118148538801405
    }
}