{
    "avg_prefill_latency": 0.13776359955469766,
    "prefill_latencies": [
        0.13780713081359863,
        0.13779616355895996,
        0.13739418983459473,
        0.1380777359008789,
        0.13780665397644043,
        0.13792037963867188,
        0.13780450820922852,
        0.13787364959716797,
        0.13766026496887207,
        0.13768649101257324,
        0.13767123222351074,
        0.137664794921875
    ],
    "prefill_percentiles": {
        "10": 0.13766071796417237,
        "25": 0.1376696228981018,
        "50": 0.13780033588409424,
        "75": 0.13782376050949097,
        "90": 0.1379157066345215
    },
    "avg_decode_latency": 0.02228201980944033,
    "decode_latencies": [
        0.022306442260742188,
        0.022358496983846027,
        0.02197951740688748,
        0.02216370900472005,
        0.022469891442192927,
        0.02222397592332628,
        0.02229868041144477,
        0.022318787044949003,
        0.022404008441501193,
        0.02237913343641493,
        0.02221459812588162,
        0.022266997231377497
    ],
    "decode_percentiles": {
        "10": 0.022168797916836208,
        "25": 0.022221631473965116,
        "50": 0.022302561336093478,
        "75": 0.022363656096988253,
        "90": 0.022401520940992566
    }
}