{
    "avg_prefill_latency": 0.041082421938578285,
    "prefill_latencies": [
        0.04082441329956055,
        0.04070639610290527,
        0.041129112243652344,
        0.04106545448303223,
        0.04111838340759277,
        0.04093790054321289,
        0.04142117500305176,
        0.04143214225769043,
        0.04076719284057617,
        0.04078316688537598,
        0.04138541221618652,
        0.04141831398010254
    ],
    "prefill_percentiles": {
        "10": 0.040768790245056155,
        "25": 0.040814101696014404,
        "50": 0.0410919189453125,
        "75": 0.04139363765716553,
        "90": 0.04142088890075683
    },
    "avg_decode_latency": 0.02383028577875208,
    "decode_latencies": [
        0.023271030849880643,
        0.023247930738661025,
        0.024144199159410264,
        0.023491091198391385,
        0.024013307359483507,
        0.023863659964667425,
        0.024051189422607422,
        0.02456776301066081,
        0.023123237821790908,
        0.024109151628282335,
        0.024330298105875652,
        0.023750570085313585
    ],
    "decode_percentiles": {
        "10": 0.023250240749782988,
        "25": 0.0234360761112637,
        "50": 0.023938483662075467,
        "75": 0.024117913511064317,
        "90": 0.024311688211229112
    }
}