{
    "avg_prefill_latency": 0.16713011264801025,
    "prefill_latencies": [
        0.16785073280334473,
        0.16826915740966797,
        0.16735482215881348,
        0.1669321060180664,
        0.16652464866638184,
        0.1672806739807129,
        0.16690778732299805,
        0.16656827926635742,
        0.1671152114868164,
        0.1672039031982422,
        0.16666722297668457,
        0.1668868064880371
    ],
    "prefill_percentiles": {
        "10": 0.16657817363739014,
        "25": 0.16683191061019897,
        "50": 0.1670236587524414,
        "75": 0.16729921102523804,
        "90": 0.1678011417388916
    },
    "avg_decode_latency": 0.0368693956622371,
    "decode_latencies": [
        0.03722553782992893,
        0.03628386391533746,
        0.03617156876458062,
        0.03520793384975857,
        0.036213848325941295,
        0.035274664560953774,
        0.04710523287455241,
        0.035758919186062284,
        0.03571459982130262,
        0.036049471961127386,
        0.03615416420830621,
        0.0352729426489936
    ],
    "decode_percentiles": {
        "10": 0.035273114840189614,
        "25": 0.03560461600621541,
        "50": 0.0361018180847168,
        "75": 0.03623135222329034,
        "90": 0.03713137043846978
    }
}