{
    "avg_prefill_latency": 0.21748085816701254,
    "prefill_latencies": [
        0.22113466262817383,
        0.2173013687133789,
        0.2176969051361084,
        0.21756267547607422,
        0.2167820930480957,
        0.2168865203857422,
        0.21717214584350586,
        0.21803593635559082,
        0.21653413772583008,
        0.2168881893157959,
        0.2166919708251953,
        0.21708369255065918
    ],
    "prefill_percentiles": {
        "10": 0.21670098304748536,
        "25": 0.21686041355133057,
        "50": 0.21712791919708252,
        "75": 0.21759623289108276,
        "90": 0.2180020332336426
    },
    "avg_decode_latency": 0.041533079412248396,
    "decode_latencies": [
        0.03997476895650228,
        0.03946656650967068,
        0.05267281002468533,
        0.03915495342678494,
        0.03942508167690701,
        0.039911349614461265,
        0.03963698281182183,
        0.039155509736802846,
        0.0385790401034885,
        0.03927816285027398,
        0.03971952862209744,
        0.0514221986134847
    ],
    "decode_percentiles": {
        "10": 0.03915500905778673,
        "25": 0.039247499571906194,
        "50": 0.03955177466074626,
        "75": 0.03992720444997152,
        "90": 0.05027745564778646
    }
}