{
    "avg_prefill_latency": 0.15215730667114258,
    "prefill_latencies": [
        0.15293359756469727,
        0.15270018577575684,
        0.1523115634918213,
        0.15258574485778809,
        0.15317511558532715,
        0.15258455276489258,
        0.1517333984375,
        0.15203166007995605,
        0.152146577835083,
        0.1512315273284912,
        0.15149211883544922,
        0.15096163749694824
    ],
    "prefill_percentiles": {
        "10": 0.15125758647918702,
        "25": 0.1516730785369873,
        "50": 0.15222907066345215,
        "75": 0.15261435508728027,
        "90": 0.15291025638580322
    },
    "avg_decode_latency": 0.03562109558670609,
    "decode_latencies": [
        0.03512801064385308,
        0.035239060719807945,
        0.03471623526679145,
        0.03504043155246311,
        0.03516920407613119,
        0.03453222910563151,
        0.047215806113349065,
        0.034757508171929255,
        0.0352221065097385,
        0.03368769751654731,
        0.03346615367465549,
        0.033278703689575195
    ],
    "decode_percentiles": {
        "10": 0.033488308058844674,
        "25": 0.034321096208360456,
        "50": 0.03489896986219618,
        "75": 0.035182429684533015,
        "90": 0.035237365298801
    }
}