{
    "avg_prefill_latency": 0.07678502798080444,
    "prefill_latencies": [
        0.07642722129821777,
        0.0762019157409668,
        0.07724499702453613,
        0.07674574851989746,
        0.07661819458007812,
        0.07650113105773926,
        0.07651138305664062,
        0.07738876342773438,
        0.0770881175994873,
        0.07648348808288574,
        0.07702279090881348,
        0.07718658447265625
    ],
    "prefill_percentiles": {
        "10": 0.07643284797668456,
        "25": 0.07649672031402588,
        "50": 0.07668197154998779,
        "75": 0.07711273431777954,
        "90": 0.07723915576934814
    },
    "avg_decode_latency": 0.02396798575365985,
    "decode_latencies": [
        0.023725271224975586,
        0.023670408460828993,
        0.02402080429924859,
        0.02384882503085666,
        0.02392835087246365,
        0.024027241600884333,
        0.024013651741875544,
        0.024331225289238825,
        0.02383740743001302,
        0.024528026580810547,
        0.02390895949469672,
        0.023775657018025715
    ],
    "decode_percentiles": {
        "10": 0.0237303098042806,
        "25": 0.023821969827016194,
        "50": 0.023918655183580186,
        "75": 0.024022413624657526,
        "90": 0.024300826920403376
    }
}