{
    "avg_prefill_latency": 0.45037225882212323,
    "prefill_latencies": [
        0.45012402534484863,
        0.4500749111175537,
        0.45082879066467285,
        0.45040202140808105,
        0.4498929977416992,
        0.45033740997314453,
        0.4498562812805176,
        0.4503192901611328,
        0.44994401931762695,
        0.4517545700073242,
        0.45035862922668457,
        0.4505741596221924
    ],
    "prefill_percentiles": {
        "10": 0.44989809989929197,
        "25": 0.450042188167572,
        "50": 0.45032835006713867,
        "75": 0.4504450559616089,
        "90": 0.4508033275604248
    },
    "avg_decode_latency": 0.042967244430824565,
    "decode_latencies": [
        0.040639135572645396,
        0.05543788274129232,
        0.04141362508138021,
        0.040804386138916016,
        0.04062859217325846,
        0.040624512566460505,
        0.04070644908481174,
        0.04141751925150553,
        0.04075553682115343,
        0.05132285753885905,
        0.04058255089653863,
        0.04127388530307346
    ],
    "decode_percentiles": {
        "10": 0.0406249205271403,
        "25": 0.04063649972279866,
        "50": 0.040779961480034724,
        "75": 0.041414598623911544,
        "90": 0.0503323237101237
    }
}