{
    "avg_prefill_latency": 0.02091318368911743,
    "prefill_latencies": [
        0.021079063415527344,
        0.020874977111816406,
        0.020846128463745117,
        0.020871400833129883,
        0.020893096923828125,
        0.020952224731445312,
        0.020859241485595703,
        0.020948171615600586,
        0.020868301391601562,
        0.020910263061523438,
        0.020883560180664062,
        0.02097177505493164
    ],
    "prefill_percentiles": {
        "10": 0.02086014747619629,
        "25": 0.020870625972747803,
        "50": 0.020888328552246094,
        "75": 0.020949184894561768,
        "90": 0.02096982002258301
    },
    "avg_decode_latency": 0.020563185214996334,
    "decode_latencies": [
        0.020595709482828777,
        0.02048937479654948,
        0.020538171132405598,
        0.02039700084262424,
        0.020439783732096355,
        0.020457108815511067,
        0.020488871468438044,
        0.020554198159111872,
        0.02046505610148112,
        0.020394987530178495,
        0.021200762854682073,
        0.020737197664048936
    ],
    "decode_percentiles": {
        "10": 0.020401279131571453,
        "25": 0.020452777544657387,
        "50": 0.020489123132493764,
        "75": 0.0205645759900411,
        "90": 0.02072304884592692
    }
}