{
    "avg_prefill_latency": 0.13805492719014487,
    "prefill_latencies": [
        0.13795781135559082,
        0.13834333419799805,
        0.13853192329406738,
        0.1384882926940918,
        0.13827109336853027,
        0.13787031173706055,
        0.1380934715270996,
        0.13798093795776367,
        0.13762736320495605,
        0.13790082931518555,
        0.13782954216003418,
        0.13776421546936035
    ],
    "prefill_percentiles": {
        "10": 0.13777074813842774,
        "25": 0.13786011934280396,
        "50": 0.13796937465667725,
        "75": 0.13828915357589722,
        "90": 0.1384737968444824
    },
    "avg_decode_latency": 0.02349186605877347,
    "decode_latencies": [
        0.02363819546169705,
        0.023965570661756728,
        0.023691442277696397,
        0.023825115627712674,
        0.023561742570665147,
        0.023219903310139973,
        0.023246950573391385,
        0.023208220799763996,
        0.023253997166951496,
        0.023512946234809026,
        0.02360073725382487,
        0.02317757076687283
    ],
    "decode_percentiles": {
        "10": 0.023209389050801593,
        "25": 0.023240188757578533,
        "50": 0.02353734440273709,
        "75": 0.023651507165696885,
        "90": 0.023811748292711047
    }
}