{
    "avg_prefill_latency": 0.060326178868611656,
    "prefill_latencies": [
        0.05908775329589844,
        0.05553913116455078,
        0.06097221374511719,
        0.05590224266052246,
        0.054793596267700195,
        0.09412026405334473,
        0.0553741455078125,
        0.05625462532043457,
        0.0549464225769043,
        0.0591893196105957,
        0.05581307411193848,
        0.06192135810852051
    ],
    "prefill_percentiles": {
        "10": 0.054989194869995116,
        "25": 0.05549788475036621,
        "50": 0.056078433990478516,
        "75": 0.059635043144226074,
        "90": 0.061826443672180174
    },
    "avg_decode_latency": 0.01761080159081353,
    "decode_latencies": [
        0.014840655856662326,
        0.014334917068481445,
        0.034663650724622935,
        0.015228483412000868,
        0.014468616909450956,
        0.01441767480638292,
        0.01936626434326172,
        0.01428471671210395,
        0.014346573087904189,
        0.01741141743130154,
        0.014275365405612521,
        0.023691283331976995
    ],
    "decode_percentiles": {
        "10": 0.0142897367477417,
        "25": 0.014343659083048504,
        "50": 0.01465463638305664,
        "75": 0.017900129159291588,
        "90": 0.023258781433105467
    }
}