{
    "avg_prefill_latency": 0.0977291464805603,
    "prefill_latencies": [
        0.09824585914611816,
        0.09704828262329102,
        0.09720158576965332,
        0.0969381332397461,
        0.09779620170593262,
        0.0979917049407959,
        0.09686279296875,
        0.09800577163696289,
        0.09758424758911133,
        0.09895706176757812,
        0.09762382507324219,
        0.09849429130554199
    ],
    "prefill_percentiles": {
        "10": 0.09694914817810059,
        "25": 0.09716325998306274,
        "50": 0.0977100133895874,
        "75": 0.09806579351425171,
        "90": 0.0984694480895996
    },
    "avg_decode_latency": 0.011960252567573831,
    "decode_latencies": [
        0.011952797571818033,
        0.011512650383843316,
        0.013015508651733398,
        0.01206880145602756,
        0.01220030254787869,
        0.012046416600545248,
        0.011262787712944878,
        0.011775732040405273,
        0.01182948218451606,
        0.01240759425693088,
        0.011855867173936632,
        0.01159509023030599
    ],
    "decode_percentiles": {
        "10": 0.011520894368489583,
        "25": 0.011730571587880453,
        "50": 0.011904332372877333,
        "75": 0.012101676728990342,
        "90": 0.012386865086025661
    }
}