{
    "avg_prefill_latency": 0.02298845847447713,
    "prefill_latencies": [
        0.02243781089782715,
        0.022864818572998047,
        0.02243781089782715,
        0.022450923919677734,
        0.022769451141357422,
        0.023242712020874023,
        0.022997379302978516,
        0.023152828216552734,
        0.023176908493041992,
        0.023331403732299805,
        0.023159503936767578,
        0.023839950561523438
    ],
    "prefill_percentiles": {
        "10": 0.022439122200012207,
        "25": 0.0226898193359375,
        "50": 0.023075103759765625,
        "75": 0.023193359375,
        "90": 0.023322534561157227
    },
    "avg_decode_latency": 0.016598425529621267,
    "decode_latencies": [
        0.02022682295905219,
        0.014635139041476779,
        0.01485284169514974,
        0.01474406984117296,
        0.017948283089531794,
        0.01965763833787706,
        0.01733255386352539,
        0.014857212702433268,
        0.015004316965738932,
        0.019228908750745986,
        0.015368329154120551,
        0.015324989954630533
    ],
    "decode_percentiles": {
        "10": 0.014754947026570637,
        "25": 0.014856119950612385,
        "50": 0.015346659554375542,
        "75": 0.01826843950483534,
        "90": 0.019614765379163953
    }
}