{
    "avg_prefill_latency": 0.033998449643452965,
    "prefill_latencies": [
        0.016797304153442383,
        0.016501426696777344,
        0.017204999923706055,
        0.017146825790405273,
        0.01739954948425293,
        0.22203636169433594,
        0.018706560134887695,
        0.015538930892944336,
        0.015913724899291992,
        0.0168149471282959,
        0.01707625389099121,
        0.016844511032104492
    ],
    "prefill_percentiles": {
        "10": 0.015972495079040527,
        "25": 0.016723334789276123,
        "50": 0.01696038246154785,
        "75": 0.017253637313842773,
        "90": 0.01857585906982422
    },
    "avg_decode_latency": 0.014873319201999241,
    "decode_latencies": [
        0.014857133229573568,
        0.015247821807861328,
        0.014888763427734375,
        0.015194416046142578,
        0.01437030898200141,
        0.015381548139784072,
        0.015319029490152994,
        0.014911572138468424,
        0.014827807744344076,
        0.014516592025756836,
        0.014539506700303819,
        0.014425330691867404
    ],
    "decode_percentiles": {
        "10": 0.014434456825256348,
        "25": 0.014533778031667072,
        "50": 0.014872948328653973,
        "75": 0.015207767486572266,
        "90": 0.015311908721923827
    }
}