{
    "avg_prefill_latency": 0.06245799859364828,
    "prefill_latencies": [
        0.06309056282043457,
        0.0623624324798584,
        0.062395334243774414,
        0.06131124496459961,
        0.062242984771728516,
        0.061792850494384766,
        0.06128668785095215,
        0.06207871437072754,
        0.06293773651123047,
        0.06345057487487793,
        0.06305313110351562,
        0.06349372863769531
    ],
    "prefill_percentiles": {
        "10": 0.061359405517578125,
        "25": 0.062007248401641846,
        "50": 0.062378883361816406,
        "75": 0.06306248903274536,
        "90": 0.0634145736694336
    },
    "avg_decode_latency": 0.02919715642929077,
    "decode_latencies": [
        0.02562056647406684,
        0.025279521942138672,
        0.036205662621392146,
        0.02567357487148709,
        0.025524589750501845,
        0.02530384063720703,
        0.03286356396145291,
        0.025992923312717013,
        0.028136173884073894,
        0.028020620346069336,
        0.04306136237250434,
        0.028683476977878146
    ],
    "decode_percentiles": {
        "10": 0.025325915548536512,
        "25": 0.02559657229317559,
        "50": 0.027006771829393175,
        "75": 0.029728498723771837,
        "90": 0.03587145275539822
    }
}