{
    "avg_prefill_latency": 0.01707722743352254,
    "prefill_latencies": [
        0.01515817642211914,
        0.015021800994873047,
        0.016515493392944336,
        0.020199298858642578,
        0.030712604522705078,
        0.018482208251953125,
        0.014269590377807617,
        0.014810562133789062,
        0.014258384704589844,
        0.015327215194702148,
        0.015298843383789062,
        0.014872550964355469
    ],
    "prefill_percentiles": {
        "10": 0.014323687553405762,
        "25": 0.014857053756713867,
        "50": 0.015228509902954102,
        "75": 0.017007172107696533,
        "90": 0.020027589797973634
    },
    "avg_decode_latency": 0.016756894411864103,
    "decode_latencies": [
        0.017063008414374456,
        0.016616264979044598,
        0.01713140805562337,
        0.016816377639770508,
        0.014833847681681315,
        0.01764557096693251,
        0.015351427925957574,
        0.014857504102918837,
        0.020640426211886935,
        0.014812151590983072,
        0.014630582597520616,
        0.020684162775675457
    ],
    "decode_percentiles": {
        "10": 0.014814321200052896,
        "25": 0.014851589997609457,
        "50": 0.016716321309407554,
        "75": 0.017259948783450656,
        "90": 0.020340940687391493
    }
}