{
    "avg_prefill_latency": 0.07426174481709798,
    "prefill_latencies": [
        0.10039663314819336,
        0.0634455680847168,
        0.1347181797027588,
        0.06455349922180176,
        0.06632852554321289,
        0.06406474113464355,
        0.07943892478942871,
        0.06383991241455078,
        0.06303811073303223,
        0.06376767158508301,
        0.06354975700378418,
        0.06399941444396973
    ],
    "prefill_percentiles": {
        "10": 0.06345598697662354,
        "25": 0.0637131929397583,
        "50": 0.06403207778930664,
        "75": 0.06960612535476685,
        "90": 0.0983008623123169
    },
    "avg_decode_latency": 0.037889838218688965,
    "decode_latencies": [
        0.031038019392225478,
        0.030569897757636175,
        0.03663229942321777,
        0.03890474637349447,
        0.04633993572658963,
        0.032022423214382596,
        0.0357156859503852,
        0.043513324525621205,
        0.04437616136338976,
        0.04376596874660916,
        0.03593892521328396,
        0.035860670937432185
    ],
    "decode_percentiles": {
        "10": 0.03113645977444119,
        "25": 0.03479237026638455,
        "50": 0.036285612318250865,
        "75": 0.04357648558086819,
        "90": 0.0443151421017117
    }
}