{
    "avg_prefill_latency": 0.06000258525212606,
    "prefill_latencies": [
        0.05371403694152832,
        0.05331897735595703,
        0.06925368309020996,
        0.08505797386169434,
        0.05391430854797363,
        0.05483436584472656,
        0.054425716400146484,
        0.05398392677307129,
        0.05385446548461914,
        0.06453633308410645,
        0.06973981857299805,
        0.053397417068481445
    ],
    "prefill_percentiles": {
        "10": 0.05342907905578613,
        "25": 0.053819358348846436,
        "50": 0.05420482158660889,
        "75": 0.06571567058563232,
        "90": 0.06969120502471923
    },
    "avg_decode_latency": 0.03535077748475251,
    "decode_latencies": [
        0.03246008025275336,
        0.026060157352023654,
        0.03606327374776205,
        0.03068918652004666,
        0.034921725591023765,
        0.04566640324062771,
        0.032186773088243276,
        0.04198063744439019,
        0.036434306038750544,
        0.03855299949645996,
        0.027608686023288302,
        0.0415851010216607
    ],
    "decode_percentiles": {
        "10": 0.02791673607296414,
        "25": 0.03181237644619412,
        "50": 0.035492499669392906,
        "75": 0.03931102487776014,
        "90": 0.041941083802117245
    }
}