{
    "avg_prefill_latency": 0.038015524546305336,
    "prefill_latencies": [
        0.03769946098327637,
        0.03789353370666504,
        0.03809309005737305,
        0.03746175765991211,
        0.0374753475189209,
        0.0374598503112793,
        0.03748774528503418,
        0.03855776786804199,
        0.03855609893798828,
        0.0392756462097168,
        0.03838539123535156,
        0.03784060478210449
    ],
    "prefill_percentiles": {
        "10": 0.03746311664581299,
        "25": 0.03748464584350586,
        "50": 0.037867069244384766,
        "75": 0.03842806816101074,
        "90": 0.03855760097503662
    },
    "avg_decode_latency": 0.03011671481309114,
    "decode_latencies": [
        0.026155577765570745,
        0.03564026620652941,
        0.026611487070719402,
        0.026130040486653645,
        0.025825023651123047,
        0.025554047690497503,
        0.05354860093858507,
        0.02646856837802463,
        0.027304278479682073,
        0.026742802725897893,
        0.026636229621039495,
        0.034783654742770724
    ],
    "decode_percentiles": {
        "10": 0.025855525334676107,
        "25": 0.02614919344584147,
        "50": 0.02662385834587945,
        "75": 0.029174122545454234,
        "90": 0.03555460506015354
    }
}