{
    "avg_prefill_latency": 0.02672014633814494,
    "prefill_latencies": [
        0.02609705924987793,
        0.0263369083404541,
        0.026242971420288086,
        0.025934696197509766,
        0.02672290802001953,
        0.029348134994506836,
        0.026958942413330078,
        0.0255889892578125,
        0.02571845054626465,
        0.02632284164428711,
        0.026340246200561523,
        0.02902960777282715
    ],
    "prefill_percentiles": {
        "10": 0.02574007511138916,
        "25": 0.02605646848678589,
        "50": 0.026329874992370605,
        "75": 0.026781916618347168,
        "90": 0.02882254123687744
    },
    "avg_decode_latency": 0.022665092238673457,
    "decode_latencies": [
        0.02530882093641493,
        0.01994458834330241,
        0.02433935801188151,
        0.021193636788262263,
        0.02591146363152398,
        0.02060564359029134,
        0.02497230635748969,
        0.019904904895358615,
        0.02460487683614095,
        0.01970452732510037,
        0.021616697311401367,
        0.023874282836914062
    ],
    "decode_percentiles": {
        "10": 0.019908873240152995,
        "25": 0.020440379778544106,
        "50": 0.022745490074157715,
        "75": 0.024696734216478135,
        "90": 0.025275169478522406
    }
}