{
    "avg_prefill_latency": 0.031870861848195396,
    "prefill_latencies": [
        0.02708578109741211,
        0.025504112243652344,
        0.024904489517211914,
        0.05843329429626465,
        0.02478957176208496,
        0.024962425231933594,
        0.07113981246948242,
        0.024759292602539062,
        0.025246620178222656,
        0.024633407592773438,
        0.024773120880126953,
        0.026218414306640625
    ],
    "prefill_percentiles": {
        "10": 0.024760675430297852,
        "25": 0.02478545904159546,
        "50": 0.025104522705078125,
        "75": 0.026435256004333496,
        "90": 0.05529854297637941
    },
    "avg_decode_latency": 0.0213306811120775,
    "decode_latencies": [
        0.024628771675957575,
        0.021965980529785156,
        0.018131918377346463,
        0.020660347408718534,
        0.02312538358900282,
        0.01759428448147244,
        0.018148051367865667,
        0.021935224533081055,
        0.02326104376051161,
        0.022099018096923828,
        0.02212810516357422,
        0.022290044360690646
    ],
    "decode_percentiles": {
        "10": 0.018133531676398383,
        "25": 0.020032273398505315,
        "50": 0.022032499313354492,
        "75": 0.02249887916776869,
        "90": 0.023247477743360733
    }
}