{
    "avg_prefill_latency": 0.027413825194040935,
    "prefill_latencies": [
        0.025465011596679688,
        0.025423049926757812,
        0.025286197662353516,
        0.02603936195373535,
        0.02554631233215332,
        0.02542901039123535,
        0.03255176544189453,
        0.02583146095275879,
        0.03923821449279785,
        0.02633953094482422,
        0.026166677474975586,
        0.025649309158325195
    ],
    "prefill_percentiles": {
        "10": 0.025423645973205566,
        "25": 0.025456011295318604,
        "50": 0.025740385055541992,
        "75": 0.026209890842437744,
        "90": 0.031930541992187506
    },
    "avg_decode_latency": 0.025773613541214557,
    "decode_latencies": [
        0.02081992891099718,
        0.025298886828952365,
        0.021290249294704862,
        0.027503013610839844,
        0.022716416252983943,
        0.03763265079922146,
        0.027569956249660917,
        0.03357924355400933,
        0.02072209782070584,
        0.02566075325012207,
        0.021038585238986544,
        0.0254515806833903
    ],
    "decode_percentiles": {
        "10": 0.020841794543796116,
        "25": 0.021227333280775283,
        "50": 0.02537523375617133,
        "75": 0.02751974927054511,
        "90": 0.032978314823574495
    }
}