{
    "avg_prefill_latency": 0.061365763346354164,
    "prefill_latencies": [
        0.05698394775390625,
        0.06092667579650879,
        0.056722164154052734,
        0.05738091468811035,
        0.0708920955657959,
        0.05811762809753418,
        0.05779695510864258,
        0.07776689529418945,
        0.05833578109741211,
        0.05742621421813965,
        0.05685758590698242,
        0.06718230247497559
    ],
    "prefill_percentiles": {
        "10": 0.056870222091674805,
        "25": 0.057281672954559326,
        "50": 0.05795729160308838,
        "75": 0.06249058246612549,
        "90": 0.07052111625671387
    },
    "avg_decode_latency": 0.03382173732474998,
    "decode_latencies": [
        0.04036842452155219,
        0.033380614386664495,
        0.03195092413160536,
        0.037531534830729164,
        0.028708563910590276,
        0.030950546264648438,
        0.030491881900363497,
        0.03781427277459039,
        0.03449559211730957,
        0.027528630362616643,
        0.04051587316724989,
        0.03212398952907986
    ],
    "decode_percentiles": {
        "10": 0.0288868957095676,
        "25": 0.030835880173577204,
        "50": 0.03275230195787218,
        "75": 0.03760221931669447,
        "90": 0.040113009346856014
    }
}