{
    "avg_prefill_latency": 0.05115020275115967,
    "prefill_latencies": [
        0.05077195167541504,
        0.05057096481323242,
        0.05856037139892578,
        0.050310373306274414,
        0.04899859428405762,
        0.048323631286621094,
        0.04838109016418457,
        0.04874229431152344,
        0.06363320350646973,
        0.04854130744934082,
        0.048506975173950195,
        0.0484616756439209
    ],
    "prefill_percentiles": {
        "10": 0.0483891487121582,
        "25": 0.04849565029144287,
        "50": 0.04887044429779053,
        "75": 0.050621211528778076,
        "90": 0.05778152942657471
    },
    "avg_decode_latency": 0.031117328891047725,
    "decode_latencies": [
        0.03556452857123481,
        0.042502270804511175,
        0.031031952963935003,
        0.029899862077501085,
        0.02472241719563802,
        0.02953889634874132,
        0.03694163428412543,
        0.024763928519354925,
        0.024547868304782443,
        0.02889834509955512,
        0.0377561781141493,
        0.027240064409044053
    ],
    "decode_percentiles": {
        "10": 0.02472656832800971,
        "25": 0.02662103043662177,
        "50": 0.029719379213121202,
        "75": 0.035908804999457464,
        "90": 0.037674723731146914
    }
}