{
    "avg_prefill_latency": 0.047158380349477134,
    "prefill_latencies": [
        0.04340481758117676,
        0.043610334396362305,
        0.047289133071899414,
        0.04398822784423828,
        0.04346966743469238,
        0.044568777084350586,
        0.044020652770996094,
        0.043530941009521484,
        0.04397869110107422,
        0.0436704158782959,
        0.08000016212463379,
        0.044368743896484375
    ],
    "prefill_percentiles": {
        "10": 0.043475794792175296,
        "25": 0.0435904860496521,
        "50": 0.04398345947265625,
        "75": 0.04441875219345093,
        "90": 0.04701709747314453
    },
    "avg_decode_latency": 0.03251208640910961,
    "decode_latencies": [
        0.03203670183817545,
        0.027732557720608182,
        0.035517719056871205,
        0.03170596228705512,
        0.032124069001939565,
        0.028101497226291232,
        0.02811010678609212,
        0.04345393180847168,
        0.03446443875630697,
        0.027881542841593426,
        0.027617931365966797,
        0.041398578219943576
    ],
    "decode_percentiles": {
        "10": 0.02774745623270671,
        "25": 0.02804650863011678,
        "50": 0.03187133206261529,
        "75": 0.034727758831448026,
        "90": 0.04081049230363634
    }
}