{
    "avg_prefill_latency": 0.05357414484024048,
    "prefill_latencies": [
        0.05378603935241699,
        0.05340290069580078,
        0.0536956787109375,
        0.0535740852355957,
        0.05333209037780762,
        0.05363631248474121,
        0.05357789993286133,
        0.05380392074584961,
        0.05321073532104492,
        0.05357241630554199,
        0.05366373062133789,
        0.053633928298950195
    ],
    "prefill_percentiles": {
        "10": 0.053339171409606936,
        "25": 0.05353003740310669,
        "50": 0.05360591411590576,
        "75": 0.05367171764373779,
        "90": 0.053777003288269044
    },
    "avg_decode_latency": 0.036465101771884494,
    "decode_latencies": [
        0.03165626525878906,
        0.03884368472629123,
        0.033439980612860784,
        0.03911545541551378,
        0.03199474016825358,
        0.03288279639350043,
        0.03975905312432183,
        0.03169520696004232,
        0.031209627787272137,
        0.0575304561191135,
        0.031081279118855793,
        0.03837267557779948
    ],
    "decode_percentiles": {
        "10": 0.03125429153442383,
        "25": 0.031685471534729004,
        "50": 0.03316138850318061,
        "75": 0.03891162739859687,
        "90": 0.03969469335344103
    }
}