{
    "avg_prefill_latency": 0.05080972115198771,
    "prefill_latencies": [
        0.049648284912109375,
        0.05040764808654785,
        0.05062246322631836,
        0.05092024803161621,
        0.051048994064331055,
        0.050870418548583984,
        0.050702571868896484,
        0.05083656311035156,
        0.05114150047302246,
        0.05060315132141113,
        0.05110311508178711,
        0.05181169509887695
    ],
    "prefill_percentiles": {
        "10": 0.05042719841003418,
        "25": 0.05061763525009155,
        "50": 0.05085349082946777,
        "75": 0.05106252431869507,
        "90": 0.051137661933898924
    },
    "avg_decode_latency": 0.010730103210166651,
    "decode_latencies": [
        0.010406414667765299,
        0.010549995634290908,
        0.01064141591389974,
        0.01089371575249566,
        0.010789447360568576,
        0.010614713033040365,
        0.010776042938232422,
        0.010529809527926974,
        0.011072158813476562,
        0.010601096683078341,
        0.011200348536173502,
        0.010686079661051432
    ],
    "decode_percentiles": {
        "10": 0.010531828138563367,
        "25": 0.010588321420881484,
        "50": 0.010663747787475586,
        "75": 0.010815514458550347,
        "90": 0.011054314507378472
    }
}