{
    "avg_prefill_latency": 0.0411194364229838,
    "prefill_latencies": [
        0.044442176818847656,
        0.037154197692871094,
        0.03719925880432129,
        0.03809165954589844,
        0.0377960205078125,
        0.037036895751953125,
        0.03713345527648926,
        0.03716778755187988,
        0.03716278076171875,
        0.04161214828491211,
        0.07152485847473145,
        0.03711199760437012
    ],
    "prefill_percentiles": {
        "10": 0.03711414337158203,
        "25": 0.037149012088775635,
        "50": 0.037183523178100586,
        "75": 0.038971781730651855,
        "90": 0.0441591739654541
    },
    "avg_decode_latency": 0.0197376807530721,
    "decode_latencies": [
        0.020033597946166992,
        0.02013418409559462,
        0.016792906655205622,
        0.025464402304755315,
        0.020551072226630315,
        0.01944157812330458,
        0.019640896055433486,
        0.02018298043145074,
        0.02136927180820041,
        0.0166984134250217,
        0.02106573846605089,
        0.015477127499050565
    ],
    "decode_percentiles": {
        "10": 0.016707862748040092,
        "25": 0.01877941025627984,
        "50": 0.020083891020880804,
        "75": 0.02067973878648546,
        "90": 0.02133891847398546
    }
}