{
    "avg_prefill_latency": 0.02227852741877238,
    "prefill_latencies": [
        0.0206453800201416,
        0.036440134048461914,
        0.020601272583007812,
        0.020461320877075195,
        0.021607637405395508,
        0.021350860595703125,
        0.02168440818786621,
        0.020676612854003906,
        0.021605253219604492,
        0.020923852920532227,
        0.020511627197265625,
        0.020833969116210938
    ],
    "prefill_percentiles": {
        "10": 0.020520591735839845,
        "25": 0.020634353160858154,
        "50": 0.020878911018371582,
        "75": 0.021605849266052246,
        "90": 0.02167673110961914
    },
    "avg_decode_latency": 0.018056953394854507,
    "decode_latencies": [
        0.014428853988647461,
        0.017347521252102323,
        0.014220555623372396,
        0.04587946997748481,
        0.014330228169759115,
        0.014386945300632052,
        0.019179211722479925,
        0.014219390021430122,
        0.01975915167066786,
        0.014368772506713867,
        0.014207998911539713,
        0.014355341593424479
    ],
    "decode_percentiles": {
        "10": 0.01421950658162435,
        "25": 0.014302810033162435,
        "50": 0.01437785890367296,
        "75": 0.01780544386969672,
        "90": 0.019701157675849068
    }
}