{
    "avg_prefill_latency": 0.01436521609624227,
    "prefill_latencies": [
        0.015770435333251953,
        0.015275716781616211,
        0.013469219207763672,
        0.015811920166015625,
        0.014792919158935547,
        0.013660430908203125,
        0.013308048248291016,
        0.01339268684387207,
        0.014016866683959961,
        0.013434171676635742,
        0.015566587448120117,
        0.013883590698242188
    ],
    "prefill_percentiles": {
        "10": 0.013396835327148438,
        "25": 0.01346045732498169,
        "50": 0.013950228691101074,
        "75": 0.015348434448242188,
        "90": 0.01575005054473877
    },
    "avg_decode_latency": 0.016607670872299755,
    "decode_latencies": [
        0.015604231092664931,
        0.015136851204766167,
        0.019903845257229276,
        0.015411668353610568,
        0.014913373523288302,
        0.01916639010111491,
        0.01512508922153049,
        0.014911890029907227,
        0.018678214814927842,
        0.015001482433742948,
        0.01539195908440484,
        0.020047055350409612
    ],
    "decode_percentiles": {
        "10": 0.014922184414333767,
        "25": 0.015094187524583604,
        "50": 0.015401813719007704,
        "75": 0.01880025863647461,
        "90": 0.01983009974161784
    }
}