{
    "avg_prefill_latency": 0.025057971477508545,
    "prefill_latencies": [
        0.025223970413208008,
        0.024817705154418945,
        0.024727582931518555,
        0.024891138076782227,
        0.025923967361450195,
        0.024769067764282227,
        0.024752378463745117,
        0.025197744369506836,
        0.02491140365600586,
        0.025115489959716797,
        0.0252685546875,
        0.025096654891967773
    ],
    "prefill_percentiles": {
        "10": 0.024754047393798828,
        "25": 0.024805545806884766,
        "50": 0.025004029273986816,
        "75": 0.02520430088043213,
        "90": 0.0252640962600708
    },
    "avg_decode_latency": 0.00958359683001483,
    "decode_latencies": [
        0.00914621353149414,
        0.009091403749254014,
        0.00945123036702474,
        0.009785917070176866,
        0.009233739640977647,
        0.009384446673923068,
        0.009557194179958768,
        0.00982446140713162,
        0.009751054975721572,
        0.009625885221693251,
        0.00955592261420356,
        0.010595692528618706
    ],
    "decode_percentiles": {
        "10": 0.00915496614244249,
        "25": 0.009346769915686712,
        "50": 0.009556558397081163,
        "75": 0.009759770499335395,
        "90": 0.009820606973436145
    }
}