{
    "avg_prefill_latency": 0.03986459970474243,
    "prefill_latencies": [
        0.039994001388549805,
        0.03988361358642578,
        0.0397951602935791,
        0.03958272933959961,
        0.03973126411437988,
        0.03980612754821777,
        0.03996729850769043,
        0.0408625602722168,
        0.039588212966918945,
        0.03957056999206543,
        0.0398101806640625,
        0.039783477783203125
    ],
    "prefill_percentiles": {
        "10": 0.03958327770233154,
        "25": 0.03969550132751465,
        "50": 0.03980064392089844,
        "75": 0.03990453481674194,
        "90": 0.039991331100463864
    },
    "avg_decode_latency": 0.022285006664417406,
    "decode_latencies": [
        0.02155348989698622,
        0.02129297786288791,
        0.02253566847907172,
        0.02183230717976888,
        0.021277454164293077,
        0.027834839291042753,
        0.024288839764065213,
        0.02178168296813965,
        0.021414756774902344,
        0.021977477603488497,
        0.02090303103129069,
        0.02072755495707194
    ],
    "decode_percentiles": {
        "10": 0.02094047334459093,
        "25": 0.021289096938239202,
        "50": 0.021667586432562932,
        "75": 0.022117025322384305,
        "90": 0.024113522635565866
    }
}