{
    "avg_prefill_latency": 0.07986430327097575,
    "prefill_latencies": [
        0.07998442649841309,
        0.08071374893188477,
        0.0800168514251709,
        0.08015704154968262,
        0.08103108406066895,
        0.08006000518798828,
        0.0787208080291748,
        0.08055424690246582,
        0.07977533340454102,
        0.08013200759887695,
        0.07859277725219727,
        0.07863330841064453
    ],
    "prefill_percentiles": {
        "10": 0.07864205837249756,
        "25": 0.07951170206069946,
        "50": 0.08003842830657959,
        "75": 0.08025634288787842,
        "90": 0.08069779872894287
    },
    "avg_decode_latency": 0.021020123252162227,
    "decode_latencies": [
        0.0297091007232666,
        0.01992744869656033,
        0.01967567867702908,
        0.01944666438632541,
        0.019502215915256076,
        0.019318130281236436,
        0.01935887336730957,
        0.019406106736924913,
        0.027809540430704754,
        0.01927426126268175,
        0.019568019443088107,
        0.019245439105563693
    ],
    "decode_percentiles": {
        "10": 0.019278648164537216,
        "25": 0.019348687595791288,
        "50": 0.019474440150790744,
        "75": 0.019738621181911893,
        "90": 0.027021331257290313
    }
}