{
    "avg_prefill_latency": 0.022743821144104004,
    "prefill_latencies": [
        0.021631956100463867,
        0.023808956146240234,
        0.021329879760742188,
        0.021496057510375977,
        0.021553993225097656,
        0.025531291961669922,
        0.02718520164489746,
        0.02209019660949707,
        0.02157306671142578,
        0.023677349090576172,
        0.021765470504760742,
        0.021282434463500977
    ],
    "prefill_percentiles": {
        "10": 0.021346497535705566,
        "25": 0.021539509296417236,
        "50": 0.021698713302612305,
        "75": 0.023710250854492188,
        "90": 0.025359058380126955
    },
    "avg_decode_latency": 0.017914109759860564,
    "decode_latencies": [
        0.0149788326687283,
        0.014901081720987955,
        0.015842119852701824,
        0.03745571772257487,
        0.016003317303127713,
        0.017838239669799805,
        0.016839981079101562,
        0.016383594936794706,
        0.01735809114244249,
        0.016622728771633573,
        0.015545262230767144,
        0.015200350019666884
    ],
    "decode_percentiles": {
        "10": 0.015000984403822158,
        "25": 0.01545903417799208,
        "50": 0.01619345611996121,
        "75": 0.016969508594936795,
        "90": 0.017790224817064073
    }
}