{
    "avg_prefill_latency": 0.0729865034421285,
    "prefill_latencies": [
        0.07318258285522461,
        0.07263040542602539,
        0.07314872741699219,
        0.07364845275878906,
        0.07194805145263672,
        0.07326221466064453,
        0.07278656959533691,
        0.07401275634765625,
        0.07242393493652344,
        0.07352972030639648,
        0.07279801368713379,
        0.07246661186218262
    ],
    "prefill_percentiles": {
        "10": 0.07242820262908936,
        "25": 0.0725894570350647,
        "50": 0.07297337055206299,
        "75": 0.07332909107208252,
        "90": 0.07363657951354981
    },
    "avg_decode_latency": 0.020030008422003854,
    "decode_latencies": [
        0.018457359737820096,
        0.01824474334716797,
        0.02786556879679362,
        0.018375847074720595,
        0.01831613646613227,
        0.018260267045762803,
        0.018755939271714952,
        0.018393198649088543,
        0.01824196179707845,
        0.018451717164781358,
        0.028512371910942927,
        0.018484989802042644
    ],
    "decode_percentiles": {
        "10": 0.018246295717027454,
        "25": 0.018302169111039903,
        "50": 0.01842245790693495,
        "75": 0.01855272716946072,
        "90": 0.02695460584428576
    }
}