{
    "avg_prefill_latency": 0.029677549997965496,
    "prefill_latencies": [
        0.030231952667236328,
        0.02970409393310547,
        0.030054092407226562,
        0.02976393699645996,
        0.030055522918701172,
        0.029590845108032227,
        0.029468536376953125,
        0.029356718063354492,
        0.029651880264282227,
        0.02930927276611328,
        0.02952885627746582,
        0.029414892196655273
    ],
    "prefill_percentiles": {
        "10": 0.02936253547668457,
        "25": 0.029455125331878662,
        "50": 0.029621362686157227,
        "75": 0.02983647584915161,
        "90": 0.03005537986755371
    },
    "avg_decode_latency": 0.021656303494064902,
    "decode_latencies": [
        0.021182245678371854,
        0.028917921913994685,
        0.016880936092800565,
        0.022511270311143663,
        0.017926639980740018,
        0.017001973258124456,
        0.020006948047214083,
        0.042607784271240234,
        0.01711879836188422,
        0.020285924275716145,
        0.018498076332939997,
        0.01693712340460883
    ],
    "decode_percentiles": {
        "10": 0.016943608389960393,
        "25": 0.01708959208594428,
        "50": 0.01925251219007704,
        "75": 0.021514501836564805,
        "90": 0.028277256753709585
    }
}