{
    "avg_prefill_latency": 0.017537355422973633,
    "prefill_latencies": [
        0.016731739044189453,
        0.017563343048095703,
        0.015880584716796875,
        0.016399383544921875,
        0.01769113540649414,
        0.017436504364013672,
        0.022619962692260742,
        0.021609067916870117,
        0.018230915069580078,
        0.015912532806396484,
        0.015276670455932617,
        0.015096426010131836
    ],
    "prefill_percentiles": {
        "10": 0.015337061882019044,
        "25": 0.015904545783996582,
        "50": 0.017084121704101562,
        "75": 0.017826080322265625,
        "90": 0.021271252632141115
    },
    "avg_decode_latency": 0.020190751111065896,
    "decode_latencies": [
        0.015738487243652344,
        0.018986410564846463,
        0.019595093197292753,
        0.04337790277269152,
        0.015309916602240669,
        0.018702533509996202,
        0.01759945021735297,
        0.018807702594333224,
        0.019398556815253362,
        0.020439306894938152,
        0.01483101314968533,
        0.019502639770507812
    ],
    "decode_percentiles": {
        "10": 0.015352773666381837,
        "25": 0.017134209473927815,
        "50": 0.018897056579589844,
        "75": 0.019525753127204046,
        "90": 0.020354885525173613
    }
}