{
    "avg_prefill_latency": 0.09197694063186646,
    "prefill_latencies": [
        0.0924530029296875,
        0.09169268608093262,
        0.09125900268554688,
        0.0905141830444336,
        0.09062695503234863,
        0.09082198143005371,
        0.09118485450744629,
        0.09096360206604004,
        0.0908050537109375,
        0.09151554107666016,
        0.10077834129333496,
        0.09110808372497559
    ],
    "prefill_percentiles": {
        "10": 0.09064476490020752,
        "25": 0.09081774950027466,
        "50": 0.09114646911621094,
        "75": 0.09155982732772827,
        "90": 0.092376971244812
    },
    "avg_decode_latency": 0.04230683158945154,
    "decode_latencies": [
        0.04093946350945367,
        0.045244057973225914,
        0.03631925582885742,
        0.04462043444315592,
        0.03174236085679796,
        0.035970078574286565,
        0.04509054289923774,
        0.03794288635253906,
        0.0389003488752577,
        0.06232192781236437,
        0.03938115967644586,
        0.04920946227179633
    ],
    "decode_percentiles": {
        "10": 0.03600499629974365,
        "25": 0.03753697872161865,
        "50": 0.04016031159294976,
        "75": 0.04512892166773478,
        "90": 0.04881292184193929
    }
}