{
    "avg_prefill_latency": 0.012021223704020182,
    "prefill_latencies": [
        0.011656761169433594,
        0.012209653854370117,
        0.01273036003112793,
        0.011600494384765625,
        0.012323617935180664,
        0.011741161346435547,
        0.012188911437988281,
        0.012045860290527344,
        0.013309001922607422,
        0.011084318161010742,
        0.011798858642578125,
        0.011565685272216797
    ],
    "prefill_percentiles": {
        "10": 0.01156916618347168,
        "25": 0.011642694473266602,
        "50": 0.011922359466552734,
        "75": 0.012238144874572754,
        "90": 0.012689685821533203
    },
    "avg_decode_latency": 0.010746094915601941,
    "decode_latencies": [
        0.01000274552239312,
        0.010277456707424588,
        0.010328531265258789,
        0.010259893205430772,
        0.010331763161553277,
        0.01025994618733724,
        0.012281947665744357,
        0.012053330739339193,
        0.011024157206217447,
        0.01061542828877767,
        0.010725445217556424,
        0.01079249382019043
    ],
    "decode_percentiles": {
        "10": 0.010259898503621419,
        "25": 0.010273079077402752,
        "50": 0.010473595725165473,
        "75": 0.010850409666697184,
        "90": 0.01195041338602702
    }
}