{
    "avg_prefill_latency": 0.018244047959645588,
    "prefill_latencies": [
        0.01787734031677246,
        0.02516794204711914,
        0.020826339721679688,
        0.01745915412902832,
        0.022502660751342773,
        0.018174171447753906,
        0.02601480484008789,
        0.015009880065917969,
        0.014305353164672852,
        0.014856338500976562,
        0.013461112976074219,
        0.013273477554321289
    ],
    "prefill_percentiles": {
        "10": 0.013545536994934082,
        "25": 0.014718592166900635,
        "50": 0.01766824722290039,
        "75": 0.02124541997909546,
        "90": 0.024901413917541505
    },
    "avg_decode_latency": 0.01770828167597453,
    "decode_latencies": [
        0.017777283986409504,
        0.02171810468037923,
        0.017796966764662,
        0.018386205037434895,
        0.018861267301771376,
        0.017029364903767902,
        0.016320731904771592,
        0.019583861033121746,
        0.014583084318372939,
        0.015310976240370009,
        0.02011418342590332,
        0.015017350514729818
    ],
    "decode_percentiles": {
        "10": 0.015046713087293837,
        "25": 0.0160682929886712,
        "50": 0.017787125375535753,
        "75": 0.01904191573460897,
        "90": 0.020061151186625163
    }
}