{
    "avg_prefill_latency": 0.050902227560679116,
    "prefill_latencies": [
        0.048867225646972656,
        0.049053192138671875,
        0.048650503158569336,
        0.04898500442504883,
        0.04881739616394043,
        0.049688100814819336,
        0.049024343490600586,
        0.04883718490600586,
        0.04896712303161621,
        0.04953312873840332,
        0.04922032356262207,
        0.0711832046508789
    ],
    "prefill_percentiles": {
        "10": 0.04881937503814697,
        "25": 0.04885971546173096,
        "50": 0.04900467395782471,
        "75": 0.04929852485656738,
        "90": 0.049672603607177734
    },
    "avg_decode_latency": 0.0277453793419732,
    "decode_latencies": [
        0.02237073580423991,
        0.027120060390896268,
        0.028688457277086046,
        0.022504170735677082,
        0.025756994883219402,
        0.023319164911905926,
        0.03462735811869303,
        0.03488053215874566,
        0.0422715081108941,
        0.026326153013441298,
        0.022581391864352755,
        0.02249802483452691
    ],
    "decode_percentiles": {
        "10": 0.02249863942464193,
        "25": 0.022562086582183838,
        "50": 0.02604157394833035,
        "75": 0.030173182487487793,
        "90": 0.0348552147547404
    }
}