{
    "avg_prefill_latency": 0.06226112445195516,
    "prefill_latencies": [
        0.06949877738952637,
        0.05898761749267578,
        0.05911397933959961,
        0.05949759483337402,
        0.05895519256591797,
        0.06215620040893555,
        0.05930662155151367,
        0.05930900573730469,
        0.05915403366088867,
        0.059035539627075195,
        0.08297967910766602,
        0.059139251708984375
    ],
    "prefill_percentiles": {
        "10": 0.058992409706115724,
        "25": 0.059094369411468506,
        "50": 0.05923032760620117,
        "75": 0.060162246227264404,
        "90": 0.06876451969146728
    },
    "avg_decode_latency": 0.01781355893170392,
    "decode_latencies": [
        0.014866775936550565,
        0.018964158164130315,
        0.01581769519382053,
        0.01447235213385688,
        0.03222905264960395,
        0.019539170795016818,
        0.020888540479871962,
        0.014401939180162217,
        0.01902325948079427,
        0.014907095167371962,
        0.014374494552612305,
        0.014278173446655273
    ],
    "decode_percentiles": {
        "10": 0.014377239015367296,
        "25": 0.014454748895433214,
        "50": 0.015362395180596245,
        "75": 0.019152237309349906,
        "90": 0.02075360351138645
    }
}