{
    "avg_prefill_latency": 0.027258793512980144,
    "prefill_latencies": [
        0.02126622200012207,
        0.021218061447143555,
        0.0639498233795166,
        0.021463632583618164,
        0.02137589454650879,
        0.021683931350708008,
        0.021129846572875977,
        0.022129297256469727,
        0.021289348602294922,
        0.02100682258605957,
        0.049385786056518555,
        0.02120685577392578
    ],
    "prefill_percentiles": {
        "10": 0.021137547492980958,
        "25": 0.02121526002883911,
        "50": 0.021332621574401855,
        "75": 0.021795272827148438,
        "90": 0.04666013717651368
    },
    "avg_decode_latency": 0.017387341569971154,
    "decode_latencies": [
        0.013911353217230903,
        0.01473644044664171,
        0.014083358976576064,
        0.037343078189426,
        0.014465279049343534,
        0.019053962495591905,
        0.01435195075141059,
        0.019409073723687068,
        0.01466573609246148,
        0.014191971884833442,
        0.018229087193806965,
        0.014206806818644205
    ],
    "decode_percentiles": {
        "10": 0.014094220267401801,
        "25": 0.014203098085191514,
        "50": 0.014565507570902508,
        "75": 0.0184353060192532,
        "90": 0.019373562600877553
    }
}