{
    "avg_prefill_latency": 0.06218498945236206,
    "prefill_latencies": [
        0.06346440315246582,
        0.061655282974243164,
        0.06406641006469727,
        0.06180143356323242,
        0.06173086166381836,
        0.061339616775512695,
        0.0625147819519043,
        0.06214332580566406,
        0.06218075752258301,
        0.06190896034240723,
        0.06159710884094238,
        0.06181693077087402
    ],
    "prefill_percentiles": {
        "10": 0.06160292625427246,
        "25": 0.06171196699142456,
        "50": 0.061862945556640625,
        "75": 0.06226426362991333,
        "90": 0.06336944103240967
    },
    "avg_decode_latency": 0.0251075095600552,
    "decode_latencies": [
        0.02401937378777398,
        0.025321086247762043,
        0.019474930233425565,
        0.020385238859388564,
        0.019784212112426758,
        0.05412967999776205,
        0.022410445743136935,
        0.025368584526909724,
        0.025384373135036893,
        0.0208080874549018,
        0.024826606114705402,
        0.019377496507432725
    ],
    "decode_percentiles": {
        "10": 0.019505858421325684,
        "25": 0.020234982172648113,
        "50": 0.02321490976545546,
        "75": 0.025332960817548964,
        "90": 0.025382794274224175
    }
}