{
    "avg_prefill_latency": 0.01733940839767456,
    "prefill_latencies": [
        0.01669597625732422,
        0.018455982208251953,
        0.015344381332397461,
        0.01948094367980957,
        0.01735377311706543,
        0.015322685241699219,
        0.022241592407226562,
        0.015105247497558594,
        0.019405126571655273,
        0.017476797103881836,
        0.016623735427856445,
        0.014566659927368164
    ],
    "prefill_percentiles": {
        "10": 0.015126991271972656,
        "25": 0.0153389573097229,
        "50": 0.017024874687194824,
        "75": 0.018693268299102783,
        "90": 0.01947336196899414
    },
    "avg_decode_latency": 0.015951293486135977,
    "decode_latencies": [
        0.014668729570176866,
        0.014910194608900283,
        0.015159686406453451,
        0.014594713846842447,
        0.029106987847222224,
        0.014794190724690756,
        0.014458550347222222,
        0.015089670817057291,
        0.014716307322184244,
        0.014769951502482096,
        0.014545069800482856,
        0.014601469039916992
    ],
    "decode_percentiles": {
        "10": 0.014550034205118816,
        "25": 0.014599780241648356,
        "50": 0.01474312941233317,
        "75": 0.014955063660939535,
        "90": 0.015152684847513835
    }
}