{
    "avg_prefill_latency": 0.08936095237731934,
    "prefill_latencies": [
        0.08823704719543457,
        0.08849573135375977,
        0.08861136436462402,
        0.08838152885437012,
        0.08926653861999512,
        0.0895988941192627,
        0.08995437622070312,
        0.08877038955688477,
        0.08953332901000977,
        0.08957195281982422,
        0.09025144577026367,
        0.0916588306427002
    ],
    "prefill_percentiles": {
        "10": 0.08839294910430909,
        "25": 0.08858245611190796,
        "50": 0.08939993381500244,
        "75": 0.0896877646446228,
        "90": 0.09022173881530762
    },
    "avg_decode_latency": 0.0196968052122328,
    "decode_latencies": [
        0.01909796396891276,
        0.019113620122273762,
        0.019153277079264324,
        0.019130044513278537,
        0.01965045928955078,
        0.019938945770263672,
        0.019869459999932185,
        0.019899924596150715,
        0.019763496186998155,
        0.02020708719889323,
        0.019970072640313044,
        0.020567311180962458
    ],
    "decode_percentiles": {
        "10": 0.01911526256137424,
        "25": 0.019147468937767878,
        "50": 0.01981647809346517,
        "75": 0.019946727487776015,
        "90": 0.02018338574303521
    }
}