{
    "avg_prefill_latency": 0.03646026055018107,
    "prefill_latencies": [
        0.020563364028930664,
        0.01891040802001953,
        0.018196821212768555,
        0.23328638076782227,
        0.019123315811157227,
        0.02031397819519043,
        0.017264604568481445,
        0.017273664474487305,
        0.01767420768737793,
        0.01664876937866211,
        0.019149303436279297,
        0.019118309020996094
    ],
    "prefill_percentiles": {
        "10": 0.017265510559082032,
        "25": 0.017574071884155273,
        "50": 0.019014358520507812,
        "75": 0.01944047212600708,
        "90": 0.02053842544555664
    },
    "avg_decode_latency": 0.015579119876579004,
    "decode_latencies": [
        0.01508551173739963,
        0.015195926030476889,
        0.015889777077568903,
        0.016627258724636503,
        0.015317996342976889,
        0.015174203448825412,
        0.0154010984632704,
        0.015656471252441406,
        0.016184224022759333,
        0.015693320168389216,
        0.015325069427490234,
        0.015398581822713217
    ],
    "decode_percentiles": {
        "10": 0.015176375706990559,
        "25": 0.015287478764851889,
        "50": 0.015399840142991807,
        "75": 0.015742434395684138,
        "90": 0.01615477932824029
    }
}