{
    "avg_prefill_latency": 0.12248982985814412,
    "prefill_latencies": [
        0.1223917007446289,
        0.12036418914794922,
        0.1244974136352539,
        0.12192940711975098,
        0.12041401863098145,
        0.12064456939697266,
        0.12020492553710938,
        0.12886953353881836,
        0.12363195419311523,
        0.12214040756225586,
        0.12227153778076172,
        0.12251830101013184
    ],
    "prefill_percentiles": {
        "10": 0.12036917209625245,
        "25": 0.12058693170547485,
        "50": 0.12220597267150879,
        "75": 0.12279671430587769,
        "90": 0.12441086769104004
    },
    "avg_decode_latency": 0.029916577868991424,
    "decode_latencies": [
        0.026946412192450628,
        0.029576937357584637,
        0.03414201736450195,
        0.024791028764512803,
        0.025515397389729817,
        0.04034831788804796,
        0.02555007404751248,
        0.030372646119859483,
        0.030748605728149414,
        0.03038628896077474,
        0.030795680152045354,
        0.029825528462727863
    ],
    "decode_percentiles": {
        "10": 0.025518865055508082,
        "25": 0.026597327656216092,
        "50": 0.030099087291293673,
        "75": 0.0307603743341234,
        "90": 0.03380738364325629
    }
}