{
    "avg_prefill_latency": 0.060307065645853676,
    "prefill_latencies": [
        0.06024599075317383,
        0.06073451042175293,
        0.062285661697387695,
        0.05960416793823242,
        0.05985856056213379,
        0.06053876876831055,
        0.0598752498626709,
        0.06056499481201172,
        0.059311866760253906,
        0.05979442596435547,
        0.060721635818481445,
        0.06014895439147949
    ],
    "prefill_percentiles": {
        "10": 0.059623193740844724,
        "25": 0.05984252691268921,
        "50": 0.06019747257232666,
        "75": 0.06060415506362915,
        "90": 0.06073322296142578
    },
    "avg_decode_latency": 0.013028034457453973,
    "decode_latencies": [
        0.013353109359741211,
        0.013680458068847656,
        0.013632562425401475,
        0.012962924109564887,
        0.013036833869086372,
        0.012740161683824327,
        0.012924512227376303,
        0.01274667845831977,
        0.01274418830871582,
        0.012690040800306533,
        0.012821144527859159,
        0.013003799650404189
    ],
    "decode_percentiles": {
        "10": 0.012740564346313476,
        "25": 0.012746055920918783,
        "50": 0.012943718168470595,
        "75": 0.013115902741750082,
        "90": 0.01360461711883545
    }
}