{
    "avg_prefill_latency": 0.013566255569458008,
    "prefill_latencies": [
        0.013573169708251953,
        0.013568878173828125,
        0.013571023941040039,
        0.013548612594604492,
        0.013544321060180664,
        0.013551712036132812,
        0.01354837417602539,
        0.013566017150878906,
        0.01360774040222168,
        0.013562679290771484,
        0.01359248161315918,
        0.013560056686401367
    ],
    "prefill_percentiles": {
        "10": 0.0135483980178833,
        "25": 0.013550937175750732,
        "50": 0.013564348220825195,
        "75": 0.013571560382843018,
        "90": 0.013590550422668457
    },
    "avg_decode_latency": 0.013282828860812716,
    "decode_latencies": [
        0.013263622919718424,
        0.01326690779791938,
        0.013264205720689561,
        0.013261980480617948,
        0.01327779557969835,
        0.013272603352864584,
        0.013287173377143012,
        0.013393905427720811,
        0.013273583518134223,
        0.013273980882432725,
        0.01327461666531033,
        0.013283570607503256
    ],
    "decode_percentiles": {
        "10": 0.013263681199815539,
        "25": 0.013266232278611925,
        "50": 0.013273782200283475,
        "75": 0.013279239336649576,
        "90": 0.013286813100179037
    }
}