{
    "avg_prefill_latency": 0.1557181477546692,
    "prefill_latencies": [
        0.1556844711303711,
        0.1556553840637207,
        0.15467119216918945,
        0.1566014289855957,
        0.1555004119873047,
        0.15625548362731934,
        0.1551511287689209,
        0.15542006492614746,
        0.15541815757751465,
        0.1553630828857422,
        0.1568317413330078,
        0.1560652256011963
    ],
    "prefill_percentiles": {
        "10": 0.15517232418060303,
        "25": 0.15540438890457153,
        "50": 0.1555778980255127,
        "75": 0.15611279010772705,
        "90": 0.15656683444976807
    },
    "avg_decode_latency": 0.04306473555388274,
    "decode_latencies": [
        0.03861403465270996,
        0.046649164623684354,
        0.03900493515862359,
        0.0484315554300944,
        0.03858396742078993,
        0.04815196990966797,
        0.03860863049825033,
        0.047199646631876625,
        0.03879467646280924,
        0.04710170957777235,
        0.03855485386318631,
        0.04708168241712782
    ],
    "decode_percentiles": {
        "10": 0.03858643372853597,
        "25": 0.038612683614095054,
        "50": 0.042827049891153976,
        "75": 0.04712619384129842,
        "90": 0.04805673758188884
    }
}