{
    "avg_prefill_latency": 0.017086525758107502,
    "prefill_latencies": [
        0.01712346076965332,
        0.017069578170776367,
        0.01710796356201172,
        0.017110824584960938,
        0.017105817794799805,
        0.017095088958740234,
        0.017087459564208984,
        0.01706838607788086,
        0.017062902450561523,
        0.017061710357666016,
        0.017049551010131836,
        0.017095565795898438
    ],
    "prefill_percentiles": {
        "10": 0.017061829566955566,
        "25": 0.017067015171051025,
        "50": 0.01709127426147461,
        "75": 0.017106354236602783,
        "90": 0.017110538482666016
    },
    "avg_decode_latency": 0.013214181970666957,
    "decode_latencies": [
        0.01320150163438585,
        0.013236708111233182,
        0.013196892208523221,
        0.013207223680284288,
        0.01326751708984375,
        0.013188176684909396,
        0.013305690553453233,
        0.013195488188001845,
        0.013192044364081489,
        0.013183779186672635,
        0.013197925355699327,
        0.013197236590915255
    ],
    "decode_percentiles": {
        "10": 0.013188563452826605,
        "25": 0.013194627232021756,
        "50": 0.013197580973307291,
        "75": 0.013214594788021512,
        "90": 0.013264436191982693
    }
}