{
    "avg_prefill_latency": 0.10189209381739299,
    "prefill_latencies": [
        0.1023566722869873,
        0.10146117210388184,
        0.1021583080291748,
        0.1023564338684082,
        0.10235714912414551,
        0.10123467445373535,
        0.1020810604095459,
        0.10194921493530273,
        0.10131716728210449,
        0.10040020942687988,
        0.10261726379394531,
        0.10241580009460449
    ],
    "prefill_percentiles": {
        "10": 0.10124292373657226,
        "25": 0.1014251708984375,
        "50": 0.10211968421936035,
        "75": 0.10235679149627686,
        "90": 0.1024099349975586
    },
    "avg_decode_latency": 0.022752761840820312,
    "decode_latencies": [
        0.021706793043348525,
        0.021694501241048176,
        0.022041930092705622,
        0.021928601794772677,
        0.021737681494818792,
        0.021843141979641385,
        0.03270427385965983,
        0.021929952833387587,
        0.02200203471713596,
        0.02185617552863227,
        0.021709998448689777,
        0.021878057056003146
    ],
    "decode_percentiles": {
        "10": 0.02170711358388265,
        "25": 0.021730760733286537,
        "50": 0.021867116292317707,
        "75": 0.02194797330432468,
        "90": 0.022037940555148655
    }
}