{
    "avg_prefill_latency": 0.013250946998596191,
    "prefill_latencies": [
        0.013311386108398438,
        0.013206720352172852,
        0.013266801834106445,
        0.013187885284423828,
        0.013182401657104492,
        0.013223648071289062,
        0.013288497924804688,
        0.01318359375,
        0.01319742202758789,
        0.013544321060180664,
        0.013205766677856445,
        0.013212919235229492
    ],
    "prefill_percentiles": {
        "10": 0.013184022903442384,
        "25": 0.013195037841796875,
        "50": 0.013209819793701172,
        "75": 0.013272225856781006,
        "90": 0.013309097290039063
    },
    "avg_decode_latency": 0.013023493466553864,
    "decode_latencies": [
        0.01299179924858941,
        0.012991322411431206,
        0.012986077202690972,
        0.013001150555080838,
        0.013058741887410482,
        0.01306613286336263,
        0.013000912136501737,
        0.01301105817159017,
        0.012993945015801324,
        0.013041522767808702,
        0.013141499625311958,
        0.012997759713066949
    ],
    "decode_percentiles": {
        "10": 0.012991370095147026,
        "25": 0.012993408573998345,
        "50": 0.013001031345791288,
        "75": 0.013045827547709147,
        "90": 0.013065393765767416
    }
}