{
    "avg_prefill_latency": 0.11504924297332764,
    "prefill_latencies": [
        0.1150655746459961,
        0.11275005340576172,
        0.1134028434753418,
        0.11614322662353516,
        0.11525487899780273,
        0.11525988578796387,
        0.11550045013427734,
        0.11546611785888672,
        0.11520075798034668,
        0.11483526229858398,
        0.11600542068481445,
        0.1157064437866211
    ],
    "prefill_percentiles": {
        "10": 0.11354608535766601,
        "25": 0.11500799655914307,
        "50": 0.1152573823928833,
        "75": 0.11555194854736328,
        "90": 0.11597552299499511
    },
    "avg_decode_latency": 0.023649215698242184,
    "decode_latencies": [
        0.02283159891764323,
        0.02291801240709093,
        0.022924953036838107,
        0.022904369566175673,
        0.02281485663519965,
        0.03149594200981988,
        0.02314779493543837,
        0.022874832153320312,
        0.02311555544535319,
        0.022918277316623263,
        0.022886991500854492,
        0.022957404454549152
    ],
    "decode_percentiles": {
        "10": 0.022835922241210938,
        "25": 0.022883951663970947,
        "50": 0.022918144861857094,
        "75": 0.02299694220225016,
        "90": 0.02314457098642985
    }
}