{
    "avg_prefill_latency": 0.025592148303985596,
    "prefill_latencies": [
        0.02563786506652832,
        0.025569438934326172,
        0.02547311782836914,
        0.025605440139770508,
        0.025615215301513672,
        0.025526762008666992,
        0.02563643455505371,
        0.025606632232666016,
        0.0256195068359375,
        0.025537729263305664,
        0.025648117065429688,
        0.025629520416259766
    ],
    "prefill_percentiles": {
        "10": 0.02552785873413086,
        "25": 0.025561511516571045,
        "50": 0.025610923767089844,
        "75": 0.025631248950958252,
        "90": 0.025637722015380858
    },
    "avg_decode_latency": 0.014175927197491682,
    "decode_latencies": [
        0.014091226789686415,
        0.014072338740030924,
        0.0141195191277398,
        0.014414734310574003,
        0.014128896925184462,
        0.01426855723063151,
        0.014147626029120551,
        0.014376242955525717,
        0.014087253146701388,
        0.01409851180182563,
        0.014230728149414062,
        0.014075491163465712
    ],
    "decode_percentiles": {
        "10": 0.01407666736178928,
        "25": 0.014090233378940158,
        "50": 0.01412420802646213,
        "75": 0.014240185419718424,
        "90": 0.014365474383036297
    }
}