{
    "avg_prefill_latency": 0.08833632866541545,
    "prefill_latencies": [
        0.0884244441986084,
        0.08864784240722656,
        0.08860516548156738,
        0.0891866683959961,
        0.08845233917236328,
        0.08909487724304199,
        0.08862566947937012,
        0.08827686309814453,
        0.08771538734436035,
        0.08787775039672852,
        0.08862733840942383,
        0.0865015983581543
    ],
    "prefill_percentiles": {
        "10": 0.08773162364959716,
        "25": 0.08817708492279053,
        "50": 0.08852875232696533,
        "75": 0.08863246440887451,
        "90": 0.08905017375946045
    },
    "avg_decode_latency": 0.016619386496367277,
    "decode_latencies": [
        0.016586886511908636,
        0.016626622941758897,
        0.01662580172220866,
        0.016814841164482966,
        0.016571336322360568,
        0.016619496875339083,
        0.016578382915920682,
        0.01655202441745334,
        0.016529189215766057,
        0.016814231872558594,
        0.0165554682413737,
        0.01655835575527615
    ],
    "decode_percentiles": {
        "10": 0.01655236879984538,
        "25": 0.016557633876800537,
        "50": 0.01658263471391466,
        "75": 0.01662600702709622,
        "90": 0.016795470979478623
    }
}