{
    "avg_prefill_latency": 0.014429946740468344,
    "prefill_latencies": [
        0.014419317245483398,
        0.014378070831298828,
        0.014354228973388672,
        0.01438760757446289,
        0.014400005340576172,
        0.014399290084838867,
        0.014991283416748047,
        0.014353275299072266,
        0.014349222183227539,
        0.014371871948242188,
        0.014383554458618164,
        0.014371633529663086
    ],
    "prefill_percentiles": {
        "10": 0.014353370666503907,
        "25": 0.014367282390594482,
        "50": 0.014380812644958496,
        "75": 0.014399468898773193,
        "90": 0.014417386054992676
    },
    "avg_decode_latency": 0.013085049611550789,
    "decode_latencies": [
        0.013033469518025717,
        0.013036886850992838,
        0.013064887788560655,
        0.01333149274190267,
        0.013315280278523764,
        0.013038529290093316,
        0.013046291139390733,
        0.013027482562594943,
        0.01302178700764974,
        0.013047059377034506,
        0.013017310036553277,
        0.013040118747287326
    ],
    "decode_percentiles": {
        "10": 0.013022356563144261,
        "25": 0.013031972779168023,
        "50": 0.013039324018690322,
        "75": 0.013051516479916044,
        "90": 0.013290241029527453
    }
}