{
    "avg_prefill_latency": 0.01353156566619873,
    "prefill_latencies": [
        0.01368403434753418,
        0.01343536376953125,
        0.013444185256958008,
        0.01347494125366211,
        0.01348423957824707,
        0.013414621353149414,
        0.013977766036987305,
        0.013678550720214844,
        0.01341700553894043,
        0.013437032699584961,
        0.013435840606689453,
        0.013495206832885742
    ],
    "prefill_percentiles": {
        "10": 0.013418841361999511,
        "25": 0.013435721397399902,
        "50": 0.013459563255310059,
        "75": 0.013541042804718018,
        "90": 0.013683485984802245
    },
    "avg_decode_latency": 0.0131072998046875,
    "decode_latencies": [
        0.013063298331366645,
        0.013069735633002387,
        0.013076358371310763,
        0.01311100853814019,
        0.01326359642876519,
        0.013081683052910699,
        0.013126373291015625,
        0.013079616758558486,
        0.013072437710232206,
        0.013170056872897677,
        0.01309551133049859,
        0.013077921337551542
    ],
    "decode_percentiles": {
        "10": 0.013070005840725369,
        "25": 0.013075378206041124,
        "50": 0.013080649905734591,
        "75": 0.013114849726359049,
        "90": 0.013165688514709471
    }
}