{
    "avg_prefill_latency": 0.1877432664235433,
    "prefill_latencies": [
        0.18714237213134766,
        0.18763971328735352,
        0.1864173412322998,
        0.18879079818725586,
        0.1883714199066162,
        0.1881108283996582,
        0.18747472763061523,
        0.1879897117614746,
        0.18851232528686523,
        0.18767380714416504,
        0.18764281272888184,
        0.18715333938598633
    ],
    "prefill_percentiles": {
        "10": 0.18714346885681152,
        "25": 0.187394380569458,
        "50": 0.18765830993652344,
        "75": 0.1881759762763977,
        "90": 0.18849823474884034
    },
    "avg_decode_latency": 0.026880156993865974,
    "decode_latencies": [
        0.025982093811035157,
        0.026067543029785156,
        0.02658710479736328,
        0.02596151828765869,
        0.02601461410522461,
        0.03526813983917236,
        0.025914859771728516,
        0.025924181938171385,
        0.026254487037658692,
        0.026227855682373048,
        0.026251626014709473,
        0.02610785961151123
    ],
    "decode_percentiles": {
        "10": 0.025927915573120117,
        "25": 0.02597694993019104,
        "50": 0.026087701320648193,
        "75": 0.026252341270446778,
        "90": 0.026553843021392822
    }
}