{
    "avg_prefill_latency": 0.1873093048731486,
    "prefill_latencies": [
        0.18611836433410645,
        0.18509268760681152,
        0.1868598461151123,
        0.18781757354736328,
        0.18709015846252441,
        0.18814945220947266,
        0.18725824356079102,
        0.18790435791015625,
        0.18796300888061523,
        0.18852925300598145,
        0.18649888038635254,
        0.1884298324584961
    ],
    "prefill_percentiles": {
        "10": 0.18615641593933105,
        "25": 0.18676960468292236,
        "50": 0.18753790855407715,
        "75": 0.1880096197128296,
        "90": 0.18840179443359376
    },
    "avg_decode_latency": 0.04396137992540996,
    "decode_latencies": [
        0.04844810962677002,
        0.0419520378112793,
        0.0419574499130249,
        0.04222888946533203,
        0.04980149269104004,
        0.04201576709747314,
        0.04205176830291748,
        0.0430938720703125,
        0.04183382987976074,
        0.05001983642578125,
        0.04219861030578613,
        0.0419348955154419
    ],
    "decode_percentiles": {
        "10": 0.04193660974502564,
        "25": 0.0419560968875885,
        "50": 0.0421251893043518,
        "75": 0.04443243145942688,
        "90": 0.04966615438461304
    }
}