{
    "avg_prefill_latency": 0.04846996068954468,
    "prefill_latencies": [
        0.047797203063964844,
        0.0494382381439209,
        0.049407005310058594,
        0.04762458801269531,
        0.04842495918273926,
        0.04783987998962402,
        0.04840207099914551,
        0.049223899841308594,
        0.04843616485595703,
        0.049184322357177734,
        0.04737234115600586,
        0.04848885536193848
    ],
    "prefill_percentiles": {
        "10": 0.047641849517822264,
        "25": 0.04782921075820923,
        "50": 0.048430562019348145,
        "75": 0.04919421672821045,
        "90": 0.049388694763183597
    },
    "avg_decode_latency": 0.014367333164921512,
    "decode_latencies": [
        0.013767666286892362,
        0.014238834381103516,
        0.014621787601047091,
        0.014208528730604384,
        0.014793899324205186,
        0.014075994491577148,
        0.014923784467909072,
        0.014195097817314995,
        0.014100869496663412,
        0.014866616990831163,
        0.013925340440538194,
        0.014689577950371636
    ],
    "decode_percentiles": {
        "10": 0.013940405845642089,
        "25": 0.014094650745391846,
        "50": 0.01422368155585395,
        "75": 0.014715658293830024,
        "90": 0.014859345224168565
    }
}