{
    "avg_prefill_latency": 0.09724740187327068,
    "prefill_latencies": [
        0.09580326080322266,
        0.09676909446716309,
        0.0975642204284668,
        0.09752845764160156,
        0.09627747535705566,
        0.09627842903137207,
        0.09627556800842285,
        0.09810209274291992,
        0.0988318920135498,
        0.09699296951293945,
        0.09714365005493164,
        0.09940171241760254
    ],
    "prefill_percentiles": {
        "10": 0.09627575874328613,
        "25": 0.09627819061279297,
        "50": 0.09706830978393555,
        "75": 0.09769868850708008,
        "90": 0.09875891208648682
    },
    "avg_decode_latency": 0.013939718405405683,
    "decode_latencies": [
        0.013793071111043295,
        0.013825045691596137,
        0.013741837607489692,
        0.013755427466498481,
        0.013737969928317599,
        0.013626575469970703,
        0.013898372650146484,
        0.013759930928548178,
        0.014646132787068685,
        0.014211389753553603,
        0.01446374257405599,
        0.013817124896579318
    ],
    "decode_percentiles": {
        "10": 0.013738356696234808,
        "25": 0.013752030001746284,
        "50": 0.013805098003811307,
        "75": 0.013976626925998263,
        "90": 0.014438507292005751
    }
}