{
    "avg_prefill_latency": 0.04944924513498942,
    "prefill_latencies": [
        0.049398183822631836,
        0.049538373947143555,
        0.04967856407165527,
        0.04902148246765137,
        0.05167889595031738,
        0.048989295959472656,
        0.04911947250366211,
        0.04887199401855469,
        0.04945731163024902,
        0.04892611503601074,
        0.04909491539001465,
        0.049616336822509766
    ],
    "prefill_percentiles": {
        "10": 0.048932433128356934,
        "25": 0.04901343584060669,
        "50": 0.04925882816314697,
        "75": 0.04955786466598511,
        "90": 0.04967234134674072
    },
    "avg_decode_latency": 0.01944022708468967,
    "decode_latencies": [
        0.018064128028021917,
        0.022251341078016493,
        0.01841659016079373,
        0.022701687282986112,
        0.017340660095214844,
        0.020619710286458332,
        0.016809728410508897,
        0.023610803816053603,
        0.016858975092569988,
        0.02133594618903266,
        0.017209635840521917,
        0.018063518736097548
    ],
    "decode_percentiles": {
        "10": 0.016894041167365183,
        "25": 0.017307904031541612,
        "50": 0.018240359094407823,
        "75": 0.021564794911278617,
        "90": 0.02265665266248915
    }
}