{
    "avg_prefill_latency": 0.09117851654688518,
    "prefill_latencies": [
        0.09056758880615234,
        0.08995938301086426,
        0.08943033218383789,
        0.08897900581359863,
        0.08928823471069336,
        0.09070014953613281,
        0.10783600807189941,
        0.08909106254577637,
        0.08931994438171387,
        0.09070134162902832,
        0.08906960487365723,
        0.08919954299926758
    ],
    "prefill_percentiles": {
        "10": 0.08907175064086914,
        "25": 0.08917242288589478,
        "50": 0.08937513828277588,
        "75": 0.09060072898864746,
        "90": 0.09070122241973877
    },
    "avg_decode_latency": 0.031154203414916985,
    "decode_latencies": [
        0.03003520965576172,
        0.041697335243225095,
        0.03684127330780029,
        0.03319895267486572,
        0.03033883571624756,
        0.027686119079589844,
        0.031114578247070312,
        0.028744935989379883,
        0.028611588478088378,
        0.02488231658935547,
        0.034635162353515624,
        0.026064133644104003
    ],
    "decode_percentiles": {
        "10": 0.026226332187652586,
        "25": 0.028380221128463744,
        "50": 0.03018702268600464,
        "75": 0.0335580050945282,
        "90": 0.03662066221237183
    }
}