{
    "avg_prefill_latency": 0.0306167999903361,
    "prefill_latencies": [
        0.03037738800048828,
        0.03567075729370117,
        0.03757882118225098,
        0.02942204475402832,
        0.04191160202026367,
        0.033379554748535156,
        0.0418400764465332,
        0.02016735076904297,
        0.019733667373657227,
        0.03157639503479004,
        0.02102208137512207,
        0.024721860885620117
    ],
    "prefill_percentiles": {
        "10": 0.02025282382965088,
        "25": 0.023796916007995605,
        "50": 0.03097689151763916,
        "75": 0.03614777326583862,
        "90": 0.04141395092010498
    },
    "avg_decode_latency": 0.03110965313734831,
    "decode_latencies": [
        0.023424386978149414,
        0.0286764833662245,
        0.030877113342285156,
        0.03213307592603895,
        0.028890662723117404,
        0.036748912599351674,
        0.04231455590989855,
        0.035731765958997935,
        0.02363676495022244,
        0.029694875081380207,
        0.027162869771321613,
        0.03402437104119195
    ],
    "decode_percentiles": {
        "10": 0.023989375432332358,
        "25": 0.02829807996749878,
        "50": 0.03028599421183268,
        "75": 0.03445121977064344,
        "90": 0.0366471979353163
    }
}