{
    "avg_prefill_latency": 0.08821183443069458,
    "prefill_latencies": [
        0.08043384552001953,
        0.08030939102172852,
        0.08413004875183105,
        0.0811300277709961,
        0.08274960517883301,
        0.08219289779663086,
        0.08175301551818848,
        0.08246684074401855,
        0.15950703620910645,
        0.08209037780761719,
        0.08043074607849121,
        0.08134818077087402
    ],
    "prefill_percentiles": {
        "10": 0.08043105602264404,
        "25": 0.08095598220825195,
        "50": 0.08192169666290283,
        "75": 0.08253753185272217,
        "90": 0.08399200439453125
    },
    "avg_decode_latency": 0.03782708998079653,
    "decode_latencies": [
        0.03570315572950575,
        0.04227487246195475,
        0.03400317827860514,
        0.04672230614556207,
        0.040334860483805336,
        0.03925837410820855,
        0.03484895494249132,
        0.03397941589355469,
        0.035305155648125544,
        0.03392367892795139,
        0.04376517401801215,
        0.03380595313178168
    ],
    "decode_percentiles": {
        "10": 0.03392925262451172,
        "25": 0.03399723768234253,
        "50": 0.035504155688815646,
        "75": 0.04081986347834269,
        "90": 0.04361614386240641
    }
}