{
    "avg_prefill_latency": 0.06546074151992798,
    "prefill_latencies": [
        0.06293296813964844,
        0.06308221817016602,
        0.06451678276062012,
        0.06439876556396484,
        0.06215667724609375,
        0.06299066543579102,
        0.0621645450592041,
        0.06336808204650879,
        0.06234574317932129,
        0.0623469352722168,
        0.061960697174072266,
        0.09326481819152832
    ],
    "prefill_percentiles": {
        "10": 0.06215746402740478,
        "25": 0.06230044364929199,
        "50": 0.06296181678771973,
        "75": 0.0636257529258728,
        "90": 0.06450498104095459
    },
    "avg_decode_latency": 0.03856998240506208,
    "decode_latencies": [
        0.041546000374688044,
        0.04267194535997179,
        0.04198781649271647,
        0.05336549546983507,
        0.039319144354926214,
        0.0337212880452474,
        0.03444046444363064,
        0.04366991255018446,
        0.033133347829182945,
        0.02938275867038303,
        0.029994752671983507,
        0.03960686259799533
    ],
    "decode_percentiles": {
        "10": 0.030308612187703452,
        "25": 0.033574302991231285,
        "50": 0.03946300347646077,
        "75": 0.0421588487095303,
        "90": 0.04357011583116319
    }
}