{
    "avg_prefill_latency": 0.0753976305325826,
    "prefill_latencies": [
        0.07442760467529297,
        0.07382917404174805,
        0.07576704025268555,
        0.07446479797363281,
        0.08685660362243652,
        0.07393932342529297,
        0.07357668876647949,
        0.074310302734375,
        0.07495570182800293,
        0.07453417778015137,
        0.07474374771118164,
        0.07336640357971191
    ],
    "prefill_percentiles": {
        "10": 0.07360193729400635,
        "25": 0.07391178607940674,
        "50": 0.07444620132446289,
        "75": 0.07479673624038696,
        "90": 0.07568590641021729
    },
    "avg_decode_latency": 0.033156913739663584,
    "decode_latencies": [
        0.03147225909762912,
        0.03144023153516981,
        0.039247989654541016,
        0.029106563991970487,
        0.02761363983154297,
        0.03071880340576172,
        0.04199965794881185,
        0.032485749986436635,
        0.02881190511915419,
        0.03137479888068305,
        0.04069426324632433,
        0.03291710217793783
    ],
    "decode_percentiles": {
        "10": 0.028841371006435818,
        "25": 0.03031574355231391,
        "50": 0.03145624531639947,
        "75": 0.03449982404708862,
        "90": 0.040549635887145996
    }
}