{
    "avg_prefill_latency": 0.048873682816823326,
    "prefill_latencies": [
        0.04901432991027832,
        0.04884505271911621,
        0.049283742904663086,
        0.04875898361206055,
        0.048604726791381836,
        0.049230337142944336,
        0.04876542091369629,
        0.04889369010925293,
        0.04897665977478027,
        0.04844975471496582,
        0.04856371879577637,
        0.04909777641296387
    ],
    "prefill_percentiles": {
        "10": 0.04856781959533692,
        "25": 0.04872041940689087,
        "50": 0.04886937141418457,
        "75": 0.04903519153594971,
        "90": 0.04921708106994629
    },
    "avg_decode_latency": 0.027819615823251233,
    "decode_latencies": [
        0.025803036159939237,
        0.025806665420532227,
        0.025281535254584417,
        0.02541327476501465,
        0.025930828518337674,
        0.035342137018839516,
        0.027154657575819228,
        0.026231633292304143,
        0.02577222718132867,
        0.038726488749186196,
        0.02671186129252116,
        0.025661044650607638
    ],
    "decode_percentiles": {
        "10": 0.025438051753573946,
        "25": 0.02574443154864841,
        "50": 0.02586874696943495,
        "75": 0.026822560363345675,
        "90": 0.03452338907453749
    }
}