{
    "avg_prefill_latency": 0.022099594275156658,
    "prefill_latencies": [
        0.017705202102661133,
        0.026461362838745117,
        0.023176908493041992,
        0.018490314483642578,
        0.019428014755249023,
        0.022635459899902344,
        0.01999974250793457,
        0.022081613540649414,
        0.02657485008239746,
        0.02354574203491211,
        0.0222470760345459,
        0.022848844528198242
    ],
    "prefill_percentiles": {
        "10": 0.018584084510803223,
        "25": 0.019856810569763184,
        "50": 0.02244126796722412,
        "75": 0.02326911687850952,
        "90": 0.026169800758361818
    },
    "avg_decode_latency": 0.019953619550775598,
    "decode_latencies": [
        0.0246888001759847,
        0.023709879981146917,
        0.021098640229966905,
        0.016988727781507704,
        0.01863808102077908,
        0.017702261606852215,
        0.01949776543511285,
        0.0211637020111084,
        0.021724171108669706,
        0.017742845747205947,
        0.018911361694335938,
        0.017577197816636827
    ],
    "decode_percentiles": {
        "10": 0.017589704195658366,
        "25": 0.017732699712117515,
        "50": 0.019204563564724393,
        "75": 0.021303819285498724,
        "90": 0.023511309093899195
    }
}