{
    "avg_prefill_latency": 0.050850470860799156,
    "prefill_latencies": [
        0.04968714714050293,
        0.05036020278930664,
        0.05017423629760742,
        0.05019569396972656,
        0.05065321922302246,
        0.04971432685852051,
        0.049744606018066406,
        0.04983711242675781,
        0.04991745948791504,
        0.05060267448425293,
        0.059493303298950195,
        0.04982566833496094
    ],
    "prefill_percentiles": {
        "10": 0.0497173547744751,
        "25": 0.049805402755737305,
        "50": 0.05004584789276123,
        "75": 0.05042082071304321,
        "90": 0.050648164749145505
    },
    "avg_decode_latency": 0.03165652796074196,
    "decode_latencies": [
        0.03171070416768392,
        0.026110463672214083,
        0.03869181209140354,
        0.03132851918538412,
        0.0332236819797092,
        0.0323072804345025,
        0.026028818554348417,
        0.031156169043646917,
        0.04141627417670356,
        0.02552493413289388,
        0.029411289427015517,
        0.03296838866339789
    ],
    "decode_percentiles": {
        "10": 0.026036983066134983,
        "25": 0.028586082988315158,
        "50": 0.03151961167653402,
        "75": 0.03303221199247572,
        "90": 0.0381449990802341
    }
}