{
    "avg_prefill_latency": 0.05966571966807047,
    "prefill_latencies": [
        0.05929160118103027,
        0.05954551696777344,
        0.06347179412841797,
        0.061509132385253906,
        0.061412811279296875,
        0.05890297889709473,
        0.05893826484680176,
        0.058769941329956055,
        0.05875968933105469,
        0.05814099311828613,
        0.05888247489929199,
        0.05836343765258789
    ],
    "prefill_percentiles": {
        "10": 0.05840306282043457,
        "25": 0.05876737833023071,
        "50": 0.05892062187194824,
        "75": 0.0600123405456543,
        "90": 0.061499500274658205
    },
    "avg_decode_latency": 0.0332784409876223,
    "decode_latencies": [
        0.03401258256700304,
        0.04795487721761068,
        0.03280986679924859,
        0.033216370476616755,
        0.03378340933057997,
        0.03019955423143175,
        0.030464596218532987,
        0.029694318771362305,
        0.029722425672743056,
        0.029907173580593534,
        0.03794897927178277,
        0.02962713771396213
    ],
    "decode_percentiles": {
        "10": 0.02969712946150038,
        "25": 0.029860986603630915,
        "50": 0.03163723150889079,
        "75": 0.033840702639685735,
        "90": 0.0375553396013048
    }
}