{
    "avg_prefill_latency": 0.027947664260864258,
    "prefill_latencies": [
        0.021270275115966797,
        0.022010326385498047,
        0.05683469772338867,
        0.032212018966674805,
        0.02987957000732422,
        0.020831823348999023,
        0.020601987838745117,
        0.037729501724243164,
        0.02059316635131836,
        0.022338390350341797,
        0.021022796630859375,
        0.03004741668701172
    ],
    "prefill_percentiles": {
        "10": 0.020624971389770506,
        "25": 0.020975053310394287,
        "50": 0.022174358367919922,
        "75": 0.03058856725692749,
        "90": 0.03717775344848633
    },
    "avg_decode_latency": 0.021565594055034495,
    "decode_latencies": [
        0.024183352788289387,
        0.019293546676635742,
        0.029235574934217665,
        0.02055086029900445,
        0.021809604432847764,
        0.01828779114617242,
        0.019464572270711262,
        0.02379412121242947,
        0.018360508812798396,
        0.01838896009657118,
        0.026987234751383465,
        0.018431001239352755
    ],
    "decode_percentiles": {
        "10": 0.018363353941175675,
        "25": 0.018420490953657363,
        "50": 0.020007716284857854,
        "75": 0.02389142910639445,
        "90": 0.02670684655507406
    }
}