{
    "avg_prefill_latency": 0.04696387052536011,
    "prefill_latencies": [
        0.03824567794799805,
        0.03792309761047363,
        0.037758827209472656,
        0.03836512565612793,
        0.041303396224975586,
        0.04506826400756836,
        0.05520200729370117,
        0.09562945365905762,
        0.04016757011413574,
        0.04037213325500488,
        0.03931903839111328,
        0.05421185493469238
    ],
    "prefill_percentiles": {
        "10": 0.03795535564422607,
        "25": 0.03833526372909546,
        "50": 0.04026985168457031,
        "75": 0.047354161739349365,
        "90": 0.055102992057800296
    },
    "avg_decode_latency": 0.030149565802680123,
    "decode_latencies": [
        0.020694361792670354,
        0.02044192949930827,
        0.022069931030273438,
        0.03154653973049588,
        0.03719756338331434,
        0.025693575541178387,
        0.03195333480834961,
        0.03306476275126139,
        0.03372852007548014,
        0.0334678226047092,
        0.03524690204196506,
        0.036689546373155385
    ],
    "decode_percentiles": {
        "10": 0.020831918716430663,
        "25": 0.02478766441345215,
        "50": 0.0325090487798055,
        "75": 0.034108115567101374,
        "90": 0.03654528194003635
    }
}