{
    "avg_prefill_latency": 0.07238058249155681,
    "prefill_latencies": [
        0.08066153526306152,
        0.06528115272521973,
        0.06569409370422363,
        0.06647133827209473,
        0.06592655181884766,
        0.06580734252929688,
        0.0655355453491211,
        0.06626605987548828,
        0.11150622367858887,
        0.0656728744506836,
        0.08266472816467285,
        0.06707954406738281
    ],
    "prefill_percentiles": {
        "10": 0.06554927825927734,
        "25": 0.06568878889083862,
        "50": 0.06609630584716797,
        "75": 0.07047504186630249,
        "90": 0.08246440887451172
    },
    "avg_decode_latency": 0.03256419632169936,
    "decode_latencies": [
        0.025276978810628254,
        0.03088514010111491,
        0.03174742062886556,
        0.05333662033081055,
        0.02720718913608127,
        0.03210369745890299,
        0.03338755501641168,
        0.03114705615573459,
        0.03930936919318305,
        0.026999817954169378,
        0.028107643127441406,
        0.03126186794704861
    ],
    "decode_percentiles": {
        "10": 0.027020555072360567,
        "25": 0.027882529629601374,
        "50": 0.0312044620513916,
        "75": 0.03242466184828016,
        "90": 0.03871718777550592
    }
}