{
    "avg_prefill_latency": 0.020346323649088543,
    "prefill_latencies": [
        0.025664329528808594,
        0.028613567352294922,
        0.018710613250732422,
        0.018651247024536133,
        0.028859376907348633,
        0.018055200576782227,
        0.01791095733642578,
        0.019565343856811523,
        0.01843738555908203,
        0.018609046936035156,
        0.015597343444824219,
        0.01548147201538086
    ],
    "prefill_percentiles": {
        "10": 0.015828704833984374,
        "25": 0.018019139766693115,
        "50": 0.018630146980285645,
        "75": 0.02109009027481079,
        "90": 0.02831864356994629
    },
    "avg_decode_latency": 0.018148987381546584,
    "decode_latencies": [
        0.018963787290785048,
        0.01801806026034885,
        0.018109109666612413,
        0.02012809117635091,
        0.01959835158454047,
        0.018313301934136286,
        0.01841645770602756,
        0.01743096775478787,
        0.01718062824673123,
        0.016943560706244573,
        0.016841067208184138,
        0.01784446504380968
    ],
    "decode_percentiles": {
        "10": 0.01696726746029324,
        "25": 0.01736838287777371,
        "50": 0.01806358496348063,
        "75": 0.018553290102216933,
        "90": 0.01953489515516493
    }
}