{
    "avg_prefill_latency": 0.04793719450632731,
    "prefill_latencies": [
        0.04761624336242676,
        0.04809260368347168,
        0.0486757755279541,
        0.04734230041503906,
        0.04781150817871094,
        0.048007965087890625,
        0.04785561561584473,
        0.0479738712310791,
        0.047937870025634766,
        0.04815173149108887,
        0.047744035720825195,
        0.048036813735961914
    ],
    "prefill_percentiles": {
        "10": 0.0476290225982666,
        "25": 0.0477946400642395,
        "50": 0.047955870628356934,
        "75": 0.048050761222839355,
        "90": 0.04814581871032715
    },
    "avg_decode_latency": 0.022257743058381255,
    "decode_latencies": [
        0.02323799663119846,
        0.021411418914794922,
        0.022073321872287326,
        0.022734324137369793,
        0.023210604985555012,
        0.022056235207451716,
        0.02213573455810547,
        0.022426737679375544,
        0.0224048826429579,
        0.021991835700141057,
        0.021886587142944336,
        0.021523237228393555
    ],
    "decode_percentiles": {
        "10": 0.02155957221984863,
        "25": 0.021965523560841877,
        "50": 0.022104528215196397,
        "75": 0.022503634293874107,
        "90": 0.02316297690073649
    }
}