{
    "avg_prefill_latency": 0.20319430033365884,
    "prefill_latencies": [
        0.19150567054748535,
        0.19298672676086426,
        0.1925983428955078,
        0.32117271423339844,
        0.19291067123413086,
        0.1922609806060791,
        0.19063925743103027,
        0.19270706176757812,
        0.1928269863128662,
        0.19295644760131836,
        0.19438529014587402,
        0.19138145446777344
    ],
    "prefill_percentiles": {
        "10": 0.19139387607574462,
        "25": 0.19207215309143066,
        "50": 0.19276702404022217,
        "75": 0.19296401739120483,
        "90": 0.19424543380737305
    },
    "avg_decode_latency": 0.031227417786916095,
    "decode_latencies": [
        0.029201412200927736,
        0.02918112277984619,
        0.0294234037399292,
        0.03033711910247803,
        0.031032299995422362,
        0.02920682430267334,
        0.02892441749572754,
        0.04102911949157715,
        0.03069443702697754,
        0.029552197456359862,
        0.029437899589538574,
        0.03670876026153565
    ],
    "decode_percentiles": {
        "10": 0.029183151721954344,
        "25": 0.02920547127723694,
        "50": 0.029495048522949218,
        "75": 0.030778902769088744,
        "90": 0.03614111423492432
    }
}