{
    "avg_prefill_latency": 0.017607112725575764,
    "prefill_latencies": [
        0.016426801681518555,
        0.023345232009887695,
        0.01664257049560547,
        0.016555070877075195,
        0.016368865966796875,
        0.016243934631347656,
        0.01636791229248047,
        0.01862931251525879,
        0.01644420623779297,
        0.018799543380737305,
        0.01772308349609375,
        0.017738819122314453
    ],
    "prefill_percentiles": {
        "10": 0.016368007659912108,
        "25": 0.016412317752838135,
        "50": 0.016598820686340332,
        "75": 0.017961442470550537,
        "90": 0.018782520294189455
    },
    "avg_decode_latency": 0.019958273128226952,
    "decode_latencies": [
        0.025821394390530057,
        0.01773182551066081,
        0.01771333482530382,
        0.022435983022054035,
        0.01764859093560113,
        0.0229342778523763,
        0.017837789323594835,
        0.01742378870646159,
        0.02269615067376031,
        0.017265823152330186,
        0.022702693939208984,
        0.017287625206841364
    ],
    "decode_percentiles": {
        "10": 0.017301241556803387,
        "25": 0.017592390378316246,
        "50": 0.01778480741712782,
        "75": 0.02269778649012248,
        "90": 0.02291111946105957
    }
}