{
    "avg_prefill_latency": 0.12500892082850137,
    "prefill_latencies": [
        0.12730121612548828,
        0.12383508682250977,
        0.1252429485321045,
        0.12424397468566895,
        0.12947750091552734,
        0.12462663650512695,
        0.12450504302978516,
        0.1243903636932373,
        0.12426137924194336,
        0.1237955093383789,
        0.12457966804504395,
        0.12384772300720215
    ],
    "prefill_percentiles": {
        "10": 0.123836350440979,
        "25": 0.12414491176605225,
        "50": 0.12444770336151123,
        "75": 0.12478071451187134,
        "90": 0.1270953893661499
    },
    "avg_decode_latency": 0.039218117793401085,
    "decode_latencies": [
        0.037712812423706055,
        0.04286279678344727,
        0.04366977214813232,
        0.034847140312194824,
        0.035555672645568845,
        0.04339642524719238,
        0.03472423553466797,
        0.042035603523254396,
        0.034498167037963864,
        0.03437416553497315,
        0.048333477973937986,
        0.03860714435577393
    ],
    "decode_percentiles": {
        "10": 0.034520773887634276,
        "25": 0.03481641411781311,
        "50": 0.03815997838973999,
        "75": 0.042996203899383544,
        "90": 0.04364243745803833
    }
}