{
    "avg_prefill_latency": 0.13245036204655966,
    "prefill_latencies": [
        0.12744736671447754,
        0.15770936012268066,
        0.12419676780700684,
        0.1239473819732666,
        0.12449336051940918,
        0.12734746932983398,
        0.12659335136413574,
        0.12864995002746582,
        0.13881611824035645,
        0.12624120712280273,
        0.12449383735656738,
        0.1594681739807129
    ],
    "prefill_percentiles": {
        "10": 0.12422642707824708,
        "25": 0.12449371814727783,
        "50": 0.12697041034698486,
        "75": 0.13119149208068848,
        "90": 0.15582003593444824
    },
    "avg_decode_latency": 0.035631450017293294,
    "decode_latencies": [
        0.036003637313842776,
        0.033047938346862794,
        0.03246774673461914,
        0.03426837921142578,
        0.048557162284851074,
        0.034097909927368164,
        0.032758474349975586,
        0.04019396305084229,
        0.031365370750427245,
        0.033579564094543456,
        0.02965724468231201,
        0.04158000946044922
    ],
    "decode_percentiles": {
        "10": 0.03147560834884643,
        "25": 0.03268579244613647,
        "50": 0.03383873701095581,
        "75": 0.037051218748092654,
        "90": 0.04144140481948853
    }
}