{
    "avg_prefill_latency": 0.12445404132207234,
    "prefill_latencies": [
        0.12523627281188965,
        0.12556099891662598,
        0.12417960166931152,
        0.1251513957977295,
        0.12378358840942383,
        0.1257638931274414,
        0.1239311695098877,
        0.12434887886047363,
        0.12437009811401367,
        0.12335014343261719,
        0.12387871742248535,
        0.12389373779296875
    ],
    "prefill_percentiles": {
        "10": 0.12379310131072999,
        "25": 0.1238899827003479,
        "50": 0.12426424026489258,
        "75": 0.12517261505126953,
        "90": 0.12552852630615235
    },
    "avg_decode_latency": 0.04555369814236959,
    "decode_latencies": [
        0.04617512226104736,
        0.05903379917144776,
        0.040935325622558597,
        0.05016956329345703,
        0.042427468299865725,
        0.049130582809448244,
        0.039093613624572754,
        0.049185323715209964,
        0.04212985038757324,
        0.04203476905822754,
        0.04465100765228271,
        0.04167795181274414
    ],
    "decode_percentiles": {
        "10": 0.041009588241577154,
        "25": 0.04194556474685669,
        "50": 0.043539237976074216,
        "75": 0.04914426803588867,
        "90": 0.05007113933563232
    }
}