{
    "avg_prefill_latency": 0.06041415532430013,
    "prefill_latencies": [
        0.060419321060180664,
        0.06066465377807617,
        0.05895090103149414,
        0.061697959899902344,
        0.06151723861694336,
        0.06154036521911621,
        0.060483694076538086,
        0.060150861740112305,
        0.060042619705200195,
        0.06050467491149902,
        0.05971169471740723,
        0.059285879135131836
    ],
    "prefill_percentiles": {
        "10": 0.059328460693359376,
        "25": 0.05995988845825195,
        "50": 0.060451507568359375,
        "75": 0.06087779998779297,
        "90": 0.06153805255889892
    },
    "avg_decode_latency": 0.0183854721210621,
    "decode_latencies": [
        0.018853267033894856,
        0.018751727210150823,
        0.01878213882446289,
        0.01913828319973416,
        0.01848006248474121,
        0.017426861657036677,
        0.018779622183905706,
        0.01844490898980035,
        0.018694612714979384,
        0.018656412760416668,
        0.01740725835164388,
        0.017210510041978624
    ],
    "decode_percentiles": {
        "10": 0.017409218682183158,
        "25": 0.01819039715660943,
        "50": 0.018675512737698026,
        "75": 0.018780251344045002,
        "90": 0.01884615421295166
    }
}