{
    "avg_prefill_latency": 0.19180218378702799,
    "prefill_latencies": [
        0.1923520565032959,
        0.1924571990966797,
        0.19204378128051758,
        0.1919102668762207,
        0.19158601760864258,
        0.1897120475769043,
        0.19018840789794922,
        0.19037103652954102,
        0.19206595420837402,
        0.1920788288116455,
        0.19414377212524414,
        0.1927168369293213
    ],
    "prefill_percentiles": {
        "10": 0.1902066707611084,
        "25": 0.1912822723388672,
        "50": 0.1920548677444458,
        "75": 0.19237834215164185,
        "90": 0.19269087314605712
    },
    "avg_decode_latency": 0.03446155985196432,
    "decode_latencies": [
        0.0329211950302124,
        0.031713676452636716,
        0.041013479232788086,
        0.03158547878265381,
        0.030715036392211913,
        0.03085062503814697,
        0.04064784049987793,
        0.03114166259765625,
        0.031644010543823244,
        0.03174824714660644,
        0.04522087574005127,
        0.03433659076690674
    ],
    "decode_percentiles": {
        "10": 0.0308797287940979,
        "25": 0.03147452473640442,
        "50": 0.03173096179962158,
        "75": 0.03591440320014953,
        "90": 0.040976915359497074
    }
}