{
    "avg_prefill_latency": 0.02521208922068278,
    "prefill_latencies": [
        0.019663572311401367,
        0.060866594314575195,
        0.019599437713623047,
        0.022938966751098633,
        0.021169185638427734,
        0.029938220977783203,
        0.020995140075683594,
        0.02167057991027832,
        0.021320104598999023,
        0.02233433723449707,
        0.02022695541381836,
        0.021821975708007812
    ],
    "prefill_percentiles": {
        "10": 0.019719910621643067,
        "25": 0.020803093910217285,
        "50": 0.021495342254638672,
        "75": 0.02248549461364746,
        "90": 0.02923829555511475
    },
    "avg_decode_latency": 0.019410972242002136,
    "decode_latencies": [
        0.016724454032050237,
        0.016979429456922743,
        0.016624636120266385,
        0.021758159001668293,
        0.0171866946750217,
        0.023524045944213867,
        0.022328986061943903,
        0.016512950261433918,
        0.021470758650037978,
        0.018170595169067383,
        0.02293472819858127,
        0.018716229332817927
    ],
    "decode_percentiles": {
        "10": 0.01663461791144477,
        "25": 0.016915685600704618,
        "50": 0.018443412250942655,
        "75": 0.021900865766737197,
        "90": 0.022874153984917534
    }
}