{
    "avg_prefill_latency": 0.09117637077967326,
    "prefill_latencies": [
        0.09130358695983887,
        0.09062504768371582,
        0.09092974662780762,
        0.09133005142211914,
        0.09127378463745117,
        0.09286117553710938,
        0.09155011177062988,
        0.09048223495483398,
        0.09068870544433594,
        0.09121251106262207,
        0.0913228988647461,
        0.09053659439086914
    ],
    "prefill_percentiles": {
        "10": 0.0905454397201538,
        "25": 0.09067279100418091,
        "50": 0.09124314785003662,
        "75": 0.09132468700408936,
        "90": 0.09152810573577881
    },
    "avg_decode_latency": 0.025427619616190597,
    "decode_latencies": [
        0.035062710444132485,
        0.0245414310031467,
        0.025613784790039062,
        0.02397738562689887,
        0.024473031361897785,
        0.025168948703342013,
        0.02361363834804959,
        0.032951169543796115,
        0.022419585122002497,
        0.022748682234022353,
        0.022253327899509005,
        0.022307740317450628
    ],
    "decode_percentiles": {
        "10": 0.022318924797905815,
        "25": 0.02266640795601739,
        "50": 0.024225208494398326,
        "75": 0.025280157725016274,
        "90": 0.03221743106842041
    }
}