{
    "avg_prefill_latency": 0.13882489999135336,
    "prefill_latencies": [
        0.1389908790588379,
        0.13637137413024902,
        0.1415390968322754,
        0.1424884796142578,
        0.1376349925994873,
        0.13925933837890625,
        0.1387801170349121,
        0.1386127471923828,
        0.13946890830993652,
        0.1348116397857666,
        0.1390390396118164,
        0.1389021873474121
    ],
    "prefill_percentiles": {
        "10": 0.13649773597717285,
        "25": 0.13836830854415894,
        "50": 0.138946533203125,
        "75": 0.13931173086166382,
        "90": 0.1413320779800415
    },
    "avg_decode_latency": 0.026781815069693102,
    "decode_latencies": [
        0.026111496819390193,
        0.026200135548909504,
        0.040685547722710505,
        0.026116291681925457,
        0.02460442648993598,
        0.024298747380574543,
        0.023930364184909396,
        0.024095402823554143,
        0.02412072817484538,
        0.023666805691189237,
        0.034082916047838,
        0.02346891827053494
    ],
    "decode_percentiles": {
        "10": 0.023693161540561253,
        "25": 0.024054143163892955,
        "50": 0.02445158693525526,
        "75": 0.02613725264867147,
        "90": 0.03329463799794515
    }
}