{
    "avg_prefill_latency": 0.09208184480667114,
    "prefill_latencies": [
        0.08852028846740723,
        0.10321211814880371,
        0.08910059928894043,
        0.08820295333862305,
        0.08808612823486328,
        0.08779478073120117,
        0.09020590782165527,
        0.10192012786865234,
        0.08814144134521484,
        0.1041264533996582,
        0.08764290809631348,
        0.0880284309387207
    ],
    "prefill_percentiles": {
        "10": 0.08781814575195312,
        "25": 0.08807170391082764,
        "50": 0.08836162090301514,
        "75": 0.09313446283340454,
        "90": 0.10308291912078857
    },
    "avg_decode_latency": 0.03638068172666762,
    "decode_latencies": [
        0.0423995123969184,
        0.036431471506754555,
        0.0553842650519477,
        0.027269681294759113,
        0.027177810668945312,
        0.03463353051079644,
        0.029697126812405057,
        0.03120809131198459,
        0.04977427588568793,
        0.03219906489054362,
        0.03816032409667969,
        0.03223302629258898
    ],
    "decode_percentiles": {
        "10": 0.02751242584652371,
        "25": 0.030830350187089708,
        "50": 0.03343327840169271,
        "75": 0.03922012117173937,
        "90": 0.049036799536810984
    }
}