{
    "avg_prefill_latency": 0.134521484375,
    "prefill_latencies": [
        0.12488126754760742,
        0.12389421463012695,
        0.12591171264648438,
        0.12466144561767578,
        0.12594842910766602,
        0.14409899711608887,
        0.12578415870666504,
        0.13382863998413086,
        0.1401991844177246,
        0.13943862915039062,
        0.15563201904296875,
        0.1499791145324707
    ],
    "prefill_percentiles": {
        "10": 0.12468342781066895,
        "25": 0.12555843591690063,
        "50": 0.12988853454589844,
        "75": 0.14117413759231567,
        "90": 0.1493911027908325
    },
    "avg_decode_latency": 0.043554282188415526,
    "decode_latencies": [
        0.03819708824157715,
        0.036864829063415525,
        0.05300881862640381,
        0.04139392375946045,
        0.04831397533416748,
        0.04140582084655762,
        0.041828370094299315,
        0.052947998046875,
        0.040001201629638675,
        0.04276947975158692,
        0.05029361248016358,
        0.03562626838684082
    ],
    "decode_percentiles": {
        "10": 0.03699805498123169,
        "25": 0.039550173282623294,
        "50": 0.04161709547042847,
        "75": 0.0488088846206665,
        "90": 0.05268255949020386
    }
}