{
    "avg_prefill_latency": 0.09617797533671062,
    "prefill_latencies": [
        0.09453129768371582,
        0.09620904922485352,
        0.0926828384399414,
        0.0940861701965332,
        0.09241437911987305,
        0.0929403305053711,
        0.09209775924682617,
        0.0927886962890625,
        0.09242963790893555,
        0.10626816749572754,
        0.11544132232666016,
        0.09224605560302734
    ],
    "prefill_percentiles": {
        "10": 0.09226288795471191,
        "25": 0.09242582321166992,
        "50": 0.0928645133972168,
        "75": 0.09495073556900024,
        "90": 0.10526225566864014
    },
    "avg_decode_latency": 0.03486792643864949,
    "decode_latencies": [
        0.04123692512512207,
        0.04809606075286865,
        0.036883997917175296,
        0.03193809986114502,
        0.033421683311462405,
        0.0283919095993042,
        0.0341320276260376,
        0.028542041778564453,
        0.02863340377807617,
        0.028988242149353027,
        0.04520659446716309,
        0.032944130897521975
    ],
    "decode_percentiles": {
        "10": 0.028551177978515627,
        "25": 0.028899532556533814,
        "50": 0.03318290710449219,
        "75": 0.03797222971916199,
        "90": 0.04480962753295899
    }
}