{
    "avg_prefill_latency": 0.0997577706972758,
    "prefill_latencies": [
        0.09811091423034668,
        0.1103816032409668,
        0.09546613693237305,
        0.1231696605682373,
        0.09660124778747559,
        0.09657597541809082,
        0.09548449516296387,
        0.09769129753112793,
        0.09557628631591797,
        0.09565925598144531,
        0.09605097770690918,
        0.09632539749145508
    ],
    "prefill_percentiles": {
        "10": 0.09549367427825928,
        "25": 0.09563851356506348,
        "50": 0.09645068645477295,
        "75": 0.09779620170593262,
        "90": 0.1091545343399048
    },
    "avg_decode_latency": 0.0005748669306437174,
    "decode_latencies": [
        0.0011124610900878906,
        0.0003256797790527344,
        0.00048542022705078125,
        0.0003285408020019531,
        0.0004837512969970703,
        0.00032210350036621094,
        0.0015130043029785156,
        0.0003299713134765625,
        0.0003459453582763672,
        0.0005707740783691406,
        0.0005309581756591797,
        0.0005497932434082031
    ],
    "decode_percentiles": {
        "10": 0.00032596588134765626,
        "25": 0.00032961368560791016,
        "50": 0.0004845857620239258,
        "75": 0.0005550384521484375,
        "90": 0.0010582923889160159
    }
}