{
    "avg_prefill_latency": 0.21617368857065836,
    "prefill_latencies": [
        0.21772003173828125,
        0.21484065055847168,
        0.21616053581237793,
        0.21614408493041992,
        0.21225261688232422,
        0.2189500331878662,
        0.2169795036315918,
        0.21836280822753906,
        0.21440863609313965,
        0.2165508270263672,
        0.21626996994018555,
        0.21544456481933594
    ],
    "prefill_percentiles": {
        "10": 0.21445183753967284,
        "25": 0.21529358625411987,
        "50": 0.21621525287628174,
        "75": 0.21716463565826416,
        "90": 0.2182985305786133
    },
    "avg_decode_latency": 0.0005812843640645345,
    "decode_latencies": [
        0.0004489421844482422,
        0.00040841102600097656,
        0.00045180320739746094,
        0.0005941390991210938,
        0.0006113052368164062,
        0.0005223751068115234,
        0.0005929470062255859,
        0.0012631416320800781,
        0.0004706382751464844,
        0.0005409717559814453,
        0.0006034374237060547,
        0.0004673004150390625
    ],
    "decode_percentiles": {
        "10": 0.0004492282867431641,
        "25": 0.0004634261131286621,
        "50": 0.0005316734313964844,
        "75": 0.000596463680267334,
        "90": 0.000610518455505371
    }
}