{
    "avg_prefill_latency": 0.09011497100194295,
    "prefill_latencies": [
        0.0970010757446289,
        0.08983349800109863,
        0.08981919288635254,
        0.08823299407958984,
        0.08833909034729004,
        0.08842682838439941,
        0.08888626098632812,
        0.08849430084228516,
        0.09610295295715332,
        0.0888681411743164,
        0.08868908882141113,
        0.08868622779846191
    ],
    "prefill_percentiles": {
        "10": 0.08834786415100097,
        "25": 0.08847743272781372,
        "50": 0.08877861499786377,
        "75": 0.08982276916503906,
        "90": 0.09547600746154786
    },
    "avg_decode_latency": 0.02135319179958767,
    "decode_latencies": [
        0.019295771916707356,
        0.019217623604668513,
        0.030164082845052082,
        0.021600458357069228,
        0.016751872168646917,
        0.021948761410183378,
        0.02227330207824707,
        0.01664008034600152,
        0.03347733285692003,
        0.021267811457316082,
        0.016630225711398654,
        0.016970978842841253
    ],
    "decode_percentiles": {
        "10": 0.01665125952826606,
        "25": 0.01691620217429267,
        "50": 0.02028179168701172,
        "75": 0.022029896577199302,
        "90": 0.029375004768371585
    }
}