{
    "avg_prefill_latency": 0.12359094619750977,
    "prefill_latencies": [
        0.12079262733459473,
        0.12100505828857422,
        0.12172770500183105,
        0.12529873847961426,
        0.12140536308288574,
        0.12176275253295898,
        0.12053370475769043,
        0.14319300651550293,
        0.1252434253692627,
        0.12055397033691406,
        0.12059450149536133,
        0.12098050117492676
    ],
    "prefill_percentiles": {
        "10": 0.12055802345275879,
        "25": 0.12074309587478638,
        "50": 0.12120521068572998,
        "75": 0.12263292074203491,
        "90": 0.1252932071685791
    },
    "avg_decode_latency": 0.0341161568959554,
    "decode_latencies": [
        0.03827524185180664,
        0.032419013977050784,
        0.03341696262359619,
        0.03245909214019775,
        0.03519537448883057,
        0.030673575401306153,
        0.0305757999420166,
        0.042281508445739746,
        0.03491024971008301,
        0.03343498706817627,
        0.03513503074645996,
        0.03061704635620117
    ],
    "decode_percentiles": {
        "10": 0.03062269926071167,
        "25": 0.031982654333114625,
        "50": 0.03342597484588623,
        "75": 0.03515011668205261,
        "90": 0.03796725511550903
    }
}