{
    "avg_prefill_latency": 0.12182390689849854,
    "prefill_latencies": [
        0.12130999565124512,
        0.12829256057739258,
        0.12072968482971191,
        0.12121891975402832,
        0.12205076217651367,
        0.12084245681762695,
        0.12070107460021973,
        0.12193942070007324,
        0.12121176719665527,
        0.12137317657470703,
        0.12147188186645508,
        0.12074518203735352
    ],
    "prefill_percentiles": {
        "10": 0.12073123455047607,
        "25": 0.1208181381225586,
        "50": 0.12126445770263672,
        "75": 0.12158876657485962,
        "90": 0.12203962802886963
    },
    "avg_decode_latency": 0.026280685265858972,
    "decode_latencies": [
        0.023947715759277344,
        0.02497842311859131,
        0.03777923583984375,
        0.026526880264282227,
        0.026441311836242674,
        0.027343893051147462,
        0.026410841941833497,
        0.022544121742248534,
        0.0232374906539917,
        0.022551298141479492,
        0.02633190155029297,
        0.02727510929107666
    ],
    "decode_percentiles": {
        "10": 0.022619917392730712,
        "25": 0.02377015948295593,
        "50": 0.026371371746063233,
        "75": 0.026713937520980835,
        "90": 0.02733701467514038
    }
}