{
    "avg_prefill_latency": 0.09291007121404012,
    "prefill_latencies": [
        0.0897977352142334,
        0.08978652954101562,
        0.09001755714416504,
        0.09140372276306152,
        0.09447884559631348,
        0.08972525596618652,
        0.11809563636779785,
        0.09015870094299316,
        0.08969807624816895,
        0.08947515487670898,
        0.0920565128326416,
        0.09022712707519531
    ],
    "prefill_percentiles": {
        "10": 0.08970079421997071,
        "25": 0.08977121114730835,
        "50": 0.0900881290435791,
        "75": 0.09156692028045654,
        "90": 0.09423661231994629
    },
    "avg_decode_latency": 0.03413862387339273,
    "decode_latencies": [
        0.0330965518951416,
        0.035418581962585446,
        0.03475842475891113,
        0.03793079853057861,
        0.034094381332397464,
        0.03466551303863526,
        0.045661520957946775,
        0.03378915786743164,
        0.030123567581176756,
        0.03034801483154297,
        0.03033945560455322,
        0.02943751811981201
    ],
    "decode_percentiles": {
        "10": 0.030145156383514404,
        "25": 0.03034587502479553,
        "50": 0.03394176959991455,
        "75": 0.03492346405982971,
        "90": 0.0376795768737793
    }
}