{
    "avg_prefill_latency": 0.12223446369171143,
    "prefill_latencies": [
        0.12126445770263672,
        0.12120819091796875,
        0.1216592788696289,
        0.12922453880310059,
        0.12578463554382324,
        0.12094545364379883,
        0.12073373794555664,
        0.12065744400024414,
        0.1210019588470459,
        0.1205451488494873,
        0.12313675880432129,
        0.1206519603729248
    ],
    "prefill_percentiles": {
        "10": 0.12065250873565674,
        "25": 0.12071466445922852,
        "50": 0.12110507488250732,
        "75": 0.122028648853302,
        "90": 0.12551984786987305
    },
    "avg_decode_latency": 0.03606479366620382,
    "decode_latencies": [
        0.034981179237365725,
        0.035285019874572755,
        0.037437820434570314,
        0.03836040496826172,
        0.04512381553649902,
        0.03352630138397217,
        0.03324382305145264,
        0.03354160785675049,
        0.03327503204345703,
        0.03326141834259033,
        0.03376166820526123,
        0.040979433059692386
    ],
    "decode_percentiles": {
        "10": 0.033262779712677,
        "25": 0.03346348404884338,
        "50": 0.03437142372131348,
        "75": 0.037668466567993164,
        "90": 0.04071753025054932
    }
}