{
    "avg_prefill_latency": 0.09801054000854492,
    "prefill_latencies": [
        0.08962297439575195,
        0.09012603759765625,
        0.08962750434875488,
        0.13341069221496582,
        0.09056735038757324,
        0.0911247730255127,
        0.10296344757080078,
        0.09098649024963379,
        0.10740780830383301,
        0.11053895950317383,
        0.09015369415283203,
        0.08959674835205078
    ],
    "prefill_percentiles": {
        "10": 0.08962342739105225,
        "25": 0.09000140428543091,
        "50": 0.09077692031860352,
        "75": 0.10407453775405884,
        "90": 0.11022584438323975
    },
    "avg_decode_latency": 0.03589308063189189,
    "decode_latencies": [
        0.034774613380432126,
        0.034614944458007814,
        0.03677182197570801,
        0.03490791320800781,
        0.035968470573425296,
        0.04752058982849121,
        0.03945095539093017,
        0.03237094879150391,
        0.034125542640686034,
        0.03404359817504883,
        0.03198959827423096,
        0.034177970886230466
    ],
    "decode_percentiles": {
        "10": 0.0325382137298584,
        "25": 0.034105056524276735,
        "50": 0.034694778919219973,
        "75": 0.036169308423995974,
        "90": 0.03918304204940796
    }
}