{
    "avg_prefill_latency": 0.015712300936381023,
    "prefill_latencies": [
        0.015698671340942383,
        0.01568293571472168,
        0.01573348045349121,
        0.01571059226989746,
        0.015696287155151367,
        0.01572871208190918,
        0.01573944091796875,
        0.015740394592285156,
        0.015712499618530273,
        0.015676021575927734,
        0.01568889617919922,
        0.01573967933654785
    ],
    "prefill_percentiles": {
        "10": 0.015683531761169434,
        "25": 0.01569443941116333,
        "50": 0.015711545944213867,
        "75": 0.015734970569610596,
        "90": 0.01573965549468994
    },
    "avg_decode_latency": 0.008976682468696878,
    "decode_latencies": [
        0.00892186164855957,
        0.008927080366346572,
        0.00890366236368815,
        0.008905172348022461,
        0.009177976184421115,
        0.009026130040486654,
        0.008947584364149306,
        0.00918179088168674,
        0.008894761403401693,
        0.008902947107950846,
        0.00894104109870063,
        0.008990181816948785
    ],
    "decode_percentiles": {
        "10": 0.008903018633524577,
        "25": 0.008904794851938883,
        "50": 0.008934060732523601,
        "75": 0.008999168872833252,
        "90": 0.00916279157002767
    }
}