{
    "avg_prefill_latency": 0.09562704960505168,
    "prefill_latencies": [
        0.09620976448059082,
        0.09643769264221191,
        0.09535980224609375,
        0.09565544128417969,
        0.09546113014221191,
        0.0957796573638916,
        0.09485816955566406,
        0.09658598899841309,
        0.09516000747680664,
        0.0953969955444336,
        0.09528398513793945,
        0.0953359603881836
    ],
    "prefill_percentiles": {
        "10": 0.09517240524291992,
        "25": 0.09532296657562256,
        "50": 0.09542906284332275,
        "75": 0.0958871841430664,
        "90": 0.09641489982604981
    },
    "avg_decode_latency": 0.012733631663852267,
    "decode_latencies": [
        0.011548519134521484,
        0.011258363723754883,
        0.011788553661770292,
        0.016183853149414062,
        0.014547321531507704,
        0.011525445514255099,
        0.012211614184909396,
        0.012724637985229492,
        0.012663629319932725,
        0.012544340557522245,
        0.012623469034830729,
        0.013183832168579102
    ],
    "decode_percentiles": {
        "10": 0.011527752876281737,
        "25": 0.01172854502995809,
        "50": 0.012583904796176486,
        "75": 0.012839436531066895,
        "90": 0.014410972595214844
    }
}