{
    "avg_prefill_latency": 0.05666381120681763,
    "prefill_latencies": [
        0.04641294479370117,
        0.04683852195739746,
        0.04692864418029785,
        0.046460628509521484,
        0.1600017547607422,
        0.04675483703613281,
        0.0473940372467041,
        0.046888113021850586,
        0.04691910743713379,
        0.04756021499633789,
        0.049729347229003906,
        0.04807758331298828
    ],
    "prefill_percentiles": {
        "10": 0.046490049362182616,
        "25": 0.0468176007270813,
        "50": 0.04692387580871582,
        "75": 0.04768955707550049,
        "90": 0.049564170837402347
    },
    "avg_decode_latency": 0.015880653151759395,
    "decode_latencies": [
        0.014757924609714083,
        0.015387667549981011,
        0.014969640307956271,
        0.014809528986612955,
        0.014856682883368598,
        0.014864815606011285,
        0.015879472096761067,
        0.016830020480685763,
        0.016274346245659724,
        0.017445988125271268,
        0.01702917946709527,
        0.01746257146199544
    ],
    "decode_percentiles": {
        "10": 0.01481424437628852,
        "25": 0.014862782425350614,
        "50": 0.015633569823371038,
        "75": 0.01687981022728814,
        "90": 0.017404307259453668
    }
}