{
    "avg_prefill_latency": 0.07062701384226482,
    "prefill_latencies": [
        0.07088232040405273,
        0.0703897476196289,
        0.07088375091552734,
        0.07059478759765625,
        0.07069659233093262,
        0.0708467960357666,
        0.0705106258392334,
        0.07090020179748535,
        0.07074475288391113,
        0.07093238830566406,
        0.07061100006103516,
        0.06953120231628418
    ],
    "prefill_percentiles": {
        "10": 0.07040183544158936,
        "25": 0.07057374715805054,
        "50": 0.07072067260742188,
        "75": 0.07088267803192139,
        "90": 0.07089855670928955
    },
    "avg_decode_latency": 0.013805592501604997,
    "decode_latencies": [
        0.013406965467664931,
        0.013988812764485678,
        0.013798130883110894,
        0.013770553800794814,
        0.0138040648566352,
        0.014033767912122939,
        0.013892703586154513,
        0.013974083794487847,
        0.013827376895480685,
        0.013508478800455729,
        0.013859272003173828,
        0.013802899254692925
    ],
    "decode_percentiles": {
        "10": 0.013534686300489637,
        "25": 0.013791236612531874,
        "50": 0.013815720876057942,
        "75": 0.013913048638237847,
        "90": 0.013987339867485895
    }
}