{
    "avg_prefill_latency": 0.2594539125760396,
    "prefill_latencies": [
        0.25963640213012695,
        0.2604706287384033,
        0.2591674327850342,
        0.26050710678100586,
        0.2595055103302002,
        0.26145100593566895,
        0.2588520050048828,
        0.25835180282592773,
        0.25894808769226074,
        0.25888800621032715,
        0.2591419219970703,
        0.2585270404815674
    ],
    "prefill_percentiles": {
        "10": 0.25855953693389894,
        "25": 0.25887900590896606,
        "50": 0.25915467739105225,
        "75": 0.25984495878219604,
        "90": 0.2605034589767456
    },
    "avg_decode_latency": 0.04281079967816671,
    "decode_latencies": [
        0.04778985977172852,
        0.04260261058807373,
        0.04266536235809326,
        0.04262611865997314,
        0.043164515495300294,
        0.04297385215759277,
        0.041907429695129395,
        0.041944122314453124,
        0.042147040367126465,
        0.041938066482543945,
        0.0420245885848999,
        0.041946029663085936
    ],
    "decode_percentiles": {
        "10": 0.041938672065734865,
        "25": 0.04194555282592773,
        "50": 0.042374825477600096,
        "75": 0.04274248480796814,
        "90": 0.04314544916152954
    }
}