{
    "avg_prefill_latency": 0.06322528918584187,
    "prefill_latencies": [
        0.06320452690124512,
        0.06316161155700684,
        0.06369972229003906,
        0.06298565864562988,
        0.06283330917358398,
        0.06313395500183105,
        0.06345009803771973,
        0.06316304206848145,
        0.06351780891418457,
        0.06321215629577637,
        0.06313037872314453,
        0.06321120262145996
    ],
    "prefill_percentiles": {
        "10": 0.06300013065338135,
        "25": 0.06313306093215942,
        "50": 0.06318378448486328,
        "75": 0.06327164173126221,
        "90": 0.06351103782653808
    },
    "avg_decode_latency": 0.017783959706624348,
    "decode_latencies": [
        0.017782661649915908,
        0.018074750900268555,
        0.017722447713216145,
        0.017648114098442927,
        0.01752628220452203,
        0.017982429928249784,
        0.01772520277235243,
        0.018167575200398762,
        0.017969714270697698,
        0.017685360378689237,
        0.01769134733412001,
        0.017431630028618708
    ],
    "decode_percentiles": {
        "10": 0.01753846539391412,
        "25": 0.017676048808627658,
        "50": 0.017723825242784288,
        "75": 0.01797289318508572,
        "90": 0.01806551880306668
    }
}