{
    "avg_prefill_latency": 0.10108423233032227,
    "prefill_latencies": [
        0.10210514068603516,
        0.10111832618713379,
        0.10165524482727051,
        0.10104942321777344,
        0.10124611854553223,
        0.10142254829406738,
        0.1007070541381836,
        0.10065889358520508,
        0.10085463523864746,
        0.10057759284973145,
        0.10092639923095703,
        0.10068941116333008
    ],
    "prefill_percentiles": {
        "10": 0.10066194534301758,
        "25": 0.10070264339447021,
        "50": 0.10098791122436523,
        "75": 0.10129022598266602,
        "90": 0.1016319751739502
    },
    "avg_decode_latency": 0.02386651436487833,
    "decode_latencies": [
        0.023674488067626953,
        0.023372040854560003,
        0.023640791575113933,
        0.02353366216023763,
        0.023552285300360784,
        0.02290307150946723,
        0.022770590252346463,
        0.022890090942382812,
        0.022975365320841473,
        0.022770749198065862,
        0.030715518527560763,
        0.02359951866997613
    ],
    "decode_percentiles": {
        "10": 0.02278268337249756,
        "25": 0.022899826367696125,
        "50": 0.023452851507398814,
        "75": 0.023609836896260582,
        "90": 0.02367111841837565
    }
}