{
    "avg_prefill_latency": 0.21794070800145468,
    "prefill_latencies": [
        0.21878290176391602,
        0.21700716018676758,
        0.21730732917785645,
        0.2177133560180664,
        0.21765851974487305,
        0.21840476989746094,
        0.21816301345825195,
        0.22067570686340332,
        0.21780896186828613,
        0.2169029712677002,
        0.21720075607299805,
        0.21766304969787598
    ],
    "prefill_percentiles": {
        "10": 0.21702651977539061,
        "25": 0.21728068590164185,
        "50": 0.2176882028579712,
        "75": 0.2182234525680542,
        "90": 0.2187450885772705
    },
    "avg_decode_latency": 0.042130046420627176,
    "decode_latencies": [
        0.038390265570746526,
        0.046864085727267794,
        0.03893470764160156,
        0.039072513580322266,
        0.04798693127102322,
        0.039612399207221136,
        0.05294142829047309,
        0.03842748536003961,
        0.03835307227240668,
        0.047201977835761175,
        0.03877920574612088,
        0.038996484544542104
    ],
    "decode_percentiles": {
        "10": 0.03839398754967584,
        "25": 0.03869127564960056,
        "50": 0.039034499062432185,
        "75": 0.04694855875439114,
        "90": 0.047908435927497016
    }
}