{
    "avg_prefill_latency": 0.16526279846827188,
    "prefill_latencies": [
        0.16644906997680664,
        0.16622614860534668,
        0.1630721092224121,
        0.16636896133422852,
        0.16549348831176758,
        0.16670966148376465,
        0.1642158031463623,
        0.16473150253295898,
        0.16527414321899414,
        0.1644129753112793,
        0.16467785835266113,
        0.16552186012268066
    ],
    "prefill_percentiles": {
        "10": 0.164235520362854,
        "25": 0.16461163759231567,
        "50": 0.16538381576538086,
        "75": 0.16626185178756714,
        "90": 0.16644105911254883
    },
    "avg_decode_latency": 0.03840161032146878,
    "decode_latencies": [
        0.04835653305053711,
        0.03719178835550944,
        0.03784892294141981,
        0.036140256457858615,
        0.0366151597764757,
        0.04898169305589464,
        0.03410079744127062,
        0.03452828195359972,
        0.04410910606384277,
        0.03457514444986979,
        0.03438851568433973,
        0.03398312462700738
    ],
    "decode_percentiles": {
        "10": 0.03412956926557753,
        "25": 0.034493340386284724,
        "50": 0.03637770811716716,
        "75": 0.03941396872202555,
        "90": 0.047931790351867676
    }
}