{
    "avg_prefill_latency": 0.26887834072113037,
    "prefill_latencies": [
        0.2685658931732178,
        0.26953601837158203,
        0.2669682502746582,
        0.2693037986755371,
        0.26936888694763184,
        0.266660213470459,
        0.26912999153137207,
        0.26914286613464355,
        0.26920008659362793,
        0.26933741569519043,
        0.26989150047302246,
        0.26943516731262207
    ],
    "prefill_percentiles": {
        "10": 0.2671280145645142,
        "25": 0.2689889669418335,
        "50": 0.2692519426345825,
        "75": 0.2693854570388794,
        "90": 0.269525933265686
    },
    "avg_decode_latency": 0.039702945947647096,
    "decode_latencies": [
        0.039662837982177734,
        0.03980190753936767,
        0.03975391387939453,
        0.039616966247558595,
        0.039793777465820315,
        0.03982729911804199,
        0.039673686027526855,
        0.03966548442840576,
        0.03966667652130127,
        0.03963310718536377,
        0.039708709716796874,
        0.039630985260009764
    ],
    "decode_percentiles": {
        "10": 0.03963119745254517,
        "25": 0.039655405282974246,
        "50": 0.03967018127441406,
        "75": 0.039763879776000974,
        "90": 0.039801094532012936
    }
}