{
    "avg_prefill_latency": 0.25908249616622925,
    "prefill_latencies": [
        0.25768017768859863,
        0.25788426399230957,
        0.25793910026550293,
        0.257627010345459,
        0.25934767723083496,
        0.2601628303527832,
        0.25986790657043457,
        0.25946664810180664,
        0.2595696449279785,
        0.2596147060394287,
        0.2607760429382324,
        0.25905394554138184
    ],
    "prefill_percentiles": {
        "10": 0.25770058631896975,
        "25": 0.2579253911972046,
        "50": 0.2594071626663208,
        "75": 0.2596780061721802,
        "90": 0.26013333797454835
    },
    "avg_decode_latency": 0.015539067762869377,
    "decode_latencies": [
        0.015985859764946833,
        0.015748076968722872,
        0.01576942867702908,
        0.015750514136420354,
        0.016500314076741535,
        0.015402714411417643,
        0.015067683325873481,
        0.014851199256049262,
        0.01555021603902181,
        0.015412171681722006,
        0.015222893820868598,
        0.015207740995619033
    ],
    "decode_percentiles": {
        "10": 0.015081689092848037,
        "25": 0.015219105614556206,
        "50": 0.015481193860371908,
        "75": 0.015755242771572538,
        "90": 0.015964216656155057
    }
}