{
    "avg_prefill_latency": 0.26526522636413574,
    "prefill_latencies": [
        0.2641026973724365,
        0.2652297019958496,
        0.26826953887939453,
        0.26996517181396484,
        0.26487278938293457,
        0.2644155025482178,
        0.2614719867706299,
        0.26468682289123535,
        0.26448702812194824,
        0.2649650573730469,
        0.2658085823059082,
        0.2649078369140625
    ],
    "prefill_percentiles": {
        "10": 0.26413397789001464,
        "25": 0.2644691467285156,
        "50": 0.26489031314849854,
        "75": 0.26537442207336426,
        "90": 0.2680234432220459
    },
    "avg_decode_latency": 0.056007436911265064,
    "decode_latencies": [
        0.054484224319458006,
        0.0695676326751709,
        0.05643184185028076,
        0.05171687602996826,
        0.06057329177856445,
        0.05383598804473877,
        0.05167496204376221,
        0.0622023344039917,
        0.051544785499572754,
        0.05146877765655518,
        0.05783646106719971,
        0.05075206756591797
    ],
    "decode_percentiles": {
        "10": 0.05147637844085694,
        "25": 0.051642417907714844,
        "50": 0.05416010618209839,
        "75": 0.058520668745040895,
        "90": 0.06203943014144898
    }
}