{
    "avg_prefill_latency": 0.016206781069437664,
    "prefill_latencies": [
        0.015852689743041992,
        0.01581287384033203,
        0.016106128692626953,
        0.01602625846862793,
        0.01628732681274414,
        0.01624321937561035,
        0.016073942184448242,
        0.015953540802001953,
        0.017399072647094727,
        0.016113996505737305,
        0.016210079193115234,
        0.016402244567871094
    ],
    "prefill_percentiles": {
        "10": 0.01586277484893799,
        "25": 0.016008079051971436,
        "50": 0.01611006259918213,
        "75": 0.0162542462348938,
        "90": 0.0163907527923584
    },
    "avg_decode_latency": 0.013558921990571198,
    "decode_latencies": [
        0.013015190760294596,
        0.013294988208346896,
        0.01363478766547309,
        0.013700538211398654,
        0.013266166051228842,
        0.013125975926717123,
        0.012960963779025607,
        0.013699584537082247,
        0.014002852969699435,
        0.014058378007676866,
        0.013839536243014865,
        0.014108101526896158
    ],
    "decode_percentiles": {
        "10": 0.013026269276936848,
        "25": 0.013231118520100912,
        "50": 0.013667186101277668,
        "75": 0.013880365424686007,
        "90": 0.014052825503879122
    }
}