{
    "avg_prefill_latency": 0.10947448015213013,
    "prefill_latencies": [
        0.10855722427368164,
        0.10914492607116699,
        0.10941720008850098,
        0.10952472686767578,
        0.10946893692016602,
        0.10974335670471191,
        0.10918092727661133,
        0.10905790328979492,
        0.11015629768371582,
        0.11031484603881836,
        0.11069703102111816,
        0.10843038558959961
    ],
    "prefill_percentiles": {
        "10": 0.10860729217529297,
        "25": 0.10912317037582397,
        "50": 0.1094430685043335,
        "75": 0.10984659194946289,
        "90": 0.1102989912033081
    },
    "avg_decode_latency": 0.018499862264703824,
    "decode_latencies": [
        0.017774846818712022,
        0.01796102523803711,
        0.01787522104051378,
        0.018832021289401583,
        0.018184449937608507,
        0.01895011795891656,
        0.019713083902994793,
        0.01839725176493327,
        0.018758243984646268,
        0.01939800050523546,
        0.018542422188652888,
        0.01761166254679362
    ],
    "decode_percentiles": {
        "10": 0.0177848842408922,
        "25": 0.017939574188656278,
        "50": 0.01846983697679308,
        "75": 0.01886154545678033,
        "90": 0.01935321225060357
    }
}