{
    "avg_prefill_latency": 0.1356855034828186,
    "prefill_latencies": [
        0.13477849960327148,
        0.13544321060180664,
        0.13625693321228027,
        0.1354386806488037,
        0.13549137115478516,
        0.13637685775756836,
        0.13649630546569824,
        0.13585734367370605,
        0.13499832153320312,
        0.1354985237121582,
        0.13632798194885254,
        0.13526201248168945
    ],
    "prefill_percentiles": {
        "10": 0.13502469062805175,
        "25": 0.13539451360702515,
        "50": 0.13549494743347168,
        "75": 0.13627469539642334,
        "90": 0.13637197017669678
    },
    "avg_decode_latency": 0.01417799569942333,
    "decode_latencies": [
        0.014278173446655273,
        0.013661993874443902,
        0.014422893524169922,
        0.0140077273050944,
        0.01438495847913954,
        0.013754182391696505,
        0.01438434918721517,
        0.013992786407470703,
        0.014240900675455729,
        0.014372110366821289,
        0.014465411504109701,
        0.014170461230807833
    ],
    "decode_percentiles": {
        "10": 0.013778042793273925,
        "25": 0.014003992080688477,
        "50": 0.0142595370610555,
        "75": 0.014384501510196263,
        "90": 0.014419100019666883
    }
}