{
    "avg_prefill_latency": 0.03784722089767456,
    "prefill_latencies": [
        0.037470102310180664,
        0.037900447845458984,
        0.037865638732910156,
        0.03767681121826172,
        0.03820943832397461,
        0.038233041763305664,
        0.03801870346069336,
        0.03789353370666504,
        0.03774070739746094,
        0.03765749931335449,
        0.03786778450012207,
        0.03763294219970703
    ],
    "prefill_percentiles": {
        "10": 0.037635397911071775,
        "25": 0.03767198324203491,
        "50": 0.03786671161651611,
        "75": 0.03793001174926758,
        "90": 0.038190364837646484
    },
    "avg_decode_latency": 0.013097557756635875,
    "decode_latencies": [
        0.012716107898288302,
        0.01290220684475369,
        0.012881994247436523,
        0.013406912485758463,
        0.013869735929701064,
        0.013216919369167753,
        0.013432396782769097,
        0.01318420304192437,
        0.013069020377265083,
        0.012802044550577799,
        0.012888325585259331,
        0.012800825966729058
    ],
    "decode_percentiles": {
        "10": 0.012800947825113932,
        "25": 0.012862006823221842,
        "50": 0.012985613611009385,
        "75": 0.01326441764831543,
        "90": 0.013429848353068034
    }
}