{
    "avg_prefill_latency": 0.2612579067548116,
    "prefill_latencies": [
        0.26448678970336914,
        0.26171302795410156,
        0.26000118255615234,
        0.2612478733062744,
        0.26001977920532227,
        0.26046133041381836,
        0.2646188735961914,
        0.25978589057922363,
        0.2593538761138916,
        0.26000118255615234,
        0.26359081268310547,
        0.2598142623901367
    ],
    "prefill_percentiles": {
        "10": 0.2597887277603149,
        "25": 0.25995445251464844,
        "50": 0.2602405548095703,
        "75": 0.26218247413635254,
        "90": 0.26439719200134276
    },
    "avg_decode_latency": 0.028653800487518314,
    "decode_latencies": [
        0.031044602394104004,
        0.02949512004852295,
        0.02892906665802002,
        0.029703497886657715,
        0.02944791316986084,
        0.02834627628326416,
        0.027801704406738282,
        0.027227306365966798,
        0.02830374240875244,
        0.02776601314544678,
        0.02814908027648926,
        0.027631282806396484
    ],
    "decode_percentiles": {
        "10": 0.027644755840301512,
        "25": 0.027792781591415405,
        "50": 0.0283250093460083,
        "75": 0.029459714889526367,
        "90": 0.02968266010284424
    }
}