{
    "avg_prefill_latency": 0.01568104823430379,
    "prefill_latencies": [
        0.015681028366088867,
        0.015732526779174805,
        0.015665769577026367,
        0.015637874603271484,
        0.015598297119140625,
        0.015634775161743164,
        0.01560211181640625,
        0.015620946884155273,
        0.015606880187988281,
        0.015623807907104492,
        0.016094684600830078,
        0.01567387580871582
    ],
    "prefill_percentiles": {
        "10": 0.015602588653564453,
        "25": 0.015617430210113525,
        "50": 0.015636324882507324,
        "75": 0.015675663948059082,
        "90": 0.01572737693786621
    },
    "avg_decode_latency": 0.012511562418054652,
    "decode_latencies": [
        0.012430191040039062,
        0.012444310718112521,
        0.012445264392428927,
        0.012427594926622178,
        0.012647390365600586,
        0.012411938773261176,
        0.01239996486239963,
        0.012401580810546875,
        0.012401633792453341,
        0.01280869377983941,
        0.012485424677530924,
        0.012834760877821181
    ],
    "decode_percentiles": {
        "10": 0.012401586108737522,
        "25": 0.012409362528059218,
        "50": 0.012437250879075792,
        "75": 0.01252591609954834,
        "90": 0.012792563438415528
    }
}