{
    "avg_prefill_latency": 0.013765374819437662,
    "prefill_latencies": [
        0.013747215270996094,
        0.013796329498291016,
        0.013815641403198242,
        0.0137939453125,
        0.01371908187866211,
        0.013826131820678711,
        0.013701915740966797,
        0.013707160949707031,
        0.013779163360595703,
        0.01373744010925293,
        0.013748884201049805,
        0.013811588287353516
    ],
    "prefill_percentiles": {
        "10": 0.013708353042602539,
        "25": 0.013732850551605225,
        "50": 0.013764023780822754,
        "75": 0.01380014419555664,
        "90": 0.01381523609161377
    },
    "avg_decode_latency": 0.012639246605060718,
    "decode_latencies": [
        0.012476815117730035,
        0.012490272521972656,
        0.012503041161431206,
        0.012501981523301866,
        0.01267385482788086,
        0.012514220343695747,
        0.012491888470119901,
        0.01244415177239312,
        0.012570540110270182,
        0.013182799021402994,
        0.012482802073160807,
        0.013338592317369249
    ],
    "decode_percentiles": {
        "10": 0.012477413813273112,
        "25": 0.012488404909769693,
        "50": 0.012502511342366535,
        "75": 0.012596368789672852,
        "90": 0.01313190460205078
    }
}