{
    "avg_prefill_latency": 0.16508247454961142,
    "prefill_latencies": [
        0.1644272804260254,
        0.16541218757629395,
        0.16527843475341797,
        0.16516613960266113,
        0.16557526588439941,
        0.16504311561584473,
        0.16595983505249023,
        0.16517090797424316,
        0.16492772102355957,
        0.165877103805542,
        0.16305756568908691,
        0.16509413719177246
    ],
    "prefill_percentiles": {
        "10": 0.16447732448577881,
        "25": 0.16501426696777344,
        "50": 0.16516852378845215,
        "75": 0.1654529571533203,
        "90": 0.16584692001342774
    },
    "avg_decode_latency": 0.017449760878527606,
    "decode_latencies": [
        0.017087750964694552,
        0.01723578241136339,
        0.017323891321818035,
        0.017465750376383465,
        0.018206437428792317,
        0.018068419562445745,
        0.01838737063937717,
        0.01709360546535916,
        0.017034822040134005,
        0.017164044910007052,
        0.01721085442437066,
        0.01711840099758572
    ],
    "decode_percentiles": {
        "10": 0.017088336414761013,
        "25": 0.01711220211452908,
        "50": 0.017223318417867027,
        "75": 0.017616417672899034,
        "90": 0.01819263564215766
    }
}