{
    "avg_prefill_latency": 0.10666608810424805,
    "prefill_latencies": [
        0.10634684562683105,
        0.10690617561340332,
        0.10594964027404785,
        0.10686922073364258,
        0.10667848587036133,
        0.1073598861694336,
        0.10645842552185059,
        0.1068868637084961,
        0.10683369636535645,
        0.10715723037719727,
        0.10635709762573242,
        0.10618948936462402
    ],
    "prefill_percentiles": {
        "10": 0.10620522499084473,
        "25": 0.10635453462600708,
        "50": 0.10675609111785889,
        "75": 0.1068916916847229,
        "90": 0.10713212490081787
    },
    "avg_decode_latency": 0.026939683490329314,
    "decode_latencies": [
        0.026939339107937284,
        0.02719532118903266,
        0.026995632383558486,
        0.02695163091023763,
        0.027198049757215712,
        0.027081833945380315,
        0.02674012713962131,
        0.026872105068630643,
        0.026858064863416884,
        0.026695436901516385,
        0.026753690507676866,
        0.026994970109727647
    ],
    "decode_percentiles": {
        "10": 0.026741483476426867,
        "25": 0.026831971274481878,
        "50": 0.026945485009087458,
        "75": 0.027017182774013944,
        "90": 0.027183972464667423
    }
}