{
    "avg_prefill_latency": 0.08424363533655803,
    "prefill_latencies": [
        0.0836954116821289,
        0.08234381675720215,
        0.08403205871582031,
        0.08415699005126953,
        0.08481431007385254,
        0.08507800102233887,
        0.08454084396362305,
        0.0848076343536377,
        0.08511042594909668,
        0.08379650115966797,
        0.08417153358459473,
        0.08437609672546387
    ],
    "prefill_percentiles": {
        "10": 0.08370552062988282,
        "25": 0.08397316932678223,
        "50": 0.0842738151550293,
        "75": 0.0848093032836914,
        "90": 0.08505163192749024
    },
    "avg_decode_latency": 0.036924684489214855,
    "decode_latencies": [
        0.038012160195244685,
        0.03437611791822645,
        0.03439161512586805,
        0.03791308403015137,
        0.04017233848571777,
        0.03878845108879937,
        0.0388442145453559,
        0.03884360525343153,
        0.03488885031806098,
        0.033910115559895836,
        0.03643912739223904,
        0.03651653395758735
    ],
    "decode_percentiles": {
        "10": 0.03437766763899061,
        "25": 0.03476454152001275,
        "50": 0.03721480899386936,
        "75": 0.03880223962995741,
        "90": 0.03884415361616347
    }
}