{
    "avg_prefill_latency": 0.3638466000556946,
    "prefill_latencies": [
        0.36266326904296875,
        0.3634810447692871,
        0.3631556034088135,
        0.36251163482666016,
        0.3654317855834961,
        0.36437273025512695,
        0.36511778831481934,
        0.3636200428009033,
        0.3627924919128418,
        0.3647880554199219,
        0.36300063133239746,
        0.36522412300109863
    ],
    "prefill_percentiles": {
        "10": 0.36267619132995604,
        "25": 0.36294859647750854,
        "50": 0.3635505437850952,
        "75": 0.36487048864364624,
        "90": 0.3652134895324707
    },
    "avg_decode_latency": 0.06221336523691814,
    "decode_latencies": [
        0.06267056465148926,
        0.06185979843139648,
        0.061731600761413576,
        0.06217074394226074,
        0.06158566474914551,
        0.061835098266601565,
        0.062323784828186034,
        0.06257123947143554,
        0.06330399513244629,
        0.06309833526611328,
        0.061742115020751956,
        0.061667442321777344
    ],
    "decode_percentiles": {
        "10": 0.06167385816574097,
        "25": 0.06173948645591736,
        "50": 0.06201527118682861,
        "75": 0.06259607076644898,
        "90": 0.06305555820465088
    }
}