{
    "avg_prefill_latency": 0.12553085883458456,
    "prefill_latencies": [
        0.12566089630126953,
        0.12478137016296387,
        0.12489938735961914,
        0.12887334823608398,
        0.12601423263549805,
        0.12529397010803223,
        0.12547731399536133,
        0.12517380714416504,
        0.12643051147460938,
        0.12395071983337402,
        0.12484049797058105,
        0.12497425079345703
    ],
    "prefill_percentiles": {
        "10": 0.12478728294372558,
        "25": 0.12488466501235962,
        "50": 0.12523388862609863,
        "75": 0.12574923038482666,
        "90": 0.12638888359069825
    },
    "avg_decode_latency": 0.03636869015517058,
    "decode_latencies": [
        0.03583966361151801,
        0.034534083472357854,
        0.03638397322760688,
        0.03753111097547743,
        0.03513140148586697,
        0.03667190339830187,
        0.03502575556437174,
        0.03495894538031684,
        0.03948121600680881,
        0.03420843018425836,
        0.03470635414123535,
        0.04195144441392687
    ],
    "decode_percentiles": {
        "10": 0.0345513105392456,
        "25": 0.034895797570546463,
        "50": 0.035485532548692494,
        "75": 0.03688670529259576,
        "90": 0.039286205503675675
    }
}