{
    "avg_prefill_latency": 0.1325721542040507,
    "prefill_latencies": [
        0.1327064037322998,
        0.13223600387573242,
        0.1327192783355713,
        0.13215899467468262,
        0.13251256942749023,
        0.13240528106689453,
        0.1330704689025879,
        0.13230180740356445,
        0.1328439712524414,
        0.1323859691619873,
        0.1329045295715332,
        0.13262057304382324
    ],
    "prefill_percentiles": {
        "10": 0.13224258422851562,
        "25": 0.1323649287223816,
        "50": 0.13256657123565674,
        "75": 0.13275045156478882,
        "90": 0.13289847373962402
    },
    "avg_decode_latency": 0.036823272705078125,
    "decode_latencies": [
        0.0382840633392334,
        0.03800673484802246,
        0.03614993095397949,
        0.0361828088760376,
        0.03623089790344238,
        0.035880637168884275,
        0.035644006729125974,
        0.03756191730499268,
        0.036171698570251466,
        0.03600795269012451,
        0.03996596336364746,
        0.0357926607131958
    ],
    "decode_percentiles": {
        "10": 0.035801458358764644,
        "25": 0.03597612380981445,
        "50": 0.03617725372314454,
        "75": 0.03767312169075012,
        "90": 0.0382563304901123
    }
}