{
    "avg_prefill_latency": 0.19797414541244507,
    "prefill_latencies": [
        0.19766497611999512,
        0.1982252597808838,
        0.19800019264221191,
        0.19771552085876465,
        0.19811129570007324,
        0.1976637840270996,
        0.19792485237121582,
        0.1983191967010498,
        0.1979994773864746,
        0.19813752174377441,
        0.19786620140075684,
        0.19806146621704102
    ],
    "prefill_percentiles": {
        "10": 0.19767003059387206,
        "25": 0.1978285312652588,
        "50": 0.19799983501434326,
        "75": 0.19811785221099854,
        "90": 0.19821648597717284
    },
    "avg_decode_latency": 0.034450833002726236,
    "decode_latencies": [
        0.04085032939910889,
        0.03884954452514648,
        0.038783907890319824,
        0.03175487518310547,
        0.03286774158477783,
        0.03279304504394531,
        0.032667684555053714,
        0.032123136520385745,
        0.03231947422027588,
        0.03320648670196533,
        0.03201897144317627,
        0.0351747989654541
    ],
    "decode_percentiles": {
        "10": 0.032029387950897215,
        "25": 0.03227038979530335,
        "50": 0.03283039331436157,
        "75": 0.03607707619667053,
        "90": 0.038842980861663816
    }
}