{
    "avg_prefill_latency": 0.34916720787684125,
    "prefill_latencies": [
        0.34831929206848145,
        0.3482699394226074,
        0.3481414318084717,
        0.3496842384338379,
        0.3483095169067383,
        0.34666967391967773,
        0.34859228134155273,
        0.3483107089996338,
        0.3493056297302246,
        0.3513939380645752,
        0.3517570495605469,
        0.35125279426574707
    ],
    "prefill_percentiles": {
        "10": 0.34815428256988523,
        "25": 0.34829962253570557,
        "50": 0.3484557867050171,
        "75": 0.3500763773918152,
        "90": 0.3513798236846924
    },
    "avg_decode_latency": 0.055747588475545236,
    "decode_latencies": [
        0.046930885314941405,
        0.04692020416259766,
        0.04685153961181641,
        0.0466310977935791,
        0.046471595764160156,
        0.04714610576629639,
        0.04674251079559326,
        0.07076549530029297,
        0.04802005290985108,
        0.1148054838180542,
        0.05755860805511474,
        0.050127482414245604
    ],
    "decode_percentiles": {
        "10": 0.04664223909378052,
        "25": 0.04682428240776062,
        "50": 0.047038495540618896,
        "75": 0.05198526382446289,
        "90": 0.06944480657577515
    }
}