{
    "avg_prefill_latency": 0.35395509004592896,
    "prefill_latencies": [
        0.4128756523132324,
        0.34777331352233887,
        0.3484022617340088,
        0.3474431037902832,
        0.3482801914215088,
        0.3489832878112793,
        0.3487687110900879,
        0.3481123447418213,
        0.34917569160461426,
        0.34897685050964355,
        0.3490738868713379,
        0.3495957851409912
    ],
    "prefill_percentiles": {
        "10": 0.3478072166442871,
        "25": 0.3482382297515869,
        "50": 0.3488727807998657,
        "75": 0.349099338054657,
        "90": 0.3495537757873535
    },
    "avg_decode_latency": 0.03911824822425842,
    "decode_latencies": [
        0.04446899890899658,
        0.035562658309936525,
        0.03543684482574463,
        0.03594143390655517,
        0.035962915420532225,
        0.039705324172973636,
        0.039976882934570315,
        0.056399297714233396,
        0.03624439239501953,
        0.03663249015808105,
        0.037002158164978025,
        0.03608558177947998
    ],
    "decode_percentiles": {
        "10": 0.03560053586959839,
        "25": 0.035957545042037964,
        "50": 0.03643844127655029,
        "75": 0.039773213863372806,
        "90": 0.044019787311553954
    }
}