{
    "avg_prefill_latency": 0.05040959517161051,
    "prefill_latencies": [
        0.04984116554260254,
        0.05087924003601074,
        0.04938173294067383,
        0.04967665672302246,
        0.04973006248474121,
        0.04983973503112793,
        0.048938751220703125,
        0.04939889907836914,
        0.04992818832397461,
        0.04986453056335449,
        0.056908369064331055,
        0.05052781105041504
    ],
    "prefill_percentiles": {
        "10": 0.04938344955444336,
        "25": 0.04960721731185913,
        "50": 0.049840450286865234,
        "75": 0.05007809400558472,
        "90": 0.05084409713745117
    },
    "avg_decode_latency": 0.03463949318285341,
    "decode_latencies": [
        0.033583879470825195,
        0.03413634830050998,
        0.0337982177734375,
        0.034040371576944985,
        0.03458743625217014,
        0.03373628192477756,
        0.03792428970336914,
        0.034263796276516385,
        0.033595429526435,
        0.03563841183980306,
        0.036405483881632485,
        0.03396397166781955
    ],
    "decode_percentiles": {
        "10": 0.033609514766269256,
        "25": 0.03378273381127252,
        "50": 0.03408835993872748,
        "75": 0.03485018014907837,
        "90": 0.03632877667744954
    }
}