{
    "avg_prefill_latency": 0.14974329868952432,
    "prefill_latencies": [
        0.1484220027923584,
        0.14890122413635254,
        0.14774870872497559,
        0.1484088897705078,
        0.1485285758972168,
        0.14902901649475098,
        0.15030360221862793,
        0.15150904655456543,
        0.14981746673583984,
        0.15056610107421875,
        0.15517926216125488,
        0.14850568771362305
    ],
    "prefill_percentiles": {
        "10": 0.14841020107269287,
        "25": 0.14848476648330688,
        "50": 0.14896512031555176,
        "75": 0.15036922693252563,
        "90": 0.15141475200653076
    },
    "avg_decode_latency": 0.047798730708934645,
    "decode_latencies": [
        0.04010799196031359,
        0.04017819298638238,
        0.04034958945380317,
        0.04134053654140896,
        0.04278951221042209,
        0.06974850760565864,
        0.04818468623691135,
        0.047288603252834745,
        0.04563408427768283,
        0.047241528828938804,
        0.06830644607543945,
        0.042415089077419706
    ],
    "decode_percentiles": {
        "10": 0.040195332633124456,
        "25": 0.04109279976950751,
        "50": 0.04421179824405246,
        "75": 0.04751262399885389,
        "90": 0.06629427009158664
    }
}