{
    "avg_prefill_latency": 0.08511922756830852,
    "prefill_latencies": [
        0.08528804779052734,
        0.08474993705749512,
        0.0857086181640625,
        0.08486413955688477,
        0.0850057601928711,
        0.08461499214172363,
        0.08557963371276855,
        0.08562135696411133,
        0.08520126342773438,
        0.08473825454711914,
        0.08548188209533691,
        0.08457684516906738
    ],
    "prefill_percentiles": {
        "10": 0.08462731838226319,
        "25": 0.08474701642990112,
        "50": 0.08510351181030273,
        "75": 0.08550631999969482,
        "90": 0.08561718463897705
    },
    "avg_decode_latency": 0.047197971079084605,
    "decode_latencies": [
        0.06278040673997667,
        0.04881548881530762,
        0.04333043098449707,
        0.041525337431165904,
        0.046189970440334745,
        0.04171035024854872,
        0.04263602362738715,
        0.044011566374037,
        0.06500747468736437,
        0.045064820183648005,
        0.043418036566840276,
        0.04188574684990777
    ],
    "decode_percentiles": {
        "10": 0.041727889908684625,
        "25": 0.042448454433017306,
        "50": 0.04371480147043864,
        "75": 0.046846350034077965,
        "90": 0.06138391494750978
    }
}