{
    "avg_prefill_latency": 0.051341354846954346,
    "prefill_latencies": [
        0.04921984672546387,
        0.04477715492248535,
        0.0558621883392334,
        0.05578804016113281,
        0.05101203918457031,
        0.04896044731140137,
        0.04986262321472168,
        0.0582582950592041,
        0.050908565521240234,
        0.0501866340637207,
        0.05002188682556152,
        0.0512385368347168
    ],
    "prefill_percentiles": {
        "10": 0.048986387252807614,
        "25": 0.04970192909240723,
        "50": 0.05054759979248047,
        "75": 0.0523759126663208,
        "90": 0.05585477352142334
    },
    "avg_decode_latency": 0.035026358233557806,
    "decode_latencies": [
        0.03398209147983127,
        0.03648063871595594,
        0.03718826505872938,
        0.03684618737962511,
        0.033288134468926325,
        0.032768434948391385,
        0.038110812505086265,
        0.033223231633504234,
        0.032857285605536565,
        0.03307390213012695,
        0.03540590074327257,
        0.03709141413370768
    ],
    "decode_percentiles": {
        "10": 0.0328789472579956,
        "25": 0.03318589925765991,
        "50": 0.034693996111551925,
        "75": 0.03690749406814575,
        "90": 0.03717857996622721
    }
}