{
    "avg_prefill_latency": 0.05782163143157959,
    "prefill_latencies": [
        0.05696749687194824,
        0.057311058044433594,
        0.05657649040222168,
        0.05828261375427246,
        0.05768465995788574,
        0.057427167892456055,
        0.056815147399902344,
        0.0584867000579834,
        0.05837583541870117,
        0.05841350555419922,
        0.05874943733215332,
        0.05876946449279785
    ],
    "prefill_percentiles": {
        "10": 0.05683038234710693,
        "25": 0.057225167751312256,
        "50": 0.0579836368560791,
        "75": 0.058431804180145264,
        "90": 0.058723163604736325
    },
    "avg_decode_latency": 0.03161844059273049,
    "decode_latencies": [
        0.029943969514634874,
        0.029442177878485784,
        0.02963100539313422,
        0.029226223627726238,
        0.02861822976006402,
        0.0360050466325548,
        0.040600564744737416,
        0.030821508831448026,
        0.03297744856940375,
        0.02859483824835883,
        0.033648702833387584,
        0.029911571078830294
    ],
    "decode_percentiles": {
        "10": 0.028679029146830244,
        "25": 0.0293881893157959,
        "50": 0.029927770296732582,
        "75": 0.033145262135399714,
        "90": 0.03576941225263808
    }
}