{
    "avg_prefill_latency": 0.1767423152923584,
    "prefill_latencies": [
        0.17567777633666992,
        0.17457032203674316,
        0.17406821250915527,
        0.17459368705749512,
        0.1746501922607422,
        0.17495036125183105,
        0.17418289184570312,
        0.17903518676757812,
        0.17833304405212402,
        0.1803112030029297,
        0.17693448066711426,
        0.18360042572021484
    ],
    "prefill_percentiles": {
        "10": 0.17422163486480713,
        "25": 0.17458784580230713,
        "50": 0.1753140687942505,
        "75": 0.17850857973098755,
        "90": 0.18018360137939454
    },
    "avg_decode_latency": 0.04795138041178385,
    "decode_latencies": [
        0.0415397220187717,
        0.03708598348829481,
        0.03688576486375597,
        0.03661953078375922,
        0.03702807426452637,
        0.03851265377468533,
        0.04013525115119086,
        0.0980122619205051,
        0.042915529674953885,
        0.03810490502251519,
        0.049868477715386286,
        0.07870841026306152
    ],
    "decode_percentiles": {
        "10": 0.03689999580383301,
        "25": 0.0370715061823527,
        "50": 0.0393239524629381,
        "75": 0.044653766685061984,
        "90": 0.07582441700829401
    }
}