{
    "avg_prefill_latency": 0.04794504245122274,
    "prefill_latencies": [
        0.04673290252685547,
        0.047011375427246094,
        0.047052621841430664,
        0.0478971004486084,
        0.04721832275390625,
        0.046802520751953125,
        0.04689812660217285,
        0.04728126525878906,
        0.0471043586730957,
        0.05022931098937988,
        0.05367755889892578,
        0.04743504524230957
    ],
    "prefill_percentiles": {
        "10": 0.0468120813369751,
        "25": 0.04698306322097778,
        "50": 0.04716134071350098,
        "75": 0.04755055904388428,
        "90": 0.04999608993530274
    },
    "avg_decode_latency": 0.035601419431191904,
    "decode_latencies": [
        0.03436276647779676,
        0.0343071354760064,
        0.03465933269924588,
        0.034451961517333984,
        0.034423828125,
        0.03632124265034994,
        0.03450232081943088,
        0.034632364908854164,
        0.03964365853203668,
        0.03839434517754449,
        0.03686189651489258,
        0.03465618027581109
    ],
    "decode_percentiles": {
        "10": 0.03436887264251709,
        "25": 0.03444492816925049,
        "50": 0.03464427259233263,
        "75": 0.036456406116485596,
        "90": 0.0382411003112793
    }
}