{
    "avg_prefill_latency": 0.10702280203501384,
    "prefill_latencies": [
        0.10704374313354492,
        0.10650753974914551,
        0.10693573951721191,
        0.10703706741333008,
        0.10664510726928711,
        0.10699033737182617,
        0.1077265739440918,
        0.10705971717834473,
        0.10710525512695312,
        0.10781311988830566,
        0.10669159889221191,
        0.10671782493591309
    ],
    "prefill_percentiles": {
        "10": 0.10664975643157959,
        "25": 0.10671126842498779,
        "50": 0.10701370239257812,
        "75": 0.10707110166549683,
        "90": 0.10766444206237794
    },
    "avg_decode_latency": 0.05128579890286481,
    "decode_latencies": [
        0.04903493987189399,
        0.04663766754998101,
        0.04645914501614041,
        0.06755855348375109,
        0.05056683222452799,
        0.048033555348714195,
        0.04704960187276205,
        0.05004156960381402,
        0.06721525722079807,
        0.04921311802334256,
        0.046454826990763344,
        0.047164519627889
    ],
    "decode_percentiles": {
        "10": 0.04647699726952447,
        "25": 0.04694661829206679,
        "50": 0.04853424761030409,
        "75": 0.050172885258992515,
        "90": 0.06555041472117107
    }
}