{
    "avg_prefill_latency": 0.04660850763320923,
    "prefill_latencies": [
        0.04210352897644043,
        0.04290151596069336,
        0.04481863975524902,
        0.043991804122924805,
        0.04527544975280762,
        0.04456210136413574,
        0.047506093978881836,
        0.04970908164978027,
        0.04437708854675293,
        0.0432889461517334,
        0.045584678649902344,
        0.06518316268920898
    ],
    "prefill_percentiles": {
        "10": 0.04294025897979736,
        "25": 0.04381608963012695,
        "50": 0.04469037055969238,
        "75": 0.04606503248214722,
        "90": 0.04948878288269043
    },
    "avg_decode_latency": 0.0306167205174764,
    "decode_latencies": [
        0.02896441353691949,
        0.02894547250535753,
        0.03257211049397787,
        0.030312750074598525,
        0.030161354276869033,
        0.03081194559733073,
        0.029938591851128474,
        0.030821800231933594,
        0.032556613286336265,
        0.029298279020521376,
        0.030157619052463107,
        0.03285969628228082
    ],
    "decode_percentiles": {
        "10": 0.02899780008527968,
        "25": 0.0297785136434767,
        "50": 0.03023705217573378,
        "75": 0.03125550349553426,
        "90": 0.03257056077321371
    }
}