{
    "avg_prefill_latency": 0.07640735308329265,
    "prefill_latencies": [
        0.0702817440032959,
        0.0704202651977539,
        0.0700533390045166,
        0.07244348526000977,
        0.07026863098144531,
        0.07056450843811035,
        0.1376781463623047,
        0.07208061218261719,
        0.07095026969909668,
        0.07095527648925781,
        0.07081151008605957,
        0.07038044929504395
    ],
    "prefill_percentiles": {
        "10": 0.07026994228363037,
        "25": 0.07035577297210693,
        "50": 0.07068800926208496,
        "75": 0.07123661041259766,
        "90": 0.0724071979522705
    },
    "avg_decode_latency": 0.03915303062509607,
    "decode_latencies": [
        0.029474496841430664,
        0.02893617418077257,
        0.02961277961730957,
        0.029807435141669378,
        0.028798898061116535,
        0.10585284233093262,
        0.03989500469631619,
        0.03350273768107096,
        0.03235496415032281,
        0.030882146623399522,
        0.029222408930460613,
        0.05149647924635145
    ],
    "decode_percentiles": {
        "10": 0.028964797655741375,
        "25": 0.029411474863688152,
        "50": 0.03034479088253445,
        "75": 0.03510080443488227,
        "90": 0.05033633179134793
    }
}