{
    "avg_prefill_latency": 0.05270681778589884,
    "prefill_latencies": [
        0.053247690200805664,
        0.05250072479248047,
        0.05304694175720215,
        0.05259275436401367,
        0.05267834663391113,
        0.05268549919128418,
        0.052449703216552734,
        0.052822113037109375,
        0.05253100395202637,
        0.052220821380615234,
        0.05277395248413086,
        0.0529322624206543
    ],
    "prefill_percentiles": {
        "10": 0.052454805374145506,
        "25": 0.05252343416213989,
        "50": 0.052681922912597656,
        "75": 0.052849650382995605,
        "90": 0.05303547382354736
    },
    "avg_decode_latency": 0.037839931470376474,
    "decode_latencies": [
        0.03784216774834527,
        0.03768846723768446,
        0.0380662547217475,
        0.03855019145541721,
        0.037986199061075844,
        0.03787385092841254,
        0.03760867648654514,
        0.03782118691338433,
        0.03759802712334527,
        0.03763222694396973,
        0.03779760996500651,
        0.03761431905958387
    ],
    "decode_percentiles": {
        "10": 0.03760924074384901,
        "25": 0.03762774997287326,
        "50": 0.037809398439195424,
        "75": 0.03790193796157837,
        "90": 0.03805824915568034
    }
}