{
    "avg_prefill_latency": 0.05456399917602539,
    "prefill_latencies": [
        0.05567216873168945,
        0.05411171913146973,
        0.05394244194030762,
        0.05446338653564453,
        0.05460190773010254,
        0.0549931526184082,
        0.054444313049316406,
        0.05457472801208496,
        0.05416083335876465,
        0.05495595932006836,
        0.05438065528869629,
        0.05446672439575195
    ],
    "prefill_percentiles": {
        "10": 0.05411663055419922,
        "25": 0.05432569980621338,
        "50": 0.05446505546569824,
        "75": 0.054690420627593994,
        "90": 0.05498943328857422
    },
    "avg_decode_latency": 0.029124438762664795,
    "decode_latencies": [
        0.029535081651475694,
        0.028115802341037326,
        0.02832100126478407,
        0.030440092086791992,
        0.030352645450168185,
        0.029407501220703125,
        0.02941168679131402,
        0.028455416361490887,
        0.028779109319051106,
        0.02900740835401747,
        0.02903559472825792,
        0.028631925582885742
    ],
    "decode_percentiles": {
        "10": 0.02833444277445475,
        "25": 0.02858779827753703,
        "50": 0.029021501541137695,
        "75": 0.02944253550635444,
        "90": 0.030270889070298936
    }
}