{
    "avg_prefill_latency": 0.09195733070373535,
    "prefill_latencies": [
        0.05333280563354492,
        0.0504915714263916,
        0.05014920234680176,
        0.04978227615356445,
        0.05572986602783203,
        0.050676584243774414,
        0.05106639862060547,
        0.05125069618225098,
        0.05223345756530762,
        0.05090689659118652,
        0.5339937210083008,
        0.05387449264526367
    ],
    "prefill_percentiles": {
        "10": 0.050183439254760744,
        "25": 0.05063033103942871,
        "50": 0.05115854740142822,
        "75": 0.05346822738647461,
        "90": 0.05554432868957519
    },
    "avg_decode_latency": 0.03235086688288936,
    "decode_latencies": [
        0.02766651577419705,
        0.027816481060451932,
        0.027108271916707356,
        0.027186049355400935,
        0.030010673734876845,
        0.0277663336859809,
        0.028184599346584745,
        0.02840256690979004,
        0.0272067387898763,
        0.04172854953342014,
        0.06750713454352485,
        0.02762648794386122
    ],
    "decode_percentiles": {
        "10": 0.02718811829884847,
        "25": 0.02752155065536499,
        "50": 0.027791407373216417,
        "75": 0.02880459361606174,
        "90": 0.04055676195356581
    }
}