{
    "avg_prefill_latency": 0.05581627289454142,
    "prefill_latencies": [
        0.05506181716918945,
        0.05602216720581055,
        0.053462982177734375,
        0.05360865592956543,
        0.05489778518676758,
        0.053678035736083984,
        0.06906700134277344,
        0.05507230758666992,
        0.05458688735961914,
        0.05558037757873535,
        0.05468487739562988,
        0.05407238006591797
    ],
    "prefill_percentiles": {
        "10": 0.05361559391021729,
        "25": 0.05397379398345947,
        "50": 0.05479133129119873,
        "75": 0.05519932508468628,
        "90": 0.05597798824310303
    },
    "avg_decode_latency": 0.03992242062533344,
    "decode_latencies": [
        0.0379388862186008,
        0.037837213940090604,
        0.03782018025716146,
        0.037844684388902455,
        0.03847882482740614,
        0.037978914048936635,
        0.0441746711730957,
        0.042739020453559026,
        0.04400263892279731,
        0.039761092927720815,
        0.04091021749708387,
        0.03958270284864637
    ],
    "decode_percentiles": {
        "10": 0.03783796098497179,
        "25": 0.037915335761176214,
        "50": 0.039030763838026256,
        "75": 0.04136741823620266,
        "90": 0.04387627707587348
    }
}