{
    "avg_prefill_latency": 0.11402541399002075,
    "prefill_latencies": [
        0.1123805046081543,
        0.1111745834350586,
        0.11105465888977051,
        0.110931396484375,
        0.11066985130310059,
        0.11166167259216309,
        0.1419384479522705,
        0.11159110069274902,
        0.11184835433959961,
        0.11186647415161133,
        0.11199641227722168,
        0.1111915111541748
    ],
    "prefill_percentiles": {
        "10": 0.11094372272491455,
        "25": 0.11114460229873657,
        "50": 0.11162638664245605,
        "75": 0.11189895868301392,
        "90": 0.11234209537506104
    },
    "avg_decode_latency": 0.04393459249425818,
    "decode_latencies": [
        0.03647067811754015,
        0.03598594665527344,
        0.03568135367499457,
        0.03521376185946994,
        0.059837394290500216,
        0.09798304239908855,
        0.045640124215020075,
        0.036256763670179576,
        0.035981708102756076,
        0.036476188235812716,
        0.035918633143107094,
        0.035769515567355685
    ],
    "decode_percentiles": {
        "10": 0.03569016986423069,
        "25": 0.035881353749169245,
        "50": 0.03612135516272651,
        "75": 0.03876717223061456,
        "90": 0.05841766728295221
    }
}