{
    "avg_prefill_latency": 0.12002040942509969,
    "prefill_latencies": [
        0.12177920341491699,
        0.1212775707244873,
        0.11961078643798828,
        0.11940431594848633,
        0.11981725692749023,
        0.12005305290222168,
        0.12018585205078125,
        0.11974573135375977,
        0.11956262588500977,
        0.1194465160369873,
        0.11976766586303711,
        0.11959433555603027
    ],
    "prefill_percentiles": {
        "10": 0.11945812702178955,
        "25": 0.11958640813827515,
        "50": 0.11975669860839844,
        "75": 0.12008625268936157,
        "90": 0.1211683988571167
    },
    "avg_decode_latency": 0.04027556048499213,
    "decode_latencies": [
        0.04084708955552843,
        0.06128027704026964,
        0.03513945473564996,
        0.03596043586730957,
        0.03711610370212131,
        0.036083592308892146,
        0.036511209275987416,
        0.035381688012017146,
        0.03555387920803494,
        0.05954297383626302,
        0.03519124454922146,
        0.03469877772861057
    ],
    "decode_percentiles": {
        "10": 0.03514463371700711,
        "25": 0.03533407714631823,
        "50": 0.03602201408810086,
        "75": 0.03804885016547309,
        "90": 0.05767338540818957
    }
}