{
    "avg_prefill_latency": 0.06882377465565999,
    "prefill_latencies": [
        0.05229520797729492,
        0.05515289306640625,
        0.05480527877807617,
        0.05641436576843262,
        0.05326581001281738,
        0.054534912109375,
        0.0510563850402832,
        0.05248904228210449,
        0.0516505241394043,
        0.06215524673461914,
        0.22937583923339844,
        0.05268979072570801
    ],
    "prefill_percentiles": {
        "10": 0.05171499252319336,
        "25": 0.0524405837059021,
        "50": 0.05390036106109619,
        "75": 0.05546826124191284,
        "90": 0.06158115863800049
    },
    "avg_decode_latency": 0.03732335125958478,
    "decode_latencies": [
        0.029683378007676866,
        0.029829608069525823,
        0.031643682056003146,
        0.03003692626953125,
        0.030838886896769207,
        0.03062870767381456,
        0.030513101153903537,
        0.029776361253526475,
        0.03646956549750434,
        0.0929570198059082,
        0.045299397574530706,
        0.030203580856323242
    ],
    "decode_percentiles": {
        "10": 0.02978168593512641,
        "25": 0.029985096719529893,
        "50": 0.030570904413859047,
        "75": 0.032850152916378446,
        "90": 0.04441641436682807
    }
}