{
    "avg_prefill_latency": 0.38313867648442584,
    "prefill_latencies": [
        0.3832528591156006,
        0.3812565803527832,
        0.3819854259490967,
        0.3819296360015869,
        0.3849670886993408,
        0.3825054168701172,
        0.38409900665283203,
        0.3847005367279053,
        0.3833498954772949,
        0.3835439682006836,
        0.38257431983947754,
        0.3834993839263916
    ],
    "prefill_percentiles": {
        "10": 0.38193521499633787,
        "25": 0.38237541913986206,
        "50": 0.38330137729644775,
        "75": 0.3836827278137207,
        "90": 0.38464038372039794
    },
    "avg_decode_latency": 0.02919044759538439,
    "decode_latencies": [
        0.02995456589592828,
        0.028004990683661565,
        0.028174161911010742,
        0.02892809444003635,
        0.028871721691555448,
        0.028603315353393555,
        0.028643555111355253,
        0.030435721079508465,
        0.029181798299153645,
        0.028813521067301433,
        0.029833422766791448,
        0.030840502844916448
    ],
    "decode_percentiles": {
        "10": 0.028217077255249023,
        "25": 0.02863349517186483,
        "50": 0.0288999080657959,
        "75": 0.029863708549075656,
        "90": 0.030387605561150447
    }
}