{
    "avg_prefill_latency": 0.10307470957438152,
    "prefill_latencies": [
        0.1026763916015625,
        0.10375714302062988,
        0.10375261306762695,
        0.10355067253112793,
        0.1037139892578125,
        0.1031944751739502,
        0.10281610488891602,
        0.10304450988769531,
        0.10285472869873047,
        0.10272717475891113,
        0.10255765914916992,
        0.10225105285644531
    ],
    "prefill_percentiles": {
        "10": 0.10256953239440918,
        "25": 0.10271447896957397,
        "50": 0.10294961929321289,
        "75": 0.10359150171279907,
        "90": 0.1037487506866455
    },
    "avg_decode_latency": 0.028534644179873992,
    "decode_latencies": [
        0.02713698811001248,
        0.02692723274230957,
        0.027267879909939237,
        0.026984453201293945,
        0.026546955108642578,
        0.028620613945855036,
        0.04653035269843207,
        0.027265628178914387,
        0.026234361860487197,
        0.02619004249572754,
        0.026121881273057725,
        0.02658934063381619
    ],
    "decode_percentiles": {
        "10": 0.026194474432203504,
        "25": 0.026468806796603732,
        "50": 0.026955842971801758,
        "75": 0.0272661911116706,
        "90": 0.028485340542263458
    }
}