{
    "avg_prefill_latency": 0.3573964834213257,
    "prefill_latencies": [
        0.3529031276702881,
        0.35952329635620117,
        0.35544419288635254,
        0.35635900497436523,
        0.3532834053039551,
        0.35334205627441406,
        0.3523879051208496,
        0.3536245822906494,
        0.3532552719116211,
        0.3539409637451172,
        0.3536829948425293,
        0.39101099967956543
    ],
    "prefill_percentiles": {
        "10": 0.3529383420944214,
        "25": 0.3532763719558716,
        "50": 0.35365378856658936,
        "75": 0.3556728959083557,
        "90": 0.3592068672180176
    },
    "avg_decode_latency": 0.05667936205863952,
    "decode_latencies": [
        0.04563782215118408,
        0.09489555358886718,
        0.06976616382598877,
        0.04556548595428467,
        0.04471297264099121,
        0.061922860145568845,
        0.044697022438049315,
        0.0464533805847168,
        0.045258593559265134,
        0.04539597034454346,
        0.050282621383666994,
        0.08556389808654785
    ],
    "decode_percentiles": {
        "10": 0.0447675347328186,
        "25": 0.04536162614822388,
        "50": 0.04604560136795044,
        "75": 0.06388368606567382,
        "90": 0.08398412466049195
    }
}