{
    "avg_prefill_latency": 0.09008326133092244,
    "prefill_latencies": [
        0.08983206748962402,
        0.08964323997497559,
        0.09021949768066406,
        0.0901646614074707,
        0.09034872055053711,
        0.0896461009979248,
        0.09032273292541504,
        0.09033584594726562,
        0.09017324447631836,
        0.09009075164794922,
        0.09011578559875488,
        0.09010648727416992
    ],
    "prefill_percentiles": {
        "10": 0.08966469764709473,
        "25": 0.09002608060836792,
        "50": 0.09014022350311279,
        "75": 0.0902453064918518,
        "90": 0.09033453464508057
    },
    "avg_decode_latency": 0.038344122745372626,
    "decode_latencies": [
        0.03560704655117459,
        0.03734654850429959,
        0.03583386209275988,
        0.03899253739251031,
        0.03620849715338813,
        0.03574328952365451,
        0.03574458758036295,
        0.03581025865342882,
        0.05765093697441949,
        0.03672517670525445,
        0.036137898763020836,
        0.038328833050198026
    ],
    "decode_percentiles": {
        "10": 0.03574341932932536,
        "25": 0.035793840885162354,
        "50": 0.03617319795820448,
        "75": 0.0375921196407742,
        "90": 0.03892616695827908
    }
}