{
    "avg_prefill_latency": 0.05080169439315796,
    "prefill_latencies": [
        0.05769968032836914,
        0.04944300651550293,
        0.05072212219238281,
        0.04976677894592285,
        0.04978013038635254,
        0.049318552017211914,
        0.050766944885253906,
        0.0497736930847168,
        0.051377058029174805,
        0.04992413520812988,
        0.05027055740356445,
        0.05077767372131348
    ],
    "prefill_percentiles": {
        "10": 0.04947538375854492,
        "25": 0.04977196455001831,
        "50": 0.05009734630584717,
        "75": 0.0507696270942688,
        "90": 0.05131711959838867
    },
    "avg_decode_latency": 0.03369976856090404,
    "decode_latencies": [
        0.03216102388170031,
        0.032867749532063804,
        0.033324480056762695,
        0.032909525765313044,
        0.03323414590623644,
        0.03369275728861491,
        0.033354997634887695,
        0.03345685535007053,
        0.03328341907925076,
        0.03320664829678006,
        0.03482198715209961,
        0.03808363278706869
    ],
    "decode_percentiles": {
        "10": 0.03287192715538873,
        "25": 0.0331323676639133,
        "50": 0.033303949568006724,
        "75": 0.03351583083470662,
        "90": 0.03470906416575114
    }
}