{
    "avg_prefill_latency": 0.35494240125020343,
    "prefill_latencies": [
        0.3546926975250244,
        0.3544175624847412,
        0.3538057804107666,
        0.35541749000549316,
        0.35366010665893555,
        0.35514378547668457,
        0.3542625904083252,
        0.35895800590515137,
        0.35254836082458496,
        0.3548579216003418,
        0.3554565906524658,
        0.35608792304992676
    ],
    "prefill_percentiles": {
        "10": 0.3536746740341187,
        "25": 0.35414838790893555,
        "50": 0.3547753095626831,
        "75": 0.35542726516723633,
        "90": 0.35602478981018065
    },
    "avg_decode_latency": 0.06364525556564331,
    "decode_latencies": [
        0.05579366683959961,
        0.055168771743774415,
        0.07717816829681397,
        0.054602622985839844,
        0.05420749187469483,
        0.05468516349792481,
        0.06525747776031494,
        0.07428984642028809,
        0.05494470596313476,
        0.054777121543884276,
        0.1084674596786499,
        0.054370570182800296
    ],
    "decode_percentiles": {
        "10": 0.05439377546310425,
        "25": 0.05466452836990357,
        "50": 0.05505673885345459,
        "75": 0.06751556992530823,
        "90": 0.07688933610916138
    }
}