{
    "avg_prefill_latency": 0.219510018825531,
    "prefill_latencies": [
        0.20369434356689453,
        0.399547815322876,
        0.20244407653808594,
        0.20359349250793457,
        0.2023756504058838,
        0.20346570014953613,
        0.20333480834960938,
        0.2035837173461914,
        0.20308566093444824,
        0.20290136337280273,
        0.20319604873657227,
        0.2028975486755371
    ],
    "prefill_percentiles": {
        "10": 0.20248942375183104,
        "25": 0.20290040969848633,
        "50": 0.20326542854309082,
        "75": 0.2035861611366272,
        "90": 0.20368425846099852
    },
    "avg_decode_latency": 0.040442951520284015,
    "decode_latencies": [
        0.036841535568237306,
        0.03704853057861328,
        0.036745643615722655,
        0.0377521276473999,
        0.03742105960845947,
        0.04114565849304199,
        0.04242091178894043,
        0.039850378036499025,
        0.03970854282379151,
        0.057112383842468264,
        0.04182720184326172,
        0.037441444396972653
    ],
    "decode_percentiles": {
        "10": 0.036862235069274905,
        "25": 0.03732792735099792,
        "50": 0.0387303352355957,
        "75": 0.04131604433059692,
        "90": 0.042361540794372564
    }
}