{
    "avg_prefill_latency": 0.07202430566151936,
    "prefill_latencies": [
        0.0717613697052002,
        0.07203197479248047,
        0.0718839168548584,
        0.07195425033569336,
        0.07236981391906738,
        0.07184910774230957,
        0.07181811332702637,
        0.07206130027770996,
        0.07182741165161133,
        0.07256174087524414,
        0.07222914695739746,
        0.07194352149963379
    ],
    "prefill_percentiles": {
        "10": 0.07181904315948487,
        "25": 0.07184368371963501,
        "50": 0.07194888591766357,
        "75": 0.07210326194763184,
        "90": 0.07235574722290039
    },
    "avg_decode_latency": 0.02819609862786752,
    "decode_latencies": [
        0.02860146098666721,
        0.028298907809787326,
        0.028034501605563693,
        0.028578519821166992,
        0.027990155749850802,
        0.028500053617689345,
        0.02837649981180827,
        0.027766810523139104,
        0.027875582377115887,
        0.027893013424343534,
        0.02819347381591797,
        0.028244203991360135
    ],
    "decode_percentiles": {
        "10": 0.02787732548183865,
        "25": 0.027965870168473985,
        "50": 0.028218838903639052,
        "75": 0.028407388263278537,
        "90": 0.028570673200819227
    }
}