{
    "avg_prefill_latency": 0.1211130420366923,
    "prefill_latencies": [
        0.11987018585205078,
        0.11901283264160156,
        0.11930346488952637,
        0.11980128288269043,
        0.11919188499450684,
        0.12216663360595703,
        0.12059879302978516,
        0.12418293952941895,
        0.12612152099609375,
        0.1217656135559082,
        0.12073373794555664,
        0.12060761451721191
    ],
    "prefill_percentiles": {
        "10": 0.11920304298400879,
        "25": 0.11967682838439941,
        "50": 0.12060320377349854,
        "75": 0.12186586856842041,
        "90": 0.12398130893707275
    },
    "avg_decode_latency": 0.03434053836045442,
    "decode_latencies": [
        0.027945068147447374,
        0.02780702379014757,
        0.028272257910834417,
        0.028891192542182073,
        0.027535491519504122,
        0.03366027937995063,
        0.031149572796291776,
        0.053197118971082896,
        0.044477383295694985,
        0.030261702007717557,
        0.04994188414679633,
        0.02894748581780328
    ],
    "decode_percentiles": {
        "10": 0.027820828225877548,
        "25": 0.028190460469987657,
        "50": 0.029604593912760418,
        "75": 0.03636455535888672,
        "90": 0.0493954340616862
    }
}