{
    "avg_prefill_latency": 0.05215185880661011,
    "prefill_latencies": [
        0.04885554313659668,
        0.049950361251831055,
        0.04977536201477051,
        0.05160665512084961,
        0.05399036407470703,
        0.06143498420715332,
        0.06178784370422363,
        0.04936528205871582,
        0.04967617988586426,
        0.0501561164855957,
        0.04930377006530762,
        0.049919843673706055
    ],
    "prefill_percentiles": {
        "10": 0.049309921264648435,
        "25": 0.04959845542907715,
        "50": 0.049935102462768555,
        "75": 0.052202582359313965,
        "90": 0.06069052219390869
    },
    "avg_decode_latency": 0.039476723582656296,
    "decode_latencies": [
        0.03564778963724772,
        0.037617736392551,
        0.037790404425726995,
        0.03684544563293457,
        0.05224288834465875,
        0.06055100758870443,
        0.03597052892049154,
        0.03551165262858073,
        0.03674999872843424,
        0.0349221494462755,
        0.034904532962375216,
        0.03496654828389486
    ],
    "decode_percentiles": {
        "10": 0.034926589330037436,
        "25": 0.035375376542409256,
        "50": 0.03636026382446289,
        "75": 0.037660903400845,
        "90": 0.05079763995276558
    }
}