{
    "avg_prefill_latency": 0.14980624119440714,
    "prefill_latencies": [
        0.15102076530456543,
        0.14845848083496094,
        0.14876580238342285,
        0.1494588851928711,
        0.1489419937133789,
        0.15223336219787598,
        0.1521291732788086,
        0.14932537078857422,
        0.14917635917663574,
        0.14931464195251465,
        0.15029263496398926,
        0.14855742454528809
    ],
    "prefill_percentiles": {
        "10": 0.14857826232910157,
        "25": 0.1488979458808899,
        "50": 0.14932000637054443,
        "75": 0.1504746675491333,
        "90": 0.15201833248138427
    },
    "avg_decode_latency": 0.03401739067501493,
    "decode_latencies": [
        0.028900172975328233,
        0.029333776897854276,
        0.03570893075731066,
        0.029617495006985135,
        0.03483324580722385,
        0.035586039225260414,
        0.03397999869452582,
        0.030390103658040363,
        0.054389635721842446,
        0.02944514486524794,
        0.03314534823099772,
        0.03287879625956217
    ],
    "decode_percentiles": {
        "10": 0.029344913694593643,
        "25": 0.029574407471550837,
        "50": 0.033012072245279946,
        "75": 0.03502144416173299,
        "90": 0.035696641604105635
    }
}