{
    "avg_prefill_latency": 0.13435550530751547,
    "prefill_latencies": [
        0.13338017463684082,
        0.13347268104553223,
        0.13347339630126953,
        0.13358855247497559,
        0.13388609886169434,
        0.1344306468963623,
        0.13458251953125,
        0.13683414459228516,
        0.13478517532348633,
        0.13494539260864258,
        0.13432669639587402,
        0.13456058502197266
    ],
    "prefill_percentiles": {
        "10": 0.13347275257110597,
        "25": 0.13355976343154907,
        "50": 0.13437867164611816,
        "75": 0.13463318347930908,
        "90": 0.13492937088012696
    },
    "avg_decode_latency": 0.04202442699008518,
    "decode_latencies": [
        0.029908392164442275,
        0.029229296578301325,
        0.02903188599480523,
        0.02910500102572971,
        0.029303418265448675,
        0.030013773176405165,
        0.14269399642944336,
        0.03503380881415473,
        0.03432228830125597,
        0.05417119132147895,
        0.03066950374179416,
        0.030810568067762587
    ],
    "decode_percentiles": {
        "10": 0.02911743058098687,
        "25": 0.029284887843661837,
        "50": 0.030341638459099665,
        "75": 0.03450016842948066,
        "90": 0.052257453070746536
    }
}