{
    "avg_prefill_latency": 0.06501696507136027,
    "prefill_latencies": [
        0.06471729278564453,
        0.0648350715637207,
        0.06569766998291016,
        0.06463289260864258,
        0.06492996215820312,
        0.06467795372009277,
        0.06472182273864746,
        0.06479120254516602,
        0.06505656242370605,
        0.06565690040588379,
        0.06531047821044922,
        0.06517577171325684
    ],
    "prefill_percentiles": {
        "10": 0.06468188762664795,
        "25": 0.06472069025039673,
        "50": 0.06488251686096191,
        "75": 0.06520944833755493,
        "90": 0.06562225818634033
    },
    "avg_decode_latency": 0.03535240667837638,
    "decode_latencies": [
        0.034769958919949,
        0.034751680162217885,
        0.03586350546942817,
        0.03504970338609484,
        0.035931401782565646,
        0.03466296195983887,
        0.03499229749043783,
        0.03535710440741645,
        0.035648875766330294,
        0.034945276048448354,
        0.036930852466159396,
        0.03532526228162977
    ],
    "decode_percentiles": {
        "10": 0.034753508037990995,
        "25": 0.034901446766323514,
        "50": 0.035187482833862305,
        "75": 0.035702533192104764,
        "90": 0.0359246121512519
    }
}