{
    "avg_prefill_latency": 0.41943053404490155,
    "prefill_latencies": [
        0.42768001556396484,
        0.41790342330932617,
        0.41796398162841797,
        0.4192643165588379,
        0.4176185131072998,
        0.4183497428894043,
        0.4187300205230713,
        0.4186437129974365,
        0.4185035228729248,
        0.42293810844421387,
        0.4170513153076172,
        0.4185197353363037
    ],
    "prefill_percentiles": {
        "10": 0.41764700412750244,
        "25": 0.417948842048645,
        "50": 0.41851162910461426,
        "75": 0.41886359453201294,
        "90": 0.4225707292556763
    },
    "avg_decode_latency": 0.0005074540774027506,
    "decode_latencies": [
        0.0005125999450683594,
        0.0005125999450683594,
        0.0005304813385009766,
        0.0005066394805908203,
        0.0005147457122802734,
        0.0005056858062744141,
        0.00048804283142089844,
        0.0005249977111816406,
        0.0004935264587402344,
        0.0004849433898925781,
        0.000522613525390625,
        0.0004925727844238281
    ],
    "decode_percentiles": {
        "10": 0.0004884958267211914,
        "25": 0.0004932880401611328,
        "50": 0.0005096197128295898,
        "75": 0.0005167126655578613,
        "90": 0.0005247592926025391
    }
}