{
    "avg_prefill_latency": 0.046098530292510986,
    "prefill_latencies": [
        0.04510188102722168,
        0.04770040512084961,
        0.04597210884094238,
        0.04612088203430176,
        0.04646492004394531,
        0.04640460014343262,
        0.046855926513671875,
        0.04779815673828125,
        0.04532361030578613,
        0.04496359825134277,
        0.04484748840332031,
        0.04562878608703613
    ],
    "prefill_percentiles": {
        "10": 0.044977426528930664,
        "25": 0.04526817798614502,
        "50": 0.04604649543762207,
        "75": 0.04656267166137695,
        "90": 0.04761595726013183
    },
    "avg_decode_latency": 0.029449568854437932,
    "decode_latencies": [
        0.02880252732170953,
        0.029165347417195637,
        0.029394414689805772,
        0.029892550574408636,
        0.03005618519253201,
        0.030158811145358615,
        0.030652019712660048,
        0.028806659910413954,
        0.028900702794392902,
        0.028790447447035048,
        0.02915514840020074,
        0.029620011647542317
    ],
    "decode_percentiles": {
        "10": 0.028802940580579972,
        "25": 0.028877192073398165,
        "50": 0.029279881053500705,
        "75": 0.02993345922893948,
        "90": 0.030148548550075954
    }
}