{
    "avg_prefill_latency": 0.057967960834503174,
    "prefill_latencies": [
        0.0573124885559082,
        0.07292890548706055,
        0.05434012413024902,
        0.05371379852294922,
        0.0597538948059082,
        0.0546412467956543,
        0.05676007270812988,
        0.05306100845336914,
        0.06563997268676758,
        0.056044578552246094,
        0.0543365478515625,
        0.0570828914642334
    ],
    "prefill_percentiles": {
        "10": 0.05377607345581055,
        "25": 0.05433923006057739,
        "50": 0.05640232563018799,
        "75": 0.0579228401184082,
        "90": 0.06505136489868164
    },
    "avg_decode_latency": 0.03952425497549552,
    "decode_latencies": [
        0.042387962341308594,
        0.03736800617641873,
        0.036285082499186196,
        0.03970244195726183,
        0.04275321960449219,
        0.039587974548339844,
        0.0417576101091173,
        0.0365194214714898,
        0.04200124740600586,
        0.04339610205756293,
        0.037243021859063044,
        0.03528896967569987
    ],
    "decode_percentiles": {
        "10": 0.03630851639641656,
        "25": 0.037062121762169734,
        "50": 0.03964520825280084,
        "75": 0.04209792613983154,
        "90": 0.042716693878173825
    }
}