{
    "avg_prefill_latency": 0.18972337245941162,
    "prefill_latencies": [
        0.19033169746398926,
        0.18933367729187012,
        0.1891932487487793,
        0.19091343879699707,
        0.19115471839904785,
        0.189971923828125,
        0.19069528579711914,
        0.18941020965576172,
        0.18905925750732422,
        0.1887962818145752,
        0.1881554126739502,
        0.1896653175354004
    ],
    "prefill_percentiles": {
        "10": 0.1888225793838501,
        "25": 0.18915975093841553,
        "50": 0.18953776359558105,
        "75": 0.19042259454727173,
        "90": 0.19089162349700928
    },
    "avg_decode_latency": 0.028431594371795654,
    "decode_latencies": [
        0.02773925993177626,
        0.02783656120300293,
        0.02765732341342502,
        0.028088384204440646,
        0.02797555923461914,
        0.0278624693552653,
        0.02787094646030002,
        0.02809037102593316,
        0.035375091764662,
        0.0277607176038954,
        0.02751461664835612,
        0.027407831615871854
    ],
    "decode_percentiles": {
        "10": 0.02752888732486301,
        "25": 0.02771877580218845,
        "50": 0.027849515279134117,
        "75": 0.02800376547707452,
        "90": 0.02809017234378391
    }
}