{
    "avg_prefill_latency": 0.35060683886210126,
    "prefill_latencies": [
        0.35166335105895996,
        0.34871387481689453,
        0.3497602939605713,
        0.35274457931518555,
        0.34989356994628906,
        0.35082554817199707,
        0.3502049446105957,
        0.35012054443359375,
        0.35066795349121094,
        0.34996604919433594,
        0.3510744571685791,
        0.35164690017700195
    ],
    "prefill_percentiles": {
        "10": 0.34977362155914304,
        "25": 0.3499479293823242,
        "50": 0.3504364490509033,
        "75": 0.3512175679206848,
        "90": 0.3516617059707642
    },
    "avg_decode_latency": 0.04983601371447246,
    "decode_latencies": [
        0.04573171138763428,
        0.06307339668273926,
        0.04464180469512939,
        0.07821669578552246,
        0.044559478759765625,
        0.04471123218536377,
        0.04437894821166992,
        0.044787812232971194,
        0.04488496780395508,
        0.048917722702026364,
        0.047362256050109866,
        0.046766138076782225
    ],
    "decode_percentiles": {
        "10": 0.044567711353302,
        "25": 0.04469387531280518,
        "50": 0.04530833959579468,
        "75": 0.04775112271308899,
        "90": 0.061657829284667974
    }
}