{
    "avg_prefill_latency": 0.35070693492889404,
    "prefill_latencies": [
        0.3496243953704834,
        0.3500237464904785,
        0.3500838279724121,
        0.35154199600219727,
        0.35067057609558105,
        0.3501625061035156,
        0.3517317771911621,
        0.3486766815185547,
        0.3514583110809326,
        0.34938502311706543,
        0.3500959873199463,
        0.3550283908843994
    ],
    "prefill_percentiles": {
        "10": 0.3494089603424072,
        "25": 0.34992390871047974,
        "50": 0.35012924671173096,
        "75": 0.3514792323112488,
        "90": 0.3517127990722656
    },
    "avg_decode_latency": 0.0657174507776896,
    "decode_latencies": [
        0.0724334478378296,
        0.0526618242263794,
        0.053607940673828125,
        0.054513168334960935,
        0.05467839241027832,
        0.07651689052581787,
        0.05226311683654785,
        0.052753257751464847,
        0.054283738136291504,
        0.05461366176605224,
        0.131722092628479,
        0.07856187820434571
    ],
    "decode_percentiles": {
        "10": 0.052670967578887944,
        "25": 0.0533942699432373,
        "50": 0.05456341505050659,
        "75": 0.07345430850982666,
        "90": 0.07835737943649293
    }
}