{
    "avg_prefill_latency": 0.3268301884333293,
    "prefill_latencies": [
        0.32573795318603516,
        0.32604336738586426,
        0.3270108699798584,
        0.32412099838256836,
        0.33144259452819824,
        0.3278360366821289,
        0.3244812488555908,
        0.32753443717956543,
        0.32694101333618164,
        0.32722926139831543,
        0.3258678913116455,
        0.327716588973999
    ],
    "prefill_percentiles": {
        "10": 0.3246069192886353,
        "25": 0.3258354067802429,
        "50": 0.32697594165802,
        "75": 0.32757997512817383,
        "90": 0.3278240919113159
    },
    "avg_decode_latency": 0.037885049978892006,
    "decode_latencies": [
        0.030360115898980036,
        0.030369917551676433,
        0.030187871721055772,
        0.02993933359781901,
        0.0902101198832194,
        0.03013398912217882,
        0.030795812606811523,
        0.05417026413811578,
        0.03193253941006131,
        0.034323533376057945,
        0.032265928056504994,
        0.02993117438422309
    ],
    "decode_percentiles": {
        "10": 0.029958799150254994,
        "25": 0.030174401071336534,
        "50": 0.03058286507924398,
        "75": 0.032780329386393234,
        "90": 0.05218559106191
    }
}