{
    "avg_prefill_latency": 0.2756801247596741,
    "prefill_latencies": [
        0.2749767303466797,
        0.2742030620574951,
        0.27462220191955566,
        0.2761669158935547,
        0.2746551036834717,
        0.278439998626709,
        0.27525782585144043,
        0.2757704257965088,
        0.2750084400177002,
        0.27547168731689453,
        0.2753028869628906,
        0.2782862186431885
    ],
    "prefill_percentiles": {
        "10": 0.2746254920959473,
        "25": 0.2748963236808777,
        "50": 0.2752803564071655,
        "75": 0.27586954832077026,
        "90": 0.2780742883682251
    },
    "avg_decode_latency": 0.0328985850016276,
    "decode_latencies": [
        0.02896775139702691,
        0.030425919426812068,
        0.029567797978719074,
        0.02951833936903212,
        0.031002812915378146,
        0.03554121653238932,
        0.03149909443325467,
        0.031489425235324435,
        0.03025431103176541,
        0.05405653847588433,
        0.03336034880744086,
        0.029099464416503906
    ],
    "decode_percentiles": {
        "10": 0.02914135191175673,
        "25": 0.029555433326297335,
        "50": 0.030714366171095107,
        "75": 0.031964408026801214,
        "90": 0.035323129759894475
    }
}