{
    "avg_prefill_latency": 0.1343605120976766,
    "prefill_latencies": [
        0.13419461250305176,
        0.1336519718170166,
        0.1338202953338623,
        0.1352090835571289,
        0.133864164352417,
        0.13393640518188477,
        0.13523602485656738,
        0.13443517684936523,
        0.13461041450500488,
        0.13409113883972168,
        0.135176420211792,
        0.13410043716430664
    ],
    "prefill_percentiles": {
        "10": 0.13382468223571778,
        "25": 0.13391834497451782,
        "50": 0.1341475248336792,
        "75": 0.13475191593170166,
        "90": 0.13520581722259523
    },
    "avg_decode_latency": 0.040071618556976316,
    "decode_latencies": [
        0.0377305269241333,
        0.03715207576751709,
        0.04280126094818115,
        0.03717072010040283,
        0.037015676498413086,
        0.03878047466278076,
        0.03898320198059082,
        0.03781280517578125,
        0.039129018783569336,
        0.05948829650878906,
        0.03732695579528809,
        0.03746840953826904
    ],
    "decode_percentiles": {
        "10": 0.03715394020080567,
        "25": 0.03728789687156677,
        "50": 0.03777166604995727,
        "75": 0.039019656181335446,
        "90": 0.04243403673171997
    }
}