{
    "avg_prefill_latency": 0.13413592179616293,
    "prefill_latencies": [
        0.13503241539001465,
        0.13391733169555664,
        0.13436579704284668,
        0.13398289680480957,
        0.13408303260803223,
        0.13406729698181152,
        0.13415193557739258,
        0.13411283493041992,
        0.13373994827270508,
        0.13381028175354004,
        0.13427114486694336,
        0.1340961456298828
    ],
    "prefill_percentiles": {
        "10": 0.1338209867477417,
        "25": 0.13396650552749634,
        "50": 0.13408958911895752,
        "75": 0.13418173789978027,
        "90": 0.13435633182525636
    },
    "avg_decode_latency": 0.042104987303415935,
    "decode_latencies": [
        0.03988094329833984,
        0.040272307395935056,
        0.03965549468994141,
        0.04064133167266846,
        0.05907938480377197,
        0.04001340866088867,
        0.039920711517333986,
        0.040149688720703125,
        0.039705300331115724,
        0.040383648872375486,
        0.04241852760314942,
        0.043139100074768066
    ],
    "decode_percentiles": {
        "10": 0.03972286462783814,
        "25": 0.03991076946258545,
        "50": 0.04021099805831909,
        "75": 0.041085630655288696,
        "90": 0.0430670428276062
    }
}