{
    "avg_prefill_latency": 0.1022564172744751,
    "prefill_latencies": [
        0.1021573543548584,
        0.10236716270446777,
        0.10231614112854004,
        0.10245513916015625,
        0.10198569297790527,
        0.10133051872253418,
        0.10245299339294434,
        0.10158801078796387,
        0.10262322425842285,
        0.10272026062011719,
        0.10217475891113281,
        0.1029057502746582
    ],
    "prefill_percentiles": {
        "10": 0.101627779006958,
        "25": 0.10211443901062012,
        "50": 0.1023416519165039,
        "75": 0.1024971604347229,
        "90": 0.10271055698394775
    },
    "avg_decode_latency": 0.02812113364537557,
    "decode_latencies": [
        0.027748372819688585,
        0.02791248427497016,
        0.027836057874891493,
        0.02786882718404134,
        0.027847581439548068,
        0.02788930469089084,
        0.02798567877875434,
        0.027890178892347548,
        0.028487973743014865,
        0.02811310026380751,
        0.02945322460598416,
        0.028420819176567927
    ],
    "decode_percentiles": {
        "10": 0.02783721023135715,
        "25": 0.02786351574791802,
        "50": 0.027901331583658852,
        "75": 0.028190029991997614,
        "90": 0.02848125828637017
    }
}