{
    "avg_prefill_latency": 0.10781651735305786,
    "prefill_latencies": [
        0.1075751781463623,
        0.10789608955383301,
        0.10775327682495117,
        0.10768747329711914,
        0.10752725601196289,
        0.10747361183166504,
        0.10789942741394043,
        0.10856842994689941,
        0.10751795768737793,
        0.10799479484558105,
        0.10795450210571289,
        0.10795021057128906
    ],
    "prefill_percentiles": {
        "10": 0.10751888751983643,
        "25": 0.10756319761276245,
        "50": 0.10782468318939209,
        "75": 0.10795128345489502,
        "90": 0.10799076557159423
    },
    "avg_decode_latency": 0.035289073431933375,
    "decode_latencies": [
        0.03544447157118055,
        0.03507094913058811,
        0.03526512781778971,
        0.03504323959350586,
        0.03527024057176378,
        0.03547914822896322,
        0.036658657921685114,
        0.03520978821648492,
        0.03534852133856879,
        0.03473001056247287,
        0.03502395417955187,
        0.03492477205064562
    ],
    "decode_percentiles": {
        "10": 0.034934690263536246,
        "25": 0.03503841824001736,
        "50": 0.03523745801713732,
        "75": 0.035372508896721735,
        "90": 0.03547568056318495
    }
}