{
    "avg_prefill_latency": 0.20021913448969522,
    "prefill_latencies": [
        0.20108771324157715,
        0.20142412185668945,
        0.20015311241149902,
        0.20103812217712402,
        0.19941091537475586,
        0.19978547096252441,
        0.19997429847717285,
        0.1998279094696045,
        0.19979119300842285,
        0.2005176544189453,
        0.19990897178649902,
        0.19971013069152832
    ],
    "prefill_percentiles": {
        "10": 0.19971766471862792,
        "25": 0.19978976249694824,
        "50": 0.19994163513183594,
        "75": 0.20064777135849,
        "90": 0.20108275413513182
    },
    "avg_decode_latency": 0.0597644031047821,
    "decode_latencies": [
        0.12961137294769287,
        0.04956474304199219,
        0.06914269924163818,
        0.04984383583068848,
        0.04922497272491455,
        0.049535059928894044,
        0.0495241641998291,
        0.05002272129058838,
        0.04978454113006592,
        0.049733543395996095,
        0.06944949626922607,
        0.05173568725585938
    ],
    "decode_percentiles": {
        "10": 0.049525253772735596,
        "25": 0.04955732226371765,
        "50": 0.0498141884803772,
        "75": 0.05608744025230408,
        "90": 0.06941881656646728
    }
}