{
    "avg_prefill_latency": 0.18994363149007162,
    "prefill_latencies": [
        0.18947052955627441,
        0.18883514404296875,
        0.19072175025939941,
        0.1916368007659912,
        0.18876361846923828,
        0.18985724449157715,
        0.19041085243225098,
        0.19020795822143555,
        0.18924188613891602,
        0.18982839584350586,
        0.18995404243469238,
        0.19039535522460938
    ],
    "prefill_percentiles": {
        "10": 0.18887581825256347,
        "25": 0.18941336870193481,
        "50": 0.18990564346313477,
        "75": 0.19039922952651978,
        "90": 0.19069066047668456
    },
    "avg_decode_latency": 0.039307238879027186,
    "decode_latencies": [
        0.030640655093722872,
        0.031022071838378906,
        0.12274453375074598,
        0.030377255545722112,
        0.0310516357421875,
        0.03405804104275174,
        0.030610455407036677,
        0.02932042545742459,
        0.030471828248765733,
        0.03330744637383355,
        0.0339961051940918,
        0.03408641285366482
    ],
    "decode_percentiles": {
        "10": 0.030386712816026475,
        "25": 0.030575798617468942,
        "50": 0.031036853790283203,
        "75": 0.03401158915625678,
        "90": 0.034083575672573516
    }
}