{
    "avg_prefill_latency": 0.1739510695139567,
    "prefill_latencies": [
        0.1695396900177002,
        0.17114949226379395,
        0.1702861785888672,
        0.16845130920410156,
        0.17028594017028809,
        0.22111296653747559,
        0.16849517822265625,
        0.17118072509765625,
        0.1678943634033203,
        0.17026114463806152,
        0.16881847381591797,
        0.1699373722076416
    ],
    "prefill_percentiles": {
        "10": 0.16845569610595704,
        "25": 0.16873764991760254,
        "50": 0.17009925842285156,
        "75": 0.17050200700759888,
        "90": 0.17117760181427003
    },
    "avg_decode_latency": 0.029729377340387417,
    "decode_latencies": [
        0.028666443294949003,
        0.02850408024258084,
        0.029257191552056208,
        0.03044716517130534,
        0.03330731391906738,
        0.031140300962660048,
        0.029025475184122723,
        0.029489861594306097,
        0.028365532557169598,
        0.029451820585462783,
        0.029611984888712566,
        0.029485358132256403
    ],
    "decode_percentiles": {
        "10": 0.028520316547817656,
        "25": 0.028935717211829293,
        "50": 0.02946858935885959,
        "75": 0.02982077995936076,
        "90": 0.031070987383524578
    }
}