{
    "avg_prefill_latency": 0.014078855514526367,
    "prefill_latencies": [
        0.013858795166015625,
        0.013803482055664062,
        0.014022350311279297,
        0.014269590377807617,
        0.013895273208618164,
        0.013960599899291992,
        0.014029502868652344,
        0.014011383056640625,
        0.01384735107421875,
        0.015594244003295898,
        0.013858556747436523,
        0.013795137405395508
    ],
    "prefill_percentiles": {
        "10": 0.013807868957519532,
        "25": 0.01385575532913208,
        "50": 0.013927936553955078,
        "75": 0.014024138450622559,
        "90": 0.01424558162689209
    },
    "avg_decode_latency": 0.012795494662390815,
    "decode_latencies": [
        0.012583335240681967,
        0.012651920318603516,
        0.012829197777642144,
        0.01309951146443685,
        0.01344964239332411,
        0.012769619623819986,
        0.012776348325941298,
        0.012640953063964844,
        0.012625720765855577,
        0.012758705351087783,
        0.012626886367797852,
        0.012734095255533854
    ],
    "decode_percentiles": {
        "10": 0.012625837326049804,
        "25": 0.012637436389923096,
        "50": 0.012746400303310819,
        "75": 0.01278956068886651,
        "90": 0.013072480095757379
    }
}