{
    "avg_prefill_latency": 0.015559613704681396,
    "prefill_latencies": [
        0.015221357345581055,
        0.01545572280883789,
        0.016239166259765625,
        0.015750408172607422,
        0.01593327522277832,
        0.017256975173950195,
        0.014438390731811523,
        0.014948368072509766,
        0.015671730041503906,
        0.015700340270996094,
        0.015370845794677734,
        0.014728784561157227
    ],
    "prefill_percentiles": {
        "10": 0.01475074291229248,
        "25": 0.015153110027313232,
        "50": 0.015563726425170898,
        "75": 0.015796124935150146,
        "90": 0.016208577156066894
    },
    "avg_decode_latency": 0.014226886961195203,
    "decode_latencies": [
        0.01435028182135688,
        0.014348877800835503,
        0.014092736774020724,
        0.014521890216403537,
        0.01408243179321289,
        0.013932281070285372,
        0.01406158341301812,
        0.013977395163642036,
        0.01470404201083713,
        0.014164633221096463,
        0.014428456624348959,
        0.01405803362528483
    ],
    "decode_percentiles": {
        "10": 0.013985459009806316,
        "25": 0.014060695966084797,
        "50": 0.014128684997558594,
        "75": 0.0143698255221049,
        "90": 0.01451254685719808
    }
}