{
    "avg_prefill_latency": 0.14735732475916544,
    "prefill_latencies": [
        0.1491835117340088,
        0.1491258144378662,
        0.14271044731140137,
        0.1535959243774414,
        0.14789414405822754,
        0.1471092700958252,
        0.14383339881896973,
        0.14675354957580566,
        0.14451098442077637,
        0.14506864547729492,
        0.14932656288146973,
        0.14917564392089844
    ],
    "prefill_percentiles": {
        "10": 0.14390115737915038,
        "25": 0.14492923021316528,
        "50": 0.14750170707702637,
        "75": 0.14917761087417603,
        "90": 0.14931225776672363
    },
    "avg_decode_latency": 0.04603913536778203,
    "decode_latencies": [
        0.0515437126159668,
        0.04014457596672906,
        0.05790339575873481,
        0.039512422349717885,
        0.05830502510070801,
        0.03973179393344455,
        0.03823261790805393,
        0.05150045288933648,
        0.03842541906568739,
        0.05488358603583442,
        0.04214774237738715,
        0.04013888041178385
    ],
    "decode_percentiles": {
        "10": 0.03853411939409044,
        "25": 0.039676951037512884,
        "50": 0.041146159172058105,
        "75": 0.052378680970933705,
        "90": 0.05760141478644477
    }
}