{
    "avg_prefill_latency": 0.012964427471160889,
    "prefill_latencies": [
        0.012873411178588867,
        0.012830257415771484,
        0.01322627067565918,
        0.01280355453491211,
        0.012889385223388672,
        0.012863874435424805,
        0.012926816940307617,
        0.01281118392944336,
        0.01395416259765625,
        0.012804985046386719,
        0.012790679931640625,
        0.012798547744750977
    ],
    "prefill_percentiles": {
        "10": 0.01279904842376709,
        "25": 0.012804627418518066,
        "50": 0.012847065925598145,
        "75": 0.012898743152618408,
        "90": 0.013196325302124024
    },
    "avg_decode_latency": 0.012687989959010373,
    "decode_latencies": [
        0.012613058090209961,
        0.014010482364230685,
        0.012526353200276693,
        0.012593852149115669,
        0.012876802020602755,
        0.012500683466593424,
        0.012497875425550673,
        0.012510644065009223,
        0.012484815385606553,
        0.012466404173109267,
        0.012474987241956923,
        0.01269992192586263
    ],
    "decode_percentiles": {
        "10": 0.012475970056321886,
        "25": 0.012494610415564643,
        "50": 0.012518498632642958,
        "75": 0.012634774049123129,
        "90": 0.012859114011128743
    }
}