{
    "avg_prefill_latency": 0.11634063720703125,
    "prefill_latencies": [
        0.1150367259979248,
        0.11571717262268066,
        0.11688518524169922,
        0.1157388687133789,
        0.11632490158081055,
        0.11513447761535645,
        0.11686086654663086,
        0.11538529396057129,
        0.11789584159851074,
        0.11681628227233887,
        0.11680173873901367,
        0.11749029159545898
    ],
    "prefill_percentiles": {
        "10": 0.11515955924987793,
        "25": 0.11563420295715332,
        "50": 0.11656332015991211,
        "75": 0.11686694622039795,
        "90": 0.11742978096008301
    },
    "avg_decode_latency": 0.018472675923947936,
    "decode_latencies": [
        0.01790459950764974,
        0.017822292115953233,
        0.0182038148244222,
        0.01769264539082845,
        0.017520772086249456,
        0.018082486258612737,
        0.017943991555107966,
        0.018506844838460285,
        0.018871148427327473,
        0.01804020669725206,
        0.019182920455932617,
        0.021900388929578993
    ],
    "decode_percentiles": {
        "10": 0.017705610063340926,
        "25": 0.017884022659725614,
        "50": 0.0180613464779324,
        "75": 0.018597920735677082,
        "90": 0.019151743253072104
    }
}