{
    "avg_prefill_latency": 0.5524094303448995,
    "prefill_latencies": [
        0.5556073188781738,
        0.5552988052368164,
        0.5520405769348145,
        0.5520515441894531,
        0.5518147945404053,
        0.5522050857543945,
        0.552119255065918,
        0.5521445274353027,
        0.551018238067627,
        0.5510802268981934,
        0.5517027378082275,
        0.5518300533294678
    ],
    "prefill_percentiles": {
        "10": 0.5511424779891968,
        "25": 0.5517867803573608,
        "50": 0.5520460605621338,
        "75": 0.5521596670150757,
        "90": 0.5549894332885742
    },
    "avg_decode_latency": 0.09353831300029047,
    "decode_latencies": [
        0.09034461445278591,
        0.10421694649590386,
        0.08975468741522895,
        0.09028596348232693,
        0.08990616268581814,
        0.08962787522210015,
        0.09043174319797093,
        0.10466456413269043,
        0.08985744582282172,
        0.08975333637661403,
        0.08969532118903266,
        0.10392109553019206
    ],
    "decode_percentiles": {
        "10": 0.08970112270779079,
        "25": 0.08975434965557522,
        "50": 0.09009606308407253,
        "75": 0.09380408128102621,
        "90": 0.10418736139933268
    }
}