{
    "avg_prefill_latency": 0.022543827692667644,
    "prefill_latencies": [
        0.022585630416870117,
        0.022760868072509766,
        0.022753000259399414,
        0.022507667541503906,
        0.022476911544799805,
        0.02251148223876953,
        0.022517919540405273,
        0.02254796028137207,
        0.022496461868286133,
        0.02244281768798828,
        0.022503137588500977,
        0.022422075271606445
    ],
    "prefill_percentiles": {
        "10": 0.022446227073669434,
        "25": 0.02249157428741455,
        "50": 0.02250957489013672,
        "75": 0.022557377815246582,
        "90": 0.022736263275146485
    },
    "avg_decode_latency": 0.023867821251904522,
    "decode_latencies": [
        0.024363173378838435,
        0.023998022079467773,
        0.024200916290283203,
        0.02376225259568956,
        0.02384079827202691,
        0.02378882302178277,
        0.02376254399617513,
        0.023778994878133137,
        0.023733589384290908,
        0.023733059565226238,
        0.02372664875454373,
        0.023725032806396484
    ],
    "decode_percentiles": {
        "10": 0.02372728983561198,
        "25": 0.023733456929524742,
        "50": 0.023770769437154133,
        "75": 0.023880104223887127,
        "90": 0.02418062686920166
    }
}