{
    "avg_prefill_latency": 0.4359232584635417,
    "prefill_latencies": [
        0.4354863166809082,
        0.43518686294555664,
        0.43541717529296875,
        0.4355628490447998,
        0.4367866516113281,
        0.4356815814971924,
        0.43613529205322266,
        0.4363579750061035,
        0.43790721893310547,
        0.4356868267059326,
        0.4354894161224365,
        0.4353809356689453
    ],
    "prefill_percentiles": {
        "10": 0.43538455963134765,
        "25": 0.43546903133392334,
        "50": 0.4356222152709961,
        "75": 0.43619096279144287,
        "90": 0.43674378395080565
    },
    "avg_decode_latency": 0.08670969804128009,
    "decode_latencies": [
        0.084208435482449,
        0.08455525504218207,
        0.08440531624688043,
        0.08445109261406793,
        0.10886743333604601,
        0.08476392428080241,
        0.0843653678894043,
        0.08604749043782552,
        0.08502048916286892,
        0.08455268541971843,
        0.0847152868906657,
        0.08456359969245063
    ],
    "decode_percentiles": {
        "10": 0.08436936272515191,
        "25": 0.08443964852227105,
        "50": 0.08455942736731635,
        "75": 0.08482806550131904,
        "90": 0.08594479031032985
    }
}