{
    "avg_prefill_latency": 0.2654400070508321,
    "prefill_latencies": [
        0.26546287536621094,
        0.2655792236328125,
        0.2656559944152832,
        0.2655971050262451,
        0.2652773857116699,
        0.265317440032959,
        0.2653779983520508,
        0.26537275314331055,
        0.265383243560791,
        0.26566362380981445,
        0.2653465270996094,
        0.2652459144592285
    ],
    "prefill_percentiles": {
        "10": 0.26528139114379884,
        "25": 0.2653392553329468,
        "50": 0.2653806209564209,
        "75": 0.26558369398117065,
        "90": 0.2656501054763794
    },
    "avg_decode_latency": 0.04956569936540392,
    "decode_latencies": [
        0.04830529954698351,
        0.04840951495700412,
        0.04811859130859375,
        0.0485480891333686,
        0.04852522744072808,
        0.06479414304097493,
        0.048105080922444664,
        0.04815287060207791,
        0.04796756638420953,
        0.04781950844658746,
        0.047914981842041016,
        0.04812751875983344
    ],
    "decode_percentiles": {
        "10": 0.04792024029625787,
        "25": 0.04807070228788588,
        "50": 0.04814019468095568,
        "75": 0.048438443077935114,
        "90": 0.048545802964104545
    }
}