{
    "avg_prefill_latency": 0.327506144841512,
    "prefill_latencies": [
        0.32750725746154785,
        0.3273899555206299,
        0.3275125026702881,
        0.32752466201782227,
        0.32730674743652344,
        0.32712459564208984,
        0.3271958827972412,
        0.32745361328125,
        0.32906460762023926,
        0.32757043838500977,
        0.3271751403808594,
        0.32724833488464355
    ],
    "prefill_percentiles": {
        "10": 0.32717721462249755,
        "25": 0.32723522186279297,
        "50": 0.32742178440093994,
        "75": 0.32751554250717163,
        "90": 0.327565860748291
    },
    "avg_decode_latency": 0.05264493933430425,
    "decode_latencies": [
        0.05059075355529785,
        0.05055485831366645,
        0.06438777181837294,
        0.05033270517985026,
        0.05014114909701877,
        0.05017373296949598,
        0.050151692496405706,
        0.05103090074327257,
        0.05041882726881239,
        0.050291750166151256,
        0.06350594096713597,
        0.05015918943617079
    ],
    "decode_percentiles": {
        "10": 0.050152442190382215,
        "25": 0.05017009708616468,
        "50": 0.05037576622433132,
        "75": 0.05070079035229153,
        "90": 0.06225843694474963
    }
}