{
    "avg_prefill_latency": 0.03495919704437256,
    "prefill_latencies": [
        0.034915924072265625,
        0.03513741493225098,
        0.03497934341430664,
        0.034881591796875,
        0.035071611404418945,
        0.034891605377197266,
        0.03498697280883789,
        0.03485584259033203,
        0.0349881649017334,
        0.034897804260253906,
        0.034914493560791016,
        0.03498959541320801
    ],
    "prefill_percentiles": {
        "10": 0.03488259315490723,
        "25": 0.034896254539489746,
        "50": 0.03494763374328613,
        "75": 0.03498852252960205,
        "90": 0.03506340980529785
    },
    "avg_decode_latency": 0.02372107682404695,
    "decode_latencies": [
        0.02384527524312337,
        0.023701137966579862,
        0.02369115087721083,
        0.023817512724134658,
        0.02378005451626248,
        0.023680925369262695,
        0.023723231421576604,
        0.02363639407687717,
        0.02369742923312717,
        0.023721562491522893,
        0.023680448532104492,
        0.023677799436781142
    ],
    "decode_percentiles": {
        "10": 0.023678064346313477,
        "25": 0.023680806159973145,
        "50": 0.023699283599853516,
        "75": 0.023737437195248075,
        "90": 0.02381376690334744
    }
}