{
    "avg_prefill_latency": 0.786339263121287,
    "prefill_latencies": [
        0.7863588333129883,
        0.7858130931854248,
        0.7858600616455078,
        0.7864623069763184,
        0.7874908447265625,
        0.785891056060791,
        0.7865924835205078,
        0.7863209247589111,
        0.7856414318084717,
        0.7868905067443848,
        0.7868447303771973,
        0.7859048843383789
    ],
    "prefill_percentiles": {
        "10": 0.7858177900314331,
        "25": 0.7858833074569702,
        "50": 0.7863398790359497,
        "75": 0.7866555452346802,
        "90": 0.786885929107666
    },
    "avg_decode_latency": 0.07899010777473449,
    "decode_latencies": [
        0.07861068248748779,
        0.07769713401794434,
        0.07785046100616455,
        0.07782094478607178,
        0.09074530601501465,
        0.0778794527053833,
        0.0777428388595581,
        0.07798888683319091,
        0.07790591716766357,
        0.0779876470565796,
        0.07778105735778809,
        0.07787096500396729
    ],
    "decode_percentiles": {
        "10": 0.0777466607093811,
        "25": 0.07781097292900085,
        "50": 0.07787520885467529,
        "75": 0.07798795700073242,
        "90": 0.0785485029220581
    }
}