{
    "avg_prefill_latency": 0.7376106182734171,
    "prefill_latencies": [
        0.7371089458465576,
        0.7376928329467773,
        0.7375843524932861,
        0.7374505996704102,
        0.7378137111663818,
        0.7384951114654541,
        0.7377932071685791,
        0.7375390529632568,
        0.7369370460510254,
        0.7372736930847168,
        0.7372896671295166,
        0.738349199295044
    ],
    "prefill_percentiles": {
        "10": 0.7371254205703736,
        "25": 0.7372856736183167,
        "50": 0.7375617027282715,
        "75": 0.7377983331680298,
        "90": 0.7382956504821777
    },
    "avg_decode_latency": 0.0573119322458903,
    "decode_latencies": [
        0.06969894303215875,
        0.05328562524583605,
        0.05340952343410916,
        0.05331677860683865,
        0.053454054726494685,
        0.06936915715535481,
        0.05336851543850369,
        0.053242895338270396,
        0.053605741924709745,
        0.05333762698703342,
        0.05377597279018826,
        0.06787835227118598
    ],
    "decode_percentiles": {
        "10": 0.05328874058193631,
        "25": 0.05333241489198473,
        "50": 0.053431789080301925,
        "75": 0.05730156766043769,
        "90": 0.06922007666693793
    }
}