{
    "avg_prefill_latency": 0.3753341833750407,
    "prefill_latencies": [
        0.37526845932006836,
        0.3752427101135254,
        0.3752121925354004,
        0.37534308433532715,
        0.37523698806762695,
        0.3751840591430664,
        0.3751857280731201,
        0.3752474784851074,
        0.37515926361083984,
        0.37543821334838867,
        0.37604498863220215,
        0.37544703483581543
    ],
    "prefill_percentiles": {
        "10": 0.37518422603607177,
        "25": 0.3752055764198303,
        "50": 0.3752450942993164,
        "75": 0.37536686658859253,
        "90": 0.37544615268707277
    },
    "avg_decode_latency": 0.030939874825654214,
    "decode_latencies": [
        0.030029137929280598,
        0.03011761771308051,
        0.030170652601453993,
        0.03013761838277181,
        0.03012500868903266,
        0.030103445053100586,
        0.030072185728285048,
        0.030130651262071397,
        0.030758672290378146,
        0.039399411943223744,
        0.030094014273749456,
        0.030140082041422527
    ],
    "decode_percentiles": {
        "10": 0.03007436858283149,
        "25": 0.030101087358262803,
        "50": 0.03012782997555203,
        "75": 0.030147724681430392,
        "90": 0.03069987032148573
    }
}