{
    "avg_prefill_latency": 0.7855879267056783,
    "prefill_latencies": [
        0.786034107208252,
        0.7851929664611816,
        0.7854957580566406,
        0.7858667373657227,
        0.7857036590576172,
        0.7860207557678223,
        0.7856121063232422,
        0.7850644588470459,
        0.7862622737884521,
        0.7850899696350098,
        0.7850430011749268,
        0.7856693267822266
    ],
    "prefill_percentiles": {
        "10": 0.7850670099258423,
        "25": 0.7851672172546387,
        "50": 0.7856407165527344,
        "75": 0.7859052419662476,
        "90": 0.786032772064209
    },
    "avg_decode_latency": 0.09639581044514972,
    "decode_latencies": [
        0.09368314743041992,
        0.09366066455841064,
        0.10394721031188965,
        0.09382834434509277,
        0.093701171875,
        0.09373664855957031,
        0.10400857925415039,
        0.09401173591613769,
        0.09400362968444824,
        0.10390615463256836,
        0.09454669952392578,
        0.0937157392501831
    ],
    "decode_percentiles": {
        "10": 0.09368494987487792,
        "25": 0.09371209740638733,
        "50": 0.0939159870147705,
        "75": 0.09688656330108641,
        "90": 0.10394310474395753
    }
}