{
    "avg_prefill_latency": 0.21395347515741983,
    "prefill_latencies": [
        0.21394658088684082,
        0.21386337280273438,
        0.214066743850708,
        0.21378707885742188,
        0.21402287483215332,
        0.21401357650756836,
        0.21407198905944824,
        0.2140493392944336,
        0.21388983726501465,
        0.21388745307922363,
        0.21398377418518066,
        0.21385908126831055
    ],
    "prefill_percentiles": {
        "10": 0.21385951042175294,
        "25": 0.21388143301010132,
        "50": 0.21396517753601074,
        "75": 0.2140294909477234,
        "90": 0.21406500339508056
    },
    "avg_decode_latency": 0.02431092659632365,
    "decode_latencies": [
        0.02431790033976237,
        0.02431156900193956,
        0.02430338329739041,
        0.02429970105489095,
        0.024309714635213215,
        0.024308178159925673,
        0.024309767617119685,
        0.024313105477227107,
        0.024316284391615126,
        0.024308866924709745,
        0.02431707912021213,
        0.02431556913587782
    ],
    "decode_percentiles": {
        "10": 0.024303862783643937,
        "25": 0.024308694733513728,
        "50": 0.024310668309529625,
        "75": 0.024315747949812148,
        "90": 0.02431699964735243
    }
}