{
    "avg_prefill_latency": 0.7333994507789612,
    "prefill_latencies": [
        0.7366049289703369,
        0.7374389171600342,
        0.736919641494751,
        0.7368640899658203,
        0.7346601486206055,
        0.7313032150268555,
        0.7317955493927002,
        0.7322237491607666,
        0.7307963371276855,
        0.73014235496521,
        0.7310342788696289,
        0.7310101985931396
    ],
    "prefill_percentiles": {
        "10": 0.730817723274231,
        "25": 0.7310282588005066,
        "50": 0.7320096492767334,
        "75": 0.7366697192192078,
        "90": 0.736914086341858
    },
    "avg_decode_latency": 0.0315690658710621,
    "decode_latencies": [
        0.03041680653889974,
        0.03059220314025879,
        0.030373096466064453,
        0.030381706025865342,
        0.030297279357910156,
        0.030479033788045246,
        0.044223785400390625,
        0.030358393987019856,
        0.030465496910942927,
        0.03044340345594618,
        0.03037805027431912,
        0.03041953510708279
    ],
    "decode_percentiles": {
        "10": 0.030359864234924316,
        "25": 0.030376811822255455,
        "50": 0.030418170822991267,
        "75": 0.030468881130218506,
        "90": 0.030580886205037437
    }
}