{
    "avg_prefill_latency": 0.03420738379160563,
    "prefill_latencies": [
        0.03413510322570801,
        0.034302473068237305,
        0.03427743911743164,
        0.034158945083618164,
        0.034174203872680664,
        0.03426027297973633,
        0.03409767150878906,
        0.03416776657104492,
        0.03421449661254883,
        0.03414630889892578,
        0.03422141075134277,
        0.0343325138092041
    ],
    "prefill_percentiles": {
        "10": 0.03413622379302979,
        "25": 0.03415578603744507,
        "50": 0.034194350242614746,
        "75": 0.034264564514160156,
        "90": 0.03429996967315674
    },
    "avg_decode_latency": 0.02359445669032909,
    "decode_latencies": [
        0.023666567272610135,
        0.023656235800849065,
        0.02358608775668674,
        0.02368905809190538,
        0.02358767721388075,
        0.02353835105895996,
        0.023544735378689237,
        0.023539198769463435,
        0.023534509870741103,
        0.023540364371405706,
        0.023528099060058594,
        0.023722595638699003
    ],
    "decode_percentiles": {
        "10": 0.02353489398956299,
        "25": 0.023538986841837566,
        "50": 0.02356541156768799,
        "75": 0.023658818668789335,
        "90": 0.023686809009975857
    }
}