{
    "avg_prefill_latency": 0.2998186747233073,
    "prefill_latencies": [
        0.29851770401000977,
        0.29984450340270996,
        0.30033183097839355,
        0.299274206161499,
        0.3000767230987549,
        0.299884557723999,
        0.3002185821533203,
        0.2990396022796631,
        0.3016631603240967,
        0.29779911041259766,
        0.3008553981781006,
        0.30031871795654297
    ],
    "prefill_percentiles": {
        "10": 0.2985698938369751,
        "25": 0.29921555519104004,
        "50": 0.29998064041137695,
        "75": 0.3003219962120056,
        "90": 0.30080304145812986
    },
    "avg_decode_latency": 0.02037709951400757,
    "decode_latencies": [
        0.020533243815104168,
        0.021255307727389865,
        0.01884537272983127,
        0.02180374993218316,
        0.02055774794684516,
        0.020999034245808918,
        0.021065844429863825,
        0.018452008565266926,
        0.02104671796162923,
        0.020702123641967773,
        0.021406067742241755,
        0.017857975429958768
    ],
    "decode_percentiles": {
        "10": 0.018491344981723362,
        "25": 0.020111276043785944,
        "50": 0.020850578943888344,
        "75": 0.021113210254245333,
        "90": 0.021390991740756565
    }
}