{
    "avg_prefill_latency": 0.019599278767903645,
    "prefill_latencies": [
        0.019913673400878906,
        0.019454002380371094,
        0.0200045108795166,
        0.01993846893310547,
        0.016976594924926758,
        0.01732039451599121,
        0.017743587493896484,
        0.020003795623779297,
        0.0191805362701416,
        0.01864790916442871,
        0.025455713272094727,
        0.02055215835571289
    ],
    "prefill_percentiles": {
        "10": 0.01736271381378174,
        "25": 0.018421828746795654,
        "50": 0.019683837890625,
        "75": 0.020003974437713623,
        "90": 0.020497393608093262
    },
    "avg_decode_latency": 0.017982180471773503,
    "decode_latencies": [
        0.01836938328213162,
        0.018277035819159612,
        0.01791842778523763,
        0.01842294798956977,
        0.01605857743157281,
        0.017432583702935114,
        0.01844718721177843,
        0.018305434121025935,
        0.01730807622273763,
        0.018551482094658747,
        0.018165561887953017,
        0.0185294681125217
    ],
    "decode_percentiles": {
        "10": 0.017320526970757377,
        "25": 0.017796966764662,
        "50": 0.018291234970092773,
        "75": 0.018429007795121934,
        "90": 0.018521240022447375
    }
}