{
    "avg_prefill_latency": 0.3207353750864665,
    "prefill_latencies": [
        0.3200538158416748,
        0.32154083251953125,
        0.32112836837768555,
        0.32142162322998047,
        0.32146739959716797,
        0.32026195526123047,
        0.3224668502807617,
        0.3204474449157715,
        0.32051634788513184,
        0.3205876350402832,
        0.321042537689209,
        0.3178896903991699
    ],
    "prefill_percentiles": {
        "10": 0.3200746297836304,
        "25": 0.32040107250213623,
        "50": 0.3208150863647461,
        "75": 0.32143306732177734,
        "90": 0.3215334892272949
    },
    "avg_decode_latency": 0.018349411310972993,
    "decode_latencies": [
        0.020000828637017146,
        0.02041392856174045,
        0.017952362696329754,
        0.02000570297241211,
        0.017446703381008573,
        0.01749489042494032,
        0.017203675376044378,
        0.017501566145155165,
        0.02031572659810384,
        0.017462836371527776,
        0.017200099097357854,
        0.01719461547003852
    ],
    "decode_percentiles": {
        "10": 0.017200456725226507,
        "25": 0.017385946379767522,
        "50": 0.017498228285047743,
        "75": 0.020002047220865887,
        "90": 0.02028472423553467
    }
}