{
    "avg_prefill_latency": 0.16197351614634195,
    "prefill_latencies": [
        0.162078857421875,
        0.1616992950439453,
        0.16196775436401367,
        0.16201448440551758,
        0.16156339645385742,
        0.16239428520202637,
        0.16174840927124023,
        0.16141939163208008,
        0.16184329986572266,
        0.16263675689697266,
        0.16223788261413574,
        0.1620783805847168
    ],
    "prefill_percentiles": {
        "10": 0.1615769863128662,
        "25": 0.1617361307144165,
        "50": 0.16199111938476562,
        "75": 0.16211861371994019,
        "90": 0.1623786449432373
    },
    "avg_decode_latency": 0.018770405539759883,
    "decode_latencies": [
        0.01628867785135905,
        0.016052431530422635,
        0.01800115903218587,
        0.020405716366238065,
        0.01799334420098199,
        0.03449352582295736,
        0.017461591296725802,
        0.016692823833889432,
        0.01695598496331109,
        0.01688408851623535,
        0.017221715715196397,
        0.01679380734761556
    ],
    "decode_percentiles": {
        "10": 0.01632909244961209,
        "25": 0.016768561469184026,
        "50": 0.017088850339253746,
        "75": 0.01799529790878296,
        "90": 0.020165260632832846
    }
}