{
    "avg_prefill_latency": 0.018761177857716877,
    "prefill_latencies": [
        0.01616072654724121,
        0.016095876693725586,
        0.016031265258789062,
        0.028920888900756836,
        0.018420934677124023,
        0.01951313018798828,
        0.019353151321411133,
        0.019306182861328125,
        0.016112804412841797,
        0.0163419246673584,
        0.019526004791259766,
        0.01935124397277832
    ],
    "prefill_percentiles": {
        "10": 0.01609756946563721,
        "25": 0.016148746013641357,
        "50": 0.018863558769226074,
        "75": 0.01939314603805542,
        "90": 0.01952471733093262
    },
    "avg_decode_latency": 0.0165675922676369,
    "decode_latencies": [
        0.014611297183566622,
        0.014616436428493924,
        0.014918645222981771,
        0.016592237684461806,
        0.017795854144626193,
        0.017601595984564886,
        0.017449352476331923,
        0.015908824072943792,
        0.016650385326809354,
        0.017080068588256836,
        0.017632775836520724,
        0.01795363426208496
    ],
    "decode_percentiles": {
        "10": 0.01464665730794271,
        "25": 0.015661279360453285,
        "50": 0.016865226957533095,
        "75": 0.017609390947553843,
        "90": 0.017779546313815647
    }
}