{
    "avg_prefill_latency": 0.30111877123514813,
    "prefill_latencies": [
        0.3014974594116211,
        0.3021209239959717,
        0.30022501945495605,
        0.3018834590911865,
        0.2998960018157959,
        0.3016650676727295,
        0.30159783363342285,
        0.3021397590637207,
        0.29964590072631836,
        0.30089497566223145,
        0.3014340400695801,
        0.30042481422424316
    ],
    "prefill_percentiles": {
        "10": 0.2999289035797119,
        "25": 0.3003748655319214,
        "50": 0.3014657497406006,
        "75": 0.30171966552734375,
        "90": 0.30209717750549314
    },
    "avg_decode_latency": 0.02297199876220138,
    "decode_latencies": [
        0.02524179882473416,
        0.02517035272386339,
        0.023813830481635198,
        0.024794922934638128,
        0.02491034401787652,
        0.021914535098605685,
        0.02328379948933919,
        0.022808180914984807,
        0.020979192521837022,
        0.020824193954467773,
        0.020864089330037434,
        0.021058744854397245
    ],
    "decode_percentiles": {
        "10": 0.020875599649217393,
        "25": 0.021038856771257188,
        "50": 0.023045990202161998,
        "75": 0.024823778205447726,
        "90": 0.025144351853264704
    }
}