{
    "avg_prefill_latency": 0.3307098348935445,
    "prefill_latencies": [
        0.3212165832519531,
        0.3227570056915283,
        0.320965051651001,
        0.320875883102417,
        0.3225398063659668,
        0.3222768306732178,
        0.3229224681854248,
        0.3226766586303711,
        0.42504215240478516,
        0.32248711585998535,
        0.322551965713501,
        0.3222064971923828
    ],
    "prefill_percentiles": {
        "10": 0.3209902048110962,
        "25": 0.3219590187072754,
        "50": 0.3225134611129761,
        "75": 0.3226967453956604,
        "90": 0.3229059219360352
    },
    "avg_decode_latency": 0.03721767067909241,
    "decode_latencies": [
        0.037889504432678224,
        0.03727083206176758,
        0.037065982818603516,
        0.0374894380569458,
        0.0376431941986084,
        0.037772750854492186,
        0.03698012828826904,
        0.03675787448883057,
        0.03678607940673828,
        0.03721489906311035,
        0.03695392608642578,
        0.03678743839263916
    ],
    "decode_percentiles": {
        "10": 0.03678621530532837,
        "25": 0.03691230416297912,
        "50": 0.03714044094085693,
        "75": 0.03752787709236145,
        "90": 0.03775979518890381
    }
}