{
    "avg_prefill_latency": 0.04535005489985148,
    "prefill_latencies": [
        0.045015573501586914,
        0.04513120651245117,
        0.0466005802154541,
        0.04510188102722168,
        0.045131683349609375,
        0.04759025573730469,
        0.04499554634094238,
        0.04491257667541504,
        0.04497694969177246,
        0.04481792449951172,
        0.0448756217956543,
        0.045050859451293945
    ],
    "prefill_percentiles": {
        "10": 0.04487931728363037,
        "25": 0.044960856437683105,
        "50": 0.04503321647644043,
        "75": 0.04513132572174072,
        "90": 0.04645369052886963
    },
    "avg_decode_latency": 0.017869763904147677,
    "decode_latencies": [
        0.017966641320122614,
        0.017551422119140625,
        0.01786857181125217,
        0.01758551597595215,
        0.017033550474378798,
        0.029643005794949003,
        0.016503466500176325,
        0.016821119520399306,
        0.016396072175767686,
        0.015656259324815538,
        0.01571080419752333,
        0.015700737635294598
    ],
    "decode_percentiles": {
        "10": 0.01570174429151747,
        "25": 0.0162247551812066,
        "50": 0.016927334997389052,
        "75": 0.017656279934777155,
        "90": 0.01795683436923557
    }
}