{
    "avg_prefill_latency": 0.23400292793909708,
    "prefill_latencies": [
        0.2336413860321045,
        0.23379898071289062,
        0.23421382904052734,
        0.23411107063293457,
        0.23372101783752441,
        0.23469328880310059,
        0.23413634300231934,
        0.2342243194580078,
        0.23351049423217773,
        0.23407483100891113,
        0.234022855758667,
        0.23388671875
    ],
    "prefill_percentiles": {
        "10": 0.2336493492126465,
        "25": 0.23377948999404907,
        "50": 0.23404884338378906,
        "75": 0.23415571451187134,
        "90": 0.23422327041625976
    },
    "avg_decode_latency": 0.029865161136344628,
    "decode_latencies": [
        0.02938003010219998,
        0.03311231401231554,
        0.029488775465223525,
        0.028988705741034612,
        0.02932527330186632,
        0.028986348046196833,
        0.02918129497104221,
        0.02905591328938802,
        0.02935867839389377,
        0.029503954781426325,
        0.029585785335964628,
        0.03241486019558377
    ],
    "decode_percentiles": {
        "10": 0.028995426495869954,
        "25": 0.029149949550628662,
        "50": 0.029369354248046875,
        "75": 0.029524412420060903,
        "90": 0.03213195270962185
    }
}