{
    "avg_prefill_latency": 0.22421795129776,
    "prefill_latencies": [
        0.22475337982177734,
        0.22381019592285156,
        0.22404193878173828,
        0.22421503067016602,
        0.22289562225341797,
        0.22307729721069336,
        0.22327923774719238,
        0.22492384910583496,
        0.22630572319030762,
        0.22463703155517578,
        0.22395586967468262,
        0.22472023963928223
    ],
    "prefill_percentiles": {
        "10": 0.22309749126434325,
        "25": 0.22367745637893677,
        "50": 0.22412848472595215,
        "75": 0.224728524684906,
        "90": 0.2249068021774292
    },
    "avg_decode_latency": 0.034632688760757445,
    "decode_latencies": [
        0.03324227333068848,
        0.0338651180267334,
        0.03373875617980957,
        0.0335655689239502,
        0.03335824012756348,
        0.03307139873504639,
        0.034165167808532716,
        0.03360195159912109,
        0.04211804866790771,
        0.0353318452835083,
        0.03471834659576416,
        0.03481554985046387
    ],
    "decode_percentiles": {
        "10": 0.03325387001037598,
        "25": 0.03351373672485352,
        "50": 0.033801937103271486,
        "75": 0.03474264740943908,
        "90": 0.03528021574020386
    }
}