{
    "avg_prefill_latency": 0.214695413907369,
    "prefill_latencies": [
        0.213531494140625,
        0.21438074111938477,
        0.21438074111938477,
        0.21371769905090332,
        0.21349120140075684,
        0.21428322792053223,
        0.21392822265625,
        0.21464157104492188,
        0.22176790237426758,
        0.2142040729522705,
        0.21396374702453613,
        0.21405434608459473
    ],
    "prefill_percentiles": {
        "10": 0.21355011463165283,
        "25": 0.21387559175491333,
        "50": 0.21412920951843262,
        "75": 0.21438074111938477,
        "90": 0.21461548805236816
    },
    "avg_decode_latency": 0.03691976820981061,
    "decode_latencies": [
        0.034928586747911244,
        0.028716299268934462,
        0.029864337709214952,
        0.027420997619628906,
        0.027915239334106445,
        0.028732882605658636,
        0.028460025787353516,
        0.12248365084330241,
        0.029820760091145832,
        0.027791738510131836,
        0.028702815373738606,
        0.028199884626600478
    ],
    "decode_percentiles": {
        "10": 0.027804088592529298,
        "25": 0.02812872330347697,
        "50": 0.028709557321336534,
        "75": 0.029831654495663114,
        "90": 0.034422161844041614
    }
}