{
    "avg_prefill_latency": 0.06944121917088826,
    "prefill_latencies": [
        0.06867456436157227,
        0.06910872459411621,
        0.06926608085632324,
        0.06959819793701172,
        0.06986308097839355,
        0.0691976547241211,
        0.06889963150024414,
        0.06867527961730957,
        0.06920099258422852,
        0.07040572166442871,
        0.07046699523925781,
        0.06993770599365234
    ],
    "prefill_percentiles": {
        "10": 0.06869771480560302,
        "25": 0.0690564513206482,
        "50": 0.06923353672027588,
        "75": 0.06988173723220825,
        "90": 0.07035892009735108
    },
    "avg_decode_latency": 0.028105296470500803,
    "decode_latencies": [
        0.02729381455315484,
        0.027817964553833008,
        0.0273028744591607,
        0.027650170856051974,
        0.02769727177090115,
        0.02758993042839898,
        0.02758161226908366,
        0.02784781985812717,
        0.028563366995917425,
        0.029444985919528537,
        0.029274834526909724,
        0.02919891145494249
    ],
    "decode_percentiles": {
        "10": 0.027330748240152997,
        "25": 0.027587850888570152,
        "50": 0.02775761816236708,
        "75": 0.028722253110673692,
        "90": 0.029267242219713
    }
}