{
    "avg_prefill_latency": 0.06519279877344768,
    "prefill_latencies": [
        0.06603407859802246,
        0.0651082992553711,
        0.06552815437316895,
        0.06500983238220215,
        0.06519436836242676,
        0.06536483764648438,
        0.06487917900085449,
        0.06455421447753906,
        0.0650033950805664,
        0.06560349464416504,
        0.06515336036682129,
        0.06488037109375
    ],
    "prefill_percentiles": {
        "10": 0.06487929821014404,
        "25": 0.0649726390838623,
        "50": 0.06513082981109619,
        "75": 0.06540566682815552,
        "90": 0.06559596061706544
    },
    "avg_decode_latency": 0.02876360328109176,
    "decode_latencies": [
        0.028950426313612197,
        0.028517590628729925,
        0.03160124354892307,
        0.02855131361219618,
        0.027686331007215712,
        0.028705623414781358,
        0.02857653299967448,
        0.02843271361456977,
        0.028674628999498155,
        0.02843544218275282,
        0.028308550516764324,
        0.028722842534383137
    ],
    "decode_percentiles": {
        "10": 0.02832096682654487,
        "25": 0.02843476004070706,
        "50": 0.02856392330593533,
        "75": 0.0287099281946818,
        "90": 0.02892766793568929
    }
}