{
    "avg_prefill_latency": 0.16781393686930338,
    "prefill_latencies": [
        0.16637539863586426,
        0.165938138961792,
        0.1777198314666748,
        0.1674027442932129,
        0.1664721965789795,
        0.16801691055297852,
        0.1667616367340088,
        0.16644692420959473,
        0.16756629943847656,
        0.16676068305969238,
        0.16713857650756836,
        0.16716790199279785
    ],
    "prefill_percentiles": {
        "10": 0.1663825511932373,
        "25": 0.1664658784866333,
        "50": 0.16695010662078857,
        "75": 0.1674436330795288,
        "90": 0.16797184944152832
    },
    "avg_decode_latency": 0.05791852871576945,
    "decode_latencies": [
        0.044953240288628474,
        0.04938856760660807,
        0.12578360239664713,
        0.06722643640306261,
        0.045411268870035805,
        0.045006010267469615,
        0.045764525731404625,
        0.06706248389350043,
        0.04798226886325412,
        0.045392142401801214,
        0.04591022597418891,
        0.06514157189263238
    ],
    "decode_percentiles": {
        "10": 0.045044623480902775,
        "25": 0.045406487252977155,
        "50": 0.04694624741872151,
        "75": 0.06562179989284939,
        "90": 0.0672100411521064
    }
}