{
    "avg_prefill_latency": 0.06459333499272664,
    "prefill_latencies": [
        0.06410384178161621,
        0.0650639533996582,
        0.06487035751342773,
        0.06384730339050293,
        0.06406426429748535,
        0.06404733657836914,
        0.0646352767944336,
        0.06433606147766113,
        0.06446290016174316,
        0.06420731544494629,
        0.06717801094055176,
        0.06430339813232422
    ],
    "prefill_percentiles": {
        "10": 0.06404902935028076,
        "25": 0.0640939474105835,
        "50": 0.06431972980499268,
        "75": 0.06469404697418213,
        "90": 0.06504459381103515
    },
    "avg_decode_latency": 0.030986251654448335,
    "decode_latencies": [
        0.03002280659145779,
        0.03079276614718967,
        0.03068754408094618,
        0.029252952999538846,
        0.03296632236904568,
        0.031036774317423504,
        0.029369274775187176,
        0.030545340643988714,
        0.030451271269056533,
        0.0307716793484158,
        0.03057665295071072,
        0.03536163436041938
    ],
    "decode_percentiles": {
        "10": 0.029434627956814237,
        "25": 0.030344155099656846,
        "50": 0.030632098515828453,
        "75": 0.030853768189748127,
        "90": 0.032773367563883465
    }
}