{
    "avg_prefill_latency": 0.03755718469619751,
    "prefill_latencies": [
        0.03744077682495117,
        0.03785967826843262,
        0.03763127326965332,
        0.03789329528808594,
        0.03806352615356445,
        0.03799128532409668,
        0.036887168884277344,
        0.03833174705505371,
        0.037413597106933594,
        0.03777813911437988,
        0.03671908378601074,
        0.036676645278930664
    ],
    "prefill_percentiles": {
        "10": 0.0367358922958374,
        "25": 0.03728199005126953,
        "50": 0.0377047061920166,
        "75": 0.03791779279708862,
        "90": 0.03805630207061768
    },
    "avg_decode_latency": 0.02936587068769667,
    "decode_latencies": [
        0.03005398644341363,
        0.029694795608520508,
        0.030165089501274958,
        0.030196110407511394,
        0.03054348627726237,
        0.030236827002631292,
        0.029461966620551214,
        0.028963936699761286,
        0.028800408045450848,
        0.028197977277967665,
        0.02800228860643175,
        0.028073575761583116
    ],
    "decode_percentiles": {
        "10": 0.02808601591322157,
        "25": 0.02864980035358005,
        "50": 0.02957838111453586,
        "75": 0.030172844727834068,
        "90": 0.030232755343119304
    }
}