{
    "avg_prefill_latency": 0.2587820490201314,
    "prefill_latencies": [
        0.255246639251709,
        0.2522163391113281,
        0.32144999504089355,
        0.2543809413909912,
        0.2531895637512207,
        0.25417375564575195,
        0.25458645820617676,
        0.2572288513183594,
        0.2524569034576416,
        0.250591516494751,
        0.2498035430908203,
        0.2500600814819336
    ],
    "prefill_percentiles": {
        "10": 0.2501132249832153,
        "25": 0.25181013345718384,
        "50": 0.25368165969848633,
        "75": 0.2547515034675598,
        "90": 0.25703063011169436
    },
    "avg_decode_latency": 0.06943290101157294,
    "decode_latencies": [
        0.07926252153184679,
        0.08898803922865126,
        0.059489197201199,
        0.06551384925842285,
        0.06651080979241265,
        0.09216599994235569,
        0.06582887967427571,
        0.06544746292961968,
        0.057319296730889216,
        0.057054758071899414,
        0.07806526290045844,
        0.057548734876844615
    ],
    "decode_percentiles": {
        "10": 0.05734224054548476,
        "25": 0.05900408162011041,
        "50": 0.06567136446634927,
        "75": 0.07836457755830553,
        "90": 0.08801548745897081
    }
}