{
    "avg_prefill_latency": 0.04377955198287964,
    "prefill_latencies": [
        0.04415273666381836,
        0.04440116882324219,
        0.04444766044616699,
        0.044027090072631836,
        0.04343152046203613,
        0.04371905326843262,
        0.04317903518676758,
        0.04306650161743164,
        0.04359841346740723,
        0.043921709060668945,
        0.043829917907714844,
        0.043579816818237305
    ],
    "prefill_percentiles": {
        "10": 0.04320428371429443,
        "25": 0.04354274272918701,
        "50": 0.04377448558807373,
        "75": 0.04405850172042847,
        "90": 0.0443763256072998
    },
    "avg_decode_latency": 0.028214613596598312,
    "decode_latencies": [
        0.029095252354939777,
        0.031037992901272245,
        0.02801929579840766,
        0.02881063355339898,
        0.027432547675238714,
        0.027254793379041884,
        0.02773790889316135,
        0.027219427956475153,
        0.028152041965060763,
        0.028005652957492404,
        0.0281020270453559,
        0.027707788679334853
    ],
    "decode_percentiles": {
        "10": 0.02727256880866157,
        "25": 0.02763897842831082,
        "50": 0.02801247437795003,
        "75": 0.02831668986214532,
        "90": 0.0290667904747857
    }
}