{
    "avg_prefill_latency": 0.1118739644686381,
    "prefill_latencies": [
        0.11147046089172363,
        0.11156535148620605,
        0.11180281639099121,
        0.1123807430267334,
        0.11207866668701172,
        0.11155581474304199,
        0.11161184310913086,
        0.11162567138671875,
        0.11153650283813477,
        0.11321353912353516,
        0.11188983917236328,
        0.1117563247680664
    ],
    "prefill_percentiles": {
        "10": 0.11153843402862548,
        "25": 0.11156296730041504,
        "50": 0.11169099807739258,
        "75": 0.11193704605102539,
        "90": 0.11235053539276123
    },
    "avg_decode_latency": 0.039661537717889855,
    "decode_latencies": [
        0.035288863711886935,
        0.03525500827365451,
        0.03602162996927897,
        0.036352051628960505,
        0.05527946684095594,
        0.03522287474738227,
        0.0355832576751709,
        0.03635048866271973,
        0.06288894017537434,
        0.03620248370700412,
        0.03564280933803982,
        0.035850577884250216
    ],
    "decode_percentiles": {
        "10": 0.03525839381747776,
        "25": 0.03550965918434991,
        "50": 0.03593610392676459,
        "75": 0.03635087940427992,
        "90": 0.053386725319756405
    }
}