{
    "avg_prefill_latency": 0.036783854166666664,
    "prefill_latencies": [
        0.037308454513549805,
        0.036264657974243164,
        0.0377354621887207,
        0.03543448448181152,
        0.037554025650024414,
        0.036296844482421875,
        0.036354780197143555,
        0.03772711753845215,
        0.03651881217956543,
        0.03664994239807129,
        0.036863088607788086,
        0.03669857978820801
    ],
    "prefill_percentiles": {
        "10": 0.036267876625061035,
        "25": 0.036340296268463135,
        "50": 0.03667426109313965,
        "75": 0.03736984729766846,
        "90": 0.037709808349609374
    },
    "avg_decode_latency": 0.027814430219155768,
    "decode_latencies": [
        0.027841938866509333,
        0.027422957950168185,
        0.028218322330050997,
        0.027762863371107314,
        0.02803606457180447,
        0.0274657408396403,
        0.027533292770385742,
        0.028318537606133357,
        0.027500364515516493,
        0.027753591537475586,
        0.02787902620103624,
        0.028040462070041232
    ],
    "decode_percentiles": {
        "10": 0.02746920320722792,
        "25": 0.02752506070666843,
        "50": 0.02780240111880832,
        "75": 0.02803716394636366,
        "90": 0.02820053630405002
    }
}