{
    "avg_prefill_latency": 0.13506482044855753,
    "prefill_latencies": [
        0.1212618350982666,
        0.1212613582611084,
        0.1213536262512207,
        0.1201934814453125,
        0.12116193771362305,
        0.1204824447631836,
        0.12041711807250977,
        0.1219489574432373,
        0.1204843521118164,
        0.2894747257232666,
        0.12148666381835938,
        0.12125134468078613
    ],
    "prefill_percentiles": {
        "10": 0.12042365074157715,
        "25": 0.1204838752746582,
        "50": 0.12125635147094727,
        "75": 0.12138688564300537,
        "90": 0.1219027280807495
    },
    "avg_decode_latency": 0.05671443983360574,
    "decode_latencies": [
        0.05130669805738661,
        0.07159270180596246,
        0.05372868643866645,
        0.05113312933180067,
        0.05134810341729058,
        0.07289610968695746,
        0.051718182033962674,
        0.059188259972466364,
        0.054148859447903104,
        0.059071858723958336,
        0.052976873185899526,
        0.05146381590101454
    ],
    "decode_percentiles": {
        "10": 0.051310838593377005,
        "25": 0.05143488778008355,
        "50": 0.05335277981228299,
        "75": 0.059100959036085345,
        "90": 0.07035225762261285
    }
}