{
    "avg_prefill_latency": 0.03896705309549967,
    "prefill_latencies": [
        0.03727889060974121,
        0.03775477409362793,
        0.03701901435852051,
        0.03706002235412598,
        0.0366663932800293,
        0.03664278984069824,
        0.03696632385253906,
        0.036897897720336914,
        0.03715944290161133,
        0.03779721260070801,
        0.058196306228637695,
        0.03816556930541992
    ],
    "prefill_percentiles": {
        "10": 0.03668954372406006,
        "25": 0.036949217319488525,
        "50": 0.03710973262786865,
        "75": 0.03776538372039795,
        "90": 0.03812873363494873
    },
    "avg_decode_latency": 0.03570697484193024,
    "decode_latencies": [
        0.027050177256266277,
        0.026968187756008573,
        0.02653450436062283,
        0.026634030871921115,
        0.026445574230617948,
        0.026569843292236328,
        0.02646470069885254,
        0.026493999693128798,
        0.026658799913194444,
        0.130317661497328,
        0.031123452716403537,
        0.027222765816582575
    ],
    "decode_percentiles": {
        "10": 0.026467630598280164,
        "25": 0.026524378193749323,
        "50": 0.026646415392557778,
        "75": 0.02709332439634535,
        "90": 0.03073338402642144
    }
}