{
    "avg_prefill_latency": 0.07592958211898804,
    "prefill_latencies": [
        0.07558941841125488,
        0.07616543769836426,
        0.07577705383300781,
        0.07577371597290039,
        0.07608270645141602,
        0.07613825798034668,
        0.07606840133666992,
        0.07705998420715332,
        0.07558250427246094,
        0.07583284378051758,
        0.07563281059265137,
        0.07545185089111328
    ],
    "prefill_percentiles": {
        "10": 0.07558319568634034,
        "25": 0.07562196254730225,
        "50": 0.0758049488067627,
        "75": 0.07609659433364868,
        "90": 0.0761627197265625
    },
    "avg_decode_latency": 0.031838414845643224,
    "decode_latencies": [
        0.028996732499864366,
        0.02937020195855035,
        0.029259999593098957,
        0.02895000245836046,
        0.02931886249118381,
        0.029897981219821505,
        0.06149101257324219,
        0.029602236217922635,
        0.029194619920518663,
        0.029277960459391277,
        0.0284324222140842,
        0.02826894654168023
    ],
    "decode_percentiles": {
        "10": 0.028484180238511826,
        "25": 0.02898504998948839,
        "50": 0.029268980026245117,
        "75": 0.029428210523393422,
        "90": 0.02986840671963162
    }
}