{
    "avg_prefill_latency": 0.037100096543629967,
    "prefill_latencies": [
        0.0360713005065918,
        0.03761172294616699,
        0.03663325309753418,
        0.03649020195007324,
        0.03817415237426758,
        0.03705883026123047,
        0.03719377517700195,
        0.0370793342590332,
        0.0370025634765625,
        0.03720879554748535,
        0.036963701248168945,
        0.03771352767944336
    ],
    "prefill_percentiles": {
        "10": 0.036504507064819336,
        "25": 0.036881089210510254,
        "50": 0.037069082260131836,
        "75": 0.03730952739715576,
        "90": 0.03770334720611572
    },
    "avg_decode_latency": 0.02867404619852702,
    "decode_latencies": [
        0.030831469429863825,
        0.028074449963039823,
        0.027974764506022137,
        0.02818571196662055,
        0.02852654457092285,
        0.02833278973897298,
        0.030082967546251085,
        0.028256389829847548,
        0.02820065286424425,
        0.028158399793836806,
        0.02840227550930447,
        0.029062138663397893
    ],
    "decode_percentiles": {
        "10": 0.028082844946119522,
        "25": 0.028178883923424613,
        "50": 0.028294589784410264,
        "75": 0.028660443094041612,
        "90": 0.029980884657965765
    }
}