{
    "avg_prefill_latency": 0.2622481981913249,
    "prefill_latencies": [
        0.22673583030700684,
        0.41655826568603516,
        0.22703123092651367,
        0.22816920280456543,
        0.22734737396240234,
        0.2286078929901123,
        0.228118896484375,
        0.440920352935791,
        0.2299363613128662,
        0.22902297973632812,
        0.2286698818206787,
        0.23586010932922363
    ],
    "prefill_percentiles": {
        "10": 0.22706284523010253,
        "25": 0.22792601585388184,
        "50": 0.2286388874053955,
        "75": 0.23141729831695557,
        "90": 0.39848845005035405
    },
    "avg_decode_latency": 0.06363505787319608,
    "decode_latencies": [
        0.05295043521457248,
        0.052404854032728404,
        0.05185254414876302,
        0.05388638708326551,
        0.05168035295274523,
        0.053265677558051214,
        0.052216688791910805,
        0.12724926736619738,
        0.05329818195766873,
        0.05232591099209256,
        0.09755113389756945,
        0.06493926048278809
    ],
    "decode_percentiles": {
        "10": 0.0518889586130778,
        "25": 0.05229860544204712,
        "50": 0.053108056386311844,
        "75": 0.05664960543314616,
        "90": 0.09428994655609133
    }
}