{
    "avg_prefill_latency": 0.16258360942204794,
    "prefill_latencies": [
        0.1615598201751709,
        0.16118979454040527,
        0.16228985786437988,
        0.16276049613952637,
        0.1645641326904297,
        0.16277861595153809,
        0.16182231903076172,
        0.1617262363433838,
        0.16143441200256348,
        0.16248750686645508,
        0.16542530059814453,
        0.1629648208618164
    ],
    "prefill_percentiles": {
        "10": 0.1614469528198242,
        "25": 0.16168463230133057,
        "50": 0.16238868236541748,
        "75": 0.16282516717910767,
        "90": 0.16440420150756835
    },
    "avg_decode_latency": 0.0496621948701364,
    "decode_latencies": [
        0.0464318593343099,
        0.04782859484354655,
        0.048234118355645075,
        0.0495804680718316,
        0.048419793446858726,
        0.05016546779208713,
        0.07116076681349012,
        0.046318769454956055,
        0.046638435787624784,
        0.04793175061543783,
        0.04723493258158366,
        0.04600138134426541
    ],
    "decode_percentiles": {
        "10": 0.04633007844289144,
        "25": 0.046586791674296066,
        "50": 0.04788017272949219,
        "75": 0.048709962103101946,
        "90": 0.050106967820061576
    }
}