{
    "avg_prefill_latency": 0.07944800456364949,
    "prefill_latencies": [
        0.07906317710876465,
        0.08005070686340332,
        0.07989192008972168,
        0.07899737358093262,
        0.07921838760375977,
        0.07905912399291992,
        0.08026957511901855,
        0.07956743240356445,
        0.0790407657623291,
        0.07929563522338867,
        0.07894563674926758,
        0.07997632026672363
    ],
    "prefill_percentiles": {
        "10": 0.07900171279907227,
        "25": 0.07905453443527222,
        "50": 0.07925701141357422,
        "75": 0.07991302013397217,
        "90": 0.08004326820373535
    },
    "avg_decode_latency": 0.044295679639886926,
    "decode_latencies": [
        0.04339973131815592,
        0.04589984152052137,
        0.06292464998033312,
        0.042565239800347224,
        0.04209603203667535,
        0.041617790857950844,
        0.04128938251071506,
        0.043644083870781794,
        0.041190014945136175,
        0.04098224639892578,
        0.04348036977979872,
        0.04245877265930176
    ],
    "decode_percentiles": {
        "10": 0.04119995170169406,
        "25": 0.0415356887711419,
        "50": 0.04251200622982449,
        "75": 0.04352129830254449,
        "90": 0.045674265755547415
    }
}