{
    "avg_prefill_latency": 0.15449686845143637,
    "prefill_latencies": [
        0.1545705795288086,
        0.1551203727722168,
        0.15536928176879883,
        0.15460753440856934,
        0.15043902397155762,
        0.15546870231628418,
        0.15390920639038086,
        0.1556694507598877,
        0.15428709983825684,
        0.15387248992919922,
        0.15639996528625488,
        0.15424871444702148
    ],
    "prefill_percentiles": {
        "10": 0.1538761615753174,
        "25": 0.15416383743286133,
        "50": 0.15458905696868896,
        "75": 0.15539413690567017,
        "90": 0.15564937591552735
    },
    "avg_decode_latency": 0.03524724421677766,
    "decode_latencies": [
        0.03435166676839193,
        0.03457056151496039,
        0.038383695814344615,
        0.03498503896925184,
        0.03410609563191732,
        0.03437593248155382,
        0.037376615736219615,
        0.03423539797465006,
        0.03419195281134711,
        0.03605972396002875,
        0.0357922977871365,
        0.034537951151529946
    ],
    "decode_percentiles": {
        "10": 0.03419629732767741,
        "25": 0.034322599569956466,
        "50": 0.03455425633324517,
        "75": 0.03585915433035956,
        "90": 0.03724492655860053
    }
}