{
    "avg_prefill_latency": 0.15350147088368735,
    "prefill_latencies": [
        0.15308880805969238,
        0.15358328819274902,
        0.1530928611755371,
        0.15332961082458496,
        0.15367865562438965,
        0.15549159049987793,
        0.1539607048034668,
        0.15372848510742188,
        0.1535954475402832,
        0.15360569953918457,
        0.1532580852508545,
        0.15160441398620605
    ],
    "prefill_percentiles": {
        "10": 0.15308921337127684,
        "25": 0.15321677923202515,
        "50": 0.1535893678665161,
        "75": 0.1536911129951477,
        "90": 0.1539374828338623
    },
    "avg_decode_latency": 0.047169492642084754,
    "decode_latencies": [
        0.04663393497467041,
        0.04594752788543701,
        0.04615468978881836,
        0.04620380401611328,
        0.046025633811950684,
        0.046567320823669434,
        0.046427559852600095,
        0.04611198902130127,
        0.050936436653137206,
        0.04596624374389648,
        0.04855692386627197,
        0.05050184726715088
    ],
    "decode_percentiles": {
        "10": 0.045972182750701904,
        "25": 0.04609040021896363,
        "50": 0.04631568193435669,
        "75": 0.0471146821975708,
        "90": 0.05030735492706299
    }
}