{
    "avg_prefill_latency": 0.04832198222478231,
    "prefill_latencies": [
        0.0484776496887207,
        0.048126935958862305,
        0.04858136177062988,
        0.04872560501098633,
        0.04826807975769043,
        0.04807782173156738,
        0.047881126403808594,
        0.04840803146362305,
        0.04841208457946777,
        0.04831695556640625,
        0.04807901382446289,
        0.04850912094116211
    ],
    "prefill_percentiles": {
        "10": 0.048077940940856934,
        "25": 0.04811495542526245,
        "50": 0.04836249351501465,
        "75": 0.048485517501831055,
        "90": 0.04857413768768311
    },
    "avg_decode_latency": 0.03835864420290347,
    "decode_latencies": [
        0.0279692808787028,
        0.04144782490200467,
        0.030752393934461806,
        0.03110096189710829,
        0.027725961473253038,
        0.027345922258165147,
        0.027115662892659504,
        0.02957349353366428,
        0.02776667806837294,
        0.027505132887098525,
        0.027589347627427842,
        0.13441107008192274
    ],
    "decode_percentiles": {
        "10": 0.027361843321058486,
        "25": 0.027568293942345515,
        "50": 0.02786797947353787,
        "75": 0.030839535925123427,
        "90": 0.04041313860151503
    }
}