{
    "avg_prefill_latency": 0.08056519428888957,
    "prefill_latencies": [
        0.07753229141235352,
        0.0778803825378418,
        0.07766246795654297,
        0.07800889015197754,
        0.07780122756958008,
        0.07877516746520996,
        0.08132553100585938,
        0.10508251190185547,
        0.0785224437713623,
        0.07793474197387695,
        0.07834291458129883,
        0.07791376113891602
    ],
    "prefill_percentiles": {
        "10": 0.07767634391784668,
        "25": 0.07786059379577637,
        "50": 0.07797181606292725,
        "75": 0.07858562469482422,
        "90": 0.08107049465179443
    },
    "avg_decode_latency": 0.03043985587579233,
    "decode_latencies": [
        0.02732727262708876,
        0.026721503999498155,
        0.027036216523912217,
        0.027305046717325848,
        0.029069768057929143,
        0.03387827343410916,
        0.04476051860385471,
        0.03406924671596951,
        0.02883821063571506,
        0.029629283481174044,
        0.029377222061157227,
        0.02726570765177409
    ],
    "decode_percentiles": {
        "10": 0.027059165636698405,
        "25": 0.027295211950937908,
        "50": 0.0289539893468221,
        "75": 0.030691530969407823,
        "90": 0.034050149387783474
    }
}