{
    "avg_prefill_latency": 0.050026535987854004,
    "prefill_latencies": [
        0.04580855369567871,
        0.049718618392944336,
        0.04958319664001465,
        0.049939632415771484,
        0.04375004768371582,
        0.045111894607543945,
        0.04418206214904785,
        0.05039072036743164,
        0.05292201042175293,
        0.04359865188598633,
        0.062401771545410156,
        0.0629112720489502
    ],
    "prefill_percentiles": {
        "10": 0.043793249130249026,
        "25": 0.04487943649291992,
        "50": 0.04965090751647949,
        "75": 0.05102354288101196,
        "90": 0.06145379543304444
    },
    "avg_decode_latency": 0.03443980216979981,
    "decode_latencies": [
        0.033488300111558705,
        0.03709488444858127,
        0.03731131553649902,
        0.034337891472710505,
        0.03310547934638129,
        0.03296001752217611,
        0.0332800547281901,
        0.0351716677347819,
        0.03386370340983073,
        0.03476026323106554,
        0.032485405604044594,
        0.03541864289177789
    ],
    "decode_percentiles": {
        "10": 0.03297456370459663,
        "25": 0.0332364108827379,
        "50": 0.03410079744127062,
        "75": 0.035233411524030894,
        "90": 0.036927260292900936
    }
}