{
    "avg_prefill_latency": 0.04053843021392822,
    "prefill_latencies": [
        0.03851914405822754,
        0.0371251106262207,
        0.03838014602661133,
        0.04009389877319336,
        0.03911018371582031,
        0.03819155693054199,
        0.04092049598693848,
        0.04511857032775879,
        0.03493666648864746,
        0.042348384857177734,
        0.05051541328430176,
        0.04120159149169922
    ],
    "prefill_percentiles": {
        "10": 0.03723175525665283,
        "25": 0.038332998752593994,
        "50": 0.039602041244506836,
        "75": 0.04148828983306885,
        "90": 0.044841551780700685
    },
    "avg_decode_latency": 0.032877959586955885,
    "decode_latencies": [
        0.02853703498840332,
        0.02782983250088162,
        0.029882166120741103,
        0.029298146565755207,
        0.028711716334025066,
        0.029281881120469835,
        0.029011223051283095,
        0.034229146109686956,
        0.03267410066392687,
        0.03282096650865343,
        0.03290547264946832,
        0.05935382843017578
    ],
    "decode_percentiles": {
        "10": 0.028554503122965494,
        "25": 0.02893634637196859,
        "50": 0.029590156343248155,
        "75": 0.03284209304385716,
        "90": 0.03409677876366509
    }
}