{
    "avg_prefill_latency": 0.14845709005991617,
    "prefill_latencies": [
        0.147566556930542,
        0.14732575416564941,
        0.14995980262756348,
        0.1499767303466797,
        0.14874744415283203,
        0.14834809303283691,
        0.14863276481628418,
        0.1480412483215332,
        0.14800763130187988,
        0.1485133171081543,
        0.14787030220031738,
        0.14849543571472168
    ],
    "prefill_percentiles": {
        "10": 0.14759693145751954,
        "25": 0.14797329902648926,
        "50": 0.1484217643737793,
        "75": 0.14866143465042114,
        "90": 0.14983856678009033
    },
    "avg_decode_latency": 0.04281288164633292,
    "decode_latencies": [
        0.031271643108791776,
        0.031790230009290904,
        0.13061716821458605,
        0.03968983226352268,
        0.03480437066819933,
        0.03186888164944119,
        0.03212208218044705,
        0.03203113873799642,
        0.05250496334499783,
        0.03188737233479818,
        0.032969527774386935,
        0.03219736946953668
    ],
    "decode_percentiles": {
        "10": 0.03179809517330593,
        "25": 0.03188274966345893,
        "50": 0.03215972582499187,
        "75": 0.03602573606703017,
        "90": 0.05122345023685032
    }
}