{
    "avg_prefill_latency": 0.08248464266459148,
    "prefill_latencies": [
        0.08231973648071289,
        0.08249974250793457,
        0.08231163024902344,
        0.08287167549133301,
        0.08359074592590332,
        0.08227133750915527,
        0.08239579200744629,
        0.08203506469726562,
        0.08216166496276855,
        0.08238554000854492,
        0.08225560188293457,
        0.0827171802520752
    ],
    "prefill_percentiles": {
        "10": 0.08217105865478516,
        "25": 0.0822674036026001,
        "50": 0.0823526382446289,
        "75": 0.08255410194396973,
        "90": 0.08285622596740723
    },
    "avg_decode_latency": 0.03901475226437604,
    "decode_latencies": [
        0.039745171864827476,
        0.03957952393425836,
        0.040385458204481334,
        0.04028900464375814,
        0.042417685190836586,
        0.03949605094061957,
        0.03957917955186632,
        0.03950677977667914,
        0.037529839409722224,
        0.03554558753967285,
        0.038439803653293185,
        0.03566294246249729
    ],
    "decode_percentiles": {
        "10": 0.03584963215721978,
        "25": 0.038212312592400446,
        "50": 0.03954297966427273,
        "75": 0.03988113005956014,
        "90": 0.040375812848409014
    }
}