{
    "avg_prefill_latency": 0.13162455956141153,
    "prefill_latencies": [
        0.13125014305114746,
        0.13067269325256348,
        0.13140869140625,
        0.13092041015625,
        0.13162875175476074,
        0.13114714622497559,
        0.1312117576599121,
        0.13177013397216797,
        0.13181710243225098,
        0.13199234008789062,
        0.13375282287597656,
        0.13192272186279297
    ],
    "prefill_percentiles": {
        "10": 0.13094308376312255,
        "25": 0.13119560480117798,
        "50": 0.13151872158050537,
        "75": 0.13184350728988647,
        "90": 0.13198537826538087
    },
    "avg_decode_latency": 0.034700645340813525,
    "decode_latencies": [
        0.030984958012898762,
        0.030440198050604925,
        0.0307614803314209,
        0.030150545967949763,
        0.030811998579237197,
        0.03045352300008138,
        0.032682869169447154,
        0.03286740514967176,
        0.03289617432488336,
        0.035310056474473744,
        0.032417615254720054,
        0.06663091977437337
    ],
    "decode_percentiles": {
        "10": 0.03044153054555257,
        "25": 0.030684490998586018,
        "50": 0.03170128663380941,
        "75": 0.032874597443474665,
        "90": 0.035068668259514706
    }
}