{
    "avg_prefill_latency": 0.1695521076520284,
    "prefill_latencies": [
        0.16789555549621582,
        0.16839218139648438,
        0.16618728637695312,
        0.16896510124206543,
        0.19663238525390625,
        0.16690731048583984,
        0.16549396514892578,
        0.16832900047302246,
        0.1661534309387207,
        0.16679120063781738,
        0.16640496253967285,
        0.1664729118347168
    ],
    "prefill_percentiles": {
        "10": 0.16615681648254393,
        "25": 0.16635054349899292,
        "50": 0.1668492555618286,
        "75": 0.16834479570388794,
        "90": 0.1689078092575073
    },
    "avg_decode_latency": 0.03493596227080734,
    "decode_latencies": [
        0.0375311639573839,
        0.033226331075032554,
        0.0342156622144911,
        0.035168621275160045,
        0.04972481727600098,
        0.03209670384724935,
        0.032597753736707896,
        0.03297074635823568,
        0.033497624927096896,
        0.03303461604648166,
        0.03273426161872016,
        0.03243324491712782
    ],
    "decode_percentiles": {
        "10": 0.032449695799085826,
        "25": 0.0327001346482171,
        "50": 0.03313047356075711,
        "75": 0.034453901979658336,
        "90": 0.037294909689161514
    }
}