{
    "avg_prefill_latency": 0.4228820204734802,
    "prefill_latencies": [
        0.4040846824645996,
        0.40373682975769043,
        0.4052693843841553,
        0.4069807529449463,
        0.40648889541625977,
        0.4072146415710449,
        0.4042179584503174,
        0.6117191314697266,
        0.40625762939453125,
        0.40815019607543945,
        0.40529394149780273,
        0.405170202255249
    ],
    "prefill_percentiles": {
        "10": 0.40409801006317136,
        "25": 0.4049321413040161,
        "50": 0.405775785446167,
        "75": 0.40703922510147095,
        "90": 0.408056640625
    },
    "avg_decode_latency": 0.05544773141543071,
    "decode_latencies": [
        0.07093961238861084,
        0.062277579307556154,
        0.05257747173309326,
        0.052527332305908205,
        0.052271366119384766,
        0.05317351818084717,
        0.055064821243286134,
        0.0539398193359375,
        0.054135465621948244,
        0.053577756881713866,
        0.053151273727416994,
        0.051736760139465335
    ],
    "decode_percentiles": {
        "10": 0.05229696273803711,
        "25": 0.052564936876297,
        "50": 0.053375637531280516,
        "75": 0.054367804527282716,
        "90": 0.06155630350112915
    }
}