{
    "avg_prefill_latency": 0.20458060503005981,
    "prefill_latencies": [
        0.20339155197143555,
        0.20343637466430664,
        0.2035515308380127,
        0.20859432220458984,
        0.20335865020751953,
        0.20675230026245117,
        0.20482492446899414,
        0.2023329734802246,
        0.2034931182861328,
        0.20701050758361816,
        0.20430397987365723,
        0.2039170265197754
    ],
    "prefill_percentiles": {
        "10": 0.20336194038391114,
        "25": 0.20342516899108887,
        "50": 0.20373427867889404,
        "75": 0.2053067684173584,
        "90": 0.20698468685150145
    },
    "avg_decode_latency": 0.04081480591385453,
    "decode_latencies": [
        0.04112739033169217,
        0.03908750745985243,
        0.04363115628560384,
        0.04354868994818793,
        0.04482987191942003,
        0.03796707259284125,
        0.03628810246785482,
        0.038254499435424805,
        0.04214580853780111,
        0.04067039489746094,
        0.041030486424764,
        0.04119669066535102
    ],
    "decode_percentiles": {
        "10": 0.03799581527709961,
        "25": 0.03887925545374552,
        "50": 0.04107893837822808,
        "75": 0.04249652889039782,
        "90": 0.04362290965186225
    }
}