{
    "avg_prefill_latency": 0.4062037666638692,
    "prefill_latencies": [
        0.4056699275970459,
        0.4053168296813965,
        0.4072279930114746,
        0.40699291229248047,
        0.40643763542175293,
        0.4076690673828125,
        0.4072611331939697,
        0.4044833183288574,
        0.40741729736328125,
        0.40644311904907227,
        0.40427136421203613,
        0.405254602432251
    ],
    "prefill_percentiles": {
        "10": 0.4045604467391968,
        "25": 0.4053012728691101,
        "50": 0.4064403772354126,
        "75": 0.4072362780570984,
        "90": 0.4074016809463501
    },
    "avg_decode_latency": 0.06879945198694865,
    "decode_latencies": [
        0.07890927791595459,
        0.05864548683166504,
        0.05682051181793213,
        0.05786600112915039,
        0.13052918910980224,
        0.07724401950836182,
        0.05772333145141602,
        0.05524635314941406,
        0.05584535598754883,
        0.05599980354309082,
        0.08645095825195312,
        0.054313135147094724
    ],
    "decode_percentiles": {
        "10": 0.05530625343322754,
        "25": 0.05596119165420532,
        "50": 0.05779466629028321,
        "75": 0.07766033411026002,
        "90": 0.08569679021835327
    }
}