{
    "avg_prefill_latency": 0.14969130357106528,
    "prefill_latencies": [
        0.14970874786376953,
        0.14956045150756836,
        0.1495516300201416,
        0.1494152545928955,
        0.14989876747131348,
        0.1494274139404297,
        0.14954805374145508,
        0.1494746208190918,
        0.14980053901672363,
        0.15048623085021973,
        0.15002179145812988,
        0.14940214157104492
    ],
    "prefill_percentiles": {
        "10": 0.14941647052764892,
        "25": 0.14946281909942627,
        "50": 0.14955604076385498,
        "75": 0.1498250961303711,
        "90": 0.15000948905944825
    },
    "avg_decode_latency": 0.048920392990112305,
    "decode_latencies": [
        0.044843745231628415,
        0.045521092414855954,
        0.047302651405334475,
        0.06620030403137207,
        0.04888312816619873,
        0.04662337303161621,
        0.045404672622680664,
        0.0497281551361084,
        0.05108451843261719,
        0.04523048400878906,
        0.044891977310180665,
        0.05133061408996582
    ],
    "decode_percentiles": {
        "10": 0.04492582798004151,
        "25": 0.045361125469207765,
        "50": 0.04696301221847535,
        "75": 0.050067245960235596,
        "90": 0.05130600452423096
    }
}