{
    "avg_prefill_latency": 0.04310701290766398,
    "prefill_latencies": [
        0.044152021408081055,
        0.039734601974487305,
        0.04768204689025879,
        0.04750466346740723,
        0.041680097579956055,
        0.04305696487426758,
        0.04183053970336914,
        0.042003631591796875,
        0.041979074478149414,
        0.04220414161682129,
        0.044222354888916016,
        0.04123401641845703
    ],
    "prefill_percentiles": {
        "10": 0.041278624534606935,
        "25": 0.04179292917251587,
        "50": 0.04210388660430908,
        "75": 0.044169604778289795,
        "90": 0.04717643260955811
    },
    "avg_decode_latency": 0.03471341839543096,
    "decode_latencies": [
        0.034105247921413846,
        0.03603866365220812,
        0.03632558716668023,
        0.0348612732357449,
        0.03448586993747287,
        0.03441956308152941,
        0.03404000070359972,
        0.034099207984076604,
        0.03398471408420139,
        0.03407340579562717,
        0.03622486856248644,
        0.03390261862013075
    ],
    "decode_percentiles": {
        "10": 0.03399024274614122,
        "25": 0.034065054522620306,
        "50": 0.034262405501471624,
        "75": 0.03515562083986071,
        "90": 0.036206248071458606
    }
}