{
    "avg_prefill_latency": 0.22093083461125693,
    "prefill_latencies": [
        0.2196195125579834,
        0.21965980529785156,
        0.21997284889221191,
        0.22032642364501953,
        0.22072935104370117,
        0.21945524215698242,
        0.22138762474060059,
        0.22082996368408203,
        0.22146868705749512,
        0.2227010726928711,
        0.22336721420288086,
        0.22165226936340332
    ],
    "prefill_percentiles": {
        "10": 0.21962354183197022,
        "25": 0.21989458799362183,
        "50": 0.2207796573638916,
        "75": 0.22151458263397217,
        "90": 0.2225961923599243
    },
    "avg_decode_latency": 0.044359165209311026,
    "decode_latencies": [
        0.040190007951524526,
        0.06037889586554633,
        0.03834944301181369,
        0.03869822290208605,
        0.038067605760362416,
        0.04102251264784071,
        0.04617182413736979,
        0.041135178671942815,
        0.06733089023166233,
        0.04185978571573893,
        0.04027459356519911,
        0.03883102205064562
    ],
    "decode_percentiles": {
        "10": 0.03838432100084093,
        "25": 0.03879782226350573,
        "50": 0.04064855310651991,
        "75": 0.042937795321146645,
        "90": 0.05895818869272868
    }
}