{
    "avg_prefill_latency": 0.038249433040618896,
    "prefill_latencies": [
        0.03831768035888672,
        0.038956403732299805,
        0.03860735893249512,
        0.03908944129943848,
        0.039235591888427734,
        0.03853654861450195,
        0.03892326354980469,
        0.03610992431640625,
        0.03809642791748047,
        0.03716111183166504,
        0.036859750747680664,
        0.039099693298339844
    ],
    "prefill_percentiles": {
        "10": 0.0368898868560791,
        "25": 0.03786259889602661,
        "50": 0.038571953773498535,
        "75": 0.03898966312408447,
        "90": 0.03909866809844971
    },
    "avg_decode_latency": 0.02933525156091761,
    "decode_latencies": [
        0.03012265099419488,
        0.030373997158474393,
        0.030806647406684026,
        0.03027523888481988,
        0.029924101299709745,
        0.029512988196478948,
        0.029816283120049372,
        0.02944485346476237,
        0.028121021058824327,
        0.028532610999213323,
        0.027808321846856013,
        0.02728430430094401
    ],
    "decode_percentiles": {
        "10": 0.027839591768052844,
        "25": 0.028429713514116075,
        "50": 0.02966463565826416,
        "75": 0.03016079796685113,
        "90": 0.030364121331108943
    }
}