{
    "avg_prefill_latency": 0.23150505622227988,
    "prefill_latencies": [
        0.2303028106689453,
        0.23098230361938477,
        0.23071050643920898,
        0.23055744171142578,
        0.2308957576751709,
        0.23264431953430176,
        0.23199152946472168,
        0.2322094440460205,
        0.23109793663024902,
        0.23494553565979004,
        0.23053693771362305,
        0.2311861515045166
    ],
    "prefill_percentiles": {
        "10": 0.23053898811340331,
        "25": 0.23067224025726318,
        "50": 0.2310401201248169,
        "75": 0.2320460081100464,
        "90": 0.23260083198547363
    },
    "avg_decode_latency": 0.0699230909347534,
    "decode_latencies": [
        0.061686015129089354,
        0.08141353130340576,
        0.0616929292678833,
        0.062114596366882324,
        0.08400928974151611,
        0.06258540153503418,
        0.0634927749633789,
        0.07918393611907959,
        0.07108867168426514,
        0.0700939416885376,
        0.08079371452331544,
        0.06092228889465332
    ],
    "decode_percentiles": {
        "10": 0.06168670654296875,
        "25": 0.06200917959213257,
        "50": 0.06679335832595826,
        "75": 0.07958638072013854,
        "90": 0.08135154962539673
    }
}