{
    "avg_prefill_latency": 0.07565631469090779,
    "prefill_latencies": [
        0.0744023323059082,
        0.07433199882507324,
        0.07486724853515625,
        0.07838106155395508,
        0.07762527465820312,
        0.07849383354187012,
        0.07527303695678711,
        0.07442212104797363,
        0.07474493980407715,
        0.07546687126159668,
        0.07500004768371582,
        0.07486701011657715
    ],
    "prefill_percentiles": {
        "10": 0.07440431118011474,
        "25": 0.07466423511505127,
        "50": 0.07493364810943604,
        "75": 0.07600647211074829,
        "90": 0.07830548286437988
    },
    "avg_decode_latency": 0.030752784676021997,
    "decode_latencies": [
        0.028151988983154297,
        0.028774420420328777,
        0.03331099616156684,
        0.03356271319919162,
        0.03485496838887533,
        0.03413550059000651,
        0.02987967597113715,
        0.02836932076348199,
        0.02946538395351834,
        0.03191439310709635,
        0.028439468807644315,
        0.02817458576626248
    ],
    "decode_percentiles": {
        "10": 0.02819405926598443,
        "25": 0.028421931796603732,
        "50": 0.029672529962327745,
        "75": 0.03337392542097303,
        "90": 0.03407822185092502
    }
}