{
    "avg_prefill_latency": 0.25303812821706134,
    "prefill_latencies": [
        0.25072455406188965,
        0.2513594627380371,
        0.25122809410095215,
        0.25189852714538574,
        0.2542266845703125,
        0.2516782283782959,
        0.2512366771697998,
        0.2619771957397461,
        0.2534778118133545,
        0.2531287670135498,
        0.25273847579956055,
        0.25278306007385254
    ],
    "prefill_percentiles": {
        "10": 0.25122895240783694,
        "25": 0.2513287663459778,
        "50": 0.25231850147247314,
        "75": 0.253216028213501,
        "90": 0.2541517972946167
    },
    "avg_decode_latency": 0.05097949063336407,
    "decode_latencies": [
        0.0472569465637207,
        0.04690225919087728,
        0.04683060116238064,
        0.0471854739718967,
        0.04696419503953722,
        0.04666988054911295,
        0.049075576994154185,
        0.04792828030056424,
        0.050991217295328774,
        0.050769673453436956,
        0.07871895366244847,
        0.052460829416910805
    ],
    "decode_percentiles": {
        "10": 0.04683776696523031,
        "25": 0.04694871107737224,
        "50": 0.04759261343214247,
        "75": 0.05082505941390991,
        "90": 0.0523138682047526
    }
}