{
    "avg_prefill_latency": 0.23043225208918253,
    "prefill_latencies": [
        0.22957158088684082,
        0.2319934368133545,
        0.22978806495666504,
        0.22979259490966797,
        0.23015642166137695,
        0.2316904067993164,
        0.23198556900024414,
        0.23057317733764648,
        0.2301483154296875,
        0.2301030158996582,
        0.22944879531860352,
        0.2299356460571289
    ],
    "prefill_percentiles": {
        "10": 0.22959322929382325,
        "25": 0.22979146242141724,
        "50": 0.23012566566467285,
        "75": 0.23085248470306396,
        "90": 0.23195605278015136
    },
    "avg_decode_latency": 0.032234388369101065,
    "decode_latencies": [
        0.03310301568773058,
        0.033332506815592446,
        0.032864915000067815,
        0.03303268220689562,
        0.03285977575514051,
        0.03356854120890299,
        0.03267007403903537,
        0.03306889533996582,
        0.03394309679667155,
        0.029412481519911025,
        0.029311312569512263,
        0.029645363489786785
    ],
    "decode_percentiles": {
        "10": 0.0294357697168986,
        "25": 0.03191389640172323,
        "50": 0.03294879860348172,
        "75": 0.033160388469696045,
        "90": 0.03354493776957194
    }
}