{
    "avg_prefill_latency": 0.4054435094197591,
    "prefill_latencies": [
        0.40584254264831543,
        0.40506434440612793,
        0.4046597480773926,
        0.40390825271606445,
        0.4048933982849121,
        0.4056119918823242,
        0.4053230285644531,
        0.40607237815856934,
        0.4061455726623535,
        0.4058966636657715,
        0.4056265354156494,
        0.4062776565551758
    ],
    "prefill_percentiles": {
        "10": 0.40468311309814453,
        "25": 0.405021607875824,
        "50": 0.4056192636489868,
        "75": 0.40594059228897095,
        "90": 0.4061382532119751
    },
    "avg_decode_latency": 0.06586309075355529,
    "decode_latencies": [
        0.06588938236236572,
        0.06575891971588135,
        0.06582338809967041,
        0.06655447483062744,
        0.06570746898651122,
        0.06579029560089111,
        0.0662116527557373,
        0.0658646583557129,
        0.06576716899871826,
        0.06578848361968995,
        0.0655900001525879,
        0.06561119556427002
    ],
    "decode_percentiles": {
        "10": 0.06562082290649414,
        "25": 0.06574605703353882,
        "50": 0.06578938961029053,
        "75": 0.0658708393573761,
        "90": 0.06617942571640015
    }
}