{
    "avg_prefill_latency": 0.1459253430366516,
    "prefill_latencies": [
        0.14548444747924805,
        0.14623427391052246,
        0.14540863037109375,
        0.1467592716217041,
        0.14579486846923828,
        0.14604663848876953,
        0.14627933502197266,
        0.14530491828918457,
        0.14595699310302734,
        0.1460249423980713,
        0.14567136764526367,
        0.14613842964172363
    ],
    "prefill_percentiles": {
        "10": 0.1454162120819092,
        "25": 0.14562463760375977,
        "50": 0.14599096775054932,
        "75": 0.14616239070892334,
        "90": 0.14627482891082763
    },
    "avg_decode_latency": 0.04104546904563904,
    "decode_latencies": [
        0.041080665588378903,
        0.04044597148895264,
        0.0404090404510498,
        0.0445500373840332,
        0.0392611026763916,
        0.041008377075195314,
        0.0387606143951416,
        0.03998501300811767,
        0.03672661781311035,
        0.05541982650756836,
        0.037958288192749025,
        0.03694007396697998
    ],
    "decode_percentiles": {
        "10": 0.037041895389556885,
        "25": 0.03856003284454346,
        "50": 0.04019702672958374,
        "75": 0.04102644920349121,
        "90": 0.04420310020446777
    }
}