{
    "avg_prefill_latency": 0.17846516768137613,
    "prefill_latencies": [
        0.17814421653747559,
        0.17768430709838867,
        0.17780828475952148,
        0.1782693862915039,
        0.17799758911132812,
        0.17876172065734863,
        0.1790759563446045,
        0.1788473129272461,
        0.17905402183532715,
        0.17813873291015625,
        0.17944741249084473,
        0.17835307121276855
    ],
    "prefill_percentiles": {
        "10": 0.17782721519470215,
        "25": 0.17810344696044922,
        "50": 0.17831122875213623,
        "75": 0.17889899015426636,
        "90": 0.17907376289367677
    },
    "avg_decode_latency": 0.030970244495956988,
    "decode_latencies": [
        0.030095815658569336,
        0.028565777672661677,
        0.028938849767049152,
        0.028544823328653973,
        0.028346459070841473,
        0.02919806374443902,
        0.030993037753634982,
        0.05198706520928277,
        0.029254171583387587,
        0.02846140331692166,
        0.028633091184828017,
        0.02862437566121419
    ],
    "decode_percentiles": {
        "10": 0.028469745318094892,
        "25": 0.02856053908665975,
        "50": 0.028785970475938585,
        "75": 0.029464582602183025,
        "90": 0.030903315544128417
    }
}