{
    "avg_prefill_latency": 0.042663633823394775,
    "prefill_latencies": [
        0.04282379150390625,
        0.0431516170501709,
        0.04259848594665527,
        0.04322075843811035,
        0.04264235496520996,
        0.04288792610168457,
        0.04243326187133789,
        0.04232931137084961,
        0.042839765548706055,
        0.04269576072692871,
        0.04312729835510254,
        0.041213274002075195
    ],
    "prefill_percentiles": {
        "10": 0.04233970642089844,
        "25": 0.04255717992782593,
        "50": 0.04275977611541748,
        "75": 0.04294776916503906,
        "90": 0.04314918518066406
    },
    "avg_decode_latency": 0.02751099842566031,
    "decode_latencies": [
        0.027374082141452365,
        0.02737230724758572,
        0.02703600459628635,
        0.027670330471462674,
        0.027542299694485135,
        0.027585003111097548,
        0.02682283189561632,
        0.026468091540866427,
        0.026918411254882812,
        0.027062257130940754,
        0.028462383482191298,
        0.029817978541056316
    ],
    "decode_percentiles": {
        "10": 0.026832389831542968,
        "25": 0.027006606260935463,
        "50": 0.027373194694519043,
        "75": 0.02760633495118883,
        "90": 0.028383178181118435
    }
}