{
    "avg_prefill_latency": 0.13566462198893228,
    "prefill_latencies": [
        0.13538026809692383,
        0.1355891227722168,
        0.13534808158874512,
        0.13541340827941895,
        0.13547682762145996,
        0.1366729736328125,
        0.13560771942138672,
        0.13594508171081543,
        0.13617753982543945,
        0.1355440616607666,
        0.1354994773864746,
        0.13532090187072754
    ],
    "prefill_percentiles": {
        "10": 0.135351300239563,
        "25": 0.13540512323379517,
        "50": 0.1355217695236206,
        "75": 0.1356920599937439,
        "90": 0.13615429401397705
    },
    "avg_decode_latency": 0.03677695548092877,
    "decode_latencies": [
        0.03561192088656955,
        0.03572625584072537,
        0.03537609842088488,
        0.03531752692328559,
        0.04341207610236274,
        0.03541885481940375,
        0.0367883046468099,
        0.039202345742119685,
        0.0359899467892117,
        0.035938395394219294,
        0.03523124588860406,
        0.037310494316948786
    ],
    "decode_percentiles": {
        "10": 0.03532338407304552,
        "25": 0.03540816571977404,
        "50": 0.035832325617472335,
        "75": 0.03691885206434462,
        "90": 0.039013160599602595
    }
}