{
    "avg_prefill_latency": 0.14576023817062378,
    "prefill_latencies": [
        0.14536261558532715,
        0.1454014778137207,
        0.14573073387145996,
        0.1456470489501953,
        0.14550995826721191,
        0.14618372917175293,
        0.1455092430114746,
        0.1465764045715332,
        0.1457517147064209,
        0.14586853981018066,
        0.14619755744934082,
        0.1453838348388672
    ],
    "prefill_percentiles": {
        "10": 0.14538559913635254,
        "25": 0.14548230171203613,
        "50": 0.14568889141082764,
        "75": 0.14594733715057373,
        "90": 0.14619617462158202
    },
    "avg_decode_latency": 0.04808064897855122,
    "decode_latencies": [
        0.045722150802612306,
        0.04603252410888672,
        0.06356074810028076,
        0.046865653991699216,
        0.04695937633514404,
        0.04630157947540283,
        0.04822235107421875,
        0.04732167720794678,
        0.047010159492492674,
        0.04595363140106201,
        0.04662556648254394,
        0.04639236927032471
    ],
    "decode_percentiles": {
        "10": 0.04596152067184448,
        "25": 0.0462343156337738,
        "50": 0.04674561023712158,
        "75": 0.0470880389213562,
        "90": 0.04813228368759156
    }
}