{
    "avg_prefill_latency": 0.1930829882621765,
    "prefill_latencies": [
        0.1971597671508789,
        0.19262290000915527,
        0.19347834587097168,
        0.19401240348815918,
        0.1921701431274414,
        0.19254422187805176,
        0.19248557090759277,
        0.19267511367797852,
        0.19220852851867676,
        0.19246697425842285,
        0.19245028495788574,
        0.19272160530090332
    ],
    "prefill_percentiles": {
        "10": 0.19223270416259766,
        "25": 0.19246280193328857,
        "50": 0.19258356094360352,
        "75": 0.1929107904434204,
        "90": 0.19395899772644043
    },
    "avg_decode_latency": 0.031186320163585527,
    "decode_latencies": [
        0.03490275806850857,
        0.03187717331780328,
        0.03346639209323459,
        0.032281955083211265,
        0.030077457427978516,
        0.02970433235168457,
        0.02939152717590332,
        0.029990593592325848,
        0.029426866107516818,
        0.029030428992377386,
        0.03286729918585883,
        0.031219058566623263
    ],
    "decode_percentiles": {
        "10": 0.02939506106906467,
        "25": 0.029634965790642634,
        "50": 0.03064825799730089,
        "75": 0.03242829110887316,
        "90": 0.033406482802497015
    }
}