{
    "avg_prefill_latency": 0.2165698210398356,
    "prefill_latencies": [
        0.21988916397094727,
        0.21581077575683594,
        0.21559953689575195,
        0.220106840133667,
        0.2167057991027832,
        0.21545934677124023,
        0.21582889556884766,
        0.21642088890075684,
        0.2156355381011963,
        0.21564149856567383,
        0.21561074256896973,
        0.21612882614135742
    ],
    "prefill_percentiles": {
        "10": 0.21560065746307372,
        "25": 0.21562933921813965,
        "50": 0.2158198356628418,
        "75": 0.21649211645126343,
        "90": 0.21957082748413087
    },
    "avg_decode_latency": 0.038590451081593834,
    "decode_latencies": [
        0.030281119876437716,
        0.029699828889634874,
        0.042367643780178495,
        0.11917355325486925,
        0.030745903650919598,
        0.030814197328355577,
        0.03026996718512641,
        0.030321439107259113,
        0.029704305860731337,
        0.02994460529751248,
        0.029554817411634658,
        0.030208031336466473
    ],
    "decode_percentiles": {
        "10": 0.02970027658674452,
        "25": 0.029884530438317194,
        "50": 0.030275543530782063,
        "75": 0.030762977070278592,
        "90": 0.04121229913499621
    }
}