{
    "avg_prefill_latency": 0.22689813375473022,
    "prefill_latencies": [
        0.2256946563720703,
        0.22613096237182617,
        0.22717714309692383,
        0.22730779647827148,
        0.227644681930542,
        0.22693777084350586,
        0.2275543212890625,
        0.22657370567321777,
        0.22651314735412598,
        0.22663021087646484,
        0.2275550365447998,
        0.22705817222595215
    ],
    "prefill_percentiles": {
        "10": 0.22616918087005616,
        "25": 0.22655856609344482,
        "50": 0.226997971534729,
        "75": 0.22736942768096924,
        "90": 0.22755496501922606
    },
    "avg_decode_latency": 0.060365368922551475,
    "decode_latencies": [
        0.0566612720489502,
        0.07457263469696045,
        0.05815255641937256,
        0.055568909645080565,
        0.05590822696685791,
        0.057043600082397464,
        0.05997655391693115,
        0.05481407642364502,
        0.07538609504699707,
        0.0550828218460083,
        0.05540783405303955,
        0.06580984592437744
    ],
    "decode_percentiles": {
        "10": 0.05511532306671143,
        "25": 0.05552864074707031,
        "50": 0.056852436065673834,
        "75": 0.06143487691879272,
        "90": 0.07369635581970214
    }
}