{
    "avg_prefill_latency": 0.2741498152414958,
    "prefill_latencies": [
        0.2728724479675293,
        0.27341508865356445,
        0.2744259834289551,
        0.27388453483581543,
        0.27571749687194824,
        0.275374174118042,
        0.2742581367492676,
        0.2738521099090576,
        0.2749054431915283,
        0.2736704349517822,
        0.27382612228393555,
        0.27359580993652344
    ],
    "prefill_percentiles": {
        "10": 0.27343316078186036,
        "25": 0.27365177869796753,
        "50": 0.2738683223724365,
        "75": 0.2745458483695984,
        "90": 0.2753273010253906
    },
    "avg_decode_latency": 0.04142458792086001,
    "decode_latencies": [
        0.03826038042704264,
        0.03882135285271539,
        0.03904634051852756,
        0.04263785150316027,
        0.040769471062554255,
        0.03978713353474935,
        0.04195933871799045,
        0.04150774743821886,
        0.04452692137824164,
        0.044240474700927734,
        0.044224527147081166,
        0.041313515769110784
    ],
    "decode_percentiles": {
        "10": 0.038843851619296606,
        "25": 0.0396019352806939,
        "50": 0.04141063160366482,
        "75": 0.04303452041414049,
        "90": 0.044238879945543076
    }
}