{
    "avg_prefill_latency": 0.1292006572087606,
    "prefill_latencies": [
        0.13021206855773926,
        0.12966394424438477,
        0.13008737564086914,
        0.13007354736328125,
        0.13007259368896484,
        0.12951326370239258,
        0.1285264492034912,
        0.12768793106079102,
        0.1283423900604248,
        0.12845873832702637,
        0.12852239608764648,
        0.12924718856811523
    ],
    "prefill_percentiles": {
        "10": 0.12835402488708497,
        "25": 0.12850648164749146,
        "50": 0.1293802261352539,
        "75": 0.13007283210754395,
        "90": 0.13008599281311034
    },
    "avg_decode_latency": 0.0323226429797985,
    "decode_latencies": [
        0.04569138420952691,
        0.034251636928982206,
        0.03428106837802463,
        0.030812422434488933,
        0.03593571980794271,
        0.02971453136867947,
        0.029604593912760418,
        0.03012733989291721,
        0.029425117704603408,
        0.029338969124688044,
        0.029360188378228083,
        0.02932874361673991
    ],
    "decode_percentiles": {
        "10": 0.029341091050042047,
        "25": 0.029408885373009577,
        "50": 0.02992093563079834,
        "75": 0.03425899479124281,
        "90": 0.0357702546649509
    }
}