{
    "avg_prefill_latency": 0.6447381178538004,
    "prefill_latencies": [
        0.6825096607208252,
        0.6980047225952148,
        0.6777529716491699,
        0.6005282402038574,
        0.6590385437011719,
        0.6583502292633057,
        0.6601719856262207,
        0.6582989692687988,
        0.6581439971923828,
        0.5968141555786133,
        0.5900669097900391,
        0.5971770286560059
    ],
    "prefill_percentiles": {
        "10": 0.5968504428863526,
        "25": 0.5996904373168945,
        "50": 0.6583245992660522,
        "75": 0.664567232131958,
        "90": 0.6820339918136596
    },
    "avg_decode_latency": 0.04320006458847611,
    "decode_latencies": [
        0.040138800938924156,
        0.04483045472039117,
        0.04034950998094347,
        0.04047332869635688,
        0.04482852088080512,
        0.0447801219092475,
        0.044710106319851346,
        0.044757339689466685,
        0.03962516784667969,
        0.04600358009338379,
        0.04859118991427951,
        0.039312654071384005
    ],
    "decode_percentiles": {
        "10": 0.03967653115590414,
        "25": 0.040296832720438644,
        "50": 0.04473372300465901,
        "75": 0.04482900434070163,
        "90": 0.04588626755608453
    }
}