{
    "avg_prefill_latency": 0.40605513254801434,
    "prefill_latencies": [
        0.41399335861206055,
        0.4131953716278076,
        0.411287784576416,
        0.41468024253845215,
        0.41164565086364746,
        0.4130535125732422,
        0.41258716583251953,
        0.41317248344421387,
        0.4156322479248047,
        0.3797922134399414,
        0.3798980712890625,
        0.3937234878540039
    ],
    "prefill_percentiles": {
        "10": 0.38128061294555665,
        "25": 0.406896710395813,
        "50": 0.41282033920288086,
        "75": 0.41339486837387085,
        "90": 0.41461155414581297
    },
    "avg_decode_latency": 0.04384406407674154,
    "decode_latencies": [
        0.04907806714375814,
        0.04336237907409668,
        0.046613057454427086,
        0.04354699452718099,
        0.043184015485975474,
        0.04312343067593045,
        0.04321395026312934,
        0.04331363572014703,
        0.04802613788180881,
        0.03870089848836263,
        0.038404517703586154,
        0.04556168450249566
    ],
    "decode_percentiles": {
        "10": 0.03914315170711941,
        "25": 0.043168869283464216,
        "50": 0.043338007397121854,
        "75": 0.045824527740478516,
        "90": 0.047884829839070636
    }
}