{
    "avg_prefill_latency": 0.056046744187672935,
    "prefill_latencies": [
        0.05460190773010254,
        0.05565333366394043,
        0.055687665939331055,
        0.05621838569641113,
        0.05537247657775879,
        0.055562734603881836,
        0.05613374710083008,
        0.05481863021850586,
        0.05425429344177246,
        0.05503988265991211,
        0.055921077728271484,
        0.06329679489135742
    ],
    "prefill_percentiles": {
        "10": 0.05462357997894287,
        "25": 0.05498456954956055,
        "50": 0.05560803413391113,
        "75": 0.05597424507141113,
        "90": 0.05620992183685303
    },
    "avg_decode_latency": 0.03108592165840997,
    "decode_latencies": [
        0.03030199474758572,
        0.034864319695366755,
        0.030692550871107314,
        0.030722644593980577,
        0.030576785405476887,
        0.030883815553453233,
        0.03047458330790202,
        0.029771301481458876,
        0.031124671300252277,
        0.031135612063937716,
        0.030785481135050457,
        0.03169729974534777
    ],
    "decode_percentiles": {
        "10": 0.03031925360361735,
        "25": 0.030551234881083168,
        "50": 0.030754062864515517,
        "75": 0.031127406491173636,
        "90": 0.03164113097720676
    }
}