{
    "avg_prefill_latency": 1.1686742107073467,
    "prefill_latencies": [
        1.2538154125213623,
        1.2565793991088867,
        1.257788896560669,
        1.0906238555908203,
        1.276061773300171,
        1.102207899093628,
        1.1100490093231201,
        1.1191895008087158,
        1.2613639831542969,
        1.1295959949493408,
        1.0830256938934326,
        1.0837891101837158
    ],
    "prefill_percentiles": {
        "10": 1.0844725847244263,
        "25": 1.099311888217926,
        "50": 1.1243927478790283,
        "75": 1.2568817734718323,
        "90": 1.261006474494934
    },
    "avg_decode_latency": 0.04732625352011787,
    "decode_latencies": [
        0.049519750807020396,
        0.04738603697882758,
        0.05076265335083008,
        0.04447727733188205,
        0.04434553782145182,
        0.04617553287082248,
        0.04627164204915365,
        0.04716825485229492,
        0.05388575130038791,
        0.0443528758154975,
        0.04417212804158529,
        0.0493976010216607
    ],
    "decode_percentiles": {
        "10": 0.04434627162085639,
        "25": 0.04444617695278592,
        "50": 0.04671994845072429,
        "75": 0.04942813846800062,
        "90": 0.05063836309644911
    }
}