{
    "avg_prefill_latency": 1.6714676419893901,
    "prefill_latencies": [
        1.63020920753479,
        1.647158145904541,
        1.6188514232635498,
        1.6493101119995117,
        1.6376512050628662,
        1.6711795330047607,
        1.834296464920044,
        1.665734052658081,
        1.667403221130371,
        1.67452073097229,
        1.676490068435669,
        1.684807538986206
    ],
    "prefill_percentiles": {
        "10": 1.6309534072875977,
        "25": 1.6447814106941223,
        "50": 1.666568636894226,
        "75": 1.6750130653381348,
        "90": 1.6839757919311524
    },
    "avg_decode_latency": 0.05749442842271593,
    "decode_latencies": [
        0.05376005172729492,
        0.051674842834472656,
        0.051238960689968534,
        0.06197651227315267,
        0.0515295664469401,
        0.057953966988457575,
        0.07092489136589898,
        0.05199395285712348,
        0.055110534032185875,
        0.055814266204833984,
        0.0553184085422092,
        0.07263718711005317
    ],
    "decode_percentiles": {
        "10": 0.05154409408569336,
        "25": 0.05191417535146077,
        "50": 0.05521447128719754,
        "75": 0.05895960330963135,
        "90": 0.07003005345662436
    }
}