{
    "avg_prefill_latency": 1.3398024439811707,
    "prefill_latencies": [
        1.318070650100708,
        1.3108031749725342,
        1.3182928562164307,
        1.327024221420288,
        1.3140299320220947,
        1.3116910457611084,
        1.4520812034606934,
        1.309152364730835,
        1.2911746501922607,
        1.3507022857666016,
        1.4667630195617676,
        1.3078439235687256
    ],
    "prefill_percentiles": {
        "10": 1.3079747676849365,
        "25": 1.3103904724121094,
        "50": 1.3160502910614014,
        "75": 1.3329437375068665,
        "90": 1.4419433116912843
    },
    "avg_decode_latency": 0.05015546966482092,
    "decode_latencies": [
        0.05109291606479221,
        0.047933737436930336,
        0.0667369630601671,
        0.048005766338772245,
        0.04719919628567166,
        0.05076612366570367,
        0.04723978042602539,
        0.04717082447475857,
        0.0474390983581543,
        0.04840850830078125,
        0.04831033282809787,
        0.05156238873799642
    ],
    "decode_percentiles": {
        "10": 0.047203254699707035,
        "25": 0.04738926887512207,
        "50": 0.04815804958343506,
        "75": 0.0508478217654758,
        "90": 0.051515441470676
    }
}