{
    "avg_prefill_latency": 0.6945611437161764,
    "prefill_latencies": [
        0.7029790878295898,
        0.7038877010345459,
        0.7790648937225342,
        0.6903548240661621,
        0.6774342060089111,
        0.6735317707061768,
        0.7165985107421875,
        0.6784672737121582,
        0.6837494373321533,
        0.6808946132659912,
        0.6739053726196289,
        0.6738660335540771
    ],
    "prefill_percentiles": {
        "10": 0.6738699674606323,
        "25": 0.6765519976615906,
        "50": 0.6823220252990723,
        "75": 0.7032062411308289,
        "90": 0.7153274297714234
    },
    "avg_decode_latency": 0.04155852838798806,
    "decode_latencies": [
        0.03957872920566135,
        0.04351133770412869,
        0.03985826174418131,
        0.03987044758266873,
        0.04116911358303494,
        0.04530784818861219,
        0.04229723082648383,
        0.04449656274583605,
        0.04016576872931586,
        0.0420885615878635,
        0.03958198759290907,
        0.04077649116516113
    ],
    "decode_percentiles": {
        "10": 0.039609615008036295,
        "25": 0.039867401123046875,
        "50": 0.04097280237409803,
        "75": 0.04260075754589505,
        "90": 0.04439804024166531
    }
}