{
    "avg_prefill_latency": 0.6313233375549316,
    "prefill_latencies": [
        0.6271741390228271,
        0.6308157444000244,
        0.6299712657928467,
        0.6352908611297607,
        0.6329138278961182,
        0.6311132907867432,
        0.6348857879638672,
        0.6317145824432373,
        0.6307098865509033,
        0.6271998882293701,
        0.6301310062408447,
        0.6339597702026367
    ],
    "prefill_percentiles": {
        "10": 0.6274770259857178,
        "25": 0.6300910711288452,
        "50": 0.6309645175933838,
        "75": 0.6331753134727478,
        "90": 0.6347931861877442
    },
    "avg_decode_latency": 0.03143226879614371,
    "decode_latencies": [
        0.030623594919840496,
        0.031026840209960938,
        0.03223262892829047,
        0.032346089680989586,
        0.03239398532443576,
        0.03222582075330946,
        0.030771281984117296,
        0.030606322818332247,
        0.03259910477532281,
        0.03071835305955675,
        0.030742857191297743,
        0.03090034590827094
    ],
    "decode_percentiles": {
        "10": 0.03063307073381212,
        "25": 0.030736731158362493,
        "50": 0.03096359305911594,
        "75": 0.03226099411646525,
        "90": 0.032389195760091145
    }
}