{
    "avg_prefill_latency": 0.48807499806086224,
    "prefill_latencies": [
        0.4860208034515381,
        0.4856860637664795,
        0.4991488456726074,
        0.4850442409515381,
        0.48554253578186035,
        0.4855473041534424,
        0.48621201515197754,
        0.485137939453125,
        0.5004737377166748,
        0.485093355178833,
        0.48629307746887207,
        0.48670005798339844
    ],
    "prefill_percentiles": {
        "10": 0.4850978136062622,
        "25": 0.4854413866996765,
        "50": 0.4858534336090088,
        "75": 0.48639482259750366,
        "90": 0.49790396690368655
    },
    "avg_decode_latency": 0.040774148923379404,
    "decode_latencies": [
        0.03918573591444227,
        0.038956006368001304,
        0.04130813810560438,
        0.03920592202080621,
        0.03901076316833496,
        0.03871946864657932,
        0.039697196748521596,
        0.04114558961656359,
        0.03881420029534234,
        0.044168949127197266,
        0.04449258910285102,
        0.044585227966308594
    ],
    "decode_percentiles": {
        "10": 0.03882838090260824,
        "25": 0.03899707396825155,
        "50": 0.0394515593846639,
        "75": 0.0420233408610026,
        "90": 0.04446022510528564
    }
}