{
    "avg_prefill_latency": 0.06523553530375163,
    "prefill_latencies": [
        0.06468629837036133,
        0.0665278434753418,
        0.06515765190124512,
        0.06451916694641113,
        0.06402826309204102,
        0.0645594596862793,
        0.0652151107788086,
        0.0666499137878418,
        0.06476449966430664,
        0.06553030014038086,
        0.06447052955627441,
        0.06671738624572754
    ],
    "prefill_percentiles": {
        "10": 0.06447539329528809,
        "25": 0.06454938650131226,
        "50": 0.06496107578277588,
        "75": 0.0657796859741211,
        "90": 0.0666377067565918
    },
    "avg_decode_latency": 0.03829676133614999,
    "decode_latencies": [
        0.03965629471672906,
        0.04090709156460232,
        0.03768388430277506,
        0.03792270024617513,
        0.03788529502020942,
        0.037934833102756076,
        0.03808440102471246,
        0.039813862906561956,
        0.03791345490349664,
        0.03738906648423937,
        0.03715944290161133,
        0.0372108088599311
    ],
    "decode_percentiles": {
        "10": 0.03722863462236192,
        "25": 0.03761017984814114,
        "50": 0.03791807757483588,
        "75": 0.03847737444771661,
        "90": 0.039798106087578666
    }
}