{
    "avg_prefill_latency": 0.2756394147872925,
    "prefill_latencies": [
        0.22241592407226562,
        0.2233281135559082,
        0.2239384651184082,
        0.22397375106811523,
        0.22305703163146973,
        0.846289873123169,
        0.2242128849029541,
        0.22420287132263184,
        0.22369742393493652,
        0.22408056259155273,
        0.22435498237609863,
        0.22412109375
    ],
    "prefill_percentiles": {
        "10": 0.22308413982391356,
        "25": 0.22360509634017944,
        "50": 0.22402715682983398,
        "75": 0.2242053747177124,
        "90": 0.22434077262878419
    },
    "avg_decode_latency": 0.03365393921181008,
    "decode_latencies": [
        0.030005905363294814,
        0.030056476593017578,
        0.030319372812906902,
        0.0325724548763699,
        0.045802328321668834,
        0.03950148158603244,
        0.03099536895751953,
        0.03205039766099718,
        0.030405282974243164,
        0.0353296332889133,
        0.03152142630683051,
        0.03528714179992676
    ],
    "decode_percentiles": {
        "10": 0.03008276621500651,
        "25": 0.0303838054339091,
        "50": 0.031785911983913846,
        "75": 0.035297764672173396,
        "90": 0.03908429675632053
    }
}