{
    "avg_prefill_latency": 0.09409207105636597,
    "prefill_latencies": [
        0.10291147232055664,
        0.10313677787780762,
        0.10191059112548828,
        0.10204482078552246,
        0.09066343307495117,
        0.08917498588562012,
        0.08807802200317383,
        0.08833837509155273,
        0.09044504165649414,
        0.09079837799072266,
        0.08897972106933594,
        0.09262323379516602
    ],
    "prefill_percentiles": {
        "10": 0.08840250968933105,
        "25": 0.08912616968154907,
        "50": 0.09073090553283691,
        "75": 0.10194414854049683,
        "90": 0.10282480716705322
    },
    "avg_decode_latency": 0.040151578408700456,
    "decode_latencies": [
        0.04408560858832465,
        0.043903218375311956,
        0.04388605223761664,
        0.03771564695570204,
        0.03902806176079644,
        0.03806275791592068,
        0.037042352888319224,
        0.037977642483181424,
        0.03796270158555773,
        0.03789226214090983,
        0.03845606909857856,
        0.045806566874186196
    ],
    "decode_percentiles": {
        "10": 0.037733308474222814,
        "25": 0.03794509172439575,
        "50": 0.03825941350724962,
        "75": 0.04389034377204047,
        "90": 0.04406736956702338
    }
}