{
    "avg_prefill_latency": 1.5273086428642273,
    "prefill_latencies": [
        1.4428062438964844,
        1.427135705947876,
        1.645768165588379,
        1.674989938735962,
        1.641462802886963,
        1.4279167652130127,
        1.4292385578155518,
        1.5960633754730225,
        1.4273672103881836,
        1.4473223686218262,
        1.5167958736419678,
        1.650836706161499
    ],
    "prefill_percentiles": {
        "10": 1.4274221658706665,
        "25": 1.428908109664917,
        "50": 1.482059121131897,
        "75": 1.642539143562317,
        "90": 1.650329852104187
    },
    "avg_decode_latency": 0.05898469244992291,
    "decode_latencies": [
        0.05979514122009277,
        0.05716525183783637,
        0.05720657772488064,
        0.05958880318535699,
        0.056835333506266274,
        0.0566503471798367,
        0.07856639226277669,
        0.05641057756212023,
        0.055995808707343206,
        0.05572303136189779,
        0.056194702784220375,
        0.05768434206644694
    ],
    "decode_percentiles": {
        "10": 0.056015698115030925,
        "25": 0.056356608867645264,
        "50": 0.057000292672051325,
        "75": 0.05816045734617445,
        "90": 0.059774507416619195
    }
}