{
    "avg_prefill_latency": 1.262211541334788,
    "prefill_latencies": [
        1.2181601524353027,
        1.2783539295196533,
        1.2357089519500732,
        1.2072341442108154,
        1.2081193923950195,
        1.2103090286254883,
        1.2373669147491455,
        1.2618017196655273,
        1.4541678428649902,
        1.3791592121124268,
        1.2303502559661865,
        1.2258069515228271
    ],
    "prefill_percentiles": {
        "10": 1.2083383560180665,
        "25": 1.2161973714828491,
        "50": 1.2330296039581299,
        "75": 1.2659397721290588,
        "90": 1.3690786838531495
    },
    "avg_decode_latency": 0.054825641490794996,
    "decode_latencies": [
        0.050602489047580294,
        0.049205276701185435,
        0.05425042576260037,
        0.06989828745524089,
        0.0497796270582411,
        0.05198423067728678,
        0.049874597125583224,
        0.052492777506510414,
        0.05568697717454699,
        0.05073973867628309,
        0.07264158460828993,
        0.050751686096191406
    ],
    "decode_percentiles": {
        "10": 0.049789124064975314,
        "25": 0.05042051606708103,
        "50": 0.05136795838673909,
        "75": 0.054609563615587026,
        "90": 0.0684771564271715
    }
}