{
    "avg_prefill_latency": 1.6139784057935078,
    "prefill_latencies": [
        1.5818521976470947,
        1.7342674732208252,
        1.7264564037322998,
        1.5702300071716309,
        1.574117660522461,
        1.5636811256408691,
        1.7132987976074219,
        1.5693771839141846,
        1.5633516311645508,
        1.5701487064361572,
        1.6439692974090576,
        1.556990385055542
    ],
    "prefill_percentiles": {
        "10": 1.5633845806121827,
        "25": 1.5679531693458557,
        "50": 1.572173833847046,
        "75": 1.6613016724586487,
        "90": 1.725140643119812
    },
    "avg_decode_latency": 0.058507963463112156,
    "decode_latencies": [
        0.05309878455268012,
        0.05746036105685764,
        0.054785066180759005,
        0.05764508247375488,
        0.07231095102098253,
        0.05829543537563748,
        0.059129953384399414,
        0.052894910176595054,
        0.052300082312689886,
        0.07222607400682238,
        0.06009380022684733,
        0.0518550607893202
    ],
    "decode_percentiles": {
        "10": 0.0523595650990804,
        "25": 0.05304781595865885,
        "50": 0.057552721765306264,
        "75": 0.05937091509501139,
        "90": 0.07101284662882487
    }
}