{
    "avg_prefill_latency": 1.5813965201377869,
    "prefill_latencies": [
        1.5975699424743652,
        1.5977251529693604,
        1.5130774974822998,
        1.5582818984985352,
        1.5313870906829834,
        1.5373296737670898,
        1.8547768592834473,
        1.5917267799377441,
        1.5780634880065918,
        1.5383048057556152,
        1.5223784446716309,
        1.5561366081237793
    ],
    "prefill_percentiles": {
        "10": 1.5232793092727661,
        "25": 1.5358440279960632,
        "50": 1.5572092533111572,
        "75": 1.5931875705718994,
        "90": 1.597709631919861
    },
    "avg_decode_latency": 0.06463757929978549,
    "decode_latencies": [
        0.07942313618130153,
        0.0577643977271186,
        0.05774026446872287,
        0.060020764668782554,
        0.057396782769097224,
        0.08428451750013563,
        0.06163252724541558,
        0.05936733881632487,
        0.06016916698879666,
        0.05868527624342176,
        0.08070906003316243,
        0.05845771895514594
    ],
    "decode_percentiles": {
        "10": 0.05774267779456244,
        "25": 0.058284388648139104,
        "50": 0.05969405174255371,
        "75": 0.06608017947938707,
        "90": 0.08058046764797634
    }
}