{
    "avg_prefill_latency": 0.08800582091013591,
    "prefill_latencies": [
        0.08815646171569824,
        0.08932304382324219,
        0.08673262596130371,
        0.08873605728149414,
        0.08659672737121582,
        0.09722781181335449,
        0.09154677391052246,
        0.08611297607421875,
        0.0857093334197998,
        0.0849156379699707,
        0.08460068702697754,
        0.08641171455383301
    ],
    "prefill_percentiles": {
        "10": 0.08499500751495362,
        "25": 0.08601206541061401,
        "50": 0.08666467666625977,
        "75": 0.08888280391693115,
        "90": 0.09132440090179443
    },
    "avg_decode_latency": 0.03826430329570064,
    "decode_latencies": [
        0.03832870059543186,
        0.038038306766086154,
        0.037913507885403104,
        0.03905709584554037,
        0.03900991545783149,
        0.03821926646762424,
        0.03714683320787218,
        0.037591271930270724,
        0.03779199388292101,
        0.03987227545844184,
        0.0376027954949273,
        0.0385996765560574
    ],
    "decode_percentiles": {
        "10": 0.037592424286736384,
        "25": 0.037744694285922586,
        "50": 0.0381287866168552,
        "75": 0.03870223628150092,
        "90": 0.03905237780676948
    }
}