{
    "avg_prefill_latency": 0.08093231916427612,
    "prefill_latencies": [
        0.07733035087585449,
        0.08336949348449707,
        0.07902288436889648,
        0.07869553565979004,
        0.07987213134765625,
        0.07921624183654785,
        0.07851123809814453,
        0.0778357982635498,
        0.07845711708068848,
        0.08003592491149902,
        0.08987903594970703,
        0.08896207809448242
    ],
    "prefill_percentiles": {
        "10": 0.07789793014526367,
        "25": 0.07849770784378052,
        "50": 0.07911956310272217,
        "75": 0.08086931705474854,
        "90": 0.08840281963348388
    },
    "avg_decode_latency": 0.032853837366457334,
    "decode_latencies": [
        0.031225283940633137,
        0.0333561102549235,
        0.031355195575290255,
        0.03160341580708822,
        0.03143882751464844,
        0.031934791141086154,
        0.03228335910373264,
        0.03113426102532281,
        0.03158468670315213,
        0.03644463751051161,
        0.03585945235358344,
        0.03602602746751574
    ],
    "decode_percentiles": {
        "10": 0.03123827510409885,
        "25": 0.031417919529808894,
        "50": 0.031769103474087186,
        "75": 0.033981945779588484,
        "90": 0.03600936995612251
    }
}