{
    "avg_prefill_latency": 2.199860990047455,
    "prefill_latencies": [
        2.1879940032958984,
        2.3519420623779297,
        2.1772189140319824,
        2.1670501232147217,
        2.1656675338745117,
        2.1855311393737793,
        2.2174928188323975,
        2.171654224395752,
        2.1835601329803467,
        2.2446439266204834,
        2.1888790130615234,
        2.156697988510132
    ],
    "prefill_percentiles": {
        "10": 2.165805792808533,
        "25": 2.1705031991004944,
        "50": 2.184545636177063,
        "75": 2.196032464504242,
        "90": 2.241928815841675
    },
    "avg_decode_latency": 0.0642915478459111,
    "decode_latencies": [
        0.05779295497470432,
        0.06183271937900119,
        0.06139577759636773,
        0.06321594450208876,
        0.0634510252210829,
        0.06026522318522135,
        0.0835415522257487,
        0.06409298049079047,
        0.06146666738722059,
        0.06516151958041722,
        0.06353073649936253,
        0.06575147310892741
    ],
    "decode_percentiles": {
        "10": 0.06037827862633599,
        "25": 0.06144894493950738,
        "50": 0.06333348486158583,
        "75": 0.06436011526319715,
        "90": 0.0656924777560764
    }
}