{
    "avg_prefill_latency": 0.3686986168225606,
    "prefill_latencies": [
        0.3661966323852539,
        0.36745381355285645,
        0.37139892578125,
        0.3673222064971924,
        0.37013936042785645,
        0.36385631561279297,
        0.36469316482543945,
        0.3632466793060303,
        0.3859851360321045,
        0.3658008575439453,
        0.3666090965270996,
        0.37168121337890625
    ],
    "prefill_percentiles": {
        "10": 0.3639400005340576,
        "25": 0.36552393436431885,
        "50": 0.366965651512146,
        "75": 0.37045425176620483,
        "90": 0.37165298461914065
    },
    "avg_decode_latency": 0.03216135281103629,
    "decode_latencies": [
        0.03209609455532498,
        0.03224945068359375,
        0.03267386224534777,
        0.03215437465243869,
        0.03277150789896647,
        0.03177287843492296,
        0.0318299929300944,
        0.0319470829433865,
        0.03186912006802029,
        0.03185391426086426,
        0.03245663642883301,
        0.03226131863064236
    ],
    "decode_percentiles": {
        "10": 0.03183238506317138,
        "25": 0.031865318616231285,
        "50": 0.032125234603881836,
        "75": 0.032310148080190025,
        "90": 0.03265213966369629
    }
}