{
    "avg_prefill_latency": 0.8094189564387003,
    "prefill_latencies": [
        0.830822229385376,
        0.7840151786804199,
        0.8763079643249512,
        0.7931673526763916,
        0.8985464572906494,
        0.790534257888794,
        0.7879798412322998,
        0.7893357276916504,
        0.7851743698120117,
        0.8151934146881104,
        0.7822909355163574,
        0.7796597480773926
    ],
    "prefill_percentiles": {
        "10": 0.7824633598327637,
        "25": 0.7848845720291138,
        "50": 0.7899349927902222,
        "75": 0.8191006183624268,
        "90": 0.8717593908309936
    },
    "avg_decode_latency": 0.04412419928444757,
    "decode_latencies": [
        0.042293018764919706,
        0.042656156751844615,
        0.043235725826687284,
        0.04237129953172472,
        0.0422208309173584,
        0.04211764865451389,
        0.04262450006273058,
        0.042545451058281794,
        0.04234520594278971,
        0.04221283064948188,
        0.0422469245062934,
        0.0626207987467448
    ],
    "decode_percentiles": {
        "10": 0.04221363067626953,
        "25": 0.04224040110905965,
        "50": 0.04235825273725721,
        "75": 0.04263241423500909,
        "90": 0.04317776891920302
    }
}