{
    "avg_prefill_latency": 0.48418309291203815,
    "prefill_latencies": [
        0.48233532905578613,
        0.4820725917816162,
        0.46148037910461426,
        0.5915412902832031,
        0.4770240783691406,
        0.4725661277770996,
        0.4723951816558838,
        0.4621620178222656,
        0.46121859550476074,
        0.46105504035949707,
        0.45984816551208496,
        0.5264983177185059
    ],
    "prefill_percentiles": {
        "10": 0.46107139587402346,
        "25": 0.4614149332046509,
        "50": 0.4724806547164917,
        "75": 0.4821382761001587,
        "90": 0.5220820188522339
    },
    "avg_decode_latency": 0.040007335168344,
    "decode_latencies": [
        0.0396580696105957,
        0.03951279322306315,
        0.04026068581475152,
        0.03919736544291178,
        0.03917344411214193,
        0.039277765485975474,
        0.03900951809353299,
        0.03887308968438043,
        0.03905865881178114,
        0.03893899917602539,
        0.04273041089375814,
        0.04439722167121039
    ],
    "decode_percentiles": {
        "10": 0.03894605106777615,
        "25": 0.0390463736322191,
        "50": 0.039237565464443624,
        "75": 0.039808723661634654,
        "90": 0.042483438385857476
    }
}