{
    "avg_prefill_latency": 0.8593059380849203,
    "prefill_latencies": [
        0.8561861515045166,
        0.8802056312561035,
        0.8567719459533691,
        0.8465545177459717,
        0.8510661125183105,
        0.8636400699615479,
        0.8615403175354004,
        0.8710217475891113,
        0.8535563945770264,
        0.8580317497253418,
        0.8500053882598877,
        0.863091230392456
    ],
    "prefill_percentiles": {
        "10": 0.85011146068573,
        "25": 0.8529338240623474,
        "50": 0.8574018478393555,
        "75": 0.863228440284729,
        "90": 0.870283579826355
    },
    "avg_decode_latency": 0.03149056655389292,
    "decode_latencies": [
        0.03154089715745714,
        0.030971844991048176,
        0.03171372413635254,
        0.031084431542290583,
        0.03155986467997233,
        0.03126602702670627,
        0.03165176179673937,
        0.0317834218343099,
        0.031186792585584853,
        0.03186368942260742,
        0.03130695554945204,
        0.031957387924194336
    ],
    "decode_percentiles": {
        "10": 0.03109466764662001,
        "25": 0.031246218416425917,
        "50": 0.03155038091871473,
        "75": 0.03173114856084188,
        "90": 0.03185566266377767
    }
}