{
    "avg_prefill_latency": 0.06603066126505534,
    "prefill_latencies": [
        0.06391382217407227,
        0.08543634414672852,
        0.0632481575012207,
        0.06344008445739746,
        0.06443262100219727,
        0.06620049476623535,
        0.06466960906982422,
        0.06478571891784668,
        0.06460046768188477,
        0.06448769569396973,
        0.06374740600585938,
        0.06340551376342773
    ],
    "prefill_percentiles": {
        "10": 0.06340897083282471,
        "25": 0.0636705756187439,
        "50": 0.0644601583480835,
        "75": 0.06469863653182983,
        "90": 0.06605901718139648
    },
    "avg_decode_latency": 0.03886459050355134,
    "decode_latencies": [
        0.04209242926703559,
        0.0378319952223036,
        0.040091355641682945,
        0.04211982091267904,
        0.039030339982774526,
        0.038236644532945424,
        0.03787657949659559,
        0.038033988740709096,
        0.037812127007378474,
        0.03790998458862305,
        0.03791779941982693,
        0.03742202123006185
    ],
    "decode_percentiles": {
        "10": 0.03781411382887099,
        "25": 0.037865433428022593,
        "50": 0.03797589408026801,
        "75": 0.03929559389750163,
        "90": 0.041892321904500325
    }
}