{
    "avg_prefill_latency": 0.5929542382558187,
    "prefill_latencies": [
        0.5897080898284912,
        0.5860881805419922,
        0.5926828384399414,
        0.6169991493225098,
        0.5919694900512695,
        0.5892338752746582,
        0.5879724025726318,
        0.5985167026519775,
        0.596095085144043,
        0.5909144878387451,
        0.588667631149292,
        0.5866029262542725
    ],
    "prefill_percentiles": {
        "10": 0.5867398738861084,
        "25": 0.588493824005127,
        "50": 0.5903112888336182,
        "75": 0.5935359001159668,
        "90": 0.598274540901184
    },
    "avg_decode_latency": 0.04188880876258567,
    "decode_latencies": [
        0.048871517181396484,
        0.04568232430352105,
        0.041616890165540904,
        0.041593313217163086,
        0.04203346040513781,
        0.03966085116068522,
        0.03986178504096137,
        0.0401657952202691,
        0.04127947489420573,
        0.04205396440294054,
        0.04026378525627984,
        0.039582543902926974
    ],
    "decode_percentiles": {
        "10": 0.039680944548712835,
        "25": 0.04008979267544217,
        "50": 0.0414363940556844,
        "75": 0.04203858640458849,
        "90": 0.045319488313463004
    }
}