{
    "avg_prefill_latency": 0.058987200260162354,
    "prefill_latencies": [
        0.05705881118774414,
        0.0565953254699707,
        0.056699275970458984,
        0.056217193603515625,
        0.07021427154541016,
        0.06922721862792969,
        0.05654788017272949,
        0.057760000228881836,
        0.056795597076416016,
        0.056130409240722656,
        0.056537628173828125,
        0.05806279182434082
    ],
    "prefill_percentiles": {
        "10": 0.056249237060546874,
        "25": 0.05654531717300415,
        "50": 0.0567474365234375,
        "75": 0.05783569812774658,
        "90": 0.0681107759475708
    },
    "avg_decode_latency": 0.03236154935978077,
    "decode_latencies": [
        0.031042734781901043,
        0.03104543685913086,
        0.03071488274468316,
        0.03442811965942383,
        0.039587974548339844,
        0.03825476434495714,
        0.03063397937350803,
        0.030655384063720703,
        0.030141274134318035,
        0.030180507236056857,
        0.030349837409125432,
        0.03130369716220432
    ],
    "decode_percentiles": {
        "10": 0.030197440253363714,
        "25": 0.03056294388241238,
        "50": 0.030878808763292104,
        "75": 0.032084802786509194,
        "90": 0.03787209987640381
    }
}