{
    "avg_prefill_latency": 0.7067778905232748,
    "prefill_latencies": [
        0.6797740459442139,
        0.6794893741607666,
        0.6885409355163574,
        0.7717809677124023,
        0.7699151039123535,
        0.7703258991241455,
        0.6895852088928223,
        0.6868119239807129,
        0.6823499202728271,
        0.6873500347137451,
        0.6898183822631836,
        0.6855928897857666
    ],
    "prefill_percentiles": {
        "10": 0.6800316333770752,
        "25": 0.6847821474075317,
        "50": 0.6879454851150513,
        "75": 0.7098425626754761,
        "90": 0.7702848196029664
    },
    "avg_decode_latency": 0.04152176336005882,
    "decode_latencies": [
        0.03953941663106283,
        0.044635375340779625,
        0.041675196753607854,
        0.04454477628072103,
        0.04450048340691461,
        0.04308859507242838,
        0.03972291946411133,
        0.04065150684780545,
        0.04000936614142524,
        0.03997710016038683,
        0.03971367412143283,
        0.04020275010002984
    ],
    "decode_percentiles": {
        "10": 0.039714598655700685,
        "25": 0.039913554986317955,
        "50": 0.04042712847391765,
        "75": 0.04344156715604994,
        "90": 0.04454034699334039
    }
}