{
    "avg_prefill_latency": 0.4891611536343892,
    "prefill_latencies": [
        0.47541046142578125,
        0.6077919006347656,
        0.5544772148132324,
        0.47707438468933105,
        0.46967482566833496,
        0.46898627281188965,
        0.46753954887390137,
        0.4700934886932373,
        0.46686291694641113,
        0.467695951461792,
        0.47855210304260254,
        0.4657747745513916
    ],
    "prefill_percentiles": {
        "10": 0.46693058013916017,
        "25": 0.46765685081481934,
        "50": 0.46988415718078613,
        "75": 0.4774438142776489,
        "90": 0.5468847036361695
    },
    "avg_decode_latency": 0.04000669938546641,
    "decode_latencies": [
        0.04074067539638943,
        0.03928984536064996,
        0.040311336517333984,
        0.040019856558905706,
        0.039130979114108615,
        0.03926311598883735,
        0.04328881369696723,
        0.03949597146775988,
        0.039659606085883245,
        0.04010126325819227,
        0.039642016092936196,
        0.039136913087632924
    ],
    "decode_percentiles": {
        "10": 0.039149533377753364,
        "25": 0.039283163017696805,
        "50": 0.039650811089409724,
        "75": 0.0401537815729777,
        "90": 0.04069774150848389
    }
}