{
    "avg_prefill_latency": 0.231821338335673,
    "prefill_latencies": [
        0.23888850212097168,
        0.2394118309020996,
        0.23948073387145996,
        0.2387099266052246,
        0.23917198181152344,
        0.2389523983001709,
        0.23882675170898438,
        0.23872113227844238,
        0.22052788734436035,
        0.21714496612548828,
        0.21589255332946777,
        0.2161273956298828
    ],
    "prefill_percentiles": {
        "10": 0.21622915267944337,
        "25": 0.21968215703964233,
        "50": 0.23877394199371338,
        "75": 0.23900729417800903,
        "90": 0.239387845993042
    },
    "avg_decode_latency": 0.04070122595186587,
    "decode_latencies": [
        0.042167345682779946,
        0.04243938128153483,
        0.04218771722581652,
        0.04205968644883898,
        0.04268572065565321,
        0.04222999678717719,
        0.042098045349121094,
        0.038121567832099065,
        0.037729210323757596,
        0.03903171751234266,
        0.039719740549723305,
        0.03794458177354601
    ],
    "decode_percentiles": {
        "10": 0.03796228037940132,
        "25": 0.03880418009228176,
        "50": 0.042078865898980036,
        "75": 0.04219828711615668,
        "90": 0.042418442832099064
    }
}