{
    "avg_prefill_latency": 0.010338922341664633,
    "prefill_latencies": [
        0.009997129440307617,
        0.01010584831237793,
        0.011284828186035156,
        0.011770963668823242,
        0.009929895401000977,
        0.01018524169921875,
        0.010007619857788086,
        0.010226011276245117,
        0.0099334716796875,
        0.010226011276245117,
        0.010168790817260742,
        0.010231256484985352
    ],
    "prefill_percentiles": {
        "10": 0.009939837455749511,
        "25": 0.010004997253417969,
        "50": 0.010177016258239746,
        "75": 0.010227322578430176,
        "90": 0.011179471015930175
    },
    "avg_decode_latency": 0.00973005868770458,
    "decode_latencies": [
        0.01007374127705892,
        0.009544054667154947,
        0.009711530473497178,
        0.009717888302273221,
        0.009653038448757596,
        0.009615951114230685,
        0.009584161970350478,
        0.009641144010755751,
        0.009831825892130533,
        0.010026825798882378,
        0.009625832239786783,
        0.009734710057576498
    ],
    "decode_percentiles": {
        "10": 0.0095873408847385,
        "25": 0.00962336195839776,
        "50": 0.009682284461127387,
        "75": 0.009758989016215008,
        "90": 0.010007325808207193
    }
}