{
    "avg_prefill_latency": 0.09599004189173381,
    "prefill_latencies": [
        0.09505820274353027,
        0.09562110900878906,
        0.0929558277130127,
        0.09763145446777344,
        0.09866809844970703,
        0.09475970268249512,
        0.09600186347961426,
        0.09859967231750488,
        0.09318947792053223,
        0.09692978858947754,
        0.09790921211242676,
        0.09455609321594238
    ],
    "prefill_percentiles": {
        "10": 0.09332613945007324,
        "25": 0.09470880031585693,
        "50": 0.09581148624420166,
        "75": 0.09770089387893677,
        "90": 0.09853062629699708
    },
    "avg_decode_latency": 0.00984911565427427,
    "decode_latencies": [
        0.009520371754964193,
        0.009959247377183702,
        0.009893523322211372,
        0.00988414552476671,
        0.009826607174343534,
        0.009658575057983398,
        0.009990374247233072,
        0.009919352001614042,
        0.009863244162665473,
        0.009910504023234049,
        0.009831375545925565,
        0.009932067659166124
    ],
    "decode_percentiles": {
        "10": 0.009675378269619412,
        "25": 0.009830183453030057,
        "50": 0.009888834423489042,
        "75": 0.009922530916002061,
        "90": 0.009956529405381944
    }
}