{
    "avg_prefill_latency": 0.08937299251556396,
    "prefill_latencies": [
        0.08944439888000488,
        0.08913850784301758,
        0.08931326866149902,
        0.08902859687805176,
        0.08949518203735352,
        0.08945703506469727,
        0.08937358856201172,
        0.08929443359375,
        0.08917856216430664,
        0.08972978591918945,
        0.08958005905151367,
        0.08944249153137207
    ],
    "prefill_percentiles": {
        "10": 0.08914251327514648,
        "25": 0.08926546573638916,
        "50": 0.0894080400466919,
        "75": 0.08946657180786133,
        "90": 0.08957157135009766
    },
    "avg_decode_latency": 0.018666189908981324,
    "decode_latencies": [
        0.018534159660339354,
        0.018581271171569824,
        0.018585467338562013,
        0.018931150436401367,
        0.0188215970993042,
        0.018636631965637206,
        0.018568897247314455,
        0.01850588321685791,
        0.018592214584350585,
        0.018597722053527832,
        0.018845129013061523,
        0.018794155120849608
    ],
    "decode_percentiles": {
        "10": 0.018537633419036866,
        "25": 0.01857817769050598,
        "50": 0.01859496831893921,
        "75": 0.018801015615463254,
        "90": 0.01884277582168579
    }
}