{
    "avg_prefill_latency": 0.0139161745707194,
    "prefill_latencies": [
        0.013917922973632812,
        0.013928890228271484,
        0.013881683349609375,
        0.013924837112426758,
        0.013876199722290039,
        0.013902425765991211,
        0.013897180557250977,
        0.013927936553955078,
        0.013924598693847656,
        0.013945579528808594,
        0.013925552368164062,
        0.013941287994384766
    ],
    "prefill_percentiles": {
        "10": 0.013883233070373535,
        "25": 0.013901114463806152,
        "50": 0.013924717903137207,
        "75": 0.01392817497253418,
        "90": 0.013940048217773438
    },
    "avg_decode_latency": 0.00901314064308449,
    "decode_latencies": [
        0.00910170873006185,
        0.009114662806193033,
        0.008968856599595811,
        0.008976909849378798,
        0.0090381834242079,
        0.009025653203328451,
        0.008997811211480035,
        0.008965810139973959,
        0.009001837836371528,
        0.00902157359653049,
        0.009020540449354384,
        0.008924139870537652
    ],
    "decode_percentiles": {
        "10": 0.008966114785936145,
        "25": 0.008974896536933051,
        "50": 0.009011189142862957,
        "75": 0.009028785758548314,
        "90": 0.009095356199476455
    }
}