{
    "avg_prefill_latency": 0.024248778820037842,
    "prefill_latencies": [
        0.024164199829101562,
        0.024208545684814453,
        0.024181365966796875,
        0.02425670623779297,
        0.024316787719726562,
        0.0242464542388916,
        0.024421215057373047,
        0.024176836013793945,
        0.024317026138305664,
        0.0242311954498291,
        0.024276256561279297,
        0.024188756942749023
    ],
    "prefill_percentiles": {
        "10": 0.024177289009094237,
        "25": 0.024186909198760986,
        "50": 0.02423882484436035,
        "75": 0.024286389350891113,
        "90": 0.024317002296447753
    },
    "avg_decode_latency": 0.008945151611610695,
    "decode_latencies": [
        0.008927106857299805,
        0.009029388427734375,
        0.00897073745727539,
        0.00896090931362576,
        0.008972459369235568,
        0.008910867902967665,
        0.008974340226915147,
        0.008934762742784288,
        0.008871661292182075,
        0.008937332365247939,
        0.00889526473151313,
        0.008956988652547201
    ],
    "decode_percentiles": {
        "10": 0.008896825048658583,
        "25": 0.008923047118716769,
        "50": 0.008947160508897569,
        "75": 0.008971167935265435,
        "90": 0.008974152141147189
    }
}