{
    "avg_prefill_latency": 0.09442281723022461,
    "prefill_latencies": [
        0.09429001808166504,
        0.0953831672668457,
        0.09527730941772461,
        0.09430050849914551,
        0.0940711498260498,
        0.09349346160888672,
        0.09566116333007812,
        0.09455180168151855,
        0.0952918529510498,
        0.09387993812561035,
        0.09385943412780762,
        0.09301400184631348
    ],
    "prefill_percentiles": {
        "10": 0.09353005886077881,
        "25": 0.09387481212615967,
        "50": 0.09429526329040527,
        "75": 0.09528094530105591,
        "90": 0.09537403583526612
    },
    "avg_decode_latency": 0.026617374022801718,
    "decode_latencies": [
        0.024574947357177735,
        0.02462015151977539,
        0.024680399894714357,
        0.024638438224792482,
        0.047511887550354,
        0.02529909610748291,
        0.02456326484680176,
        0.024704694747924805,
        0.02468137741088867,
        0.02470238208770752,
        0.024605751037597656,
        0.02482609748840332
    ],
    "decode_percentiles": {
        "10": 0.024578027725219727,
        "25": 0.024616551399230954,
        "50": 0.024680888652801512,
        "75": 0.024735045433044434,
        "90": 0.025251796245574953
    }
}