{
    "avg_prefill_latency": 0.09487430254618327,
    "prefill_latencies": [
        0.0946352481842041,
        0.09560608863830566,
        0.09493136405944824,
        0.09317231178283691,
        0.09673357009887695,
        0.09240198135375977,
        0.09471440315246582,
        0.09556388854980469,
        0.09624624252319336,
        0.09395408630371094,
        0.09542965888977051,
        0.09510278701782227
    ],
    "prefill_percentiles": {
        "10": 0.09325048923492432,
        "25": 0.09446495771408081,
        "50": 0.09501707553863525,
        "75": 0.09557443857192993,
        "90": 0.09618222713470459
    },
    "avg_decode_latency": 0.019738519191741945,
    "decode_latencies": [
        0.019582438468933105,
        0.01950571537017822,
        0.019548368453979493,
        0.019821834564208985,
        0.019928169250488282,
        0.019661593437194824,
        0.019696307182312012,
        0.019748926162719727,
        0.019927382469177246,
        0.019876551628112794,
        0.019828176498413085,
        0.019736766815185547
    ],
    "decode_percentiles": {
        "10": 0.019551775455474853,
        "25": 0.019641804695129394,
        "50": 0.019742846488952637,
        "75": 0.019840270280838013,
        "90": 0.019922299385070803
    }
}