{
    "avg_prefill_latency": 0.08099200328191121,
    "prefill_latencies": [
        0.08321809768676758,
        0.08059811592102051,
        0.07991671562194824,
        0.0808866024017334,
        0.08068537712097168,
        0.08073663711547852,
        0.08001399040222168,
        0.08141326904296875,
        0.08023738861083984,
        0.08238816261291504,
        0.08134865760803223,
        0.08046102523803711
    ],
    "prefill_percentiles": {
        "10": 0.0800363302230835,
        "25": 0.08040511608123779,
        "50": 0.0807110071182251,
        "75": 0.08136481046676636,
        "90": 0.0822906732559204
    },
    "avg_decode_latency": 0.016625176977228234,
    "decode_latencies": [
        0.018205218844943576,
        0.016492499245537653,
        0.01627008120218913,
        0.016103161705864802,
        0.016065359115600586,
        0.016064061058892146,
        0.01660762892829047,
        0.01630266507466634,
        0.01666866408454047,
        0.016776773664686415,
        0.016827768749660917,
        0.01711824205186632
    ],
    "decode_percentiles": {
        "10": 0.016069139374627006,
        "25": 0.016228351328108046,
        "50": 0.016550064086914062,
        "75": 0.01678952243593004,
        "90": 0.01708919472164578
    }
}