{
    "avg_prefill_latency": 0.09063476324081421,
    "prefill_latencies": [
        0.09231042861938477,
        0.09072446823120117,
        0.0911412239074707,
        0.09100008010864258,
        0.09097671508789062,
        0.08961057662963867,
        0.09001588821411133,
        0.09052824974060059,
        0.09001803398132324,
        0.08919501304626465,
        0.09005928039550781,
        0.09203720092773438
    ],
    "prefill_percentiles": {
        "10": 0.08965110778808594,
        "25": 0.09001749753952026,
        "50": 0.09062635898590088,
        "75": 0.09103536605834961,
        "90": 0.09194760322570801
    },
    "avg_decode_latency": 0.019023633003234865,
    "decode_latencies": [
        0.018825364112854005,
        0.018749642372131347,
        0.01894230842590332,
        0.018990087509155273,
        0.01887242794036865,
        0.018898773193359374,
        0.019055747985839845,
        0.019044041633605957,
        0.019029736518859863,
        0.019539594650268555,
        0.019334983825683594,
        0.019000887870788574
    ],
    "decode_percentiles": {
        "10": 0.01883007049560547,
        "25": 0.018892186880111694,
        "50": 0.018995487689971925,
        "75": 0.019046968221664427,
        "90": 0.01930706024169922
    }
}