{
    "avg_prefill_latency": 0.09166065851847331,
    "prefill_latencies": [
        0.09061646461486816,
        0.0911095142364502,
        0.09361386299133301,
        0.09228229522705078,
        0.09012007713317871,
        0.09217333793640137,
        0.09140396118164062,
        0.09166550636291504,
        0.0922086238861084,
        0.09348654747009277,
        0.0890359878540039,
        0.09221172332763672
    ],
    "prefill_percentiles": {
        "10": 0.09016971588134766,
        "25": 0.09098625183105469,
        "50": 0.0919194221496582,
        "75": 0.09222936630249023,
        "90": 0.09336612224578858
    },
    "avg_decode_latency": 0.015687936544418333,
    "decode_latencies": [
        0.015767526626586915,
        0.015576529502868652,
        0.015880060195922852,
        0.015984344482421874,
        0.015823626518249513,
        0.015679025650024415,
        0.01572887897491455,
        0.015871667861938478,
        0.01566290855407715,
        0.015521693229675292,
        0.015293169021606445,
        0.015465807914733887
    ],
    "decode_percentiles": {
        "10": 0.015471396446228029,
        "25": 0.015562820434570312,
        "50": 0.01570395231246948,
        "75": 0.015835636854171754,
        "90": 0.015879220962524414
    }
}