{
    "avg_prefill_latency": 0.09178996086120605,
    "prefill_latencies": [
        0.09210205078125,
        0.09082627296447754,
        0.09322261810302734,
        0.09181046485900879,
        0.09077191352844238,
        0.09131097793579102,
        0.09270524978637695,
        0.09095120429992676,
        0.09248018264770508,
        0.09133362770080566,
        0.09143447875976562,
        0.09253048896789551
    ],
    "prefill_percentiles": {
        "10": 0.09083876609802247,
        "25": 0.09122103452682495,
        "50": 0.09162247180938721,
        "75": 0.09249275922775269,
        "90": 0.09268777370452881
    },
    "avg_decode_latency": 0.01368339657783508,
    "decode_latencies": [
        0.01372995376586914,
        0.013647508621215821,
        0.013779354095458985,
        0.013608694076538086,
        0.013659501075744629,
        0.013602709770202637,
        0.013675522804260255,
        0.013736653327941894,
        0.013772845268249512,
        0.013641595840454102,
        0.013679409027099609,
        0.013667011260986328
    ],
    "decode_percentiles": {
        "10": 0.013611984252929688,
        "25": 0.013646030426025392,
        "50": 0.01367126703262329,
        "75": 0.013731628656387329,
        "90": 0.01376922607421875
    }
}