{
    "avg_prefill_latency": 0.08666787544886272,
    "prefill_latencies": [
        0.0874471664428711,
        0.08802628517150879,
        0.0866703987121582,
        0.08576202392578125,
        0.08610868453979492,
        0.08572649955749512,
        0.08538031578063965,
        0.08651590347290039,
        0.08530902862548828,
        0.08902740478515625,
        0.0868062973022461,
        0.0872344970703125
    ],
    "prefill_percentiles": {
        "10": 0.0854149341583252,
        "25": 0.08575314283370972,
        "50": 0.0865931510925293,
        "75": 0.08728766441345215,
        "90": 0.08796837329864501
    },
    "avg_decode_latency": 0.012467284997304281,
    "decode_latencies": [
        0.012449238035413954,
        0.012356811099582247,
        0.012358744939168295,
        0.012281603283352323,
        0.012446880340576172,
        0.012539890077379014,
        0.012343565622965494,
        0.01263178719414605,
        0.012347062428792318,
        0.012761804792616103,
        0.01260428958468967,
        0.012485742568969727
    ],
    "decode_percentiles": {
        "10": 0.012343915303548177,
        "25": 0.012354373931884766,
        "50": 0.012448059187995063,
        "75": 0.012555989954206679,
        "90": 0.012629037433200412
    }
}