{
    "avg_prefill_latency": 0.010219077269236246,
    "prefill_latencies": [
        0.010179281234741211,
        0.010290384292602539,
        0.010119915008544922,
        0.010268688201904297,
        0.010104656219482422,
        0.01033639907836914,
        0.010144710540771484,
        0.01032114028930664,
        0.010122537612915039,
        0.010290384292602539,
        0.010135173797607422,
        0.010315656661987305
    ],
    "prefill_percentiles": {
        "10": 0.010120177268981933,
        "25": 0.010132014751434326,
        "50": 0.010223984718322754,
        "75": 0.01029670238494873,
        "90": 0.010320591926574706
    },
    "avg_decode_latency": 0.00892036270212244,
    "decode_latencies": [
        0.008901702033148872,
        0.008972538842095269,
        0.00890652338663737,
        0.00889322492811415,
        0.008944617377387153,
        0.008955240249633789,
        0.008892297744750977,
        0.008907715479532877,
        0.008943107393052842,
        0.008913967344495986,
        0.008897675408257378,
        0.00891574223836263
    ],
    "decode_percentiles": {
        "10": 0.008893669976128473,
        "25": 0.008900695376925997,
        "50": 0.008910841412014432,
        "75": 0.00894348488913642,
        "90": 0.008954177962409125
    }
}