{
    "avg_prefill_latency": 0.13437889019648233,
    "prefill_latencies": [
        0.0970768928527832,
        0.12944531440734863,
        0.11703348159790039,
        0.11941337585449219,
        0.12766146659851074,
        0.13928890228271484,
        0.16433262825012207,
        0.110870361328125,
        0.13077282905578613,
        0.16000986099243164,
        0.1658933162689209,
        0.15074825286865234
    ],
    "prefill_percentiles": {
        "10": 0.11148667335510254,
        "25": 0.11881840229034424,
        "50": 0.13010907173156738,
        "75": 0.15306365489959717,
        "90": 0.16390035152435303
    },
    "avg_decode_latency": 0.009206913135669851,
    "decode_latencies": [
        0.00848094622294108,
        0.00867091284857856,
        0.00866540273030599,
        0.008894152111477323,
        0.009434991412692599,
        0.01002457406785753,
        0.010143491956922743,
        0.008614381154378256,
        0.008499171998765733,
        0.008682754304673936,
        0.010332716835869683,
        0.010039461983574761
    ],
    "decode_percentiles": {
        "10": 0.008510692914326986,
        "25": 0.008652647336324057,
        "50": 0.00878845320807563,
        "75": 0.010028296046786837,
        "90": 0.010133088959587946
    }
}