{
    "avg_prefill_latency": 0.05514766772588094,
    "prefill_latencies": [
        0.04042840003967285,
        0.040114402770996094,
        0.04749608039855957,
        0.047446250915527344,
        0.057625532150268555,
        0.05593585968017578,
        0.05257701873779297,
        0.05634474754333496,
        0.06090664863586426,
        0.06572341918945312,
        0.06665873527526855,
        0.07051491737365723
    ],
    "prefill_percentiles": {
        "10": 0.0411301851272583,
        "25": 0.047483623027801514,
        "50": 0.05614030361175537,
        "75": 0.062110841274261475,
        "90": 0.06656520366668701
    },
    "avg_decode_latency": 0.009377846011409051,
    "decode_latencies": [
        0.009255753623114692,
        0.00924772686428494,
        0.009330166710747613,
        0.00959883795844184,
        0.009249740176730685,
        0.009433243009779189,
        0.009557909435696073,
        0.009429136912027994,
        0.00935612784491645,
        0.00935583644443088,
        0.009297370910644531,
        0.00942230224609375
    ],
    "decode_percentiles": {
        "10": 0.009250341521369086,
        "25": 0.009286966588762071,
        "50": 0.009355982144673664,
        "75": 0.009430163436465792,
        "90": 0.009545442793104384
    }
}