{
    "avg_prefill_latency": 0.15559138854344687,
    "prefill_latencies": [
        0.12946605682373047,
        0.15496253967285156,
        0.1604926586151123,
        0.15686392784118652,
        0.15552473068237305,
        0.1502830982208252,
        0.10544109344482422,
        0.15896034240722656,
        0.1784064769744873,
        0.20293283462524414,
        0.1966102123260498,
        0.11715269088745117
    ],
    "prefill_percentiles": {
        "10": 0.1183840274810791,
        "25": 0.1450788378715515,
        "50": 0.15619432926177979,
        "75": 0.16497111320495605,
        "90": 0.19478983879089357
    },
    "avg_decode_latency": 0.022196330626805625,
    "decode_latencies": [
        0.018817687034606935,
        0.023092222213745118,
        0.022623467445373534,
        0.02210545539855957,
        0.021883559226989747,
        0.021014308929443358,
        0.018337440490722657,
        0.024166178703308106,
        0.025930142402648924,
        0.02558894157409668,
        0.02551584243774414,
        0.017280721664428712
    ],
    "decode_percentiles": {
        "10": 0.018385465145111086,
        "25": 0.020465153455734252,
        "50": 0.022364461421966554,
        "75": 0.024503594636917113,
        "90": 0.025581631660461426
    }
}