{
    "avg_prefill_latency": 0.1384159723917643,
    "prefill_latencies": [
        0.11141014099121094,
        0.1309802532196045,
        0.13239479064941406,
        0.10735416412353516,
        0.1359102725982666,
        0.11933660507202148,
        0.11849784851074219,
        0.2141728401184082,
        0.21555876731872559,
        0.10039091110229492,
        0.12486982345581055,
        0.1501152515411377
    ],
    "prefill_percentiles": {
        "10": 0.10775976181030274,
        "25": 0.11672592163085938,
        "50": 0.12792503833770752,
        "75": 0.13946151733398438,
        "90": 0.20776708126068116
    },
    "avg_decode_latency": 0.030687636799282495,
    "decode_latencies": [
        0.03537662823994955,
        0.027651548385620117,
        0.02728430430094401,
        0.034906334347195096,
        0.027191956837972004,
        0.026893032921685114,
        0.037569151984320745,
        0.03148068322075738,
        0.028629991743299697,
        0.0266720453898112,
        0.03611906369527181,
        0.02847690052456326
    ],
    "decode_percentiles": {
        "10": 0.026922925313313802,
        "25": 0.02726121743520101,
        "50": 0.02855344613393148,
        "75": 0.03502390782038371,
        "90": 0.03604482014973959
    }
}