{
    "avg_prefill_latency": 0.008971810340881348,
    "prefill_latencies": [
        0.009052753448486328,
        0.008974075317382812,
        0.008941888809204102,
        0.008951663970947266,
        0.008936405181884766,
        0.008944511413574219,
        0.00894618034362793,
        0.008972406387329102,
        0.009021520614624023,
        0.009078502655029297,
        0.008934974670410156,
        0.008906841278076172
    ],
    "prefill_percentiles": {
        "10": 0.008935117721557617,
        "25": 0.008940517902374268,
        "50": 0.008948922157287598,
        "75": 0.008985936641693115,
        "90": 0.009049630165100098
    },
    "avg_decode_latency": 0.008659338509594952,
    "decode_latencies": [
        0.0086057980855306,
        0.008606619305080838,
        0.008593532774183486,
        0.00858306884765625,
        0.008594565921359591,
        0.008635679880777994,
        0.009142875671386719,
        0.008586883544921875,
        0.008589982986450195,
        0.008622593349880643,
        0.00867772102355957,
        0.00867274072435167
    ],
    "decode_percentiles": {
        "10": 0.008587193489074708,
        "25": 0.008592645327250164,
        "50": 0.00860620869530572,
        "75": 0.008644945091671413,
        "90": 0.00867722299363878
    }
}