{
    "avg_prefill_latency": 0.023905595143636067,
    "prefill_latencies": [
        0.023836851119995117,
        0.023877382278442383,
        0.0238950252532959,
        0.023864030838012695,
        0.023955345153808594,
        0.023906230926513672,
        0.023880958557128906,
        0.023853302001953125,
        0.023878812789916992,
        0.024005651473999023,
        0.02402949333190918,
        0.023884057998657227
    ],
    "prefill_percentiles": {
        "10": 0.023854374885559082,
        "25": 0.02387404441833496,
        "50": 0.023882508277893066,
        "75": 0.023918509483337402,
        "90": 0.02400062084197998
    },
    "avg_decode_latency": 0.013427679185514095,
    "decode_latencies": [
        0.012647999657524956,
        0.012606885698106553,
        0.012842522727118598,
        0.02162191602918837,
        0.012674782011244033,
        0.01269327269660102,
        0.012721988889906142,
        0.01269425286187066,
        0.01263819800482856,
        0.012658437093098959,
        0.012665907541910807,
        0.012665987014770508
    ],
    "decode_percentiles": {
        "10": 0.012639178170098199,
        "25": 0.012655827734205458,
        "50": 0.01267038451300727,
        "75": 0.01270118686887953,
        "90": 0.012830469343397353
    }
}