{
    "avg_prefill_latency": 0.030698716640472412,
    "prefill_latencies": [
        0.03054976463317871,
        0.03058910369873047,
        0.030754804611206055,
        0.030678987503051758,
        0.03085470199584961,
        0.030677080154418945,
        0.030742168426513672,
        0.0307309627532959,
        0.030790090560913086,
        0.03051614761352539,
        0.03083348274230957,
        0.03066730499267578
    ],
    "prefill_percentiles": {
        "10": 0.030553698539733887,
        "25": 0.030647754669189453,
        "50": 0.030704975128173828,
        "75": 0.030763626098632812,
        "90": 0.030829143524169923
    },
    "avg_decode_latency": 0.014334923691219754,
    "decode_latencies": [
        0.013550043106079102,
        0.013475894927978516,
        0.013518624835544162,
        0.022715462578667536,
        0.013475259145100912,
        0.013645198610093858,
        0.013603475358751085,
        0.01354360580444336,
        0.013583686616685655,
        0.013613277011447482,
        0.013709624608357748,
        0.01358493169148763
    ],
    "decode_percentiles": {
        "10": 0.01348016791873508,
        "25": 0.01353736056221856,
        "50": 0.013584309154086642,
        "75": 0.013621257411109075,
        "90": 0.01370318200853136
    }
}