{
    "avg_prefill_latency": 0.018338441848754883,
    "prefill_latencies": [
        0.01827216148376465,
        0.018244266510009766,
        0.01816701889038086,
        0.01819634437561035,
        0.01819467544555664,
        0.018222570419311523,
        0.01818561553955078,
        0.018182992935180664,
        0.018172502517700195,
        0.019724130630493164,
        0.01819753646850586,
        0.01830148696899414
    ],
    "prefill_percentiles": {
        "10": 0.01817355155944824,
        "25": 0.018184959888458252,
        "50": 0.018196940422058105,
        "75": 0.018251240253448486,
        "90": 0.01829855442047119
    },
    "avg_decode_latency": 0.011203485506552237,
    "decode_latencies": [
        0.011222203572591146,
        0.011161777708265517,
        0.011176347732543945,
        0.011536651187472872,
        0.011192215813530816,
        0.011191765467325846,
        0.011230760150485568,
        0.011183023452758789,
        0.011167287826538086,
        0.011182387669881185,
        0.011102067099677192,
        0.01109533839755588
    ],
    "decode_percentiles": {
        "10": 0.011108038160536024,
        "25": 0.011165910296969943,
        "50": 0.011182705561319988,
        "75": 0.011199712753295898,
        "90": 0.011229904492696126
    }
}