{
    "avg_prefill_latency": 0.12131386995315552,
    "prefill_latencies": [
        0.08467817306518555,
        0.1225583553314209,
        0.11379003524780273,
        0.1183474063873291,
        0.11541295051574707,
        0.11039948463439941,
        0.11756324768066406,
        0.12164163589477539,
        0.11336636543273926,
        0.13264751434326172,
        0.14984607696533203,
        0.15551519393920898
    ],
    "prefill_percentiles": {
        "10": 0.1106961727142334,
        "25": 0.11368411779403687,
        "50": 0.11795532703399658,
        "75": 0.1250806450843811,
        "90": 0.148126220703125
    },
    "avg_decode_latency": 0.010087123623600711,
    "decode_latencies": [
        0.009676615397135416,
        0.009843164020114474,
        0.00986843638949924,
        0.01042644182840983,
        0.0102082888285319,
        0.009922610388861762,
        0.01016643312242296,
        0.01039221551683214,
        0.010007990731133355,
        0.009913312064276801,
        0.00983383920457628,
        0.010786135991414389
    ],
    "decode_percentiles": {
        "10": 0.0098347716861301,
        "25": 0.009862118297153048,
        "50": 0.009965300559997559,
        "75": 0.01025427050060696,
        "90": 0.01042301919725206
    }
}