{
    "avg_prefill_latency": 0.05658205350240072,
    "prefill_latencies": [
        0.040242671966552734,
        0.040178537368774414,
        0.04313993453979492,
        0.043625831604003906,
        0.0530552864074707,
        0.0550537109375,
        0.05753302574157715,
        0.06177926063537598,
        0.06662273406982422,
        0.06413650512695312,
        0.0683131217956543,
        0.08530402183532715
    ],
    "prefill_percentiles": {
        "10": 0.040532398223876956,
        "25": 0.04350435733795166,
        "50": 0.056293368339538574,
        "75": 0.0647580623626709,
        "90": 0.06814408302307129
    },
    "avg_decode_latency": 0.009242333747722485,
    "decode_latencies": [
        0.009084171719021268,
        0.009076542324490018,
        0.009073469373914931,
        0.009360074996948242,
        0.009095801247490777,
        0.009061177571614584,
        0.009228282504611544,
        0.009108199013604058,
        0.009156280093722872,
        0.009103245205349393,
        0.00915898217095269,
        0.010401778750949435
    ],
    "decode_percentiles": {
        "10": 0.00907377666897244,
        "25": 0.009082264370388456,
        "50": 0.009105722109476726,
        "75": 0.009176307254367404,
        "90": 0.009346895747714572
    }
}