{
    "avg_prefill_latency": 0.12371297677357991,
    "prefill_latencies": [
        0.09744620323181152,
        0.10358762741088867,
        0.13091683387756348,
        0.11309528350830078,
        0.10495972633361816,
        0.1128702163696289,
        0.2093491554260254,
        0.10092282295227051,
        0.11536788940429688,
        0.12335205078125,
        0.11428451538085938,
        0.1584033966064453
    ],
    "prefill_percentiles": {
        "10": 0.10118930339813233,
        "25": 0.10461670160293579,
        "50": 0.11368989944458008,
        "75": 0.12524324655532837,
        "90": 0.15565474033355714
    },
    "avg_decode_latency": 0.01765775459784049,
    "decode_latencies": [
        0.024892859988742404,
        0.01600095960828993,
        0.016976488961113825,
        0.016249073876274958,
        0.016526116265190974,
        0.017553753323025174,
        0.019116772545708552,
        0.016090101665920682,
        0.016168461905585393,
        0.01734116342332628,
        0.016831000645955402,
        0.018146302964952257
    ],
    "decode_percentiles": {
        "10": 0.016097937689887154,
        "25": 0.016228920883602567,
        "50": 0.016903744803534612,
        "75": 0.017701890733506944,
        "90": 0.019019725587632923
    }
}