{
    "avg_prefill_latency": 0.09684304396311443,
    "prefill_latencies": [
        0.09561967849731445,
        0.0973050594329834,
        0.0966346263885498,
        0.09578490257263184,
        0.0951089859008789,
        0.09838128089904785,
        0.09742188453674316,
        0.09779572486877441,
        0.09582138061523438,
        0.09639453887939453,
        0.09785819053649902,
        0.09799027442932129
    ],
    "prefill_percentiles": {
        "10": 0.09563620090484619,
        "25": 0.09581226110458374,
        "50": 0.0969698429107666,
        "75": 0.09781134128570557,
        "90": 0.09797706604003906
    },
    "avg_decode_latency": 0.00033728281656901043,
    "decode_latencies": [
        0.00031447410583496094,
        0.00034046173095703125,
        0.0003204345703125,
        0.00039196014404296875,
        0.0003571510314941406,
        0.00031375885009765625,
        0.00031256675720214844,
        0.0003135204315185547,
        0.0003974437713623047,
        0.0003516674041748047,
        0.0003211498260498047,
        0.00031280517578125
    ],
    "decode_percentiles": {
        "10": 0.00031287670135498046,
        "25": 0.00031369924545288086,
        "50": 0.00032079219818115234,
        "75": 0.00035303831100463867,
        "90": 0.00038847923278808596
    }
}