{
    "avg_prefill_latency": 0.02344822883605957,
    "prefill_latencies": [
        0.02186107635498047,
        0.021880149841308594,
        0.021884679794311523,
        0.021931886672973633,
        0.021996021270751953,
        0.0219419002532959,
        0.021971702575683594,
        0.02267932891845703,
        0.023793697357177734,
        0.025517940521240234,
        0.027663230895996094,
        0.028257131576538086
    ],
    "prefill_percentiles": {
        "10": 0.021880602836608885,
        "25": 0.021920084953308105,
        "50": 0.021983861923217773,
        "75": 0.02422475814819336,
        "90": 0.027448701858520507
    },
    "avg_decode_latency": 0.008679032325744629,
    "decode_latencies": [
        0.008615811665852865,
        0.00863255394829644,
        0.008650488323635526,
        0.00861260626051161,
        0.008621348275078667,
        0.008934524324205186,
        0.008668104807535807,
        0.00869531101650662,
        0.008661376105414497,
        0.008661879433525933,
        0.00867809189690484,
        0.008716291851467557
    ],
    "decode_percentiles": {
        "10": 0.008616365326775446,
        "25": 0.008629752529991997,
        "50": 0.008661627769470215,
        "75": 0.008682396676805284,
        "90": 0.008714193767971463
    }
}