{
    "avg_prefill_latency": 0.054613629976908364,
    "prefill_latencies": [
        0.04038834571838379,
        0.04102587699890137,
        0.04099225997924805,
        0.04913640022277832,
        0.05040240287780762,
        0.056829214096069336,
        0.051195383071899414,
        0.05307149887084961,
        0.055544376373291016,
        0.06336116790771484,
        0.07417941093444824,
        0.07923722267150879
    ],
    "prefill_percentiles": {
        "10": 0.04099562168121338,
        "25": 0.04710876941680908,
        "50": 0.05213344097137451,
        "75": 0.05846220254898071,
        "90": 0.0730975866317749
    },
    "avg_decode_latency": 0.00887263262713397,
    "decode_latencies": [
        0.008693218231201172,
        0.00868458218044705,
        0.008713112937079536,
        0.009004010094536675,
        0.008687416712443033,
        0.008784770965576172,
        0.008882999420166016,
        0.008743180168999566,
        0.008919715881347656,
        0.008831474516126845,
        0.008711470497979058,
        0.009815639919704862
    ],
    "decode_percentiles": {
        "10": 0.008687996864318847,
        "25": 0.008706907431284586,
        "50": 0.00876397556728787,
        "75": 0.008892178535461426,
        "90": 0.008995580673217773
    }
}