{
    "avg_prefill_latency": 0.013418038686116537,
    "prefill_latencies": [
        0.013410568237304688,
        0.013446569442749023,
        0.013427019119262695,
        0.013423681259155273,
        0.013419389724731445,
        0.013369560241699219,
        0.013411760330200195,
        0.013403177261352539,
        0.013484001159667969,
        0.013429641723632812,
        0.013401508331298828,
        0.01338958740234375
    ],
    "prefill_percentiles": {
        "10": 0.013390779495239258,
        "25": 0.013402760028839111,
        "50": 0.01341557502746582,
        "75": 0.013427674770355225,
        "90": 0.013444876670837403
    },
    "avg_decode_latency": 0.00782403239497432,
    "decode_latencies": [
        0.007771306567721897,
        0.007720576392279731,
        0.007770008511013455,
        0.007792525821261936,
        0.007785373263888889,
        0.007789505852593316,
        0.007779015435112847,
        0.008168909284803603,
        0.007794274224175347,
        0.00783975919087728,
        0.007867707146538628,
        0.007809427049424913
    ],
    "decode_percentiles": {
        "10": 0.007770138316684299,
        "25": 0.00777708821826511,
        "50": 0.007791015836927626,
        "75": 0.007817010084788004,
        "90": 0.007864912350972494
    }
}