{
    "avg_prefill_latency": 0.0226285457611084,
    "prefill_latencies": [
        0.021898269653320312,
        0.02193307876586914,
        0.022036075592041016,
        0.022089719772338867,
        0.022017955780029297,
        0.02207493782043457,
        0.02309441566467285,
        0.02209329605102539,
        0.022166013717651367,
        0.022115707397460938,
        0.023695707321166992,
        0.02632737159729004
    ],
    "prefill_percentiles": {
        "10": 0.021941566467285158,
        "25": 0.022031545639038086,
        "50": 0.02209150791168213,
        "75": 0.02239811420440674,
        "90": 0.02363557815551758
    },
    "avg_decode_latency": 0.009620659881167943,
    "decode_latencies": [
        0.009489112430148654,
        0.009527418348524306,
        0.009567207760281034,
        0.009489006466335721,
        0.00985097885131836,
        0.0095264646742079,
        0.009764830271402994,
        0.009636031256781684,
        0.009543498357137045,
        0.009493430455525717,
        0.009652800030178495,
        0.009907139672173394
    ],
    "decode_percentiles": {
        "10": 0.00948954423268636,
        "25": 0.009518206119537354,
        "50": 0.00955535305870904,
        "75": 0.00968080759048462,
        "90": 0.009842363993326823
    }
}