{
    "avg_prefill_latency": 0.1425067981084188,
    "prefill_latencies": [
        0.09935879707336426,
        0.1149444580078125,
        0.13546085357666016,
        0.12022066116333008,
        0.12802982330322266,
        0.1239023208618164,
        0.12074661254882812,
        0.11827254295349121,
        0.1358635425567627,
        0.21117925643920898,
        0.20331454277038574,
        0.19878816604614258
    ],
    "prefill_percentiles": {
        "10": 0.11527726650238038,
        "25": 0.11973363161087036,
        "50": 0.12596607208251953,
        "75": 0.15159469842910767,
        "90": 0.20286190509796143
    },
    "avg_decode_latency": 0.014119585355122886,
    "decode_latencies": [
        0.012987004386054145,
        0.012677325142754449,
        0.012678331798977323,
        0.021881500879923504,
        0.013125022252400717,
        0.013077153099907769,
        0.013193686803181967,
        0.012684186299641928,
        0.013106664021809896,
        0.014692253536648221,
        0.01478372679816352,
        0.014548169242011176
    ],
    "decode_percentiles": {
        "10": 0.012678917249043783,
        "25": 0.012911299864451092,
        "50": 0.013115843137105307,
        "75": 0.014584190315670438,
        "90": 0.01477457947201199
    }
}