{
    "avg_prefill_latency": 0.1048614780108134,
    "prefill_latencies": [
        0.07956528663635254,
        0.08772611618041992,
        0.09835076332092285,
        0.10850095748901367,
        0.11777210235595703,
        0.10747909545898438,
        0.1143038272857666,
        0.10218954086303711,
        0.11805844306945801,
        0.10550475120544434,
        0.11060643196105957,
        0.10828042030334473
    ],
    "prefill_percentiles": {
        "10": 0.08878858089447021,
        "25": 0.10122984647750854,
        "50": 0.10787975788116455,
        "75": 0.11153078079223633,
        "90": 0.11742527484893799
    },
    "avg_decode_latency": 0.01331794261932373,
    "decode_latencies": [
        0.012050761116875542,
        0.012019713719685873,
        0.012098736233181424,
        0.012436283959282769,
        0.01202641593085395,
        0.012160936991373697,
        0.012735419803195529,
        0.012148883607652452,
        0.02455417315165202,
        0.012316597832573785,
        0.01275446679857042,
        0.012512922286987305
    ],
    "decode_percentiles": {
        "10": 0.012028850449456108,
        "25": 0.012086742454104954,
        "50": 0.012238767411973741,
        "75": 0.01256854666603936,
        "90": 0.012752562099032931
    }
}