{
    "avg_prefill_latency": 0.15692983071009317,
    "prefill_latencies": [
        0.13612771034240723,
        0.12182831764221191,
        0.11801981925964355,
        0.11133480072021484,
        0.24671339988708496,
        0.17474150657653809,
        0.16676950454711914,
        0.17138123512268066,
        0.15541934967041016,
        0.13178133964538574,
        0.13127994537353516,
        0.21776103973388672
    ],
    "prefill_percentiles": {
        "10": 0.1184006690979004,
        "25": 0.12891703844070435,
        "50": 0.1457735300064087,
        "75": 0.17222130298614502,
        "90": 0.21345908641815187
    },
    "avg_decode_latency": 0.015410494804382323,
    "decode_latencies": [
        0.01498570442199707,
        0.014995360374450683,
        0.014655971527099609,
        0.014374113082885743,
        0.014261436462402344,
        0.015981149673461915,
        0.016032910346984862,
        0.015939164161682128,
        0.01567220687866211,
        0.014339256286621093,
        0.01562981605529785,
        0.01805884838104248
    ],
    "decode_percentiles": {
        "10": 0.014342741966247559,
        "25": 0.014585506916046143,
        "50": 0.015312588214874266,
        "75": 0.015949660539627077,
        "90": 0.01602773427963257
    }
}