{
    "avg_prefill_latency": 0.04226762056350708,
    "prefill_latencies": [
        0.03991055488586426,
        0.043280839920043945,
        0.042803287506103516,
        0.042586326599121094,
        0.04296398162841797,
        0.04261374473571777,
        0.04222893714904785,
        0.04218697547912598,
        0.04195976257324219,
        0.04224705696105957,
        0.042308807373046875,
        0.042121171951293945
    ],
    "prefill_percentiles": {
        "10": 0.041975903511047366,
        "25": 0.04217052459716797,
        "50": 0.04227793216705322,
        "75": 0.04266113042831421,
        "90": 0.042947912216186525
    },
    "avg_decode_latency": 0.027540454158076533,
    "decode_latencies": [
        0.028197156058417425,
        0.0278167724609375,
        0.027835607528686523,
        0.02783081266615126,
        0.027839051352606878,
        0.02783248159620497,
        0.02706024381849501,
        0.02694527308146159,
        0.026937219831678603,
        0.02759869893391927,
        0.027553399403889973,
        0.027038733164469402
    ],
    "decode_percentiles": {
        "10": 0.02695461908976237,
        "25": 0.02705486615498861,
        "50": 0.027707735697428383,
        "75": 0.02783326307932536,
        "90": 0.027838706970214844
    }
}