{
    "avg_prefill_latency": 0.07816958427429199,
    "prefill_latencies": [
        0.07615947723388672,
        0.07834410667419434,
        0.07822728157043457,
        0.07835912704467773,
        0.07746338844299316,
        0.07808518409729004,
        0.0779123306274414,
        0.07799720764160156,
        0.07773804664611816,
        0.07846403121948242,
        0.0804605484008789,
        0.07882428169250488
    ],
    "prefill_percentiles": {
        "10": 0.07749085426330567,
        "25": 0.0778687596321106,
        "50": 0.0781562328338623,
        "75": 0.0783853530883789,
        "90": 0.07878825664520264
    },
    "avg_decode_latency": 0.03023457306402701,
    "decode_latencies": [
        0.029531293445163302,
        0.028978718651665583,
        0.029505941602918837,
        0.02914020750257704,
        0.030020131005181208,
        0.02964374754163954,
        0.0292510986328125,
        0.029625521765814886,
        0.029355631934271917,
        0.03215638796488444,
        0.035655816396077476,
        0.029950380325317383
    ],
    "decode_percentiles": {
        "10": 0.029151296615600588,
        "25": 0.029329498608907063,
        "50": 0.029578407605489094,
        "75": 0.02996781799528334,
        "90": 0.03194276226891411
    }
}