{
    "avg_prefill_latency": 0.12438025077184041,
    "prefill_latencies": [
        0.12371015548706055,
        0.1239156723022461,
        0.12595415115356445,
        0.12456035614013672,
        0.12470078468322754,
        0.12477946281433105,
        0.1239938735961914,
        0.12372803688049316,
        0.12468671798706055,
        0.12434554100036621,
        0.12432718276977539,
        0.12386107444763184
    ],
    "prefill_percentiles": {
        "10": 0.12374134063720703,
        "25": 0.12390202283859253,
        "50": 0.1243363618850708,
        "75": 0.1246902346611023,
        "90": 0.1247715950012207
    },
    "avg_decode_latency": 0.056826179226239525,
    "decode_latencies": [
        0.05138967434565226,
        0.05221309264500936,
        0.11180488268534343,
        0.055395940939585366,
        0.05165312687555949,
        0.051891704400380455,
        0.05128347873687744,
        0.051194349924723305,
        0.051106790701548256,
        0.051344593365987144,
        0.05122001965840658,
        0.051416496435801186
    ],
    "decode_percentiles": {
        "10": 0.05119691689809163,
        "25": 0.05126761396725973,
        "50": 0.05140308539072672,
        "75": 0.05197205146153768,
        "90": 0.055077656110127764
    }
}