{
    "avg_prefill_latency": 0.0833253264427185,
    "prefill_latencies": [
        0.08378028869628906,
        0.08352351188659668,
        0.08329629898071289,
        0.08324670791625977,
        0.08316302299499512,
        0.08295679092407227,
        0.0833282470703125,
        0.08329558372497559,
        0.08319997787475586,
        0.08302116394042969,
        0.0835263729095459,
        0.08356595039367676
    ],
    "prefill_percentiles": {
        "10": 0.08303534984588623,
        "25": 0.08319073915481567,
        "50": 0.08329594135284424,
        "75": 0.08352422714233398,
        "90": 0.08356199264526368
    },
    "avg_decode_latency": 0.04861512614621056,
    "decode_latencies": [
        0.04621132214864095,
        0.04603789250055949,
        0.04604999224344889,
        0.046633740266164146,
        0.046510517597198486,
        0.04665460189183553,
        0.05184110005696615,
        0.04647397994995117,
        0.050513764222462974,
        0.06259151299794515,
        0.04673963785171509,
        0.047123452027638756
    ],
    "decode_percentiles": {
        "10": 0.046066125233968094,
        "25": 0.04640831549962362,
        "50": 0.04664417107899984,
        "75": 0.04797103007634481,
        "90": 0.05170836647351583
    }
}