{
    "avg_prefill_latency": 0.04808469613393148,
    "prefill_latencies": [
        0.04666399955749512,
        0.0478360652923584,
        0.04760599136352539,
        0.047666072845458984,
        0.04801630973815918,
        0.05110025405883789,
        0.048192739486694336,
        0.048995256423950195,
        0.04684138298034668,
        0.04773139953613281,
        0.04810166358947754,
        0.04826521873474121
    ],
    "prefill_percentiles": {
        "10": 0.046917843818664554,
        "25": 0.047651052474975586,
        "50": 0.04792618751525879,
        "75": 0.048210859298706055,
        "90": 0.048922252655029294
    },
    "avg_decode_latency": 0.029750561272656476,
    "decode_latencies": [
        0.029916392432318792,
        0.029516855875651043,
        0.031095557742648654,
        0.03126475546095106,
        0.03134504954020182,
        0.02981424331665039,
        0.02890181541442871,
        0.029130405849880643,
        0.029106087154812284,
        0.02927520540025499,
        0.02860312991672092,
        0.0290372371673584
    ],
    "decode_percentiles": {
        "10": 0.02891535758972168,
        "25": 0.029088874657948814,
        "50": 0.029396030637953017,
        "75": 0.030211183759901256,
        "90": 0.03124783568912082
    }
}