{
    "avg_prefill_latency": 0.12422748406728108,
    "prefill_latencies": [
        0.12370109558105469,
        0.12359976768493652,
        0.12432169914245605,
        0.12483811378479004,
        0.12408590316772461,
        0.12430167198181152,
        0.12419342994689941,
        0.12417936325073242,
        0.12428927421569824,
        0.12412858009338379,
        0.12506771087646484,
        0.1240231990814209
    ],
    "prefill_percentiles": {
        "10": 0.1237333059310913,
        "25": 0.12407022714614868,
        "50": 0.12418639659881592,
        "75": 0.12430667877197266,
        "90": 0.12478647232055665
    },
    "avg_decode_latency": 0.04774315820799933,
    "decode_latencies": [
        0.04593376318613688,
        0.047999441623687744,
        0.050437470277150474,
        0.049528261025746666,
        0.04953110218048096,
        0.049788991610209145,
        0.04902716477711996,
        0.048145671685536705,
        0.045656820138295494,
        0.04625686009724935,
        0.045236011346181236,
        0.045376340548197426
    ],
    "decode_percentiles": {
        "10": 0.04540438850720723,
        "25": 0.04586452742417653,
        "50": 0.04807255665461223,
        "75": 0.04952897131443024,
        "90": 0.04976320266723633
    }
}