{
    "avg_prefill_latency": 0.2099698781967163,
    "prefill_latencies": [
        0.20994853973388672,
        0.20943164825439453,
        0.20946907997131348,
        0.2091681957244873,
        0.2102222442626953,
        0.20979571342468262,
        0.2093338966369629,
        0.21009135246276855,
        0.20936989784240723,
        0.20987582206726074,
        0.2114582061767578,
        0.21147394180297852
    ],
    "prefill_percentiles": {
        "10": 0.20933749675750732,
        "25": 0.2094162106513977,
        "50": 0.20983576774597168,
        "75": 0.21012407541275024,
        "90": 0.21133460998535156
    },
    "avg_decode_latency": 0.07785557707150777,
    "decode_latencies": [
        0.06781854629516601,
        0.09202287197113038,
        0.06780924797058105,
        0.07948076725006104,
        0.0885849952697754,
        0.06888160705566407,
        0.07073087692260742,
        0.08770637512207032,
        0.0718501329421997,
        0.07141599655151368,
        0.09763631820678711,
        0.07032918930053711
    ],
    "decode_percentiles": {
        "10": 0.06792485237121582,
        "25": 0.06996729373931884,
        "50": 0.07163306474685668,
        "75": 0.08792603015899658,
        "90": 0.09167908430099488
    }
}