{
    "avg_prefill_latency": 0.03936739762624105,
    "prefill_latencies": [
        0.04099464416503906,
        0.03795671463012695,
        0.03811955451965332,
        0.040348052978515625,
        0.04872727394104004,
        0.03824138641357422,
        0.04201364517211914,
        0.03729557991027832,
        0.036808013916015625,
        0.03785347938537598,
        0.037102699279785156,
        0.03694772720336914
    ],
    "prefill_percentiles": {
        "10": 0.03696322441101074,
        "25": 0.03724735975265503,
        "50": 0.03803813457489014,
        "75": 0.040509700775146484,
        "90": 0.041911745071411134
    },
    "avg_decode_latency": 0.029390112117484764,
    "decode_latencies": [
        0.02745260132683648,
        0.02900136841668023,
        0.03221427069769965,
        0.03138319651285807,
        0.031572580337524414,
        0.028655952877468534,
        0.03275889820522732,
        0.028388394249810114,
        0.028172943327162,
        0.027896775139702693,
        0.02774779001871745,
        0.027436574300130207
    ],
    "decode_percentiles": {
        "10": 0.027482120196024577,
        "25": 0.027859528859456383,
        "50": 0.028522173563639324,
        "75": 0.03143054246902466,
        "90": 0.032150101661682126
    }
}