{
    "avg_prefill_latency": 0.044342637062072754,
    "prefill_latencies": [
        0.043530941009521484,
        0.04419398307800293,
        0.04448342323303223,
        0.04352211952209473,
        0.04561471939086914,
        0.044676780700683594,
        0.043656349182128906,
        0.04472804069519043,
        0.04414725303649902,
        0.04512310028076172,
        0.044385671615600586,
        0.04404926300048828
    ],
    "prefill_percentiles": {
        "10": 0.04354348182678223,
        "25": 0.04395103454589844,
        "50": 0.04428982734680176,
        "75": 0.0446895956993103,
        "90": 0.04508359432220459
    },
    "avg_decode_latency": 0.035571915132028085,
    "decode_latencies": [
        0.04033335049947103,
        0.03472039434644911,
        0.035297234853108726,
        0.03522208001878527,
        0.034638033972846136,
        0.03495695855882433,
        0.03486249181959364,
        0.03477891286214193,
        0.03478837013244629,
        0.03812019030253092,
        0.03455983267890082,
        0.034585131539238825
    ],
    "decode_percentiles": {
        "10": 0.03459042178259956,
        "25": 0.03469980425304836,
        "50": 0.034825430976019964,
        "75": 0.035240868727366134,
        "90": 0.037837894757588704
    }
}