{
    "avg_prefill_latency": 0.19645559787750244,
    "prefill_latencies": [
        0.20435357093811035,
        0.19646978378295898,
        0.1958625316619873,
        0.1957988739013672,
        0.19461679458618164,
        0.19602656364440918,
        0.1957254409790039,
        0.1956956386566162,
        0.19586944580078125,
        0.1961534023284912,
        0.19497013092041016,
        0.19592499732971191
    ],
    "prefill_percentiles": {
        "10": 0.19504268169403077,
        "25": 0.19571799039840698,
        "50": 0.19586598873138428,
        "75": 0.1960582733154297,
        "90": 0.19643814563751222
    },
    "avg_decode_latency": 0.048644706054970066,
    "decode_latencies": [
        0.04300901624891493,
        0.04341896375020345,
        0.06575218836466472,
        0.04382279184129503,
        0.04360458585951063,
        0.04422500398423937,
        0.05190846655103895,
        0.04414958424038357,
        0.04352442423502604,
        0.06591688262091742,
        0.043797069125705294,
        0.05060749583774143
    ],
    "decode_percentiles": {
        "10": 0.04342950979868571,
        "25": 0.04358454545338948,
        "50": 0.0439861880408393,
        "75": 0.050932738516065806,
        "90": 0.06436781618330215
    }
}