{
    "avg_prefill_latency": 0.061951021353403725,
    "prefill_latencies": [
        0.06176424026489258,
        0.06160259246826172,
        0.06158566474914551,
        0.06219482421875,
        0.062340736389160156,
        0.06198835372924805,
        0.06214094161987305,
        0.062116384506225586,
        0.061812400817871094,
        0.06236410140991211,
        0.06157374382019043,
        0.06192827224731445
    ],
    "prefill_percentiles": {
        "10": 0.06158735752105713,
        "25": 0.06172382831573486,
        "50": 0.06195831298828125,
        "75": 0.062154412269592285,
        "90": 0.06232614517211914
    },
    "avg_decode_latency": 0.03871142201953464,
    "decode_latencies": [
        0.036493036482069224,
        0.03817608621385363,
        0.03629533449808756,
        0.03681198755900065,
        0.03637864854600695,
        0.03624590237935384,
        0.03614637586805555,
        0.040296607547336154,
        0.037663671705457896,
        0.03635345564948188,
        0.056779411103990346,
        0.03689654668172201
    ],
    "decode_percentiles": {
        "10": 0.03625084559122722,
        "25": 0.0363389253616333,
        "50": 0.03665251202053493,
        "75": 0.03779177533255683,
        "90": 0.0400845554139879
    }
}