{
    "avg_prefill_latency": 0.05921375751495361,
    "prefill_latencies": [
        0.05710721015930176,
        0.05753469467163086,
        0.07256221771240234,
        0.05782341957092285,
        0.05774569511413574,
        0.05759620666503906,
        0.057695627212524414,
        0.05903267860412598,
        0.057675838470458984,
        0.060600996017456055,
        0.05771350860595703,
        0.05747699737548828
    ],
    "prefill_percentiles": {
        "10": 0.05748276710510254,
        "25": 0.05758082866668701,
        "50": 0.05770456790924072,
        "75": 0.05812573432922363,
        "90": 0.06044416427612305
    },
    "avg_decode_latency": 0.0402706331676907,
    "decode_latencies": [
        0.03797941737704807,
        0.037940025329589844,
        0.047199090321858726,
        0.03846107588873969,
        0.036005867852105036,
        0.04679873254564074,
        0.04123014873928494,
        0.038535753885904946,
        0.04496958520677355,
        0.03676674101087782,
        0.03626320097181532,
        0.04109795888264974
    ],
    "decode_percentiles": {
        "10": 0.03631355497572157,
        "25": 0.03764670424991184,
        "50": 0.03849841488732232,
        "75": 0.042165007856157094,
        "90": 0.046615817811754015
    }
}