{
    "avg_prefill_latency": 0.09100619951883952,
    "prefill_latencies": [
        0.09062504768371582,
        0.09144806861877441,
        0.09134411811828613,
        0.0909721851348877,
        0.09085679054260254,
        0.0904538631439209,
        0.0907280445098877,
        0.09128928184509277,
        0.09041523933410645,
        0.0915670394897461,
        0.09124469757080078,
        0.09113001823425293
    ],
    "prefill_percentiles": {
        "10": 0.09047098159790039,
        "25": 0.09070229530334473,
        "50": 0.09105110168457031,
        "75": 0.09130299091339111,
        "90": 0.09143767356872559
    },
    "avg_decode_latency": 0.04772218267122904,
    "decode_latencies": [
        0.04411070346832276,
        0.04389321804046631,
        0.0489995002746582,
        0.04585065841674805,
        0.0644526720046997,
        0.04616622924804688,
        0.04360542297363281,
        0.0440507173538208,
        0.04334685802459717,
        0.06107108592987061,
        0.04361624717712402,
        0.04350287914276123
    ],
    "decode_percentiles": {
        "10": 0.04351313352584839,
        "25": 0.04361354112625122,
        "50": 0.04408071041107178,
        "75": 0.04687454700469971,
        "90": 0.059863927364349374
    }
}