{
    "avg_prefill_latency": 0.1335574189821879,
    "prefill_latencies": [
        0.13341498374938965,
        0.13837099075317383,
        0.13476872444152832,
        0.13329768180847168,
        0.13239574432373047,
        0.13297796249389648,
        0.1333310604095459,
        0.1330251693725586,
        0.13337421417236328,
        0.13273000717163086,
        0.1327986717224121,
        0.1322038173675537
    ],
    "prefill_percentiles": {
        "10": 0.1324291706085205,
        "25": 0.1327815055847168,
        "50": 0.13316142559051514,
        "75": 0.13338440656661987,
        "90": 0.13463335037231444
    },
    "avg_decode_latency": 0.05307918190956116,
    "decode_latencies": [
        0.050849199295043945,
        0.05017867088317871,
        0.07134904861450195,
        0.04846134185791016,
        0.04698460102081299,
        0.04813041687011719,
        0.06861655712127686,
        0.047454094886779784,
        0.04737260341644287,
        0.04725809097290039,
        0.06413116455078124,
        0.04616439342498779
    ],
    "decode_percentiles": {
        "10": 0.04701195001602173,
        "25": 0.04734397530555725,
        "50": 0.04829587936401367,
        "75": 0.05416969060897827,
        "90": 0.0681680178642273
    }
}