{
    "avg_prefill_latency": 0.21085510651270548,
    "prefill_latencies": [
        0.2120823860168457,
        0.20920276641845703,
        0.2189035415649414,
        0.21039676666259766,
        0.2117326259613037,
        0.21245741844177246,
        0.2087419033050537,
        0.20937848091125488,
        0.20847368240356445,
        0.21091365814208984,
        0.20921778678894043,
        0.20876026153564453
    ],
    "prefill_percentiles": {
        "10": 0.20874373912811278,
        "25": 0.2090921401977539,
        "50": 0.20988762378692627,
        "75": 0.2118200659751892,
        "90": 0.21241991519927977
    },
    "avg_decode_latency": 0.06610519687334697,
    "decode_latencies": [
        0.07856442928314208,
        0.061313724517822264,
        0.09818110466003419,
        0.05640246868133545,
        0.06156730651855469,
        0.0788351058959961,
        0.055091476440429686,
        0.057832765579223636,
        0.0560450553894043,
        0.07634854316711426,
        0.05693747997283936,
        0.05614290237426758
    ],
    "decode_percentiles": {
        "10": 0.05605484008789063,
        "25": 0.05633757710456848,
        "50": 0.059573245048522946,
        "75": 0.07690251469612122,
        "90": 0.07880803823471069
    }
}