{
    "avg_prefill_latency": 0.04487391312917074,
    "prefill_latencies": [
        0.04252052307128906,
        0.04300570487976074,
        0.048046112060546875,
        0.04233551025390625,
        0.04305219650268555,
        0.04242968559265137,
        0.0432589054107666,
        0.04326176643371582,
        0.06379532814025879,
        0.04212307929992676,
        0.04220938682556152,
        0.04244875907897949
    ],
    "prefill_percentiles": {
        "10": 0.042221999168395995,
        "25": 0.04240614175796509,
        "50": 0.0427631139755249,
        "75": 0.043259620666503906,
        "90": 0.047567677497863774
    },
    "avg_decode_latency": 0.037237992993107545,
    "decode_latencies": [
        0.04180585013495551,
        0.04055966271294488,
        0.04198802842034234,
        0.03411634763081869,
        0.03446324666341146,
        0.03415979279412164,
        0.03484839863247342,
        0.039437055587768555,
        0.03965149985419379,
        0.03432607650756836,
        0.03384621938069662,
        0.03765373759799533
    ],
    "decode_percentiles": {
        "10": 0.03412069214714898,
        "25": 0.034284505579206676,
        "50": 0.036251068115234375,
        "75": 0.039878540568881564,
        "90": 0.041681231392754446
    }
}