{
    "avg_prefill_latency": 0.044206480185190834,
    "prefill_latencies": [
        0.043672800064086914,
        0.04381537437438965,
        0.04412245750427246,
        0.04370236396789551,
        0.04476594924926758,
        0.04391169548034668,
        0.044791221618652344,
        0.044206857681274414,
        0.04445648193359375,
        0.044686079025268555,
        0.0436854362487793,
        0.04466104507446289
    ],
    "prefill_percentiles": {
        "10": 0.04368712902069092,
        "25": 0.04378712177276611,
        "50": 0.04416465759277344,
        "75": 0.04466730356216431,
        "90": 0.044757962226867676
    },
    "avg_decode_latency": 0.029119787392792876,
    "decode_latencies": [
        0.029287099838256836,
        0.027639203601413302,
        0.02843120363023546,
        0.030692709816826716,
        0.02809619903564453,
        0.028403944439358182,
        0.029465542899237737,
        0.029797580507066514,
        0.029520750045776367,
        0.029368665483262803,
        0.02941253450181749,
        0.029322014914618597
    ],
    "decode_percentiles": {
        "10": 0.028126973576015898,
        "25": 0.02842438883251614,
        "50": 0.0293453401989407,
        "75": 0.029479344685872395,
        "90": 0.0297698974609375
    }
}