{
    "avg_prefill_latency": 0.1671870748202006,
    "prefill_latencies": [
        0.1671907901763916,
        0.1663198471069336,
        0.16619396209716797,
        0.1670548915863037,
        0.1666576862335205,
        0.1669301986694336,
        0.1693277359008789,
        0.1665968894958496,
        0.16686582565307617,
        0.16734910011291504,
        0.16794443130493164,
        0.16781353950500488
    ],
    "prefill_percentiles": {
        "10": 0.16634755134582518,
        "25": 0.16664248704910278,
        "50": 0.16699254512786865,
        "75": 0.1674652099609375,
        "90": 0.16793134212493896
    },
    "avg_decode_latency": 0.043433955422154176,
    "decode_latencies": [
        0.04165270593431261,
        0.03921598858303494,
        0.039645777808295354,
        0.040457063251071505,
        0.0415032704671224,
        0.06861755583021376,
        0.04218718740675184,
        0.040365510516696505,
        0.040597491794162326,
        0.040260897742377386,
        0.041810724470350474,
        0.04489329126146105
    ],
    "decode_percentiles": {
        "10": 0.03970728980170356,
        "25": 0.04033935732311673,
        "50": 0.04105038113064236,
        "75": 0.041904840204450816,
        "90": 0.04462268087599013
    }
}