{
    "avg_prefill_latency": 0.13260648647944132,
    "prefill_latencies": [
        0.13274097442626953,
        0.13268136978149414,
        0.13271212577819824,
        0.13201427459716797,
        0.13232755661010742,
        0.13200736045837402,
        0.1322929859161377,
        0.13257265090942383,
        0.13277316093444824,
        0.13241243362426758,
        0.13284659385681152,
        0.1338963508605957
    ],
    "prefill_percentiles": {
        "10": 0.13204214572906495,
        "25": 0.132318913936615,
        "50": 0.13262701034545898,
        "75": 0.1327490210533142,
        "90": 0.13283925056457518
    },
    "avg_decode_latency": 0.0002841552098592122,
    "decode_latencies": [
        0.00031113624572753906,
        0.0003075599670410156,
        0.000293731689453125,
        0.00030040740966796875,
        0.00027489662170410156,
        0.0002803802490234375,
        0.0002593994140625,
        0.000316619873046875,
        0.00026679039001464844,
        0.000274658203125,
        0.00026416778564453125,
        0.0002601146697998047
    ],
    "decode_percentiles": {
        "10": 0.00026051998138427735,
        "25": 0.00026613473892211914,
        "50": 0.00027763843536376953,
        "75": 0.00030219554901123047,
        "90": 0.0003107786178588867
    }
}