{
    "avg_prefill_latency": 0.04231226444244385,
    "prefill_latencies": [
        0.04243659973144531,
        0.04284405708312988,
        0.04111003875732422,
        0.042478084564208984,
        0.04242372512817383,
        0.04267239570617676,
        0.04260993003845215,
        0.04230904579162598,
        0.04244732856750488,
        0.042578697204589844,
        0.04115486145019531,
        0.04268240928649902
    ],
    "prefill_percentiles": {
        "10": 0.04127027988433838,
        "25": 0.042395055294036865,
        "50": 0.042462706565856934,
        "75": 0.0426255464553833,
        "90": 0.042681407928466794
    },
    "avg_decode_latency": 0.02617800235748291,
    "decode_latencies": [
        0.02605626318189833,
        0.02675077650282118,
        0.02614781591627333,
        0.02583048078748915,
        0.02654862403869629,
        0.02611430486043294,
        0.026121801800198026,
        0.02586131625705295,
        0.025983572006225586,
        0.02619912889268663,
        0.026070568296644423,
        0.026451375749376085
    ],
    "decode_percentiles": {
        "10": 0.025873541831970215,
        "25": 0.026038090387980144,
        "50": 0.026118053330315485,
        "75": 0.026262190606858995,
        "90": 0.02653889920976427
    }
}