{
    "avg_prefill_latency": 0.1274021863937378,
    "prefill_latencies": [
        0.12685632705688477,
        0.12749981880187988,
        0.12748932838439941,
        0.12781190872192383,
        0.1273787021636963,
        0.12745285034179688,
        0.12724566459655762,
        0.12749671936035156,
        0.12690353393554688,
        0.1270596981048584,
        0.12807703018188477,
        0.12755465507507324
    ],
    "prefill_percentiles": {
        "10": 0.12691915035247803,
        "25": 0.1271991729736328,
        "50": 0.12747108936309814,
        "75": 0.12751352787017822,
        "90": 0.12778618335723876
    },
    "avg_decode_latency": 0.04039391875267028,
    "decode_latencies": [
        0.03926465511322021,
        0.039107441902160645,
        0.039697003364562986,
        0.039472770690917966,
        0.04030156135559082,
        0.03933751583099365,
        0.040108990669250486,
        0.039712929725646974,
        0.03988797664642334,
        0.04698173999786377,
        0.041252422332763675,
        0.039602017402648924
    ],
    "decode_percentiles": {
        "10": 0.03927194118499756,
        "25": 0.039438956975936884,
        "50": 0.03970496654510498,
        "75": 0.040157133340835566,
        "90": 0.04115733623504639
    }
}