{
    "avg_prefill_latency": 0.08625131845474243,
    "prefill_latencies": [
        0.08623003959655762,
        0.08588004112243652,
        0.0860896110534668,
        0.08673882484436035,
        0.08700251579284668,
        0.08585572242736816,
        0.08536195755004883,
        0.08565092086791992,
        0.08698534965515137,
        0.08602547645568848,
        0.08728623390197754,
        0.08590912818908691
    ],
    "prefill_percentiles": {
        "10": 0.08567140102386475,
        "25": 0.08587396144866943,
        "50": 0.08605754375457764,
        "75": 0.0868004560470581,
        "90": 0.08700079917907715
    },
    "avg_decode_latency": 0.03968014121055603,
    "decode_latencies": [
        0.039415740966796876,
        0.03861117362976074,
        0.039468908309936525,
        0.03878476619720459,
        0.03898601531982422,
        0.03888216018676758,
        0.03913335800170899,
        0.038571739196777345,
        0.03919525146484375,
        0.04422423839569092,
        0.04084937572479248,
        0.04003896713256836
    ],
    "decode_percentiles": {
        "10": 0.038628532886505126,
        "25": 0.03885781168937683,
        "50": 0.03916430473327637,
        "75": 0.039611423015594484,
        "90": 0.04076833486557007
    }
}