{
    "avg_prefill_latency": 0.08692971865336101,
    "prefill_latencies": [
        0.08705759048461914,
        0.08765244483947754,
        0.0861215591430664,
        0.0871269702911377,
        0.08679628372192383,
        0.08712100982666016,
        0.08632302284240723,
        0.08694863319396973,
        0.08612608909606934,
        0.08842587471008301,
        0.08637332916259766,
        0.08708381652832031
    ],
    "prefill_percentiles": {
        "10": 0.08614578247070312,
        "25": 0.08636075258255005,
        "50": 0.08700311183929443,
        "75": 0.08712249994277954,
        "90": 0.08759989738464355
    },
    "avg_decode_latency": 0.05734899007912838,
    "decode_latencies": [
        0.05431563203985041,
        0.05832823840054599,
        0.05417784777554599,
        0.052944335070523346,
        0.0693718736821955,
        0.0542186823758212,
        0.05414646322076971,
        0.05296568437056108,
        0.053540251471779564,
        0.05423784255981445,
        0.07206827943975275,
        0.05787275054238059
    ],
    "decode_percentiles": {
        "10": 0.05302314108068293,
        "25": 0.05399491028352217,
        "50": 0.054228262467817825,
        "75": 0.057986622506921943,
        "90": 0.06826751015403054
    }
}