{
    "avg_prefill_latency": 0.10629828770955403,
    "prefill_latencies": [
        0.10674142837524414,
        0.1068117618560791,
        0.10863995552062988,
        0.10589170455932617,
        0.10584044456481934,
        0.10601449012756348,
        0.10544633865356445,
        0.10585641860961914,
        0.10595273971557617,
        0.10645747184753418,
        0.10558152198791504,
        0.10634517669677734
    ],
    "prefill_percentiles": {
        "10": 0.10560741424560546,
        "25": 0.10585242509841919,
        "50": 0.10598361492156982,
        "75": 0.10652846097946167,
        "90": 0.1068047285079956
    },
    "avg_decode_latency": 0.03572950098249648,
    "decode_latencies": [
        0.047695000966389976,
        0.08557044135199653,
        0.0292461183336046,
        0.02928802702162001,
        0.028765810860527888,
        0.02817005581325955,
        0.02855070432027181,
        0.028710577223036025,
        0.02878856658935547,
        0.03518048922220866,
        0.030232826868693035,
        0.02855539321899414
    ],
    "decode_percentiles": {
        "10": 0.028551173210144044,
        "25": 0.028671781222025555,
        "50": 0.029017342461480036,
        "75": 0.03146974245707194,
        "90": 0.04644354979197185
    }
}