{
    "avg_prefill_latency": 0.04360196987787882,
    "prefill_latencies": [
        0.043814659118652344,
        0.04346275329589844,
        0.043311119079589844,
        0.0429692268371582,
        0.04298901557922363,
        0.04326200485229492,
        0.04417872428894043,
        0.044054508209228516,
        0.043558597564697266,
        0.04364585876464844,
        0.04499197006225586,
        0.04298520088195801
    ],
    "prefill_percentiles": {
        "10": 0.04298558235168457,
        "25": 0.0431937575340271,
        "50": 0.04351067543029785,
        "75": 0.04387462139129639,
        "90": 0.04416630268096924
    },
    "avg_decode_latency": 0.03509245978461372,
    "decode_latencies": [
        0.03415420320298937,
        0.03404095437791613,
        0.03386351797315809,
        0.03826387723286947,
        0.035891056060791016,
        0.03673471344841851,
        0.03405581580268012,
        0.03403173552619086,
        0.036253134409586586,
        0.034641133414374456,
        0.03539005915323893,
        0.03378931681315104
    ],
    "decode_percentiles": {
        "10": 0.03388033972846137,
        "25": 0.03403864966498481,
        "50": 0.03439766830868191,
        "75": 0.03598157564798991,
        "90": 0.03668655554453532
    }
}