{
    "avg_prefill_latency": 0.04579762617746989,
    "prefill_latencies": [
        0.03819537162780762,
        0.03953886032104492,
        0.052930355072021484,
        0.045480966567993164,
        0.04107522964477539,
        0.05649304389953613,
        0.04778647422790527,
        0.05335807800292969,
        0.05504631996154785,
        0.04215693473815918,
        0.03963422775268555,
        0.03787565231323242
    ],
    "prefill_percentiles": {
        "10": 0.03832972049713135,
        "25": 0.03961038589477539,
        "50": 0.04381895065307617,
        "75": 0.053037285804748535,
        "90": 0.054877495765686034
    },
    "avg_decode_latency": 0.033465606194955325,
    "decode_latencies": [
        0.028690867953830294,
        0.029810402128431533,
        0.048081027136908636,
        0.031248622470431857,
        0.03821134567260742,
        0.035963482326931424,
        0.034302102194892034,
        0.035754654142591685,
        0.03351966540018717,
        0.03014858563741048,
        0.028079297807481553,
        0.027777221467759874
    ],
    "decode_percentiles": {
        "10": 0.02814045482211643,
        "25": 0.029530518584781222,
        "50": 0.032384143935309515,
        "75": 0.03580686118867662,
        "90": 0.03798655933803982
    }
}