{
    "avg_prefill_latency": 0.12785820166269937,
    "prefill_latencies": [
        0.12854647636413574,
        0.12871575355529785,
        0.12833333015441895,
        0.1284637451171875,
        0.12771129608154297,
        0.12770986557006836,
        0.12770366668701172,
        0.12734222412109375,
        0.12728309631347656,
        0.12703394889831543,
        0.12752127647399902,
        0.12793374061584473
    ],
    "prefill_percentiles": {
        "10": 0.1272890090942383,
        "25": 0.1274765133857727,
        "50": 0.12771058082580566,
        "75": 0.12836593389511108,
        "90": 0.12853820323944093
    },
    "avg_decode_latency": 0.034838296969731654,
    "decode_latencies": [
        0.03474869728088379,
        0.0325355052947998,
        0.038116073608398436,
        0.031676650047302246,
        0.030503296852111818,
        0.030947422981262206,
        0.03065359592437744,
        0.033928442001342776,
        0.03115215301513672,
        0.03191795349121094,
        0.05362653732299805,
        0.03825323581695557
    ],
    "decode_percentiles": {
        "10": 0.03068297863006592,
        "25": 0.03110097050666809,
        "50": 0.032226729393005374,
        "75": 0.03559054136276245,
        "90": 0.03823951959609986
    }
}