{
    "avg_prefill_latency": 0.08705345789591472,
    "prefill_latencies": [
        0.08648085594177246,
        0.08695816993713379,
        0.08669710159301758,
        0.0867156982421875,
        0.08804464340209961,
        0.08739113807678223,
        0.08721446990966797,
        0.08723020553588867,
        0.08695507049560547,
        0.08693504333496094,
        0.08723020553588867,
        0.08678889274597168
    ],
    "prefill_percentiles": {
        "10": 0.08669896125793457,
        "25": 0.08677059412002563,
        "50": 0.08695662021636963,
        "75": 0.08723020553588867,
        "90": 0.08737504482269287
    },
    "avg_decode_latency": 0.06351876424418557,
    "decode_latencies": [
        0.07326366504033406,
        0.058878302574157715,
        0.05795415242513021,
        0.05869595209757487,
        0.07372206449508667,
        0.057639499505360924,
        0.058660427729288735,
        0.07350858052571614,
        0.05857366323471069,
        0.05809088548024496,
        0.07412513097127278,
        0.05911284685134888
    ],
    "decode_percentiles": {
        "10": 0.05796782573064169,
        "25": 0.05845296879609426,
        "50": 0.05878712733586629,
        "75": 0.07332489391167958,
        "90": 0.07370071609814961
    }
}