{
    "avg_prefill_latency": 0.19043678045272827,
    "prefill_latencies": [
        0.18955731391906738,
        0.19005417823791504,
        0.18969511985778809,
        0.19004392623901367,
        0.1912071704864502,
        0.19044256210327148,
        0.1903083324432373,
        0.1912071704864502,
        0.19115400314331055,
        0.18974804878234863,
        0.19146418571472168,
        0.19035935401916504
    ],
    "prefill_percentiles": {
        "10": 0.18970041275024413,
        "25": 0.1899699568748474,
        "50": 0.19033384323120117,
        "75": 0.19116729497909546,
        "90": 0.1912071704864502
    },
    "avg_decode_latency": 0.04009054546002989,
    "decode_latencies": [
        0.0342252254486084,
        0.034634669621785484,
        0.03423293431599935,
        0.03419756889343262,
        0.0981589953104655,
        0.034721718894110784,
        0.03568797641330295,
        0.03580101331075033,
        0.034676180945502386,
        0.03555228975084093,
        0.0351060496436225,
        0.03409192297193739
    ],
    "decode_percentiles": {
        "10": 0.0342003345489502,
        "25": 0.03423100709915161,
        "50": 0.034698949919806585,
        "75": 0.03558621141645644,
        "90": 0.03578970962100559
    }
}