{
    "avg_prefill_latency": 0.082652747631073,
    "prefill_latencies": [
        0.08232450485229492,
        0.0823054313659668,
        0.08268499374389648,
        0.08259320259094238,
        0.08276200294494629,
        0.08294463157653809,
        0.08466601371765137,
        0.08255696296691895,
        0.08243083953857422,
        0.08220624923706055,
        0.08228707313537598,
        0.08207106590270996
    ],
    "prefill_percentiles": {
        "10": 0.0822143316268921,
        "25": 0.08230084180831909,
        "50": 0.08249390125274658,
        "75": 0.08270424604415894,
        "90": 0.08292636871337891
    },
    "avg_decode_latency": 0.029592012917553936,
    "decode_latencies": [
        0.028843614790174697,
        0.02946758270263672,
        0.032136890623304576,
        0.03039505746629503,
        0.030085696114434138,
        0.029894219504462347,
        0.030173831515842013,
        0.029887914657592773,
        0.028869655397203233,
        0.028659714592827693,
        0.028452820248074003,
        0.02823715739780002
    ],
    "decode_percentiles": {
        "10": 0.028473509682549372,
        "25": 0.028797639740837946,
        "50": 0.029677748680114746,
        "75": 0.030107729964786105,
        "90": 0.03037293487124973
    }
}