{
    "avg_prefill_latency": 0.22354048490524292,
    "prefill_latencies": [
        0.20380640029907227,
        0.2041027545928955,
        0.20373034477233887,
        0.20424461364746094,
        0.20518255233764648,
        0.2068769931793213,
        0.20403766632080078,
        0.2038118839263916,
        0.2035808563232422,
        0.20383119583129883,
        0.20583176612854004,
        0.43344879150390625
    ],
    "prefill_percentiles": {
        "10": 0.2037379503250122,
        "25": 0.20381051301956177,
        "50": 0.20407021045684814,
        "75": 0.20534485578536987,
        "90": 0.20677247047424316
    },
    "avg_decode_latency": 0.05058404803276062,
    "decode_latencies": [
        0.043743014335632324,
        0.0457653284072876,
        0.04464740753173828,
        0.04568901062011719,
        0.04748868942260742,
        0.04585297107696533,
        0.04500417709350586,
        0.044948887825012204,
        0.04472324848175049,
        0.04528510570526123,
        0.10800261497497558,
        0.045858120918273924
    ],
    "decode_percentiles": {
        "10": 0.0446549916267395,
        "25": 0.04489247798919677,
        "50": 0.045487058162689206,
        "75": 0.045854258537292476,
        "90": 0.04732563257217407
    }
}