{
    "avg_prefill_latency": 0.20549090703328451,
    "prefill_latencies": [
        0.2050943374633789,
        0.20465755462646484,
        0.20428228378295898,
        0.20483660697937012,
        0.20528960227966309,
        0.2062833309173584,
        0.20538067817687988,
        0.20772194862365723,
        0.20468640327453613,
        0.20691823959350586,
        0.20595049858093262,
        0.204789400100708
    ],
    "prefill_percentiles": {
        "10": 0.20466043949127197,
        "25": 0.20476365089416504,
        "50": 0.205191969871521,
        "75": 0.20603370666503906,
        "90": 0.2068547487258911
    },
    "avg_decode_latency": 0.08797279451832628,
    "decode_latencies": [
        0.08375874432650479,
        0.10227361592379483,
        0.08384190906177867,
        0.08570764281532982,
        0.08439917997880415,
        0.08424403450705788,
        0.08913191882046786,
        0.1056070327758789,
        0.08412200754339044,
        0.0859642895785245,
        0.08321642875671387,
        0.08340673013166948
    ],
    "decode_percentiles": {
        "10": 0.08344193155115301,
        "25": 0.0838211178779602,
        "50": 0.08432160724293102,
        "75": 0.08675619688901035,
        "90": 0.10095944621346215
    }
}