{
    "avg_prefill_latency": 0.1286033590634664,
    "prefill_latencies": [
        0.1284046173095703,
        0.1285686492919922,
        0.1284949779510498,
        0.1288609504699707,
        0.1281726360321045,
        0.12868714332580566,
        0.12839913368225098,
        0.12867021560668945,
        0.12847185134887695,
        0.12860465049743652,
        0.12862539291381836,
        0.12928009033203125
    ],
    "prefill_percentiles": {
        "10": 0.12839968204498292,
        "25": 0.1284550428390503,
        "50": 0.12858664989471436,
        "75": 0.1286744475364685,
        "90": 0.1288435697555542
    },
    "avg_decode_latency": 0.03196446763144599,
    "decode_latencies": [
        0.030341466267903645,
        0.030458158916897245,
        0.03780015309651693,
        0.03157210350036621,
        0.031184381908840604,
        0.029842270745171443,
        0.02990608745151096,
        0.029842906528049044,
        0.0298411316341824,
        0.030366314782036677,
        0.03502970271640354,
        0.0373889340294732
    ],
    "decode_percentiles": {
        "10": 0.029842334323459202,
        "25": 0.02989029222064548,
        "50": 0.03041223684946696,
        "75": 0.032436503304375544,
        "90": 0.037153010898166236
    }
}