{
    "avg_prefill_latency": 0.20382452011108398,
    "prefill_latencies": [
        0.20376324653625488,
        0.20333313941955566,
        0.20342230796813965,
        0.20440173149108887,
        0.20377349853515625,
        0.20353484153747559,
        0.20549726486206055,
        0.20357084274291992,
        0.20352840423583984,
        0.20393037796020508,
        0.2034163475036621,
        0.20372223854064941
    ],
    "prefill_percentiles": {
        "10": 0.20341694355010986,
        "25": 0.2035018801689148,
        "50": 0.20364654064178467,
        "75": 0.20381271839141846,
        "90": 0.2043545961380005
    },
    "avg_decode_latency": 0.07408069480549206,
    "decode_latencies": [
        0.08578612587668678,
        0.06601704250682484,
        0.07431062785061923,
        0.06636138395829634,
        0.06553909995339134,
        0.08174514770507812,
        0.10406251387162642,
        0.06701872565529564,
        0.06487753174521706,
        0.06570198319175026,
        0.08133335547013716,
        0.06621479988098145
    ],
    "decode_percentiles": {
        "10": 0.06555538827722723,
        "25": 0.0659382776780562,
        "50": 0.06669005480679599,
        "75": 0.0814363035288724,
        "90": 0.08538202805952592
    }
}