{
    "avg_prefill_latency": 0.08637917041778564,
    "prefill_latencies": [
        0.0862886905670166,
        0.08601617813110352,
        0.08623647689819336,
        0.08617138862609863,
        0.08654546737670898,
        0.08626317977905273,
        0.08678126335144043,
        0.0868990421295166,
        0.08645033836364746,
        0.08661150932312012,
        0.08603549003601074,
        0.08625102043151855
    ],
    "prefill_percentiles": {
        "10": 0.08604907989501953,
        "25": 0.08622020483016968,
        "50": 0.08627593517303467,
        "75": 0.08656197786331177,
        "90": 0.0867642879486084
    },
    "avg_decode_latency": 0.04049243728319805,
    "decode_latencies": [
        0.038042235374450686,
        0.043242573738098145,
        0.03802320957183838,
        0.05637037754058838,
        0.03784453868865967,
        0.043587446212768555,
        0.038748955726623534,
        0.03873710632324219,
        0.037783026695251465,
        0.037800955772399905,
        0.03783347606658936,
        0.03789534568786621
    ],
    "decode_percentiles": {
        "10": 0.037804207801818854,
        "25": 0.03784177303314209,
        "50": 0.03803272247314453,
        "75": 0.039872360229492185,
        "90": 0.043552958965301515
    }
}