{
    "avg_prefill_latency": 0.2070673704147339,
    "prefill_latencies": [
        0.22928690910339355,
        0.2056567668914795,
        0.20454835891723633,
        0.20361733436584473,
        0.2039508819580078,
        0.20905089378356934,
        0.20404982566833496,
        0.20584535598754883,
        0.20478272438049316,
        0.20572400093078613,
        0.20465779304504395,
        0.20363759994506836
    ],
    "prefill_percentiles": {
        "10": 0.2036689281463623,
        "25": 0.20402508974075317,
        "50": 0.20472025871276855,
        "75": 0.2057543396949768,
        "90": 0.20873034000396729
    },
    "avg_decode_latency": 0.09707052057439629,
    "decode_latencies": [
        0.0962415175004439,
        0.09161593697287819,
        0.10826327584006569,
        0.09026145935058594,
        0.09128076379949396,
        0.0910447510805997,
        0.11016644131053578,
        0.09261491081931374,
        0.09500351819125089,
        0.11561027440157803,
        0.09190750122070312,
        0.09083589640530673
    ],
    "decode_percentiles": {
        "10": 0.09085678187283602,
        "25": 0.09122176061977039,
        "50": 0.09226120602000842,
        "75": 0.09924695708534934,
        "90": 0.10997612476348877
    }
}