{
    "avg_prefill_latency": 0.04716177781422933,
    "prefill_latencies": [
        0.046439409255981445,
        0.04651379585266113,
        0.04565715789794922,
        0.04645729064941406,
        0.04623603820800781,
        0.04739737510681152,
        0.05672407150268555,
        0.046140432357788086,
        0.04621124267578125,
        0.046388864517211914,
        0.04596734046936035,
        0.04580831527709961
    ],
    "prefill_percentiles": {
        "10": 0.045824217796325686,
        "25": 0.04609715938568115,
        "50": 0.04631245136260986,
        "75": 0.04647141695022583,
        "90": 0.04730901718139648
    },
    "avg_decode_latency": 0.030157179744155316,
    "decode_latencies": [
        0.03337499830457899,
        0.030546453264024522,
        0.029474284913804796,
        0.029033978780110676,
        0.02907405959235297,
        0.03319231669108073,
        0.03340448273552789,
        0.028462754355536565,
        0.029097689522637263,
        0.02900605731540256,
        0.028907352023654513,
        0.028311729431152344
    ],
    "decode_percentiles": {
        "10": 0.02850721412234836,
        "25": 0.02898138099246555,
        "50": 0.029085874557495117,
        "75": 0.031207919120788574,
        "90": 0.033356730143229166
    }
}