{
    "avg_prefill_latency": 0.1273256540298462,
    "prefill_latencies": [
        0.12723064422607422,
        0.12704706192016602,
        0.12744975090026855,
        0.12787866592407227,
        0.12799310684204102,
        0.12701725959777832,
        0.1272110939025879,
        0.1269378662109375,
        0.1270148754119873,
        0.1273949146270752,
        0.12730717658996582,
        0.1274254322052002
    ],
    "prefill_percentiles": {
        "10": 0.1270151138305664,
        "25": 0.1270396113395691,
        "50": 0.12726891040802002,
        "75": 0.12743151187896729,
        "90": 0.1278357744216919
    },
    "avg_decode_latency": 0.04416236480077108,
    "decode_latencies": [
        0.04095203876495361,
        0.041422343254089354,
        0.04259045124053955,
        0.0515230655670166,
        0.06162114143371582,
        0.04380476474761963,
        0.042809915542602536,
        0.040582704544067386,
        0.04067220687866211,
        0.04154584407806396,
        0.04153239727020264,
        0.040891504287719725
    ],
    "decode_percentiles": {
        "10": 0.040694136619567875,
        "25": 0.04093690514564514,
        "50": 0.041539120674133304,
        "75": 0.043058627843856806,
        "90": 0.05075123548507691
    }
}