{
    "avg_prefill_latency": 0.20654298861821493,
    "prefill_latencies": [
        0.20607542991638184,
        0.20634770393371582,
        0.20661592483520508,
        0.20682501792907715,
        0.20634818077087402,
        0.20693588256835938,
        0.20670223236083984,
        0.20638585090637207,
        0.20714998245239258,
        0.20709943771362305,
        0.20596051216125488,
        0.2060697078704834
    ],
    "prefill_percentiles": {
        "10": 0.20607028007507325,
        "25": 0.20627963542938232,
        "50": 0.20650088787078857,
        "75": 0.2068527340888977,
        "90": 0.20708308219909669
    },
    "avg_decode_latency": 0.028020154546808312,
    "decode_latencies": [
        0.027484019597371418,
        0.027468045552571613,
        0.0278065734439426,
        0.028816329108344182,
        0.028639713923136394,
        0.028318934970431857,
        0.027534378899468318,
        0.028371704949273005,
        0.027978155348036025,
        0.028411891725328233,
        0.02793680297003852,
        0.027475304073757596
    ],
    "decode_percentiles": {
        "10": 0.027476175626118978,
        "25": 0.027521789073944092,
        "50": 0.02795747915903727,
        "75": 0.028381751643286813,
        "90": 0.028616931703355577
    }
}