{
    "avg_prefill_latency": 0.06693023443222046,
    "prefill_latencies": [
        0.06616640090942383,
        0.0666511058807373,
        0.06697607040405273,
        0.06736397743225098,
        0.06961941719055176,
        0.06705451011657715,
        0.06666684150695801,
        0.06667971611022949,
        0.06644582748413086,
        0.06648945808410645,
        0.06666421890258789,
        0.06638526916503906
    ],
    "prefill_percentiles": {
        "10": 0.06639132499694825,
        "25": 0.06647855043411255,
        "50": 0.06666553020477295,
        "75": 0.06699568033218384,
        "90": 0.0673330307006836
    },
    "avg_decode_latency": 0.027615772353278265,
    "decode_latencies": [
        0.02717667155795627,
        0.02698691685994466,
        0.027104616165161133,
        0.028173658582899306,
        0.03053556548224555,
        0.026861826578776043,
        0.027028242746988933,
        0.026875919765896268,
        0.026857111189100478,
        0.027979479895697698,
        0.0279490417904324,
        0.02786021762424045
    ],
    "decode_percentiles": {
        "10": 0.026863235897488066,
        "25": 0.02695916758643256,
        "50": 0.027140643861558702,
        "75": 0.027956651316748724,
        "90": 0.028154240714179147
    }
}