{
    "avg_prefill_latency": 0.08494198322296143,
    "prefill_latencies": [
        0.08402872085571289,
        0.08567428588867188,
        0.08469128608703613,
        0.08678507804870605,
        0.08500313758850098,
        0.0843973159790039,
        0.08452534675598145,
        0.08454704284667969,
        0.08442831039428711,
        0.0848536491394043,
        0.0855712890625,
        0.08479833602905273
    ],
    "prefill_percentiles": {
        "10": 0.08440041542053223,
        "25": 0.08450108766555786,
        "50": 0.08474481105804443,
        "75": 0.08514517545700073,
        "90": 0.08566398620605468
    },
    "avg_decode_latency": 0.037026007970174156,
    "decode_latencies": [
        0.03602356910705566,
        0.04043247699737549,
        0.035735154151916505,
        0.03826758861541748,
        0.0378040075302124,
        0.03539559841156006,
        0.03560633659362793,
        0.03533735275268555,
        0.035181617736816405,
        0.03516538143157959,
        0.039850831031799316,
        0.03951218128204346
    ],
    "decode_percentiles": {
        "10": 0.03519719123840332,
        "25": 0.03538103699684143,
        "50": 0.03587936162948609,
        "75": 0.03857873678207398,
        "90": 0.03981696605682373
    }
}