{
    "avg_prefill_latency": 0.1258885065714518,
    "prefill_latencies": [
        0.12566518783569336,
        0.12578868865966797,
        0.12577128410339355,
        0.12609481811523438,
        0.12581110000610352,
        0.1256086826324463,
        0.12880229949951172,
        0.12557578086853027,
        0.12530136108398438,
        0.12568140029907227,
        0.12549209594726562,
        0.12506937980651855
    ],
    "prefill_percentiles": {
        "10": 0.1253204345703125,
        "25": 0.1255548596382141,
        "50": 0.1256732940673828,
        "75": 0.12579429149627686,
        "90": 0.1260664463043213
    },
    "avg_decode_latency": 0.03675651152928671,
    "decode_latencies": [
        0.03558509349822998,
        0.03780553340911865,
        0.03634932041168213,
        0.03794796466827392,
        0.03617007732391357,
        0.0384119987487793,
        0.03980739116668701,
        0.0362034797668457,
        0.035956382751464844,
        0.03565521240234375,
        0.035695219039916994,
        0.03549046516418457
    ],
    "decode_percentiles": {
        "10": 0.03559210538864136,
        "25": 0.03568521738052368,
        "50": 0.03618677854537963,
        "75": 0.03784114122390747,
        "90": 0.03836559534072876
    }
}