{
    "avg_prefill_latency": 0.20271674791971842,
    "prefill_latencies": [
        0.20140337944030762,
        0.20702552795410156,
        0.20202040672302246,
        0.20098161697387695,
        0.20146894454956055,
        0.20175576210021973,
        0.20145201683044434,
        0.20181560516357422,
        0.2012169361114502,
        0.20398974418640137,
        0.2073976993560791,
        0.202073335647583
    ],
    "prefill_percentiles": {
        "10": 0.20123558044433593,
        "25": 0.20143985748291016,
        "50": 0.20178568363189697,
        "75": 0.2025524377822876,
        "90": 0.20672194957733153
    },
    "avg_decode_latency": 0.0607465234669772,
    "decode_latencies": [
        0.05691112171519886,
        0.05663054639642889,
        0.056816816329956055,
        0.0570475621656938,
        0.05693732608448376,
        0.058011401783336296,
        0.05749203942038796,
        0.05795567685907537,
        0.05793248523365368,
        0.07854348962957208,
        0.05874202468178489,
        0.07593779130415483
    ],
    "decode_percentiles": {
        "10": 0.05682624686848033,
        "25": 0.056930774992162536,
        "50": 0.05771226232702082,
        "75": 0.05819405750794844,
        "90": 0.07421821464191784
    }
}