{
    "avg_prefill_latency": 0.20197681585947672,
    "prefill_latencies": [
        0.2031691074371338,
        0.20154309272766113,
        0.2010176181793213,
        0.20126938819885254,
        0.20284819602966309,
        0.20145940780639648,
        0.2011253833770752,
        0.20151424407958984,
        0.20220494270324707,
        0.20377397537231445,
        0.20185160636901855,
        0.20194482803344727
    ],
    "prefill_percentiles": {
        "10": 0.20113978385925294,
        "25": 0.2014119029045105,
        "50": 0.20169734954833984,
        "75": 0.20236575603485107,
        "90": 0.20313701629638672
    },
    "avg_decode_latency": 0.07721083362897238,
    "decode_latencies": [
        0.07473884026209514,
        0.07438226540883382,
        0.0744705597559611,
        0.07967142264048259,
        0.09267288446426392,
        0.07469773292541504,
        0.07523552576700847,
        0.07545860608418782,
        0.07743398348490398,
        0.07750411828358968,
        0.07547273238499959,
        0.07479133208592732
    ],
    "decode_percentiles": {
        "10": 0.0744932770729065,
        "25": 0.07472856342792511,
        "50": 0.07534706592559814,
        "75": 0.07745151718457541,
        "90": 0.0794546922047933
    }
}