{
    "avg_prefill_latency": 0.08437518278757732,
    "prefill_latencies": [
        0.08422112464904785,
        0.084136962890625,
        0.08390212059020996,
        0.08390116691589355,
        0.08416152000427246,
        0.08435320854187012,
        0.08402204513549805,
        0.08560967445373535,
        0.08422255516052246,
        0.08455371856689453,
        0.08388495445251465,
        0.08553314208984375
    ],
    "prefill_percentiles": {
        "10": 0.0839012622833252,
        "25": 0.08399206399917603,
        "50": 0.08419132232666016,
        "75": 0.08440333604812622,
        "90": 0.08543519973754883
    },
    "avg_decode_latency": 0.038093485434850055,
    "decode_latencies": [
        0.040922141075134276,
        0.038347482681274414,
        0.037470102310180664,
        0.037784457206726074,
        0.037771201133728026,
        0.03760108947753906,
        0.037789344787597656,
        0.037729191780090335,
        0.03763051033020019,
        0.03715822696685791,
        0.0375654935836792,
        0.039352583885192874
    ],
    "decode_percentiles": {
        "10": 0.03747964143753052,
        "25": 0.0375921905040741,
        "50": 0.03775019645690918,
        "75": 0.037928879261016846,
        "90": 0.039252073764801027
    }
}