{
    "avg_prefill_latency": 0.21754010518391928,
    "prefill_latencies": [
        0.20256996154785156,
        0.20107126235961914,
        0.2013554573059082,
        0.20235538482666016,
        0.20208024978637695,
        0.2022850513458252,
        0.2015972137451172,
        0.20197343826293945,
        0.20178723335266113,
        0.388897180557251,
        0.20256662368774414,
        0.20194220542907715
    ],
    "prefill_percentiles": {
        "10": 0.2013796329498291,
        "25": 0.20173972845077515,
        "50": 0.2020268440246582,
        "75": 0.20240819454193115,
        "90": 0.20256962776184081
    },
    "avg_decode_latency": 0.08931051525804733,
    "decode_latencies": [
        0.08174707492192586,
        0.08093998829523723,
        0.09597223997116089,
        0.09540663162867229,
        0.08199234803517659,
        0.08060504992802937,
        0.08071581522623698,
        0.08042468627293904,
        0.08136959870656331,
        0.08146470785140991,
        0.08181174596150716,
        0.14927629629770914
    ],
    "decode_percentiles": {
        "10": 0.08061612645785013,
        "25": 0.08088394502798717,
        "50": 0.08160589138666788,
        "75": 0.08534591893355051,
        "90": 0.09591567913691203
    }
}