{
    "avg_prefill_latency": 0.08463271458943684,
    "prefill_latencies": [
        0.08460688591003418,
        0.08520007133483887,
        0.08467984199523926,
        0.08453869819641113,
        0.08498215675354004,
        0.08500957489013672,
        0.08464217185974121,
        0.08459019660949707,
        0.08398675918579102,
        0.08428049087524414,
        0.08444023132324219,
        0.08463549613952637
    ],
    "prefill_percentiles": {
        "10": 0.08429646492004395,
        "25": 0.0845140814781189,
        "50": 0.08462119102478027,
        "75": 0.08475542068481445,
        "90": 0.08500683307647705
    },
    "avg_decode_latency": 0.04092389742533365,
    "decode_latencies": [
        0.03930718898773193,
        0.04236764907836914,
        0.04293603897094726,
        0.04299650192260742,
        0.04303832054138183,
        0.04307169914245605,
        0.039528822898864745,
        0.039435601234436034,
        0.03936195373535156,
        0.040134000778198245,
        0.03947949409484863,
        0.03942949771881103
    ],
    "decode_percentiles": {
        "10": 0.03936870813369751,
        "25": 0.039434075355529785,
        "50": 0.03983141183853149,
        "75": 0.0429511547088623,
        "90": 0.04303413867950439
    }
}