{
    "avg_prefill_latency": 0.18742183844248453,
    "prefill_latencies": [
        0.18870997428894043,
        0.18774986267089844,
        0.18793058395385742,
        0.18739104270935059,
        0.1868133544921875,
        0.1864917278289795,
        0.1867666244506836,
        0.18747329711914062,
        0.18837285041809082,
        0.18706107139587402,
        0.18673229217529297,
        0.18756937980651855
    ],
    "prefill_percentiles": {
        "10": 0.18673572540283204,
        "25": 0.18680167198181152,
        "50": 0.1874321699142456,
        "75": 0.18779504299163818,
        "90": 0.18832862377166748
    },
    "avg_decode_latency": 0.028772570468761305,
    "decode_latencies": [
        0.02839681837293837,
        0.03403313954671224,
        0.031480338838365346,
        0.028416050804985896,
        0.0281319088406033,
        0.02787086698744032,
        0.02758457925584581,
        0.027654647827148438,
        0.028659052318996854,
        0.02741853396097819,
        0.027613692813449435,
        0.028011216057671443
    ],
    "decode_percentiles": {
        "10": 0.027587490611606175,
        "25": 0.02764440907372369,
        "50": 0.02807156244913737,
        "75": 0.028476801183488637,
        "90": 0.031198210186428498
    }
}