{
    "avg_prefill_latency": 0.20230676730473837,
    "prefill_latencies": [
        0.20142340660095215,
        0.2006540298461914,
        0.20063114166259766,
        0.20175647735595703,
        0.200761079788208,
        0.20131278038024902,
        0.20217275619506836,
        0.20168232917785645,
        0.2015979290008545,
        0.2021479606628418,
        0.20202326774597168,
        0.2115180492401123
    ],
    "prefill_percentiles": {
        "10": 0.20066473484039307,
        "25": 0.20117485523223877,
        "50": 0.20164012908935547,
        "75": 0.2020544409751892,
        "90": 0.2021702766418457
    },
    "avg_decode_latency": 0.05419753988583883,
    "decode_latencies": [
        0.04906995296478271,
        0.04876992702484131,
        0.05095376968383789,
        0.049795222282409665,
        0.04892809391021728,
        0.049411463737487796,
        0.04978797435760498,
        0.04966182708740234,
        0.04940826892852783,
        0.04991533756256104,
        0.09133715629577636,
        0.0633314847946167
    ],
    "decode_percentiles": {
        "10": 0.048942279815673825,
        "25": 0.04932368993759155,
        "50": 0.04972490072250366,
        "75": 0.05017494559288025,
        "90": 0.062093713283538826
    }
}