{
    "avg_prefill_latency": 0.11019221941630046,
    "prefill_latencies": [
        0.11389994621276855,
        0.11066865921020508,
        0.11063790321350098,
        0.10966730117797852,
        0.1097869873046875,
        0.10967659950256348,
        0.11085820198059082,
        0.10945248603820801,
        0.10852479934692383,
        0.10733556747436523,
        0.11097049713134766,
        0.11082768440246582
    ],
    "prefill_percentiles": {
        "10": 0.10861756801605224,
        "25": 0.10961359739303589,
        "50": 0.11021244525909424,
        "75": 0.11083531379699707,
        "90": 0.11095926761627198
    },
    "avg_decode_latency": 0.03089817144252636,
    "decode_latencies": [
        0.04455158445570204,
        0.029345141516791448,
        0.02780448065863715,
        0.027829223208957247,
        0.028470383750067815,
        0.03012280993991428,
        0.028205474217732746,
        0.02784548865424262,
        0.027698225445217557,
        0.03688655959235297,
        0.03230052524142795,
        0.02971816062927246
    ],
    "decode_percentiles": {
        "10": 0.02780695491366916,
        "25": 0.027841422292921275,
        "50": 0.02890776263342963,
        "75": 0.030667238765292697,
        "90": 0.03642795615726047
    }
}