{
    "avg_prefill_latency": 0.1260809302330017,
    "prefill_latencies": [
        0.12568140029907227,
        0.12601733207702637,
        0.12598037719726562,
        0.1254432201385498,
        0.12601089477539062,
        0.12823891639709473,
        0.12625646591186523,
        0.12599921226501465,
        0.12594079971313477,
        0.1260218620300293,
        0.12581658363342285,
        0.1255640983581543
    ],
    "prefill_percentiles": {
        "10": 0.12557582855224608,
        "25": 0.1257827877998352,
        "50": 0.12598979473114014,
        "75": 0.1260184645652771,
        "90": 0.12623300552368164
    },
    "avg_decode_latency": 0.05183614745284571,
    "decode_latencies": [
        0.053518121892755684,
        0.04885220527648926,
        0.04757553880864924,
        0.049058263952081856,
        0.04986695809797807,
        0.05044744231484153,
        0.07225229523398659,
        0.04933771220120517,
        0.049784551967274056,
        0.051015463742342865,
        0.05223009803078391,
        0.048095117915760384
    ],
    "decode_percentiles": {
        "10": 0.048170826651833275,
        "25": 0.04900674928318371,
        "50": 0.04982575503262607,
        "75": 0.051319122314453125,
        "90": 0.05338931950655851
    }
}