{
    "avg_prefill_latency": 0.039900898933410645,
    "prefill_latencies": [
        0.04020380973815918,
        0.03975820541381836,
        0.038237810134887695,
        0.0407102108001709,
        0.0416569709777832,
        0.03932332992553711,
        0.03852486610412598,
        0.04093146324157715,
        0.04153704643249512,
        0.03927946090698242,
        0.03860878944396973,
        0.0400388240814209
    ],
    "prefill_percentiles": {
        "10": 0.038533258438110354,
        "25": 0.03911179304122925,
        "50": 0.03989851474761963,
        "75": 0.04076552391052246,
        "90": 0.04147648811340332
    },
    "avg_decode_latency": 0.02555168999565972,
    "decode_latencies": [
        0.024472395579020183,
        0.025927642981211346,
        0.023669838905334473,
        0.025619606177012127,
        0.027460932731628418,
        0.025702635447184246,
        0.027244190375010174,
        0.026069800059000652,
        0.02690128485361735,
        0.025250573952992756,
        0.02319355805714925,
        0.025107820828755695
    ],
    "decode_percentiles": {
        "10": 0.023750094572703044,
        "25": 0.024948964516321816,
        "50": 0.025661120812098186,
        "75": 0.026277671257654827,
        "90": 0.027209899822870892
    }
}