{
    "avg_prefill_latency": 0.03922726710637411,
    "prefill_latencies": [
        0.03864645957946777,
        0.03877830505371094,
        0.03804898262023926,
        0.03806257247924805,
        0.03824806213378906,
        0.03886294364929199,
        0.037748098373413086,
        0.03935837745666504,
        0.03785967826843262,
        0.037679433822631836,
        0.03900623321533203,
        0.04842805862426758
    ],
    "prefill_percentiles": {
        "10": 0.037759256362915036,
        "25": 0.0380016565322876,
        "50": 0.03844726085662842,
        "75": 0.038898766040802,
        "90": 0.039323163032531736
    },
    "avg_decode_latency": 0.015802054493515582,
    "decode_latencies": [
        0.01598469416300456,
        0.015496386422051324,
        0.015959448284573026,
        0.015173779593573676,
        0.015544732411702475,
        0.015595409605238173,
        0.0159756342569987,
        0.015192641152275933,
        0.014865371916029189,
        0.015150652991400825,
        0.016894075605604384,
        0.0177918275197347
    ],
    "decode_percentiles": {
        "10": 0.01515296565161811,
        "25": 0.01518792576260037,
        "50": 0.015570071008470323,
        "75": 0.015977899233500164,
        "90": 0.016803137461344403
    }
}