{
    "avg_prefill_latency": 0.04086941480636597,
    "prefill_latencies": [
        0.04607343673706055,
        0.037470340728759766,
        0.0389094352722168,
        0.04016447067260742,
        0.03759121894836426,
        0.039557456970214844,
        0.04009890556335449,
        0.039620161056518555,
        0.03831648826599121,
        0.03796052932739258,
        0.04363393783569336,
        0.05103659629821777
    ],
    "prefill_percentiles": {
        "10": 0.03762814998626709,
        "25": 0.03822749853134155,
        "50": 0.0395888090133667,
        "75": 0.041031837463378906,
        "90": 0.04582948684692383
    },
    "avg_decode_latency": 0.0209351380666097,
    "decode_latencies": [
        0.019339227676391603,
        0.017311620712280273,
        0.021847629547119142,
        0.018652129173278808,
        0.022018289566040038,
        0.022976398468017578,
        0.021742630004882812,
        0.021114468574523926,
        0.01918020248413086,
        0.025034022331237794,
        0.020244503021240236,
        0.02176053524017334
    ],
    "decode_percentiles": {
        "10": 0.018704936504364014,
        "25": 0.019299471378326417,
        "50": 0.02142854928970337,
        "75": 0.021890294551849366,
        "90": 0.022880587577819824
    }
}