{
    "avg_prefill_latency": 0.033789634704589844,
    "prefill_latencies": [
        0.030684232711791992,
        0.030726194381713867,
        0.03046107292175293,
        0.030471324920654297,
        0.030805110931396484,
        0.030620813369750977,
        0.030560731887817383,
        0.030475616455078125,
        0.06874442100524902,
        0.0305173397064209,
        0.030750274658203125,
        0.030658483505249023
    ],
    "prefill_percentiles": {
        "10": 0.03047175407409668,
        "25": 0.030506908893585205,
        "50": 0.0306396484375,
        "75": 0.03073221445083618,
        "90": 0.03079962730407715
    },
    "avg_decode_latency": 0.017768706878026324,
    "decode_latencies": [
        0.019759559631347658,
        0.016155052185058593,
        0.016171193122863768,
        0.021088051795959472,
        0.016235041618347167,
        0.021057629585266115,
        0.016280460357666015,
        0.01631464958190918,
        0.016034030914306642,
        0.020470237731933592,
        0.017327594757080077,
        0.016330981254577638
    ],
    "decode_percentiles": {
        "10": 0.01615666627883911,
        "25": 0.01621907949447632,
        "50": 0.01632281541824341,
        "75": 0.01993722915649414,
        "90": 0.020998890399932864
    }
}