{
    "avg_prefill_latency": 0.009404142697652182,
    "prefill_latencies": [
        0.009229898452758789,
        0.009148359298706055,
        0.009216785430908203,
        0.009195804595947266,
        0.009421110153198242,
        0.009215593338012695,
        0.009227991104125977,
        0.009514808654785156,
        0.009247303009033203,
        0.01103663444519043,
        0.009186983108520508,
        0.009208440780639648
    ],
    "prefill_percentiles": {
        "10": 0.009187865257263183,
        "25": 0.009205281734466553,
        "50": 0.00922238826751709,
        "75": 0.009290754795074463,
        "90": 0.009505438804626464
    },
    "avg_decode_latency": 0.00873264339235094,
    "decode_latencies": [
        0.00861827532450358,
        0.008607096142239042,
        0.008605771594577365,
        0.00907119115193685,
        0.008817328347100152,
        0.008595281177096896,
        0.008596181869506836,
        0.008601506551106771,
        0.009208546744452583,
        0.0086006588406033,
        0.008670277065700956,
        0.008799605899386935
    ],
    "decode_percentiles": {
        "10": 0.008596629566616483,
        "25": 0.008601294623480903,
        "50": 0.00861268573337131,
        "75": 0.00880403651131524,
        "90": 0.00904580487145318
    }
}