{
    "avg_prefill_latency": 0.01752312978108724,
    "prefill_latencies": [
        0.01785111427307129,
        0.01697087287902832,
        0.014833927154541016,
        0.01883721351623535,
        0.01765275001525879,
        0.021548032760620117,
        0.018429279327392578,
        0.018676280975341797,
        0.017076492309570312,
        0.017233610153198242,
        0.015694618225097656,
        0.015473365783691406
    ],
    "prefill_percentiles": {
        "10": 0.015495491027832032,
        "25": 0.016651809215545654,
        "50": 0.017443180084228516,
        "75": 0.018491029739379883,
        "90": 0.018821120262145996
    },
    "avg_decode_latency": 0.01759572161568536,
    "decode_latencies": [
        0.032121631834242076,
        0.019577953550550673,
        0.014576276143391928,
        0.0199739933013916,
        0.014262172910902236,
        0.014340135786268447,
        0.01928530799018012,
        0.01467744509379069,
        0.01428275638156467,
        0.019181542926364474,
        0.014438576168484159,
        0.014430867301093208
    ],
    "decode_percentiles": {
        "10": 0.014288494322035047,
        "25": 0.014408184422387017,
        "50": 0.014626860618591309,
        "75": 0.019358469380272757,
        "90": 0.01993438932630751
    }
}