{
    "avg_prefill_latency": 0.04670425256093343,
    "prefill_latencies": [
        0.04678177833557129,
        0.04692435264587402,
        0.04680919647216797,
        0.04668092727661133,
        0.046906232833862305,
        0.046523332595825195,
        0.04661440849304199,
        0.046410322189331055,
        0.04674816131591797,
        0.04684090614318848,
        0.04649043083190918,
        0.04672098159790039
    ],
    "prefill_percentiles": {
        "10": 0.04649372100830078,
        "25": 0.04659163951873779,
        "50": 0.04673457145690918,
        "75": 0.046817123889923096,
        "90": 0.04689970016479492
    },
    "avg_decode_latency": 0.015120913585027061,
    "decode_latencies": [
        0.015026736259460449,
        0.015215349197387696,
        0.015301895141601563,
        0.01517024040222168,
        0.015073609352111817,
        0.015215682983398437,
        0.015034055709838868,
        0.014980316162109375,
        0.015181708335876464,
        0.015072178840637208,
        0.015213942527770996,
        0.014965248107910157
    ],
    "decode_percentiles": {
        "10": 0.014984958171844483,
        "25": 0.015032225847244262,
        "50": 0.015121924877166747,
        "75": 0.015214294195175171,
        "90": 0.015215649604797363
    }
}