{
    "avg_prefill_latency": 0.016842663288116455,
    "prefill_latencies": [
        0.01552128791809082,
        0.016363143920898438,
        0.015953779220581055,
        0.017635822296142578,
        0.017535924911499023,
        0.016248226165771484,
        0.017368078231811523,
        0.02024245262145996,
        0.018831968307495117,
        0.015636444091796875,
        0.016063928604125977,
        0.01471090316772461
    ],
    "prefill_percentiles": {
        "10": 0.015532803535461426,
        "25": 0.01587444543838501,
        "50": 0.01630568504333496,
        "75": 0.017560899257659912,
        "90": 0.018712353706359864
    },
    "avg_decode_latency": 0.01613202580699214,
    "decode_latencies": [
        0.015192429224650065,
        0.015468464957343208,
        0.014547427495320639,
        0.02997718916998969,
        0.01472563213772244,
        0.01461542977227105,
        0.015328990088568794,
        0.01540472772386339,
        0.014557547039455838,
        0.014535215165879991,
        0.014516486061943902,
        0.0147147708468967
    ],
    "decode_percentiles": {
        "10": 0.014536436398824055,
        "25": 0.014555017153422039,
        "50": 0.01472020149230957,
        "75": 0.015347924497392442,
        "90": 0.015462091233995227
    }
}