{
    "avg_prefill_latency": 0.009247581164042154,
    "prefill_latencies": [
        0.009283781051635742,
        0.00922703742980957,
        0.00930333137512207,
        0.0092010498046875,
        0.009279012680053711,
        0.009268045425415039,
        0.009268522262573242,
        0.009204864501953125,
        0.009231328964233398,
        0.00924372673034668,
        0.009269475936889648,
        0.009190797805786133
    ],
    "prefill_percentiles": {
        "10": 0.009201431274414062,
        "25": 0.009221494197845459,
        "50": 0.00925588607788086,
        "75": 0.009271860122680664,
        "90": 0.009283304214477539
    },
    "avg_decode_latency": 0.008697211742401123,
    "decode_latencies": [
        0.008687443203396268,
        0.008652024798923068,
        0.008633587095472548,
        0.00861011611090766,
        0.008715391159057617,
        0.008717854817708334,
        0.008697854148017036,
        0.008696715037027994,
        0.00889028443230523,
        0.008778995937771268,
        0.008616765340169271,
        0.008669508828057183
    ],
    "decode_percentiles": {
        "10": 0.008618447515699599,
        "25": 0.008647415373060439,
        "50": 0.00869207912021213,
        "75": 0.008716007073720297,
        "90": 0.008772881825764975
    }
}