{
    "avg_prefill_latency": 0.026991963386535645,
    "prefill_latencies": [
        0.01950979232788086,
        0.020267486572265625,
        0.018932342529296875,
        0.0178678035736084,
        0.022499799728393555,
        0.025068283081054688,
        0.030150175094604492,
        0.03561663627624512,
        0.018887042999267578,
        0.045191287994384766,
        0.027333498001098633,
        0.04257941246032715
    ],
    "prefill_percentiles": {
        "10": 0.018891572952270508,
        "25": 0.019365429878234863,
        "50": 0.02378404140472412,
        "75": 0.03151679039001465,
        "90": 0.04188313484191895
    },
    "avg_decode_latency": 0.022501771096830016,
    "decode_latencies": [
        0.017214086320665147,
        0.020887560314602323,
        0.01659724447462294,
        0.01611600981818305,
        0.02107593748304579,
        0.02667130364312066,
        0.03416702482435438,
        0.019811100429958768,
        0.026282654868231878,
        0.025755749808417425,
        0.022057003445095487,
        0.023385577731662326
    ],
    "decode_percentiles": {
        "10": 0.01665892865922716,
        "25": 0.019161846902635362,
        "50": 0.02156647046407064,
        "75": 0.025887476073371038,
        "90": 0.02663243876563178
    }
}