{
    "avg_prefill_latency": 0.03759777545928955,
    "prefill_latencies": [
        0.03563737869262695,
        0.035787105560302734,
        0.03535127639770508,
        0.03702497482299805,
        0.03598642349243164,
        0.03616213798522949,
        0.03576850891113281,
        0.03535056114196777,
        0.03529477119445801,
        0.05518770217895508,
        0.03608202934265137,
        0.037540435791015625
    ],
    "prefill_percentiles": {
        "10": 0.0353506326675415,
        "25": 0.035565853118896484,
        "50": 0.03588676452636719,
        "75": 0.03637784719467163,
        "90": 0.037488889694213864
    },
    "avg_decode_latency": 0.031681998570760095,
    "decode_latencies": [
        0.0277193546295166,
        0.0402717113494873,
        0.04519608020782471,
        0.02849588394165039,
        0.024783515930175783,
        0.027949047088623048,
        0.03658237457275391,
        0.028908348083496092,
        0.024424314498901367,
        0.026131534576416017,
        0.03378000259399414,
        0.03594181537628174
    ],
    "decode_percentiles": {
        "10": 0.024918317794799805,
        "25": 0.027322399616241454,
        "50": 0.02870211601257324,
        "75": 0.03610195517539978,
        "90": 0.039902777671813966
    }
}