{
    "avg_prefill_latency": 0.03877284129460653,
    "prefill_latencies": [
        0.0348057746887207,
        0.0344088077545166,
        0.0343022346496582,
        0.038453102111816406,
        0.0347900390625,
        0.034735918045043945,
        0.03481006622314453,
        0.04515719413757324,
        0.03471875190734863,
        0.035004615783691406,
        0.03515815734863281,
        0.06892943382263184
    ],
    "prefill_percentiles": {
        "10": 0.034439802169799805,
        "25": 0.03473162651062012,
        "50": 0.03480792045593262,
        "75": 0.03598189353942871,
        "90": 0.04448678493499756
    },
    "avg_decode_latency": 0.03096672782191524,
    "decode_latencies": [
        0.027671469582451716,
        0.02349702517191569,
        0.0576579040951199,
        0.026446633868747287,
        0.03036914931403266,
        0.030615144305759005,
        0.0252077579498291,
        0.029214726554022893,
        0.030067788230048284,
        0.04163588417900933,
        0.0251923402150472,
        0.024024910396999784
    ],
    "decode_percentiles": {
        "10": 0.024141653378804525,
        "25": 0.025203903516133625,
        "50": 0.028443098068237305,
        "75": 0.030430648061964244,
        "90": 0.040533810191684304
    }
}