{
    "avg_prefill_latency": 0.039775351683298744,
    "prefill_latencies": [
        0.03962898254394531,
        0.038967132568359375,
        0.04005742073059082,
        0.039093017578125,
        0.03996849060058594,
        0.038411855697631836,
        0.03892374038696289,
        0.0393218994140625,
        0.03879570960998535,
        0.03851175308227539,
        0.04679465293884277,
        0.03882956504821777
    ],
    "prefill_percentiles": {
        "10": 0.03854014873504639,
        "25": 0.03882110118865967,
        "50": 0.03903007507324219,
        "75": 0.03971385955810547,
        "90": 0.040048527717590335
    },
    "avg_decode_latency": 0.026287683734187373,
    "decode_latencies": [
        0.023234420352511935,
        0.02798824840121799,
        0.023997253841824003,
        0.02443008952670627,
        0.029083675808376737,
        0.023244301478068035,
        0.03609482447306315,
        0.02517633967929416,
        0.02592023213704427,
        0.023954762352837458,
        0.026161697175767686,
        0.026166359583536785
    ],
    "decode_percentiles": {
        "10": 0.02331534756554498,
        "25": 0.023986630969577365,
        "50": 0.025548285908169217,
        "75": 0.026621831787957087,
        "90": 0.028974133067660862
    }
}