{
    "avg_prefill_latency": 0.025725285212198894,
    "prefill_latencies": [
        0.024701356887817383,
        0.024657249450683594,
        0.024960994720458984,
        0.024682998657226562,
        0.027100801467895508,
        0.025080442428588867,
        0.02459239959716797,
        0.02483963966369629,
        0.025593996047973633,
        0.025170564651489258,
        0.03132009506225586,
        0.026002883911132812
    ],
    "prefill_percentiles": {
        "10": 0.02465982437133789,
        "25": 0.024696767330169678,
        "50": 0.025020718574523926,
        "75": 0.025696218013763428,
        "90": 0.02699100971221924
    },
    "avg_decode_latency": 0.03009920650058322,
    "decode_latencies": [
        0.023470030890570745,
        0.027528180016411677,
        0.02816878424750434,
        0.03159295188056098,
        0.033393806881374784,
        0.03015899658203125,
        0.026787228054470487,
        0.024058527416653104,
        0.030447536044650607,
        0.02760661972893609,
        0.033108658260769315,
        0.04486915800306532
    ],
    "decode_percentiles": {
        "10": 0.024331397480434842,
        "25": 0.02734294202592638,
        "50": 0.029163890414767794,
        "75": 0.031971878475613065,
        "90": 0.033365292019314235
    }
}