{
    "avg_prefill_latency": 0.05749646822611491,
    "prefill_latencies": [
        0.052181243896484375,
        0.05210471153259277,
        0.05224156379699707,
        0.05212998390197754,
        0.05255460739135742,
        0.05269050598144531,
        0.051950693130493164,
        0.052011728286743164,
        0.0514986515045166,
        0.05198502540588379,
        0.11619138717651367,
        0.05241751670837402
    ],
    "prefill_percentiles": {
        "10": 0.051954126358032225,
        "25": 0.05200505256652832,
        "50": 0.05215561389923096,
        "75": 0.05245178937911987,
        "90": 0.05267691612243652
    },
    "avg_decode_latency": 0.03321284453074138,
    "decode_latencies": [
        0.031865406036376956,
        0.037622928619384766,
        0.03171784877777099,
        0.036680006980896,
        0.031229424476623534,
        0.03681447505950928,
        0.031180286407470705,
        0.031181025505065917,
        0.036353039741516116,
        0.03152587413787842,
        0.03121318817138672,
        0.03117063045501709
    ],
    "decode_percentiles": {
        "10": 0.031180360317230225,
        "25": 0.03120514750480652,
        "50": 0.03162186145782471,
        "75": 0.03643478155136109,
        "90": 0.03680102825164795
    }
}