{
    "avg_prefill_latency": 0.020389477411905926,
    "prefill_latencies": [
        0.020359277725219727,
        0.02034592628479004,
        0.020432710647583008,
        0.020368337631225586,
        0.02036142349243164,
        0.02035355567932129,
        0.020526885986328125,
        0.02048349380493164,
        0.020307540893554688,
        0.020350933074951172,
        0.020357370376586914,
        0.020426273345947266
    ],
    "prefill_percentiles": {
        "10": 0.020346426963806154,
        "25": 0.02035290002822876,
        "50": 0.020360350608825684,
        "75": 0.0204278826713562,
        "90": 0.020478415489196777
    },
    "avg_decode_latency": 0.011913738868854667,
    "decode_latencies": [
        0.011862489912245009,
        0.011863814459906684,
        0.011857271194458008,
        0.011861297819349501,
        0.01211767726474338,
        0.012071794933742948,
        0.011899391810099283,
        0.011882464090983072,
        0.011875788370768229,
        0.011882358127170138,
        0.011889775594075521,
        0.011900742848714193
    ],
    "decode_percentiles": {
        "10": 0.011861417028639052,
        "25": 0.011863483322991265,
        "50": 0.011882411109076604,
        "75": 0.01189972956975301,
        "90": 0.012054689725240073
    }
}