{
    "avg_prefill_latency": 0.057077109813690186,
    "prefill_latencies": [
        0.05255246162414551,
        0.05240631103515625,
        0.11053919792175293,
        0.05222487449645996,
        0.05235457420349121,
        0.05212974548339844,
        0.05243110656738281,
        0.05211639404296875,
        0.0525212287902832,
        0.05171918869018555,
        0.05205655097961426,
        0.05187368392944336
    ],
    "prefill_percentiles": {
        "10": 0.05189197063446045,
        "25": 0.05210143327713013,
        "50": 0.052289724349975586,
        "75": 0.05245363712310791,
        "90": 0.052549338340759276
    },
    "avg_decode_latency": 0.025853302081425982,
    "decode_latencies": [
        0.024485230445861816,
        0.024478840827941894,
        0.024440908432006837,
        0.02466740608215332,
        0.02447338104248047,
        0.029735469818115236,
        0.024488258361816406,
        0.02453322410583496,
        0.03027527332305908,
        0.024493312835693358,
        0.029239392280578612,
        0.024928927421569824
    ],
    "decode_percentiles": {
        "10": 0.02447392702102661,
        "25": 0.024483633041381837,
        "50": 0.02451326847076416,
        "75": 0.026006543636322023,
        "90": 0.029685862064361572
    }
}