{
    "avg_prefill_latency": 0.03408966461817423,
    "prefill_latencies": [
        0.03412604331970215,
        0.03399085998535156,
        0.03397035598754883,
        0.03401517868041992,
        0.0339665412902832,
        0.034011125564575195,
        0.03418850898742676,
        0.0340571403503418,
        0.03452134132385254,
        0.03421282768249512,
        0.03400826454162598,
        0.03400778770446777
    ],
    "prefill_percentiles": {
        "10": 0.0339724063873291,
        "25": 0.03400355577468872,
        "50": 0.03401315212249756,
        "75": 0.0341416597366333,
        "90": 0.03421039581298828
    },
    "avg_decode_latency": 0.01620347632302178,
    "decode_latencies": [
        0.015448517269558378,
        0.015386263529459635,
        0.015937248865763348,
        0.0238951841990153,
        0.015590508778889975,
        0.01555490493774414,
        0.01539378696017795,
        0.01546478271484375,
        0.015434556537204318,
        0.015495565202501085,
        0.015400409698486328,
        0.015439987182617188
    ],
    "decode_percentiles": {
        "10": 0.015394449234008789,
        "25": 0.01542601982752482,
        "50": 0.015456649992201064,
        "75": 0.0155638058980306,
        "90": 0.01590257485707601
    }
}