{
    "avg_prefill_latency": 0.04320488373438517,
    "prefill_latencies": [
        0.04398226737976074,
        0.04414725303649902,
        0.042794227600097656,
        0.04242587089538574,
        0.044199466705322266,
        0.043085336685180664,
        0.04653286933898926,
        0.04323244094848633,
        0.04183316230773926,
        0.04193925857543945,
        0.042517900466918945,
        0.041768550872802734
    ],
    "prefill_percentiles": {
        "10": 0.04184377193450928,
        "25": 0.04230421781539917,
        "50": 0.04293978214263916,
        "75": 0.04402351379394531,
        "90": 0.04419424533843994
    },
    "avg_decode_latency": 0.030999966462453208,
    "decode_latencies": [
        0.029604434967041016,
        0.029362821578979494,
        0.03739378452301025,
        0.027335524559020996,
        0.027362465858459473,
        0.03794412612915039,
        0.028311562538146973,
        0.03523542881011963,
        0.02762579917907715,
        0.027562212944030762,
        0.036712026596069335,
        0.02754940986633301
    ],
    "decode_percentiles": {
        "10": 0.027381160259246827,
        "25": 0.027559012174606323,
        "50": 0.028837192058563235,
        "75": 0.03560457825660705,
        "90": 0.03732560873031616
    }
}