{
    "avg_prefill_latency": 0.03576129674911499,
    "prefill_latencies": [
        0.03546929359436035,
        0.035768747329711914,
        0.03731226921081543,
        0.03576183319091797,
        0.03527569770812988,
        0.03754162788391113,
        0.03555011749267578,
        0.035117387771606445,
        0.035088539123535156,
        0.0357663631439209,
        0.035605430603027344,
        0.03487825393676758
    ],
    "prefill_percentiles": {
        "10": 0.03509142398834229,
        "25": 0.03523612022399902,
        "50": 0.03557777404785156,
        "75": 0.03576695919036865,
        "90": 0.03715791702270508
    },
    "avg_decode_latency": 0.032702710231145224,
    "decode_latencies": [
        0.02858779430389404,
        0.05047085285186768,
        0.03710005283355713,
        0.02927381992340088,
        0.02875192165374756,
        0.03677756786346435,
        0.028817582130432128,
        0.02873530387878418,
        0.03615357875823975,
        0.029514360427856445,
        0.02872743606567383,
        0.029522252082824708
    ],
    "decode_percentiles": {
        "10": 0.028728222846984865,
        "25": 0.028747767210006714,
        "50": 0.029394090175628662,
        "75": 0.0363095760345459,
        "90": 0.03706780433654785
    }
}