{
    "avg_prefill_latency": 0.04968082904815674,
    "prefill_latencies": [
        0.05014538764953613,
        0.04932856559753418,
        0.04980874061584473,
        0.04944014549255371,
        0.04988527297973633,
        0.049431800842285156,
        0.04976844787597656,
        0.04958844184875488,
        0.04981374740600586,
        0.04996633529663086,
        0.049310922622680664,
        0.0496821403503418
    ],
    "prefill_percentiles": {
        "10": 0.049338889122009275,
        "25": 0.04943805932998657,
        "50": 0.04972529411315918,
        "75": 0.04983162879943848,
        "90": 0.049958229064941406
    },
    "avg_decode_latency": 0.021203860088630958,
    "decode_latencies": [
        0.020517137315538194,
        0.020224783155653212,
        0.02025726106431749,
        0.026293171776665583,
        0.020250770780775283,
        0.020121547910902236,
        0.020163244671291776,
        0.020201921463012695,
        0.025729205873277452,
        0.020216888851589628,
        0.020262850655449763,
        0.0202075375450982
    ],
    "decode_percentiles": {
        "10": 0.020167112350463867,
        "25": 0.020206133524576824,
        "50": 0.020237776968214247,
        "75": 0.02032642232047187,
        "90": 0.025207999017503528
    }
}