{
    "avg_prefill_latency": 0.014900545279184977,
    "prefill_latencies": [
        0.015312433242797852,
        0.014382123947143555,
        0.0153350830078125,
        0.014627933502197266,
        0.01526951789855957,
        0.0159914493560791,
        0.016960620880126953,
        0.015879154205322266,
        0.014744997024536133,
        0.013249397277832031,
        0.013657808303833008,
        0.013396024703979492
    ],
    "prefill_percentiles": {
        "10": 0.013422203063964844,
        "25": 0.014201045036315918,
        "50": 0.015007257461547852,
        "75": 0.015471100807189941,
        "90": 0.015980219841003417
    },
    "avg_decode_latency": 0.01642385235539189,
    "decode_latencies": [
        0.017426941129896376,
        0.015048000547620986,
        0.01862621307373047,
        0.01481016476949056,
        0.015849696265326604,
        0.014632436964246962,
        0.01611116197374132,
        0.018777211507161457,
        0.014847172631157769,
        0.01624576250712077,
        0.020473798116048176,
        0.014237668779161241
    ],
    "decode_percentiles": {
        "10": 0.014650209744771322,
        "25": 0.014837920665740967,
        "50": 0.015980429119533963,
        "75": 0.0177267591158549,
        "90": 0.01876211166381836
    }
}