{
    "avg_prefill_latency": 0.03905826807022095,
    "prefill_latencies": [
        0.03912162780761719,
        0.0390169620513916,
        0.03908181190490723,
        0.038854122161865234,
        0.03895163536071777,
        0.038817644119262695,
        0.03936457633972168,
        0.03924822807312012,
        0.03935670852661133,
        0.03901219367980957,
        0.038999080657958984,
        0.03887462615966797
    ],
    "prefill_percentiles": {
        "10": 0.03885617256164551,
        "25": 0.03893238306045532,
        "50": 0.039014577865600586,
        "75": 0.03915327787399292,
        "90": 0.03934586048126221
    },
    "avg_decode_latency": 0.0002664923667907715,
    "decode_latencies": [
        0.00023865699768066406,
        0.0002410411834716797,
        0.000270843505859375,
        0.0002486705780029297,
        0.0002493858337402344,
        0.0002923011779785156,
        0.0002560615539550781,
        0.0002529621124267578,
        0.00029730796813964844,
        0.00026726722717285156,
        0.0002727508544921875,
        0.00031065940856933594
    ],
    "decode_percentiles": {
        "10": 0.0002418041229248047,
        "25": 0.0002492070198059082,
        "50": 0.00026166439056396484,
        "75": 0.00027763843536376953,
        "90": 0.0002968072891235352
    }
}