{
    "avg_prefill_latency": 0.055020550886789955,
    "prefill_latencies": [
        0.05588269233703613,
        0.054728031158447266,
        0.053589582443237305,
        0.05272364616394043,
        0.05850338935852051,
        0.05497121810913086,
        0.05287432670593262,
        0.05597567558288574,
        0.05630826950073242,
        0.05610370635986328,
        0.0524754524230957,
        0.05611062049865723
    ],
    "prefill_percentiles": {
        "10": 0.05273871421813965,
        "25": 0.05341076850891113,
        "50": 0.055426955223083496,
        "75": 0.05610543489456177,
        "90": 0.056288504600524904
    },
    "avg_decode_latency": 0.00025389591852823895,
    "decode_latencies": [
        0.00023508071899414062,
        0.00023937225341796875,
        0.00024127960205078125,
        0.0002410411834716797,
        0.0002541542053222656,
        0.00024700164794921875,
        0.0002586841583251953,
        0.00025463104248046875,
        0.00026679039001464844,
        0.0002658367156982422,
        0.00027370452880859375,
        0.00026917457580566406
    ],
    "decode_percentiles": {
        "10": 0.00023953914642333985,
        "25": 0.00024121999740600586,
        "50": 0.0002543926239013672,
        "75": 0.00026607513427734375,
        "90": 0.0002689361572265625
    }
}