{
    "avg_prefill_latency": 0.03582833210627238,
    "prefill_latencies": [
        0.03149914741516113,
        0.05910348892211914,
        0.03152060508728027,
        0.03143310546875,
        0.03128409385681152,
        0.0314178466796875,
        0.03139686584472656,
        0.03137946128845215,
        0.03155207633972168,
        0.05619502067565918,
        0.03167843818664551,
        0.031479835510253906
    ],
    "prefill_percentiles": {
        "10": 0.03138120174407959,
        "25": 0.031412601470947266,
        "50": 0.03148949146270752,
        "75": 0.03158366680145264,
        "90": 0.05374336242675782
    },
    "avg_decode_latency": 0.0002241333325703939,
    "decode_latencies": [
        0.0002155303955078125,
        0.00022029876708984375,
        0.0002446174621582031,
        0.0002181529998779297,
        0.00023603439331054688,
        0.00022220611572265625,
        0.0002167224884033203,
        0.00023818016052246094,
        0.00021648406982421875,
        0.00021505355834960938,
        0.00022983551025390625,
        0.00021648406982421875
    ],
    "decode_percentiles": {
        "10": 0.00021562576293945312,
        "25": 0.00021648406982421875,
        "50": 0.00021922588348388672,
        "75": 0.0002313852310180664,
        "90": 0.00023796558380126954
    }
}