{
    "avg_prefill_latency": 0.03922804196675619,
    "prefill_latencies": [
        0.03901863098144531,
        0.03942513465881348,
        0.038970232009887695,
        0.03892183303833008,
        0.03917050361633301,
        0.03897285461425781,
        0.039002418518066406,
        0.03910708427429199,
        0.03891730308532715,
        0.03887534141540527,
        0.0395808219909668,
        0.04077434539794922
    ],
    "prefill_percentiles": {
        "10": 0.03891775608062744,
        "25": 0.03895813226699829,
        "50": 0.03901052474975586,
        "75": 0.039234161376953125,
        "90": 0.03956525325775147
    },
    "avg_decode_latency": 0.00025767087936401367,
    "decode_latencies": [
        0.000217437744140625,
        0.0002193450927734375,
        0.0002551078796386719,
        0.00021719932556152344,
        0.00021958351135253906,
        0.000255584716796875,
        0.00022363662719726562,
        0.00022077560424804688,
        0.0002562999725341797,
        0.00024580955505371094,
        0.0003719329833984375,
        0.00038933753967285156
    ],
    "decode_percentiles": {
        "10": 0.00021762847900390624,
        "25": 0.00021952390670776367,
        "50": 0.00023472309112548828,
        "75": 0.00025576353073120117,
        "90": 0.0003603696823120118
    }
}