{
    "avg_prefill_latency": 0.047001381715138756,
    "prefill_latencies": [
        0.04717588424682617,
        0.04677987098693848,
        0.04726600646972656,
        0.04642939567565918,
        0.04700660705566406,
        0.04740452766418457,
        0.047246456146240234,
        0.04675626754760742,
        0.04712867736816406,
        0.04649066925048828,
        0.04735875129699707,
        0.046973466873168945
    ],
    "prefill_percentiles": {
        "10": 0.046517229080200194,
        "25": 0.04677397012710571,
        "50": 0.04706764221191406,
        "75": 0.047251343727111816,
        "90": 0.04734947681427002
    },
    "avg_decode_latency": 0.021113998360104035,
    "decode_latencies": [
        0.021130740642547607,
        0.02119294802347819,
        0.02110123634338379,
        0.0210304061571757,
        0.02085183064142863,
        0.021068672339121502,
        0.02117300033569336,
        0.021151880423227947,
        0.02117103338241577,
        0.02121293544769287,
        0.02105194330215454,
        0.021231353282928467
    ],
    "decode_percentiles": {
        "10": 0.021032559871673587,
        "25": 0.02106449007987976,
        "50": 0.02114131053288778,
        "75": 0.021177987257639568,
        "90": 0.021210936705271403
    }
}