{
    "avg_prefill_latency": 0.015016376972198486,
    "prefill_latencies": [
        0.01573777198791504,
        0.01459503173828125,
        0.01620650291442871,
        0.01475214958190918,
        0.015123367309570312,
        0.015119791030883789,
        0.01484227180480957,
        0.014626264572143555,
        0.01474618911743164,
        0.014659404754638672,
        0.01467275619506836,
        0.015115022659301758
    ],
    "prefill_percentiles": {
        "10": 0.014629578590393067,
        "25": 0.014669418334960938,
        "50": 0.014797210693359375,
        "75": 0.01512068510055542,
        "90": 0.015676331520080567
    },
    "avg_decode_latency": 0.014771306956255878,
    "decode_latencies": [
        0.014721843931410048,
        0.01489726702372233,
        0.015071471532185873,
        0.014878643883599175,
        0.014751566780938042,
        0.014756600062052408,
        0.014754613240559896,
        0.014717658360799154,
        0.01461497942606608,
        0.014819463094075521,
        0.014690452151828341,
        0.014581123987833658
    ],
    "decode_percentiles": {
        "10": 0.014622526698642306,
        "25": 0.01471085680855645,
        "50": 0.01475309001074897,
        "75": 0.014834258291456435,
        "90": 0.014895404709710014
    }
}