{
    "avg_prefill_latency": 0.037633796532948814,
    "prefill_latencies": [
        0.03667902946472168,
        0.03663063049316406,
        0.03741121292114258,
        0.03744912147521973,
        0.03852081298828125,
        0.03725457191467285,
        0.037854671478271484,
        0.03785419464111328,
        0.03799796104431152,
        0.03785085678100586,
        0.037764549255371094,
        0.03833794593811035
    ],
    "prefill_percentiles": {
        "10": 0.036736583709716795,
        "25": 0.037372052669525146,
        "50": 0.03780770301818848,
        "75": 0.037890493869781494,
        "90": 0.03830394744873047
    },
    "avg_decode_latency": 0.019366613140812627,
    "decode_latencies": [
        0.019242419136895075,
        0.01951909065246582,
        0.024065865410698786,
        0.02015452914767795,
        0.017289585537380643,
        0.023503939310709637,
        0.016321049796210393,
        0.019056214226616755,
        0.019125196668836806,
        0.015101379818386503,
        0.020456764433119033,
        0.018563323550754122
    ],
    "decode_percentiles": {
        "10": 0.01641790337032742,
        "25": 0.018244889047410753,
        "50": 0.01918380790286594,
        "75": 0.020230087969038222,
        "90": 0.023199221822950578
    }
}