{
    "avg_prefill_latency": 0.022189358870188396,
    "prefill_latencies": [
        0.020519018173217773,
        0.021463394165039062,
        0.02161383628845215,
        0.02733635902404785,
        0.022442340850830078,
        0.021654844284057617,
        0.02124476432800293,
        0.021320104598999023,
        0.02219843864440918,
        0.021033525466918945,
        0.020867347717285156,
        0.024578332901000977
    ],
    "prefill_percentiles": {
        "10": 0.020883965492248534,
        "25": 0.021191954612731934,
        "50": 0.021538615226745605,
        "75": 0.022259414196014404,
        "90": 0.024364733695983888
    },
    "avg_decode_latency": 0.015717354085710313,
    "decode_latencies": [
        0.015421628952026367,
        0.015462610456678603,
        0.015267690022786459,
        0.015803098678588867,
        0.01548812124464247,
        0.015167554219563803,
        0.016708877351548936,
        0.015571011437310113,
        0.016410112380981445,
        0.01655689875284831,
        0.015502532323201498,
        0.015248113208346896
    ],
    "decode_percentiles": {
        "10": 0.015250070889790853,
        "25": 0.01538314421971639,
        "50": 0.015495326783921983,
        "75": 0.01595485210418701,
        "90": 0.016542220115661622
    }
}