{
    "avg_prefill_latency": 0.046678006649017334,
    "prefill_latencies": [
        0.046773433685302734,
        0.046938180923461914,
        0.047080039978027344,
        0.046190738677978516,
        0.04669642448425293,
        0.04706978797912598,
        0.04668593406677246,
        0.04648542404174805,
        0.04631185531616211,
        0.04677128791809082,
        0.04632425308227539,
        0.046808719635009766
    ],
    "prefill_percentiles": {
        "10": 0.04631309509277344,
        "25": 0.04644513130187988,
        "50": 0.046733856201171875,
        "75": 0.0468410849571228,
        "90": 0.04705662727355957
    },
    "avg_decode_latency": 0.014372954765955607,
    "decode_latencies": [
        0.014352846145629882,
        0.01469881534576416,
        0.014514708518981933,
        0.01432788372039795,
        0.014411044120788575,
        0.014348530769348144,
        0.014264607429504394,
        0.014478635787963868,
        0.01422421932220459,
        0.014427804946899414,
        0.014136195182800293,
        0.014290165901184083
    ],
    "decode_percentiles": {
        "10": 0.01422825813293457,
        "25": 0.01428377628326416,
        "50": 0.014350688457489012,
        "75": 0.014440512657165528,
        "90": 0.014511101245880127
    }
}