{
    "avg_prefill_latency": 0.03929698467254639,
    "prefill_latencies": [
        0.03139162063598633,
        0.031245708465576172,
        0.1263594627380371,
        0.033795833587646484,
        0.0310060977935791,
        0.031122684478759766,
        0.030552148818969727,
        0.03147435188293457,
        0.031097412109375,
        0.030878067016601562,
        0.03143930435180664,
        0.03120112419128418
    ],
    "prefill_percentiles": {
        "10": 0.030890870094299316,
        "25": 0.031074583530426025,
        "50": 0.031223416328430176,
        "75": 0.03144806623458862,
        "90": 0.0335636854171753
    },
    "avg_decode_latency": 0.0186814053191079,
    "decode_latencies": [
        0.018571019172668457,
        0.01887349287668864,
        0.018998364607493084,
        0.01859519879023234,
        0.018620789051055908,
        0.018529236316680908,
        0.018783986568450928,
        0.01837708552678426,
        0.018414874871571858,
        0.018829643726348877,
        0.019088129202524822,
        0.018495043118794758
    ],
    "decode_percentiles": {
        "10": 0.018422891696294148,
        "25": 0.01852068801720937,
        "50": 0.018607993920644127,
        "75": 0.01884060601393382,
        "90": 0.01898587743441264
    }
}