{
    "avg_prefill_latency": 0.04657328128814697,
    "prefill_latencies": [
        0.04672408103942871,
        0.04624629020690918,
        0.04667258262634277,
        0.04634284973144531,
        0.04675436019897461,
        0.04686760902404785,
        0.0463109016418457,
        0.046625614166259766,
        0.046517372131347656,
        0.046708106994628906,
        0.04628491401672363,
        0.04682469367980957
    ],
    "prefill_percentiles": {
        "10": 0.04628751277923584,
        "25": 0.04633486270904541,
        "50": 0.04664909839630127,
        "75": 0.046731650829315186,
        "90": 0.046817660331726074
    },
    "avg_decode_latency": 0.01481554905573527,
    "decode_latencies": [
        0.014090696970621744,
        0.014043437110053169,
        0.014282332526312934,
        0.014831145604451498,
        0.0147298706902398,
        0.014416562186347114,
        0.02050937546624078,
        0.014126115375094943,
        0.014135175281100802,
        0.014411714341905382,
        0.014047119352552626,
        0.014163043763902452
    ],
    "decode_percentiles": {
        "10": 0.014051477114359539,
        "25": 0.014117260773976643,
        "50": 0.014222688145107694,
        "75": 0.014494889312320285,
        "90": 0.014821018113030328
    }
}