{
    "avg_prefill_latency": 0.03967169920603434,
    "prefill_latencies": [
        0.03972768783569336,
        0.03971505165100098,
        0.0410761833190918,
        0.04006528854370117,
        0.039145469665527344,
        0.039223670959472656,
        0.03954768180847168,
        0.03904581069946289,
        0.03924703598022461,
        0.03911304473876953,
        0.03914451599121094,
        0.041008949279785156
    ],
    "prefill_percentiles": {
        "10": 0.039116191864013675,
        "25": 0.03914523124694824,
        "50": 0.039397358894348145,
        "75": 0.03981208801269531,
        "90": 0.04091458320617676
    },
    "avg_decode_latency": 0.03332596294807665,
    "decode_latencies": [
        0.032184514132412995,
        0.031249371441927822,
        0.039391647685657845,
        0.03219294548034668,
        0.030583099885420365,
        0.0376266132701527,
        0.030763322656804867,
        0.03629552234302868,
        0.03060923923145641,
        0.030952366915616123,
        0.03737835450605913,
        0.03068455782803622
    ],
    "decode_percentiles": {
        "10": 0.03061677109111439,
        "25": 0.030743631449612705,
        "50": 0.03171694278717041,
        "75": 0.03656623038378629,
        "90": 0.03760178739374335
    }
}