{
    "avg_prefill_latency": 0.035402039686838783,
    "prefill_latencies": [
        0.03248167037963867,
        0.03252291679382324,
        0.03238248825073242,
        0.06127667427062988,
        0.03253984451293945,
        0.03232407569885254,
        0.032859086990356445,
        0.03244137763977051,
        0.03217744827270508,
        0.03914976119995117,
        0.03248882293701172,
        0.0321803092956543
    ],
    "prefill_percentiles": {
        "10": 0.03219468593597412,
        "25": 0.03236788511276245,
        "50": 0.032485246658325195,
        "75": 0.0326196551322937,
        "90": 0.0385206937789917
    },
    "avg_decode_latency": 0.029233115911483767,
    "decode_latencies": [
        0.029594731330871583,
        0.029329681396484376,
        0.03025674819946289,
        0.030916690826416016,
        0.02813904285430908,
        0.042326498031616214,
        0.02394716739654541,
        0.027335333824157714,
        0.023574042320251464,
        0.026062774658203124,
        0.02787797451019287,
        0.031436705589294435
    ],
    "decode_percentiles": {
        "10": 0.024158728122711182,
        "25": 0.027017194032669067,
        "50": 0.028734362125396727,
        "75": 0.030421733856201172,
        "90": 0.031384704113006597
    }
}