{
    "avg_prefill_latency": 0.03306196133295695,
    "prefill_latencies": [
        0.033537864685058594,
        0.03314065933227539,
        0.03310227394104004,
        0.033506155014038086,
        0.03268027305603027,
        0.03337264060974121,
        0.03248167037963867,
        0.03466296195983887,
        0.032578229904174805,
        0.03239274024963379,
        0.032880306243896484,
        0.03240776062011719
    ],
    "prefill_percentiles": {
        "10": 0.032415151596069336,
        "25": 0.03255409002304077,
        "50": 0.03299129009246826,
        "75": 0.03340601921081543,
        "90": 0.033534693717956546
    },
    "avg_decode_latency": 0.032067544532544685,
    "decode_latencies": [
        0.0379362323067405,
        0.03253206339749423,
        0.027979265559803356,
        0.028027621182528408,
        0.03459366885098544,
        0.027388897809115322,
        0.05095529556274414,
        0.028556650335138493,
        0.03395958380265669,
        0.02762517062100497,
        0.027533032677390358,
        0.027723052284934303
    ],
    "decode_percentiles": {
        "10": 0.02754224647175182,
        "25": 0.02769858186895197,
        "50": 0.02829213575883345,
        "75": 0.03411810506473888,
        "90": 0.037601975961165
    }
}