{
    "avg_prefill_latency": 0.04855281114578247,
    "prefill_latencies": [
        0.048189640045166016,
        0.04866170883178711,
        0.04874610900878906,
        0.04838228225708008,
        0.04852771759033203,
        0.04880857467651367,
        0.048238277435302734,
        0.04882168769836426,
        0.04828596115112305,
        0.0488131046295166,
        0.048460960388183594,
        0.048697710037231445
    ],
    "prefill_percentiles": {
        "10": 0.048243045806884766,
        "25": 0.04835820198059082,
        "50": 0.04859471321105957,
        "75": 0.048761725425720215,
        "90": 0.04881265163421631
    },
    "avg_decode_latency": 0.020988200108210245,
    "decode_latencies": [
        0.026834511756896974,
        0.01994767189025879,
        0.02004704475402832,
        0.019883155822753906,
        0.019931840896606445,
        0.019820618629455566,
        0.019805335998535158,
        0.01996755599975586,
        0.02575063705444336,
        0.02006387710571289,
        0.019912075996398926,
        0.01989407539367676
    ],
    "decode_percentiles": {
        "10": 0.0198268723487854,
        "25": 0.019891345500946046,
        "50": 0.019939756393432616,
        "75": 0.02005125284194946,
        "90": 0.025181961059570313
    }
}