{
    "avg_prefill_latency": 0.017838736375172932,
    "prefill_latencies": [
        0.014651298522949219,
        0.014808893203735352,
        0.015135526657104492,
        0.016596317291259766,
        0.014397859573364258,
        0.01462554931640625,
        0.01585674285888672,
        0.02164936065673828,
        0.01967763900756836,
        0.015991687774658203,
        0.020581483840942383,
        0.030092477798461914
    ],
    "prefill_percentiles": {
        "10": 0.014628124237060548,
        "25": 0.014769494533538818,
        "50": 0.01592421531677246,
        "75": 0.019903600215911865,
        "90": 0.021542572975158693
    },
    "avg_decode_latency": 0.01660709469406693,
    "decode_latencies": [
        0.014771805869208442,
        0.014794031778971354,
        0.015078809526231553,
        0.014430072572496202,
        0.014176554150051542,
        0.014245112737019857,
        0.021083937750922307,
        0.01739682091606988,
        0.019093910853068035,
        0.01750877168443468,
        0.017488347159491643,
        0.019216961330837674
    ],
    "decode_percentiles": {
        "10": 0.014263608720567492,
        "25": 0.014686372545030382,
        "50": 0.01623781522115072,
        "75": 0.017905056476593018,
        "90": 0.01920465628306071
    }
}