{
    "avg_prefill_latency": 0.04454102118810018,
    "prefill_latencies": [
        0.03924822807312012,
        0.05770111083984375,
        0.03936123847961426,
        0.04845476150512695,
        0.03948855400085449,
        0.039269208908081055,
        0.03928065299987793,
        0.05144524574279785,
        0.038976192474365234,
        0.04055166244506836,
        0.03917264938354492,
        0.06154274940490723
    ],
    "prefill_percentiles": {
        "10": 0.039180207252502444,
        "25": 0.03926396369934082,
        "50": 0.039424896240234375,
        "75": 0.04920238256454468,
        "90": 0.05707552433013916
    },
    "avg_decode_latency": 0.024338533480962116,
    "decode_latencies": [
        0.023625278472900392,
        0.02054436206817627,
        0.023873019218444824,
        0.021770644187927245,
        0.024484539031982423,
        0.023194026947021485,
        0.024968457221984864,
        0.03252644538879394,
        0.024213433265686035,
        0.024703121185302733,
        0.02413179874420166,
        0.024027276039123534
    ],
    "decode_percentiles": {
        "10": 0.021912982463836668,
        "25": 0.023517465591430666,
        "50": 0.024079537391662596,
        "75": 0.0245391845703125,
        "90": 0.024941923618316653
    }
}