{
    "avg_prefill_latency": 0.03452513615290324,
    "prefill_latencies": [
        0.03240013122558594,
        0.0328218936920166,
        0.03249073028564453,
        0.03402352333068848,
        0.03345894813537598,
        0.0333712100982666,
        0.03323817253112793,
        0.03331875801086426,
        0.03249812126159668,
        0.033659934997558594,
        0.034125566482543945,
        0.048894643783569336
    ],
    "prefill_percentiles": {
        "10": 0.03249146938323975,
        "25": 0.03274095058441162,
        "50": 0.03334498405456543,
        "75": 0.033750832080841064,
        "90": 0.0341153621673584
    },
    "avg_decode_latency": 0.03253697084658074,
    "decode_latencies": [
        0.031442815607244316,
        0.03992739590731534,
        0.030735557729547672,
        0.031213435259732334,
        0.036462957208806816,
        0.03005177324468439,
        0.031226721676913174,
        0.029251293702559036,
        0.03582304174249822,
        0.03383742679249157,
        0.02924834598194469,
        0.031222885305231266
    ],
    "decode_percentiles": {
        "10": 0.02933134165677157,
        "25": 0.030564611608331852,
        "50": 0.03122480349107222,
        "75": 0.03433383052999323,
        "90": 0.03639896566217596
    }
}