{
    "avg_prefill_latency": 0.008981565634409586,
    "prefill_latencies": [
        0.008984804153442383,
        0.00897216796875,
        0.008978128433227539,
        0.00894308090209961,
        0.008999347686767578,
        0.008979558944702148,
        0.00899648666381836,
        0.008953094482421875,
        0.00896763801574707,
        0.008985519409179688,
        0.009009361267089844,
        0.009009599685668945
    ],
    "prefill_percentiles": {
        "10": 0.008954548835754394,
        "25": 0.008971035480499268,
        "50": 0.008982181549072266,
        "75": 0.008997201919555664,
        "90": 0.009008359909057618
    },
    "avg_decode_latency": 0.008215378831934047,
    "decode_latencies": [
        0.008177889717949761,
        0.00820061895582411,
        0.008198711607191298,
        0.00818536016676161,
        0.00817667113410102,
        0.008194367090861002,
        0.008184194564819336,
        0.00820249981350369,
        0.008198367224799262,
        0.008475065231323242,
        0.008183161417643229,
        0.00820763905843099
    ],
    "decode_percentiles": {
        "10": 0.008178416887919107,
        "25": 0.008183936278025309,
        "50": 0.008196367157830132,
        "75": 0.008201089170244005,
        "90": 0.00820712513393826
    }
}