{
    "avg_prefill_latency": 0.025726934274037678,
    "prefill_latencies": [
        0.025710582733154297,
        0.02581167221069336,
        0.025660991668701172,
        0.025724172592163086,
        0.025637149810791016,
        0.025748014450073242,
        0.025740623474121094,
        0.025731563568115234,
        0.02573084831237793,
        0.025798320770263672,
        0.025651931762695312,
        0.025777339935302734
    ],
    "prefill_percentiles": {
        "10": 0.0256528377532959,
        "25": 0.025698184967041016,
        "50": 0.025731205940246582,
        "75": 0.025755345821380615,
        "90": 0.025796222686767577
    },
    "avg_decode_latency": 0.011055626251079418,
    "decode_latencies": [
        0.011000845167371962,
        0.01103149520026313,
        0.011003123389350044,
        0.011034700605604384,
        0.011244879828559028,
        0.01107131110297309,
        0.011027812957763672,
        0.011022011439005533,
        0.01114842626783583,
        0.011014090643988715,
        0.011060555775960287,
        0.011008262634277344
    ],
    "decode_percentiles": {
        "10": 0.011003637313842773,
        "25": 0.011012633641560873,
        "50": 0.0110296540790134,
        "75": 0.011063244607713487,
        "90": 0.011140714751349555
    }
}