{
    "avg_prefill_latency": 0.03244588772455851,
    "prefill_latencies": [
        0.032355546951293945,
        0.03241729736328125,
        0.03225827217102051,
        0.03220200538635254,
        0.032991647720336914,
        0.03223609924316406,
        0.032149314880371094,
        0.03228759765625,
        0.03228592872619629,
        0.03254961967468262,
        0.03338932991027832,
        0.03222799301147461
    ],
    "prefill_percentiles": {
        "10": 0.032204604148864745,
        "25": 0.0322340726852417,
        "50": 0.032286763191223145,
        "75": 0.03245037794113159,
        "90": 0.032947444915771486
    },
    "avg_decode_latency": 0.02967309753100077,
    "decode_latencies": [
        0.026125121116638183,
        0.02552750110626221,
        0.029715418815612793,
        0.031122517585754395,
        0.025267744064331056,
        0.03135054111480713,
        0.025415897369384766,
        0.03749349117279053,
        0.0276278018951416,
        0.045292901992797854,
        0.02539193630218506,
        0.02574629783630371
    ],
    "decode_percentiles": {
        "10": 0.02539433240890503,
        "25": 0.02549960017204285,
        "50": 0.02687646150588989,
        "75": 0.03117952346801758,
        "90": 0.036879196166992194
    }
}