{
    "avg_prefill_latency": 0.04868165651957194,
    "prefill_latencies": [
        0.04852652549743652,
        0.04833579063415527,
        0.04856514930725098,
        0.0482637882232666,
        0.048366546630859375,
        0.048217058181762695,
        0.04916834831237793,
        0.0487360954284668,
        0.0491640567779541,
        0.04871940612792969,
        0.04915308952331543,
        0.04896402359008789
    ],
    "prefill_percentiles": {
        "10": 0.04827098846435547,
        "25": 0.04835885763168335,
        "50": 0.04864227771759033,
        "75": 0.049011290073394775,
        "90": 0.04916296005249023
    },
    "avg_decode_latency": 0.02758498986562093,
    "decode_latencies": [
        0.026214794679121536,
        0.0262669866735285,
        0.031918027184226296,
        0.026082233949141068,
        0.026496497067538174,
        0.026076902042735706,
        0.031002694910222835,
        0.026493744416670365,
        0.02593918280168013,
        0.02613288705999201,
        0.03234514323147861,
        0.026050784371115944
    ],
    "decode_percentiles": {
        "10": 0.02605339613827792,
        "25": 0.026080900972539726,
        "50": 0.02624089067632502,
        "75": 0.02762304652820934,
        "90": 0.03182649395682595
    }
}