{
    "avg_prefill_latency": 0.01901857058207194,
    "prefill_latencies": [
        0.015183210372924805,
        0.02217411994934082,
        0.0160062313079834,
        0.015636444091796875,
        0.03074932098388672,
        0.01476144790649414,
        0.015124797821044922,
        0.01926898956298828,
        0.031229496002197266,
        0.016997098922729492,
        0.015758275985717773,
        0.015333414077758789
    ],
    "prefill_percentiles": {
        "10": 0.01513063907623291,
        "25": 0.015295863151550293,
        "50": 0.015882253646850586,
        "75": 0.019995272159576416,
        "90": 0.029891800880432133
    },
    "avg_decode_latency": 0.017211006747351754,
    "decode_latencies": [
        0.016544659932454426,
        0.01520191298590766,
        0.016129944059583876,
        0.016821119520399306,
        0.01694488525390625,
        0.015527513292100694,
        0.016799529393513996,
        0.015240828196207682,
        0.016024536556667753,
        0.016517480214436848,
        0.0225936041937934,
        0.02218606736924913
    ],
    "decode_percentiles": {
        "10": 0.015269496705796984,
        "25": 0.015900280740525987,
        "50": 0.016531070073445637,
        "75": 0.016852060953776043,
        "90": 0.021661949157714844
    }
}