{
    "avg_prefill_latency": 0.03281174103418986,
    "prefill_latencies": [
        0.03154563903808594,
        0.03170895576477051,
        0.03063511848449707,
        0.030754804611206055,
        0.03064417839050293,
        0.030734539031982422,
        0.030999422073364258,
        0.031104087829589844,
        0.03165936470031738,
        0.04171633720397949,
        0.039784908294677734,
        0.03245353698730469
    ],
    "prefill_percentiles": {
        "10": 0.030653214454650878,
        "25": 0.030749738216400146,
        "50": 0.03132486343383789,
        "75": 0.03189510107040405,
        "90": 0.03905177116394043
    },
    "avg_decode_latency": 0.021752681997087266,
    "decode_latencies": [
        0.019352455933888752,
        0.019410947958628338,
        0.019589980443318684,
        0.018970390160878498,
        0.018917858600616455,
        0.019376099109649658,
        0.01916352907816569,
        0.026518980662027996,
        0.0197028915087382,
        0.02963223059972127,
        0.026871661345163982,
        0.023525158564249676
    ],
    "decode_percentiles": {
        "10": 0.018989704052607217,
        "25": 0.019305224219957985,
        "50": 0.01950046420097351,
        "75": 0.024273614088694256,
        "90": 0.026836393276850383
    }
}