{
    "avg_prefill_latency": 0.039478699366251625,
    "prefill_latencies": [
        0.037697792053222656,
        0.03724241256713867,
        0.0370481014251709,
        0.03701639175415039,
        0.04075789451599121,
        0.0369718074798584,
        0.036963701248168945,
        0.03708028793334961,
        0.03693032264709473,
        0.03718686103820801,
        0.03677630424499512,
        0.0620725154876709
    ],
    "prefill_percentiles": {
        "10": 0.03693366050720215,
        "25": 0.036969780921936035,
        "50": 0.037064194679260254,
        "75": 0.03735625743865967,
        "90": 0.040451884269714355
    },
    "avg_decode_latency": 0.01771230830086602,
    "decode_latencies": [
        0.015044291814168295,
        0.017678499221801758,
        0.020993947982788086,
        0.017676485909356013,
        0.02012785275777181,
        0.018793556425306533,
        0.01516519652472602,
        0.01922697491115994,
        0.01669454574584961,
        0.020051081975301106,
        0.0149177975124783,
        0.016177468829684787
    ],
    "decode_percentiles": {
        "10": 0.015056382285224067,
        "25": 0.015924400753445096,
        "50": 0.017677492565578885,
        "75": 0.019433001677195232,
        "90": 0.02012017567952474
    }
}