{
    "avg_prefill_latency": 0.03895328442255656,
    "prefill_latencies": [
        0.03729653358459473,
        0.051862478256225586,
        0.037038326263427734,
        0.03706812858581543,
        0.03714561462402344,
        0.03701376914978027,
        0.03721809387207031,
        0.0371856689453125,
        0.03873729705810547,
        0.037137746810913086,
        0.042675018310546875,
        0.03706073760986328
    ],
    "prefill_percentiles": {
        "10": 0.03704056739807129,
        "25": 0.03706628084182739,
        "50": 0.03716564178466797,
        "75": 0.03765672445297241,
        "90": 0.04228124618530273
    },
    "avg_decode_latency": 0.01805764635403951,
    "decode_latencies": [
        0.01719667911529541,
        0.01737987995147705,
        0.016760754585266113,
        0.02193458080291748,
        0.017964482307434082,
        0.02059626579284668,
        0.017119550704956056,
        0.01703355312347412,
        0.01947662830352783,
        0.01699702739715576,
        0.017591094970703124,
        0.01664125919342041
    ],
    "decode_percentiles": {
        "10": 0.01678438186645508,
        "25": 0.01702442169189453,
        "50": 0.01728827953338623,
        "75": 0.01834251880645752,
        "90": 0.020484302043914795
    }
}