{
    "avg_prefill_latency": 0.008904516696929932,
    "prefill_latencies": [
        0.008874654769897461,
        0.008844614028930664,
        0.008918046951293945,
        0.008863687515258789,
        0.008923530578613281,
        0.008905887603759766,
        0.0088958740234375,
        0.008901596069335938,
        0.008942842483520508,
        0.008979082107543945,
        0.008946657180786133,
        0.00885772705078125
    ],
    "prefill_percentiles": {
        "10": 0.008858323097229004,
        "25": 0.008871912956237793,
        "50": 0.008903741836547852,
        "75": 0.008928358554840088,
        "90": 0.00894627571105957
    },
    "avg_decode_latency": 0.008076853222317167,
    "decode_latencies": [
        0.008013142479790581,
        0.00805211067199707,
        0.008031315273708768,
        0.008024560080634223,
        0.0081840091281467,
        0.008042679892645942,
        0.008016665776570639,
        0.00803934203253852,
        0.008120351367526583,
        0.008348941802978516,
        0.008020427491929796,
        0.008028692669338651
    ],
    "decode_percentiles": {
        "10": 0.008017041948106554,
        "25": 0.008023526933458116,
        "50": 0.008035328653123643,
        "75": 0.008069170845879449,
        "90": 0.00817764335208469
    }
}