{
    "avg_prefill_latency": 0.020609478155771892,
    "prefill_latencies": [
        0.04745030403137207,
        0.017195463180541992,
        0.01920151710510254,
        0.015523195266723633,
        0.020016908645629883,
        0.019416093826293945,
        0.018841028213500977,
        0.017184019088745117,
        0.018083810806274414,
        0.01931905746459961,
        0.017315149307250977,
        0.01776719093322754
    ],
    "prefill_percentiles": {
        "10": 0.017185163497924805,
        "25": 0.01728522777557373,
        "50": 0.018462419509887695,
        "75": 0.019343316555023193,
        "90": 0.01995682716369629
    },
    "avg_decode_latency": 0.016319113749044913,
    "decode_latencies": [
        0.016940991083780926,
        0.014669391844007704,
        0.014687962002224393,
        0.020316229926215276,
        0.014391183853149414,
        0.014690452151828341,
        0.02066183090209961,
        0.014814641740587022,
        0.019896268844604492,
        0.01499576038784451,
        0.014915598763359917,
        0.014849053488837348
    ],
    "decode_percentiles": {
        "10": 0.014671248859829374,
        "25": 0.014689829614427354,
        "50": 0.014882326126098633,
        "75": 0.017679810523986816,
        "90": 0.020274233818054196
    }
}