{
    "avg_prefill_latency": 0.019674042860666912,
    "prefill_latencies": [
        0.01513671875,
        0.016806602478027344,
        0.02114129066467285,
        0.028199434280395508,
        0.01733112335205078,
        0.02334427833557129,
        0.024791955947875977,
        0.01904606819152832,
        0.016719341278076172,
        0.017439603805541992,
        0.016445159912109375,
        0.01968693733215332
    ],
    "prefill_percentiles": {
        "10": 0.016472578048706055,
        "25": 0.01678478717803955,
        "50": 0.018242835998535156,
        "75": 0.02169203758239746,
        "90": 0.02464718818664551
    },
    "avg_decode_latency": 0.018322931395636666,
    "decode_latencies": [
        0.020364496443006728,
        0.020741966035630967,
        0.01641914579603407,
        0.01730987760755751,
        0.018321090274386935,
        0.018100606070624456,
        0.01967014206780328,
        0.015810039308336046,
        0.018568568759494357,
        0.019715680016411677,
        0.015020661883884005,
        0.019832902484469943
    ],
    "decode_percentiles": {
        "10": 0.015870949957105848,
        "25": 0.01708719465467665,
        "50": 0.018444829516940646,
        "75": 0.01974498563342624,
        "90": 0.02031133704715305
    }
}