{
    "avg_prefill_latency": 0.015356341997782389,
    "prefill_latencies": [
        0.015405654907226562,
        0.015315532684326172,
        0.015365839004516602,
        0.015302896499633789,
        0.015392541885375977,
        0.015365839004516602,
        0.015347719192504883,
        0.015325307846069336,
        0.01537179946899414,
        0.015341758728027344,
        0.015372514724731445,
        0.01536870002746582
    ],
    "prefill_percentiles": {
        "10": 0.015316510200500488,
        "25": 0.015337646007537842,
        "50": 0.015365839004516602,
        "75": 0.015371978282928467,
        "90": 0.015390539169311523
    },
    "avg_decode_latency": 0.008631684161998608,
    "decode_latencies": [
        0.008615228864881728,
        0.008605453703138564,
        0.008602884080674913,
        0.008602168824937608,
        0.008610063129001193,
        0.00859363873799642,
        0.008596526251898872,
        0.00889028443230523,
        0.008611016803317599,
        0.008620262145996094,
        0.008607890870836046,
        0.008624792098999023
    ],
    "decode_percentiles": {
        "10": 0.008597090509202746,
        "25": 0.008602705266740587,
        "50": 0.00860897699991862,
        "75": 0.00861648718516032,
        "90": 0.00862433910369873
    }
}