{
    "avg_prefill_latency": 0.03619396686553955,
    "prefill_latencies": [
        0.030992984771728516,
        0.03089141845703125,
        0.031035184860229492,
        0.031273603439331055,
        0.03212738037109375,
        0.031888723373413086,
        0.057610511779785156,
        0.03087759017944336,
        0.06435227394104004,
        0.03109574317932129,
        0.031207799911499023,
        0.030974388122558594
    ],
    "prefill_percentiles": {
        "10": 0.030899715423583985,
        "25": 0.030988335609436035,
        "50": 0.031151771545410156,
        "75": 0.03194838762283325,
        "90": 0.055062198638916024
    },
    "avg_decode_latency": 0.027635773022969563,
    "decode_latencies": [
        0.02713988224665324,
        0.026295443375905354,
        0.029933432737986248,
        0.028432826201121014,
        0.030933260917663574,
        0.026790738105773926,
        0.026283482710520428,
        0.02603234847386678,
        0.02620995044708252,
        0.02678634723027547,
        0.030264198780059814,
        0.0265273650487264
    ],
    "decode_percentiles": {
        "10": 0.026217303673426312,
        "25": 0.02629245320955912,
        "50": 0.026788542668024697,
        "75": 0.028807977835337322,
        "90": 0.030231122175852457
    }
}