{
    "avg_prefill_latency": 0.0472216804822286,
    "prefill_latencies": [
        0.04727625846862793,
        0.04688549041748047,
        0.047423601150512695,
        0.04723477363586426,
        0.04717302322387695,
        0.04764389991760254,
        0.04719710350036621,
        0.046865224838256836,
        0.046782493591308594,
        0.04739856719970703,
        0.04712486267089844,
        0.04765486717224121
    ],
    "prefill_percentiles": {
        "10": 0.0468672513961792,
        "25": 0.047065019607543945,
        "50": 0.047215938568115234,
        "75": 0.04740482568740845,
        "90": 0.047621870040893556
    },
    "avg_decode_latency": 0.028488185670640733,
    "decode_latencies": [
        0.02732481559117635,
        0.027341643969217937,
        0.027455151081085205,
        0.02733465035756429,
        0.03391575813293457,
        0.02731211980183919,
        0.02724305788675944,
        0.027225613594055176,
        0.02744545539220174,
        0.027471184730529785,
        0.034400622049967446,
        0.027388155460357666
    ],
    "decode_percentiles": {
        "10": 0.027249964078267415,
        "25": 0.02732164164384206,
        "50": 0.027364899714787803,
        "75": 0.02745915949344635,
        "90": 0.033271300792694095
    }
}