{
    "avg_prefill_latency": 0.047227839628855385,
    "prefill_latencies": [
        0.04723954200744629,
        0.047857046127319336,
        0.04732537269592285,
        0.0472416877746582,
        0.04736638069152832,
        0.04693865776062012,
        0.04669022560119629,
        0.047402381896972656,
        0.04735279083251953,
        0.047310829162597656,
        0.04676389694213867,
        0.04724526405334473
    ],
    "prefill_percentiles": {
        "10": 0.046781373023986814,
        "25": 0.047164320945739746,
        "50": 0.04727804660797119,
        "75": 0.04735618829727173,
        "90": 0.04739878177642822
    },
    "avg_decode_latency": 0.026201786266432867,
    "decode_latencies": [
        0.030735790729522705,
        0.02527564764022827,
        0.025162378946940105,
        0.025406638781229656,
        0.02530825138092041,
        0.02532811959584554,
        0.02520124117533366,
        0.02544093132019043,
        0.030095080534617107,
        0.02554366985956828,
        0.025467832883199055,
        0.0254558523495992
    ],
    "decode_percentiles": {
        "10": 0.02520868182182312,
        "25": 0.025300100445747375,
        "50": 0.025423785050710045,
        "75": 0.02548679212729136,
        "90": 0.029639939467112224
    }
}