{
    "avg_prefill_latency": 0.024505456288655598,
    "prefill_latencies": [
        0.024745941162109375,
        0.024616479873657227,
        0.024656295776367188,
        0.024648427963256836,
        0.024446725845336914,
        0.024330854415893555,
        0.024356842041015625,
        0.024396896362304688,
        0.024402379989624023,
        0.024462461471557617,
        0.024422645568847656,
        0.024579524993896484
    ],
    "prefill_percentiles": {
        "10": 0.024360847473144532,
        "25": 0.02440100908279419,
        "50": 0.024454593658447266,
        "75": 0.02462446689605713,
        "90": 0.02465550899505615
    },
    "avg_decode_latency": 0.01388869462189851,
    "decode_latencies": [
        0.014390680525037978,
        0.014575534396701388,
        0.014044549730088975,
        0.01419981320699056,
        0.01354233423868815,
        0.013537247975667318,
        0.013522174623277452,
        0.014120446311102973,
        0.013712882995605469,
        0.0136615965101454,
        0.013632800843980577,
        0.013724274105495878
    ],
    "decode_percentiles": {
        "10": 0.013537756601969401,
        "25": 0.01361018419265747,
        "50": 0.013718578550550673,
        "75": 0.014140288035074871,
        "90": 0.014371593793233236
    }
}