{
    "avg_prefill_latency": 0.15411116679509482,
    "prefill_latencies": [
        0.15381932258605957,
        0.15395593643188477,
        0.15398502349853516,
        0.1552271842956543,
        0.15393447875976562,
        0.154219388961792,
        0.15370535850524902,
        0.15343427658081055,
        0.15362238883972168,
        0.15417170524597168,
        0.15344595909118652,
        0.15581297874450684
    ],
    "prefill_percentiles": {
        "10": 0.15346360206604004,
        "25": 0.1536846160888672,
        "50": 0.1539452075958252,
        "75": 0.15418362617492676,
        "90": 0.15512640476226808
    },
    "avg_decode_latency": 0.014326137525063974,
    "decode_latencies": [
        0.013324658075968424,
        0.013602336247762045,
        0.014246887630886503,
        0.013295623991224501,
        0.013942082722981771,
        0.01343695322672526,
        0.015510294172498915,
        0.014973878860473633,
        0.015780395931667753,
        0.013803746965196397,
        0.015216986338297525,
        0.014779806137084961
    ],
    "decode_percentiles": {
        "10": 0.013335887591044107,
        "25": 0.01356099049250285,
        "50": 0.014094485176934138,
        "75": 0.015034655729929606,
        "90": 0.015480963389078777
    }
}