{
    "avg_prefill_latency": 0.2931888898213704,
    "prefill_latencies": [
        0.29294466972351074,
        0.29303479194641113,
        0.293895959854126,
        0.2931480407714844,
        0.29311251640319824,
        0.2931640148162842,
        0.29309892654418945,
        0.2931046485900879,
        0.2929046154022217,
        0.2930598258972168,
        0.2932925224304199,
        0.2935061454772949
    ],
    "prefill_percentiles": {
        "10": 0.2929536819458008,
        "25": 0.2930535674095154,
        "50": 0.29310858249664307,
        "75": 0.2931961417198181,
        "90": 0.2934847831726074
    },
    "avg_decode_latency": 0.014151376706582529,
    "decode_latencies": [
        0.013475365108913846,
        0.013648695415920682,
        0.013989925384521484,
        0.013837469948662652,
        0.014256000518798828,
        0.014017820358276367,
        0.01348982916937934,
        0.0134834713406033,
        0.013523393207126193,
        0.017271253797743056,
        0.014780892266167535,
        0.014042403962877061
    ],
    "decode_percentiles": {
        "10": 0.013484107123480903,
        "25": 0.01351500219768948,
        "50": 0.013913697666592069,
        "75": 0.014095803101857502,
        "90": 0.014728403091430664
    }
}