{
    "avg_prefill_latency": 0.2822936375935872,
    "prefill_latencies": [
        0.28168630599975586,
        0.2817964553833008,
        0.2820756435394287,
        0.28168392181396484,
        0.2814345359802246,
        0.28180480003356934,
        0.2818305492401123,
        0.28196239471435547,
        0.2822079658508301,
        0.2821192741394043,
        0.2872602939605713,
        0.2816615104675293
    ],
    "prefill_percentiles": {
        "10": 0.28166375160217283,
        "25": 0.2816857099533081,
        "50": 0.2818176746368408,
        "75": 0.2820865511894226,
        "90": 0.2821990966796875
    },
    "avg_decode_latency": 0.041479754447937014,
    "decode_latencies": [
        0.04125518798828125,
        0.042024755477905275,
        0.04166717529296875,
        0.04081854820251465,
        0.04073169231414795,
        0.041231608390808104,
        0.04177944660186768,
        0.0416062593460083,
        0.04150242805480957,
        0.041974639892578124,
        0.04230082035064697,
        0.04086449146270752
    ],
    "decode_percentiles": {
        "10": 0.04082314252853393,
        "25": 0.04113982915878296,
        "50": 0.04155434370040893,
        "75": 0.04182824492454529,
        "90": 0.04201974391937256
    }
}