{
    "avg_prefill_latency": 0.07792053620020549,
    "prefill_latencies": [
        0.0777595043182373,
        0.07802963256835938,
        0.07793688774108887,
        0.07866501808166504,
        0.07756614685058594,
        0.07860088348388672,
        0.07828450202941895,
        0.07749056816101074,
        0.0772409439086914,
        0.07751655578613281,
        0.0776662826538086,
        0.07828950881958008
    ],
    "prefill_percentiles": {
        "10": 0.07749316692352295,
        "25": 0.07755374908447266,
        "50": 0.07784819602966309,
        "75": 0.07828575372695923,
        "90": 0.07856974601745606
    },
    "avg_decode_latency": 0.014150555487032292,
    "decode_latencies": [
        0.015092849731445312,
        0.014049821429782443,
        0.01511338022020128,
        0.014820045895046659,
        0.014854484134250216,
        0.013025336795383029,
        0.014025900099012587,
        0.013431708017985025,
        0.013957738876342773,
        0.014271365271674262,
        0.013798236846923828,
        0.01336579852634006
    ],
    "decode_percentiles": {
        "10": 0.013372389475504556,
        "25": 0.013706604639689127,
        "50": 0.014037860764397515,
        "75": 0.014828655454847548,
        "90": 0.015069013171725803
    }
}