{
    "avg_prefill_latency": 0.2831193407376607,
    "prefill_latencies": [
        0.28528428077697754,
        0.2835867404937744,
        0.2830493450164795,
        0.28206753730773926,
        0.28239941596984863,
        0.28267478942871094,
        0.28401660919189453,
        0.28275084495544434,
        0.2822432518005371,
        0.2825942039489746,
        0.2826573848724365,
        0.28410768508911133
    ],
    "prefill_percentiles": {
        "10": 0.28225886821746826,
        "25": 0.2825455069541931,
        "50": 0.28271281719207764,
        "75": 0.28369420766830444,
        "90": 0.28409857749938966
    },
    "avg_decode_latency": 0.025579975048700968,
    "decode_latencies": [
        0.027213263511657714,
        0.026924681663513184,
        0.023809814453125,
        0.023690080642700194,
        0.02423985004425049,
        0.03494784832000732,
        0.024839496612548827,
        0.023771786689758302,
        0.023645997047424316,
        0.02458622455596924,
        0.024521517753601074,
        0.024769139289855958
    ],
    "decode_percentiles": {
        "10": 0.023698251247406005,
        "25": 0.023800307512283327,
        "50": 0.024553871154785155,
        "75": 0.025360792875289917,
        "90": 0.027184405326843263
    }
}