{
    "avg_prefill_latency": 0.275044043858846,
    "prefill_latencies": [
        0.27466678619384766,
        0.2752354145050049,
        0.27480530738830566,
        0.2745821475982666,
        0.2738633155822754,
        0.2746262550354004,
        0.27515506744384766,
        0.2759065628051758,
        0.27434587478637695,
        0.27469468116760254,
        0.27780675888061523,
        0.2748403549194336
    ],
    "prefill_percentiles": {
        "10": 0.27436950206756594,
        "25": 0.27461522817611694,
        "50": 0.2747499942779541,
        "75": 0.27517515420913696,
        "90": 0.2758394479751587
    },
    "avg_decode_latency": 0.035842597484588616,
    "decode_latencies": [
        0.03334628211127387,
        0.033480167388916016,
        0.0333099365234375,
        0.033105929692586265,
        0.0389351314968533,
        0.03868778546651205,
        0.0391846497853597,
        0.038159343931410045,
        0.03784253862169054,
        0.03531813621520996,
        0.03461408615112305,
        0.03412718243069119
    ],
    "decode_percentiles": {
        "10": 0.03331357108222114,
        "25": 0.03344669606950548,
        "50": 0.034966111183166504,
        "75": 0.03829145431518555,
        "90": 0.03891039689381917
    }
}