{
    "avg_prefill_latency": 0.054486989974975586,
    "prefill_latencies": [
        0.0546567440032959,
        0.05529212951660156,
        0.054589271545410156,
        0.055024147033691406,
        0.054200172424316406,
        0.053314924240112305,
        0.0534520149230957,
        0.05414319038391113,
        0.05476951599121094,
        0.0549166202545166,
        0.054743289947509766,
        0.054741859436035156
    ],
    "prefill_percentiles": {
        "10": 0.053521132469177245,
        "25": 0.05418592691421509,
        "50": 0.05469930171966553,
        "75": 0.054806292057037354,
        "90": 0.055013394355773924
    },
    "avg_decode_latency": 0.033282341780485926,
    "decode_latencies": [
        0.03232471148173014,
        0.03463562329610189,
        0.03266278902689616,
        0.03360462188720703,
        0.03349124060736762,
        0.03238770696851942,
        0.03267643186781141,
        0.03253587086995443,
        0.038006994459364146,
        0.03189296192593045,
        0.03272687064276801,
        0.03244227833218045
    ],
    "decode_percentiles": {
        "10": 0.03233101103040907,
        "25": 0.03242863549126519,
        "50": 0.03266961044735378,
        "75": 0.03351958592732747,
        "90": 0.03453252315521241
    }
}