{
    "avg_prefill_latency": 0.23538798093795776,
    "prefill_latencies": [
        0.23369240760803223,
        0.2337932586669922,
        0.2340540885925293,
        0.2349834442138672,
        0.2391355037689209,
        0.23355603218078613,
        0.23479604721069336,
        0.23374032974243164,
        0.23344826698303223,
        0.23511457443237305,
        0.236710786819458,
        0.24163103103637695
    ],
    "prefill_percentiles": {
        "10": 0.23356966972351073,
        "25": 0.2337283492088318,
        "50": 0.23442506790161133,
        "75": 0.2355136275291443,
        "90": 0.2388930320739746
    },
    "avg_decode_latency": 0.03698864468821773,
    "decode_latencies": [
        0.03625930680169,
        0.03651184505886502,
        0.03641819953918457,
        0.035956992043389216,
        0.03574980629814996,
        0.03571976555718316,
        0.035892989900377065,
        0.03571833504570855,
        0.03569740719265408,
        0.03979608747694227,
        0.04189708497789171,
        0.03824591636657715
    ],
    "decode_percentiles": {
        "10": 0.035718478096856014,
        "25": 0.03574229611290826,
        "50": 0.03610814942253961,
        "75": 0.03694536288579305,
        "90": 0.03964107036590576
    }
}