{
    "avg_prefill_latency": 0.05184135834376017,
    "prefill_latencies": [
        0.04641461372375488,
        0.04786324501037598,
        0.06822729110717773,
        0.06807971000671387,
        0.04681110382080078,
        0.05149650573730469,
        0.051619529724121094,
        0.05138349533081055,
        0.05205368995666504,
        0.045136451721191406,
        0.04535818099975586,
        0.047652482986450195
    ],
    "prefill_percentiles": {
        "10": 0.04546382427215576,
        "25": 0.04671198129653931,
        "50": 0.04962337017059326,
        "75": 0.05172806978225708,
        "90": 0.06647710800170899
    },
    "avg_decode_latency": 0.03672288965295862,
    "decode_latencies": [
        0.03470468521118164,
        0.0377551449669732,
        0.04624941613939074,
        0.04264071252610949,
        0.03396500481499566,
        0.03722423977322049,
        0.03703769048055013,
        0.03534571329752604,
        0.032836728625827365,
        0.03265643119812012,
        0.03519919183519152,
        0.035059716966417104
    ],
    "decode_percentiles": {
        "10": 0.032949556244744195,
        "25": 0.03451976511213514,
        "50": 0.035272452566358775,
        "75": 0.037356966071658664,
        "90": 0.04215215577019586
    }
}