{
    "avg_prefill_latency": 0.6569477121035258,
    "prefill_latencies": [
        0.6568038463592529,
        0.6557996273040771,
        0.6572577953338623,
        0.6574833393096924,
        0.6570699214935303,
        0.6583995819091797,
        0.6561996936798096,
        0.6574630737304688,
        0.6575844287872314,
        0.6564173698425293,
        0.6570589542388916,
        0.6558349132537842
    ],
    "prefill_percentiles": {
        "10": 0.6558713912963867,
        "25": 0.6563629508018494,
        "50": 0.6570644378662109,
        "75": 0.6574681401252747,
        "90": 0.6575743198394776
    },
    "avg_decode_latency": 0.033861376621105055,
    "decode_latencies": [
        0.0336053106519911,
        0.03409094280666775,
        0.03429306877983941,
        0.03326702117919922,
        0.03344575564066569,
        0.0338231987423367,
        0.03420869509379069,
        0.03433365292019314,
        0.033303022384643555,
        0.03359309832255045,
        0.03408980369567871,
        0.03428294923570421
    ],
    "decode_percentiles": {
        "10": 0.03331729571024577,
        "25": 0.03355626265207926,
        "50": 0.0339565012190077,
        "75": 0.03422725862926907,
        "90": 0.03429205682542589
    }
}