{
    "avg_prefill_latency": 0.045056660970052086,
    "prefill_latencies": [
        0.0438685417175293,
        0.04361224174499512,
        0.045299530029296875,
        0.05464625358581543,
        0.04565167427062988,
        0.04428553581237793,
        0.04443216323852539,
        0.04426860809326172,
        0.04334902763366699,
        0.04337024688720703,
        0.04427504539489746,
        0.043621063232421875
    ],
    "prefill_percentiles": {
        "10": 0.04339444637298584,
        "25": 0.043618857860565186,
        "50": 0.04427182674407959,
        "75": 0.04464900493621826,
        "90": 0.04561645984649658
    },
    "avg_decode_latency": 0.033946604640395554,
    "decode_latencies": [
        0.03194997045728895,
        0.03381246990627713,
        0.041131284501817494,
        0.04335943857828776,
        0.03270294931199816,
        0.03250805536905924,
        0.03228333261277941,
        0.03192785051133898,
        0.031818919711642794,
        0.03200907177395291,
        0.032075723012288414,
        0.03178018993801541
    ],
    "decode_percentiles": {
        "10": 0.031829812791612414,
        "25": 0.03194444047080146,
        "50": 0.032179527812533915,
        "75": 0.0329803294605679,
        "90": 0.04039940304226346
    }
}