{
    "avg_prefill_latency": 0.07544328769048055,
    "prefill_latencies": [
        0.06027030944824219,
        0.06042361259460449,
        0.061277151107788086,
        0.06186699867248535,
        0.06055092811584473,
        0.060916900634765625,
        0.06112265586853027,
        0.061316490173339844,
        0.23510527610778809,
        0.06069827079772949,
        0.06130385398864746,
        0.06046700477600098
    ],
    "prefill_percentiles": {
        "10": 0.06042795181274414,
        "25": 0.06052994728088379,
        "50": 0.06101977825164795,
        "75": 0.06130701303482056,
        "90": 0.0618119478225708
    },
    "avg_decode_latency": 0.035908284010710535,
    "decode_latencies": [
        0.03493462668524848,
        0.035531573825412326,
        0.0375570191277398,
        0.03519519170125326,
        0.03578593995836046,
        0.03645859824286567,
        0.03677370813157824,
        0.03612920973036024,
        0.035617431004842125,
        0.03538579410976834,
        0.03578111860487196,
        0.035749197006225586
    ],
    "decode_percentiles": {
        "10": 0.035214251942104764,
        "25": 0.03549512889650133,
        "50": 0.03576515780554877,
        "75": 0.03621155685848659,
        "90": 0.03674219714270698
    }
}