{
    "avg_prefill_latency": 0.07904330889383952,
    "prefill_latencies": [
        0.07772016525268555,
        0.0778512954711914,
        0.0778055191040039,
        0.07858157157897949,
        0.07814955711364746,
        0.08786606788635254,
        0.0777432918548584,
        0.0787501335144043,
        0.07826852798461914,
        0.07925605773925781,
        0.07891368865966797,
        0.07761383056640625
    ],
    "prefill_percentiles": {
        "10": 0.07772247791290283,
        "25": 0.07778996229171753,
        "50": 0.0782090425491333,
        "75": 0.07879102230072021,
        "90": 0.07922182083129883
    },
    "avg_decode_latency": 0.05019475133330733,
    "decode_latencies": [
        0.037175284491644964,
        0.03766306241353353,
        0.037808497746785484,
        0.05931136343214247,
        0.14319700664944118,
        0.04775754610697428,
        0.03766867849561903,
        0.03984893692864312,
        0.0414117177327474,
        0.04388075404696994,
        0.03812930319044325,
        0.03848486476474338
    ],
    "decode_percentiles": {
        "10": 0.03766362402174208,
        "25": 0.03777354293399387,
        "50": 0.03916690084669325,
        "75": 0.044849952061971024,
        "90": 0.05815598169962565
    }
}