{
    "avg_prefill_latency": 0.11750068267186482,
    "prefill_latencies": [
        0.1162571907043457,
        0.12035655975341797,
        0.11812162399291992,
        0.11911797523498535,
        0.1174166202545166,
        0.11621284484863281,
        0.11625790596008301,
        0.11789822578430176,
        0.11628890037536621,
        0.11607813835144043,
        0.11644959449768066,
        0.1195526123046875
    ],
    "prefill_percentiles": {
        "10": 0.1162172794342041,
        "25": 0.11625772714614868,
        "50": 0.11693310737609863,
        "75": 0.11837071180343628,
        "90": 0.11950914859771729
    },
    "avg_decode_latency": 0.04771320687399969,
    "decode_latencies": [
        0.04579085773891873,
        0.04445645544264051,
        0.04886507987976074,
        0.047133843104044594,
        0.0691840648651123,
        0.04257424672444662,
        0.042528125974867076,
        0.04491164949205187,
        0.04236605432298449,
        0.0431260002983941,
        0.05139329698350695,
        0.05022880766126844
    ],
    "decode_percentiles": {
        "10": 0.042532738049825033,
        "25": 0.04298806190490723,
        "50": 0.045351253615485296,
        "75": 0.04920601182513767,
        "90": 0.051276848051283096
    }
}