{
    "avg_prefill_latency": 0.05602806806564331,
    "prefill_latencies": [
        0.19316554069519043,
        0.04368185997009277,
        0.04476785659790039,
        0.044280052185058594,
        0.04363417625427246,
        0.04349231719970703,
        0.04378056526184082,
        0.04286789894104004,
        0.043279170989990234,
        0.04370403289794922,
        0.04278087615966797,
        0.042902469635009766
    ],
    "prefill_percentiles": {
        "10": 0.04287135601043701,
        "25": 0.04318499565124512,
        "50": 0.04365801811218262,
        "75": 0.043905436992645264,
        "90": 0.04471907615661621
    },
    "avg_decode_latency": 0.033180183834499784,
    "decode_latencies": [
        0.03423627217610677,
        0.033334838019476995,
        0.03550797038608127,
        0.032912810643514,
        0.03263844384087457,
        0.03498726420932346,
        0.03237901793585883,
        0.032248602973090276,
        0.03239467408921984,
        0.032668113708496094,
        0.03249059783087836,
        0.03236360020107693
    ],
    "decode_percentiles": {
        "10": 0.032365141974555124,
        "25": 0.03239076005087958,
        "50": 0.03265327877468533,
        "75": 0.03356019655863444,
        "90": 0.03491216500600179
    }
}