{
    "avg_prefill_latency": 0.10650356610616048,
    "prefill_latencies": [
        0.1054689884185791,
        0.10547685623168945,
        0.10686349868774414,
        0.10928201675415039,
        0.10653567314147949,
        0.10677742958068848,
        0.10613274574279785,
        0.10576200485229492,
        0.10728073120117188,
        0.10674881935119629,
        0.10589957237243652,
        0.10581445693969727
    ],
    "prefill_percentiles": {
        "10": 0.10550537109375,
        "25": 0.10580134391784668,
        "50": 0.10633420944213867,
        "75": 0.10679894685745239,
        "90": 0.1072390079498291
    },
    "avg_decode_latency": 0.048285760261394355,
    "decode_latencies": [
        0.0442557864718967,
        0.05032616191440158,
        0.047102239396837026,
        0.07000215848286946,
        0.0471752749549018,
        0.04638889100816515,
        0.04578203625149197,
        0.0455327033996582,
        0.045893722110324435,
        0.04515165752834744,
        0.04593888918558756,
        0.04587960243225098
    ],
    "decode_percentiles": {
        "10": 0.04518976211547852,
        "25": 0.04571970303853353,
        "50": 0.045916305647956,
        "75": 0.047120498286353216,
        "90": 0.05001107321845161
    }
}