{
    "avg_prefill_latency": 0.05724481741587321,
    "prefill_latencies": [
        0.040822505950927734,
        0.04137420654296875,
        0.04266834259033203,
        0.23255395889282227,
        0.04143643379211426,
        0.041016340255737305,
        0.04310750961303711,
        0.04103970527648926,
        0.04051923751831055,
        0.040467262268066406,
        0.04122352600097656,
        0.04070878028869629
    ],
    "prefill_percentiles": {
        "10": 0.04053819179534912,
        "25": 0.04079407453536987,
        "50": 0.04113161563873291,
        "75": 0.0417444109916687,
        "90": 0.0430635929107666
    },
    "avg_decode_latency": 0.03356560292067351,
    "decode_latencies": [
        0.03292165862189399,
        0.03495571348402235,
        0.034445073869493276,
        0.034725348154703774,
        0.03445683585272895,
        0.03352713584899902,
        0.03345206048753527,
        0.03248476982116699,
        0.0322826968299018,
        0.033453040652804904,
        0.033317910300360784,
        0.03276499112447103
    ],
    "decode_percentiles": {
        "10": 0.032512791951497394,
        "25": 0.032882491747538246,
        "50": 0.03345255057017009,
        "75": 0.03444801436530219,
        "90": 0.03469849692450629
    }
}