{
    "avg_prefill_latency": 0.0623053510983785,
    "prefill_latencies": [
        0.06191587448120117,
        0.061371803283691406,
        0.06211066246032715,
        0.06672930717468262,
        0.06224536895751953,
        0.06147289276123047,
        0.06112027168273926,
        0.061896562576293945,
        0.061582326889038086,
        0.0621793270111084,
        0.0626821517944336,
        0.06235766410827637
    ],
    "prefill_percentiles": {
        "10": 0.06138191223144531,
        "25": 0.06155496835708618,
        "50": 0.06201326847076416,
        "75": 0.06227344274520874,
        "90": 0.06264970302581788
    },
    "avg_decode_latency": 0.03629940968972665,
    "decode_latencies": [
        0.0328214168548584,
        0.04070962799919976,
        0.03673903147379557,
        0.04419061872694227,
        0.03496087921990289,
        0.03298189904954699,
        0.033676359388563365,
        0.03451122177971734,
        0.034407456715901695,
        0.03550272517734104,
        0.03544555770026313,
        0.03964612219068739
    ],
    "decode_percentiles": {
        "10": 0.033051345083448626,
        "25": 0.03422468238406711,
        "50": 0.03520321846008301,
        "75": 0.03746580415301853,
        "90": 0.04060327741834852
    }
}