{
    "avg_prefill_latency": 0.03234603007634481,
    "prefill_latencies": [
        0.03203988075256348,
        0.032552480697631836,
        0.032364845275878906,
        0.03231501579284668,
        0.032457828521728516,
        0.03209328651428223,
        0.031641483306884766,
        0.03251504898071289,
        0.03271317481994629,
        0.03243589401245117,
        0.03245663642883301,
        0.03256678581237793
    ],
    "prefill_percentiles": {
        "10": 0.03204522132873535,
        "25": 0.032259583473205566,
        "50": 0.03244626522064209,
        "75": 0.03252440690994263,
        "90": 0.03256535530090332
    },
    "avg_decode_latency": 0.02110280372478344,
    "decode_latencies": [
        0.020657327440049913,
        0.020404921637641057,
        0.02069965998331706,
        0.020541085137261286,
        0.020276122623019747,
        0.01999852392408583,
        0.02016048961215549,
        0.028679927190144856,
        0.02040545145670573,
        0.020339700910780165,
        0.02039223247104221,
        0.020678202311197918
    ],
    "decode_percentiles": {
        "10": 0.020172052913241915,
        "25": 0.02032380633884006,
        "50": 0.020405186547173396,
        "75": 0.020662546157836914,
        "90": 0.020697514216105144
    }
}