{
    "avg_prefill_latency": 0.1581191619237264,
    "prefill_latencies": [
        0.15800189971923828,
        0.15750527381896973,
        0.15740561485290527,
        0.15903687477111816,
        0.1578986644744873,
        0.1591475009918213,
        0.1579444408416748,
        0.15738987922668457,
        0.15842247009277344,
        0.15791535377502441,
        0.1584339141845703,
        0.15832805633544922
    ],
    "prefill_percentiles": {
        "10": 0.15741558074951173,
        "25": 0.1578003168106079,
        "50": 0.15797317028045654,
        "75": 0.15842533111572266,
        "90": 0.15897657871246337
    },
    "avg_decode_latency": 0.05763175090154012,
    "decode_latencies": [
        0.07214781973097059,
        0.04987284872266981,
        0.05070903566148546,
        0.050828112496270075,
        0.05095476574367947,
        0.07978791660732693,
        0.05110364490085178,
        0.05047814051310221,
        0.054441875881618924,
        0.05120627085367838,
        0.07399323251512316,
        0.056057347191704646
    ],
    "decode_percentiles": {
        "10": 0.05050123002794054,
        "25": 0.05079834328757392,
        "50": 0.05115495787726508,
        "75": 0.06007996532652113,
        "90": 0.0738086912367079
    }
}