{
    "avg_prefill_latency": 0.044773499170939125,
    "prefill_latencies": [
        0.044553279876708984,
        0.04438924789428711,
        0.04471993446350098,
        0.048627614974975586,
        0.04477381706237793,
        0.044733285903930664,
        0.044562578201293945,
        0.04437589645385742,
        0.043434858322143555,
        0.04445171356201172,
        0.04443955421447754,
        0.0442202091217041
    ],
    "prefill_percentiles": {
        "10": 0.04423577785491943,
        "25": 0.04438591003417969,
        "50": 0.04450249671936035,
        "75": 0.0447232723236084,
        "90": 0.0447697639465332
    },
    "avg_decode_latency": 0.03415512817877311,
    "decode_latencies": [
        0.033975548214382596,
        0.033810191684299044,
        0.03435362709893121,
        0.03515587912665473,
        0.03405748473273383,
        0.0340569814046224,
        0.03318111101786295,
        0.03348957167731391,
        0.03331062528822157,
        0.037405172983805336,
        0.03376780615912543,
        0.03329753875732422
    ],
    "decode_percentiles": {
        "10": 0.03329884741041395,
        "25": 0.03344483508004083,
        "50": 0.03389286994934082,
        "75": 0.034131520324283175,
        "90": 0.03507565392388238
    }
}