{
    "avg_prefill_latency": 0.18491526444753012,
    "prefill_latencies": [
        0.17694544792175293,
        0.1773972511291504,
        0.1763012409210205,
        0.17542243003845215,
        0.17599129676818848,
        0.17702865600585938,
        0.17570042610168457,
        0.17617177963256836,
        0.2755138874053955,
        0.17527174949645996,
        0.17906475067138672,
        0.17817425727844238
    ],
    "prefill_percentiles": {
        "10": 0.17545022964477539,
        "25": 0.1759185791015625,
        "50": 0.17662334442138672,
        "75": 0.1775915026664734,
        "90": 0.17897570133209229
    },
    "avg_decode_latency": 0.06337193206504539,
    "decode_latencies": [
        0.05281896061367459,
        0.053923977745903864,
        0.050844669342041016,
        0.08600425720214844,
        0.0588536262512207,
        0.0535223748948839,
        0.052923493915134005,
        0.053030040529039174,
        0.05193702379862467,
        0.13260420163472494,
        0.05756738450792101,
        0.056433174345228404
    ],
    "decode_percentiles": {
        "10": 0.052025217480129664,
        "25": 0.052897360589769155,
        "50": 0.05372317632039388,
        "75": 0.05788894494374593,
        "90": 0.08328919410705568
    }
}