{
    "avg_prefill_latency": 0.038677096366882324,
    "prefill_latencies": [
        0.036716461181640625,
        0.038596391677856445,
        0.03668856620788574,
        0.03670215606689453,
        0.03777766227722168,
        0.03671526908874512,
        0.03679060935974121,
        0.03920292854309082,
        0.03671574592590332,
        0.036715030670166016,
        0.036766767501831055,
        0.05473756790161133
    ],
    "prefill_percentiles": {
        "10": 0.03670344352722168,
        "25": 0.03671520948410034,
        "50": 0.03674161434173584,
        "75": 0.03798234462738037,
        "90": 0.039142274856567384
    },
    "avg_decode_latency": 0.022298781960098834,
    "decode_latencies": [
        0.0219268798828125,
        0.021656274795532227,
        0.021984550688001845,
        0.021804995006985135,
        0.0216269228193495,
        0.021934403313530818,
        0.021624406178792317,
        0.021703905529446073,
        0.021885818905300565,
        0.021458943684895832,
        0.02344708972507053,
        0.026531192991468642
    ],
    "decode_percentiles": {
        "10": 0.021624657842848036,
        "25": 0.021648936801486544,
        "50": 0.02184540695614285,
        "75": 0.021946940157148574,
        "90": 0.02330083582136366
    }
}