{
    "avg_prefill_latency": 0.04911702871322632,
    "prefill_latencies": [
        0.05232501029968262,
        0.048959970474243164,
        0.048853158950805664,
        0.0489199161529541,
        0.04906940460205078,
        0.04855990409851074,
        0.04865527153015137,
        0.04888296127319336,
        0.048810720443725586,
        0.0488736629486084,
        0.04868912696838379,
        0.04880523681640625
    ],
    "prefill_percentiles": {
        "10": 0.04865865707397461,
        "25": 0.048776209354400635,
        "50": 0.04886341094970703,
        "75": 0.04892992973327637,
        "90": 0.04905846118927002
    },
    "avg_decode_latency": 0.03442644189905237,
    "decode_latencies": [
        0.034549315770467125,
        0.033581548266940646,
        0.03465996848212348,
        0.03396942880418566,
        0.033288664287990995,
        0.033584780163235135,
        0.03546007474263509,
        0.03261574109395345,
        0.03321390681796604,
        0.03456528981526693,
        0.03458817799886068,
        0.03904040654500326
    ],
    "decode_percentiles": {
        "10": 0.03322138256496853,
        "25": 0.03350832727220324,
        "50": 0.034259372287326395,
        "75": 0.03460612561967638,
        "90": 0.03538006411658393
    }
}