{
    "avg_prefill_latency": 0.14280553658803305,
    "prefill_latencies": [
        0.14129066467285156,
        0.14138007164001465,
        0.14689326286315918,
        0.1443030834197998,
        0.14251708984375,
        0.1410515308380127,
        0.14188027381896973,
        0.14687895774841309,
        0.1410689353942871,
        0.14056706428527832,
        0.1412355899810791,
        0.14459991455078125
    ],
    "prefill_percentiles": {
        "10": 0.14105327129364015,
        "25": 0.1411939263343811,
        "50": 0.1416301727294922,
        "75": 0.14437729120254517,
        "90": 0.1466510534286499
    },
    "avg_decode_latency": 0.05409908736193622,
    "decode_latencies": [
        0.06447712580362956,
        0.04421414269341363,
        0.1306769847869873,
        0.04573263062371148,
        0.04524050818549262,
        0.04399315516153971,
        0.044102748235066734,
        0.044115914238823786,
        0.04369934399922689,
        0.044212685690985784,
        0.04396933979458279,
        0.0547544691297743
    ],
    "decode_percentiles": {
        "10": 0.04397172133127848,
        "25": 0.04407534996668498,
        "50": 0.04421341419219971,
        "75": 0.04798809025022718,
        "90": 0.06350486013624404
    }
}