{
    "avg_prefill_latency": 0.28622980912526447,
    "prefill_latencies": [
        0.2866694927215576,
        0.2840275764465332,
        0.2865409851074219,
        0.2863430976867676,
        0.2863039970397949,
        0.2859382629394531,
        0.28777503967285156,
        0.2865767478942871,
        0.28656482696533203,
        0.28676891326904297,
        0.28560519218444824,
        0.2856435775756836
    ],
    "prefill_percentiles": {
        "10": 0.2856090307235718,
        "25": 0.28586459159851074,
        "50": 0.2864420413970947,
        "75": 0.28659993410110474,
        "90": 0.28675897121429444
    },
    "avg_decode_latency": 0.03447486956914266,
    "decode_latencies": [
        0.033576753404405385,
        0.033488697475857206,
        0.033789502249823675,
        0.03418249554104275,
        0.033455610275268555,
        0.035647312800089516,
        0.03639184104071723,
        0.03426541222466363,
        0.03389917479621039,
        0.03473790486653646,
        0.033629814783732094,
        0.03663391537136502
    ],
    "decode_percentiles": {
        "10": 0.03349750306871203,
        "25": 0.03361654943890042,
        "50": 0.034040835168626576,
        "75": 0.03496525684992473,
        "90": 0.03631738821665446
    }
}