{
    "avg_prefill_latency": 0.7819092075030009,
    "prefill_latencies": [
        0.7795765399932861,
        0.7805426120758057,
        0.7807397842407227,
        0.780240535736084,
        0.7800605297088623,
        0.7809903621673584,
        0.7827122211456299,
        0.7852256298065186,
        0.7834458351135254,
        0.7829968929290771,
        0.7853779792785645,
        0.7810015678405762
    ],
    "prefill_percentiles": {
        "10": 0.7800785303115845,
        "25": 0.7804670929908752,
        "50": 0.7809959650039673,
        "75": 0.7831091284751892,
        "90": 0.7850476503372192
    },
    "avg_decode_latency": 0.022122040942863182,
    "decode_latencies": [
        0.022238413492838543,
        0.02194025781419542,
        0.022235446506076388,
        0.02211851543850369,
        0.02217827902899848,
        0.022012048297458224,
        0.022185775968763564,
        0.021913793351915147,
        0.022707965638902452,
        0.0218916998969184,
        0.021882719463772245,
        0.022159576416015625
    ],
    "decode_percentiles": {
        "10": 0.021893909242418075,
        "25": 0.021933641698625352,
        "50": 0.022139045927259658,
        "75": 0.02219819360309177,
        "90": 0.02223811679416233
    }
}