{
    "avg_prefill_latency": 0.17432260513305664,
    "prefill_latencies": [
        0.17415380477905273,
        0.1746993064880371,
        0.17350268363952637,
        0.1743927001953125,
        0.17418169975280762,
        0.17457199096679688,
        0.17445969581604004,
        0.1743481159210205,
        0.17489027976989746,
        0.17427945137023926,
        0.1736280918121338,
        0.17476344108581543
    ],
    "prefill_percentiles": {
        "10": 0.17368066310882568,
        "25": 0.1741747260093689,
        "50": 0.1743704080581665,
        "75": 0.17460381984710693,
        "90": 0.1747570276260376
    },
    "avg_decode_latency": 0.02044737118261832,
    "decode_latencies": [
        0.020542674594455294,
        0.020445240868462458,
        0.020432790120442707,
        0.02044216791788737,
        0.02044044600592719,
        0.020407146877712674,
        0.02043981022304959,
        0.02050328254699707,
        0.020426962110731337,
        0.02041019333733453,
        0.020414617326524522,
        0.020463122261895075
    ],
    "decode_percentiles": {
        "10": 0.020410635736253527,
        "25": 0.02042387591467963,
        "50": 0.02044012811448839,
        "75": 0.020449711216820612,
        "90": 0.02049926651848687
    }
}