{
    "avg_prefill_latency": 0.6618615388870239,
    "prefill_latencies": [
        0.6617326736450195,
        0.6604321002960205,
        0.6614999771118164,
        0.6617660522460938,
        0.6623194217681885,
        0.6620457172393799,
        0.6620790958404541,
        0.6622500419616699,
        0.6627931594848633,
        0.6620328426361084,
        0.6620421409606934,
        0.6613452434539795
    ],
    "prefill_percentiles": {
        "10": 0.6613607168197632,
        "25": 0.6616744995117188,
        "50": 0.6620374917984009,
        "75": 0.6621218323707581,
        "90": 0.6623124837875366
    },
    "avg_decode_latency": 0.024459560712178547,
    "decode_latencies": [
        0.024436659283108182,
        0.02444781197441949,
        0.02443875206841363,
        0.024393982357449003,
        0.024383650885687932,
        0.024561087290445965,
        0.024464209874471027,
        0.024390565024481878,
        0.024502674738566082,
        0.024463547600640193,
        0.02447088559468587,
        0.02456090185377333
    ],
    "decode_percentiles": {
        "10": 0.02439090675777859,
        "25": 0.024425990051693387,
        "50": 0.02445567978752984,
        "75": 0.024478832880655922,
        "90": 0.024555079142252606
    }
}