{
    "avg_prefill_latency": 0.3491038878758748,
    "prefill_latencies": [
        0.3471953868865967,
        0.3486313819885254,
        0.3494441509246826,
        0.3488006591796875,
        0.34854912757873535,
        0.350095272064209,
        0.3493032455444336,
        0.3495922088623047,
        0.34856271743774414,
        0.3496561050415039,
        0.349729061126709,
        0.3496873378753662
    ],
    "prefill_percentiles": {
        "10": 0.3485504865646362,
        "25": 0.3486142158508301,
        "50": 0.3493736982345581,
        "75": 0.3496639132499695,
        "90": 0.3497248888015747
    },
    "avg_decode_latency": 0.022023929489983454,
    "decode_latencies": [
        0.021934562259250216,
        0.021972391340467665,
        0.021965450710720487,
        0.021977927949693467,
        0.022028419706556533,
        0.02189403110080295,
        0.022029399871826172,
        0.02214701970418294,
        0.021955463621351454,
        0.02196502685546875,
        0.022056102752685547,
        0.022361358006795246
    ],
    "decode_percentiles": {
        "10": 0.02193665239546034,
        "25": 0.021962636046939425,
        "50": 0.021975159645080566,
        "75": 0.022036075592041016,
        "90": 0.022137928009033202
    }
}