{
    "avg_prefill_latency": 0.22493616739908853,
    "prefill_latencies": [
        0.22442221641540527,
        0.2243669033050537,
        0.22586750984191895,
        0.22321486473083496,
        0.2236177921295166,
        0.22327733039855957,
        0.22612857818603516,
        0.2289111614227295,
        0.22509503364562988,
        0.22445130348205566,
        0.22428679466247559,
        0.22559452056884766
    ],
    "prefill_percentiles": {
        "10": 0.22331137657165528,
        "25": 0.22411954402923584,
        "50": 0.22443675994873047,
        "75": 0.22566276788711548,
        "90": 0.22610247135162354
    },
    "avg_decode_latency": 0.05078886173389577,
    "decode_latencies": [
        0.044130563735961914,
        0.04467995961507162,
        0.07463585005866157,
        0.043105734719170466,
        0.042667018042670354,
        0.04451672236124674,
        0.053465684254964195,
        0.05074416266547309,
        0.046380837758382164,
        0.07192569308810765,
        0.04639734162224664,
        0.04681677288479275
    ],
    "decode_percentiles": {
        "10": 0.04320821762084961,
        "25": 0.04442018270492554,
        "50": 0.0463890896903144,
        "75": 0.051424543062845864,
        "90": 0.0700796922047933
    }
}