{
    "avg_prefill_latency": 0.16958987712860107,
    "prefill_latencies": [
        0.16971111297607422,
        0.16952848434448242,
        0.16944575309753418,
        0.16898798942565918,
        0.16915416717529297,
        0.16930246353149414,
        0.17067265510559082,
        0.16973447799682617,
        0.16961216926574707,
        0.17005348205566406,
        0.17055654525756836,
        0.1683192253112793
    ],
    "prefill_percentiles": {
        "10": 0.16900460720062255,
        "25": 0.16926538944244385,
        "50": 0.16957032680511475,
        "75": 0.16981422901153564,
        "90": 0.17050623893737793
    },
    "avg_decode_latency": 0.03225621470698604,
    "decode_latencies": [
        0.03688438733418783,
        0.03252591027153863,
        0.030913564893934462,
        0.031124644809299044,
        0.03182352913750543,
        0.03168564372592502,
        0.030661662419637043,
        0.03104204601711697,
        0.03148131900363498,
        0.03195386462741428,
        0.03636320432027181,
        0.03061479992336697
    ],
    "decode_percentiles": {
        "10": 0.030686852667066784,
        "25": 0.031009925736321345,
        "50": 0.03158348136478,
        "75": 0.03209687603844537,
        "90": 0.0359794749153985
    }
}