{
    "avg_prefill_latency": 0.1252986192703247,
    "prefill_latencies": [
        0.12481951713562012,
        0.12595105171203613,
        0.1243445873260498,
        0.12443399429321289,
        0.12507271766662598,
        0.12556719779968262,
        0.12825345993041992,
        0.12428593635559082,
        0.12413215637207031,
        0.1256239414215088,
        0.12507057189941406,
        0.12602829933166504
    ],
    "prefill_percentiles": {
        "10": 0.12429180145263671,
        "25": 0.12441164255142212,
        "50": 0.12507164478302002,
        "75": 0.12570571899414062,
        "90": 0.12602057456970214
    },
    "avg_decode_latency": 0.041567177684218796,
    "decode_latencies": [
        0.038636896345350474,
        0.03773326343960232,
        0.038364807764689125,
        0.05801166428460015,
        0.03863075044420031,
        0.038048373328314886,
        0.03899399439493815,
        0.03815319803025988,
        0.04625291294521756,
        0.040470520655314125,
        0.040471050474378795,
        0.045038700103759766
    ],
    "decode_percentiles": {
        "10": 0.038058855798509386,
        "25": 0.038311905331081815,
        "50": 0.03881544537014431,
        "75": 0.04161296288172404,
        "90": 0.04613149166107178
    }
}