{
    "avg_prefill_latency": 0.14524547259012857,
    "prefill_latencies": [
        0.14505505561828613,
        0.1472935676574707,
        0.14479589462280273,
        0.1450204849243164,
        0.1446971893310547,
        0.14534258842468262,
        0.1450514793395996,
        0.1456468105316162,
        0.1456432342529297,
        0.1449141502380371,
        0.14456486701965332,
        0.14492034912109375
    ],
    "prefill_percentiles": {
        "10": 0.1447070598602295,
        "25": 0.14488458633422852,
        "50": 0.145035982131958,
        "75": 0.14541774988174438,
        "90": 0.14564645290374756
    },
    "avg_decode_latency": 0.02976675386782046,
    "decode_latencies": [
        0.030960559844970703,
        0.02941690550910102,
        0.029553016026814777,
        0.02938236130608453,
        0.029491451051500108,
        0.030214998457166884,
        0.02988510661655002,
        0.030582189559936523,
        0.029512113995022245,
        0.029668543073866103,
        0.028961817423502605,
        0.02957198354932997
    ],
    "decode_percentiles": {
        "10": 0.029385815726386176,
        "25": 0.029472814665900335,
        "50": 0.029562499788072374,
        "75": 0.029967579576704238,
        "90": 0.03054547044965956
    }
}