{
    "avg_prefill_latency": 0.1613002816836039,
    "prefill_latencies": [
        0.1541576385498047,
        0.15387392044067383,
        0.1558070182800293,
        0.1590735912322998,
        0.1542973518371582,
        0.15416240692138672,
        0.15349960327148438,
        0.1546797752380371,
        0.15356659889221191,
        0.15496826171875,
        0.23382186889648438,
        0.15369534492492676
    ],
    "prefill_percentiles": {
        "10": 0.1535794734954834,
        "25": 0.15382927656173706,
        "50": 0.15422987937927246,
        "75": 0.15517795085906982,
        "90": 0.15874693393707276
    },
    "avg_decode_latency": 0.04645033015145197,
    "decode_latencies": [
        0.036087380515204534,
        0.03672030236985949,
        0.12154942088656956,
        0.038419644037882485,
        0.037619696723090276,
        0.03696582052442762,
        0.03569446669684516,
        0.035665432612101235,
        0.035905414157443576,
        0.07041970888773601,
        0.03594960106743707,
        0.0364070733388265
    ],
    "decode_percentiles": {
        "10": 0.035715561442905004,
        "25": 0.03593855433993869,
        "50": 0.036563687854343,
        "75": 0.03781968355178833,
        "90": 0.06721970240275067
    }
}