{
    "avg_prefill_latency": 0.04759695132573446,
    "prefill_latencies": [
        0.04705691337585449,
        0.04772591590881348,
        0.04747724533081055,
        0.048048973083496094,
        0.0475006103515625,
        0.047850608825683594,
        0.04737520217895508,
        0.04758882522583008,
        0.04768228530883789,
        0.0476527214050293,
        0.04747629165649414,
        0.04772782325744629
    ],
    "prefill_percentiles": {
        "10": 0.04738531112670898,
        "25": 0.047477006912231445,
        "50": 0.04762077331542969,
        "75": 0.04772639274597168,
        "90": 0.04783833026885986
    },
    "avg_decode_latency": 0.032715934294241446,
    "decode_latencies": [
        0.032892200681898326,
        0.03310547934638129,
        0.032637066311306424,
        0.032717625300089516,
        0.03273783789740668,
        0.03233636750115289,
        0.032843457327948675,
        0.03228343857659234,
        0.032246404223971896,
        0.032466120190090604,
        0.03299310472276476,
        0.033332109451293945
    ],
    "decode_percentiles": {
        "10": 0.0322887314690484,
        "25": 0.03243368201785617,
        "50": 0.0327277315987481,
        "75": 0.032917426692114934,
        "90": 0.03309424188401964
    }
}