{
    "avg_prefill_latency": 0.03603702783584595,
    "prefill_latencies": [
        0.03608822822570801,
        0.03624749183654785,
        0.03658032417297363,
        0.03641986846923828,
        0.03610730171203613,
        0.03620147705078125,
        0.0357668399810791,
        0.035796165466308594,
        0.03579092025756836,
        0.035768747329711914,
        0.035846710205078125,
        0.03583025932312012
    ],
    "prefill_percentiles": {
        "10": 0.035770964622497556,
        "25": 0.035794854164123535,
        "50": 0.035967469215393066,
        "75": 0.0362129807472229,
        "90": 0.03640263080596924
    },
    "avg_decode_latency": 0.021171404255761042,
    "decode_latencies": [
        0.022061745325724285,
        0.02211602528889974,
        0.021083725823296443,
        0.02143020100063748,
        0.021299362182617188,
        0.0208285649617513,
        0.02072466744316949,
        0.020994000964694552,
        0.020781622992621526,
        0.02076562245686849,
        0.020974397659301758,
        0.020996914969550237
    ],
    "decode_percentiles": {
        "10": 0.020767222510443793,
        "25": 0.020816829469468858,
        "50": 0.020995457967122395,
        "75": 0.02133207188712226,
        "90": 0.021998590893215604
    }
}