{
    "avg_prefill_latency": 0.19678900639216104,
    "prefill_latencies": [
        0.19582700729370117,
        0.19626593589782715,
        0.1970968246459961,
        0.1967000961303711,
        0.19633817672729492,
        0.19612717628479004,
        0.19578766822814941,
        0.19685649871826172,
        0.19622421264648438,
        0.19602060317993164,
        0.2014293670654297,
        0.1967945098876953
    ],
    "prefill_percentiles": {
        "10": 0.1958463668823242,
        "25": 0.19610053300857544,
        "50": 0.19630205631256104,
        "75": 0.19681000709533691,
        "90": 0.19707279205322265
    },
    "avg_decode_latency": 0.05126647154490154,
    "decode_latencies": [
        0.04689855045742459,
        0.04734645949469672,
        0.054487122429741755,
        0.06607871585422093,
        0.04579175843132867,
        0.046299484041002065,
        0.04570433828565809,
        0.06748032569885254,
        0.046916802724202476,
        0.04758967293633355,
        0.05237168735928006,
        0.04823274082607693
    ],
    "decode_percentiles": {
        "10": 0.04584253099229601,
        "25": 0.04674878385331896,
        "50": 0.04746806621551514,
        "75": 0.05290054612689548,
        "90": 0.06491955651177302
    }
}