{
    "avg_prefill_latency": 0.17276432116826376,
    "prefill_latencies": [
        0.17450451850891113,
        0.17348194122314453,
        0.1725621223449707,
        0.17313671112060547,
        0.17253684997558594,
        0.17280173301696777,
        0.17208480834960938,
        0.17210602760314941,
        0.1721639633178711,
        0.1731860637664795,
        0.17221355438232422,
        0.1723935604095459
    ],
    "prefill_percentiles": {
        "10": 0.1721118211746216,
        "25": 0.17220115661621094,
        "50": 0.17254948616027832,
        "75": 0.17314904928207397,
        "90": 0.17345235347747803
    },
    "avg_decode_latency": 0.042021197301370126,
    "decode_latencies": [
        0.04106097751193576,
        0.04050310452779134,
        0.03952932357788086,
        0.03883854548136393,
        0.06500162018669976,
        0.03843726052178277,
        0.04236443837483724,
        0.03952272733052572,
        0.041250679228040904,
        0.03959356413947211,
        0.039391782548692494,
        0.03876034418741862
    ],
    "decode_percentiles": {
        "10": 0.038768164316813146,
        "25": 0.03925347328186035,
        "50": 0.039561443858676486,
        "75": 0.04110840294096205,
        "90": 0.04225306246015761
    }
}