{
    "avg_prefill_latency": 0.04457304875055949,
    "prefill_latencies": [
        0.04455924034118652,
        0.044219255447387695,
        0.04324817657470703,
        0.044634342193603516,
        0.04424858093261719,
        0.04385638236999512,
        0.04510617256164551,
        0.04565882682800293,
        0.0465240478515625,
        0.0443882942199707,
        0.04548954963684082,
        0.042943716049194336
    ],
    "prefill_percentiles": {
        "10": 0.04330899715423584,
        "25": 0.04412853717803955,
        "50": 0.04447376728057861,
        "75": 0.045202016830444336,
        "90": 0.04564189910888672
    },
    "avg_decode_latency": 0.032366666528913714,
    "decode_latencies": [
        0.03253218862745497,
        0.03173727459377713,
        0.03185709317525228,
        0.032639397515190974,
        0.03222473462422689,
        0.03267576959398058,
        0.033038563198513456,
        0.033385886086357966,
        0.03203193346659342,
        0.03215206993950738,
        0.03207898139953613,
        0.032046106126573354
    ],
    "decode_percentiles": {
        "10": 0.0318745772043864,
        "25": 0.03204256296157837,
        "50": 0.03218840228186713,
        "75": 0.03264849053488837,
        "90": 0.03300228383806017
    }
}