{
    "avg_prefill_latency": 0.06534781058629353,
    "prefill_latencies": [
        0.06971311569213867,
        0.0649721622467041,
        0.06453776359558105,
        0.06463170051574707,
        0.0677487850189209,
        0.06585097312927246,
        0.06409716606140137,
        0.06439971923828125,
        0.06489872932434082,
        0.06432890892028809,
        0.06381583213806152,
        0.06517887115478516
    ],
    "prefill_percentiles": {
        "10": 0.06412034034729004,
        "25": 0.06438201665878296,
        "50": 0.06476521492004395,
        "75": 0.06534689664840698,
        "90": 0.06755900382995605
    },
    "avg_decode_latency": 0.03519013634434453,
    "decode_latencies": [
        0.04437875747680664,
        0.0337465074327257,
        0.033519241544935435,
        0.03422787454393175,
        0.03446467717488607,
        0.035337368647257485,
        0.03569044007195367,
        0.0351858933766683,
        0.034971925947401256,
        0.03418768776787652,
        0.03315348095364041,
        0.03341778119405111
    ],
    "decode_percentiles": {
        "10": 0.033427927229139544,
        "25": 0.03368969096077813,
        "50": 0.034346275859408915,
        "75": 0.0352237621943156,
        "90": 0.03565513292948405
    }
}