{
    "avg_prefill_latency": 0.2856168746948242,
    "prefill_latencies": [
        0.28623533248901367,
        0.2851991653442383,
        0.2848398685455322,
        0.2862281799316406,
        0.2856788635253906,
        0.28524112701416016,
        0.2847330570220947,
        0.28536272048950195,
        0.28586912155151367,
        0.2865924835205078,
        0.2853891849517822,
        0.28603339195251465
    ],
    "prefill_percentiles": {
        "10": 0.2848757982254028,
        "25": 0.2852306365966797,
        "50": 0.2855340242385864,
        "75": 0.28608208894729614,
        "90": 0.28623461723327637
    },
    "avg_decode_latency": 0.04335266351699829,
    "decode_latencies": [
        0.04333202044169108,
        0.04311471515231662,
        0.04313397407531738,
        0.043058819240993924,
        0.04426508479648166,
        0.04323540793524848,
        0.04331313239203559,
        0.043221765094333224,
        0.04378125402662489,
        0.043458779652913414,
        0.04311331113179525,
        0.04320369826422797
    ],
    "decode_percentiles": {
        "10": 0.04311345153384739,
        "25": 0.043129159344567194,
        "50": 0.04322858651479085,
        "75": 0.04336371024449666,
        "90": 0.04374900658925374
    }
}