{
    "avg_prefill_latency": 0.04465973377227783,
    "prefill_latencies": [
        0.044594526290893555,
        0.04434490203857422,
        0.04424142837524414,
        0.045130014419555664,
        0.04395008087158203,
        0.04490065574645996,
        0.04617571830749512,
        0.044733285903930664,
        0.04380488395690918,
        0.04466509819030762,
        0.04397726058959961,
        0.04539895057678223
    ],
    "prefill_percentiles": {
        "10": 0.04395279884338379,
        "25": 0.04417538642883301,
        "50": 0.044629812240600586,
        "75": 0.04495799541473389,
        "90": 0.04537205696105957
    },
    "avg_decode_latency": 0.03241715828577677,
    "decode_latencies": [
        0.032257027096218534,
        0.03173091676500109,
        0.03282271491156684,
        0.032041841083102755,
        0.03224762280782064,
        0.03273330794440375,
        0.032422012752956815,
        0.032570971382988825,
        0.032945579952663846,
        0.03244116571214464,
        0.0319467650519477,
        0.03284597396850586
    ],
    "decode_percentiles": {
        "10": 0.031956272655063206,
        "25": 0.03219617737664117,
        "50": 0.032431589232550725,
        "75": 0.032755659686194524,
        "90": 0.03284364806281196
    }
}