{
    "avg_prefill_latency": 0.09312995274861653,
    "prefill_latencies": [
        0.09348917007446289,
        0.09314632415771484,
        0.09331512451171875,
        0.09292721748352051,
        0.09332513809204102,
        0.09269261360168457,
        0.09261274337768555,
        0.0931541919708252,
        0.09333539009094238,
        0.09358501434326172,
        0.09274983406066895,
        0.09322667121887207
    ],
    "prefill_percentiles": {
        "10": 0.09269833564758301,
        "25": 0.09288287162780762,
        "50": 0.09319043159484863,
        "75": 0.09332770109176636,
        "90": 0.09347379207611084
    },
    "avg_decode_latency": 0.037249902884165444,
    "decode_latencies": [
        0.03469011518690321,
        0.034847789340549044,
        0.035027265548706055,
        0.03490217526753744,
        0.034734249114990234,
        0.033444748984442815,
        0.036682181888156466,
        0.03817025820414225,
        0.05610773298475477,
        0.034751706653171115,
        0.037046856350368924,
        0.03659375508626302
    ],
    "decode_percentiles": {
        "10": 0.03469452857971191,
        "25": 0.03474734226862589,
        "50": 0.03496472040812175,
        "75": 0.036773350503709584,
        "90": 0.038057918018764916
    }
}