{
    "avg_prefill_latency": 0.08413420120875041,
    "prefill_latencies": [
        0.08443212509155273,
        0.08392977714538574,
        0.08306312561035156,
        0.08383750915527344,
        0.08368706703186035,
        0.0848698616027832,
        0.08488130569458008,
        0.08417868614196777,
        0.08462858200073242,
        0.08409929275512695,
        0.08380961418151855,
        0.08419346809387207
    ],
    "prefill_percentiles": {
        "10": 0.08369932174682618,
        "25": 0.08383053541183472,
        "50": 0.08413898944854736,
        "75": 0.08448123931884766,
        "90": 0.08484573364257812
    },
    "avg_decode_latency": 0.03632590064296016,
    "decode_latencies": [
        0.03381760915120443,
        0.03329804208543566,
        0.032570997873942055,
        0.03315401077270508,
        0.03734948900010851,
        0.03461779488457574,
        0.03490614891052246,
        0.03321745660569933,
        0.03590157296922472,
        0.053755627738104925,
        0.0337828795115153,
        0.039539178212483726
    ],
    "decode_percentiles": {
        "10": 0.033160355356004506,
        "25": 0.033277895715501576,
        "50": 0.03421770201789008,
        "75": 0.03626355197694567,
        "90": 0.0393202092912462
    }
}