{
    "avg_prefill_latency": 0.031354705492655434,
    "prefill_latencies": [
        0.030341148376464844,
        0.03413581848144531,
        0.03109264373779297,
        0.031107425689697266,
        0.03115248680114746,
        0.03325080871582031,
        0.030896663665771484,
        0.031036376953125,
        0.0308380126953125,
        0.030778884887695312,
        0.030858993530273438,
        0.030767202377319336
    ],
    "prefill_percentiles": {
        "10": 0.030768370628356932,
        "25": 0.030823230743408203,
        "50": 0.030966520309448242,
        "75": 0.031118690967559814,
        "90": 0.033040976524353026
    },
    "avg_decode_latency": 0.018513856110749422,
    "decode_latencies": [
        0.01822532547844781,
        0.018447266684638128,
        0.018595218658447266,
        0.019398477342393663,
        0.01852689849005805,
        0.019104109870062932,
        0.018366469277275935,
        0.01833865377638075,
        0.01830389764573839,
        0.018272558848063152,
        0.01825624042087131,
        0.018331156836615667
    ],
    "decode_percentiles": {
        "10": 0.018257872263590495,
        "25": 0.01829606294631958,
        "50": 0.01835256152682834,
        "75": 0.018543978532155354,
        "90": 0.019053220748901367
    }
}