{
    "avg_prefill_latency": 0.1811817685763041,
    "prefill_latencies": [
        0.18203091621398926,
        0.1810767650604248,
        0.18113374710083008,
        0.18345236778259277,
        0.18034744262695312,
        0.1801164150238037,
        0.18123340606689453,
        0.18089723587036133,
        0.1817934513092041,
        0.1808021068572998,
        0.1810011863708496,
        0.1802961826324463
    ],
    "prefill_percentiles": {
        "10": 0.18030130863189697,
        "25": 0.18068844079971313,
        "50": 0.1810389757156372,
        "75": 0.18137341737747192,
        "90": 0.18200716972351075
    },
    "avg_decode_latency": 0.050138270413434056,
    "decode_latencies": [
        0.047856807708740234,
        0.047542704476250544,
        0.04789174927605523,
        0.06562280654907227,
        0.044639401965671115,
        0.0456494755215115,
        0.04644322395324707,
        0.04907690154181586,
        0.06950622134738499,
        0.04527947637769911,
        0.04533463054233127,
        0.046815845701429576
    ],
    "decode_percentiles": {
        "10": 0.04528499179416232,
        "25": 0.04557076427671644,
        "50": 0.04717927508884006,
        "75": 0.04818803734249539,
        "90": 0.06396821604834663
    }
}