{
    "avg_prefill_latency": 0.8741715550422668,
    "prefill_latencies": [
        0.8737831115722656,
        0.8741559982299805,
        0.8724391460418701,
        0.8736565113067627,
        0.8735935688018799,
        0.8756070137023926,
        0.874488353729248,
        0.8750104904174805,
        0.8746602535247803,
        0.8754327297210693,
        0.873375415802002,
        0.8738560676574707
    ],
    "prefill_percentiles": {
        "10": 0.8733972311019897,
        "25": 0.873640775680542,
        "50": 0.8740060329437256,
        "75": 0.8747478127479553,
        "90": 0.8753905057907104
    },
    "avg_decode_latency": 0.021843188338809546,
    "decode_latencies": [
        0.02199485566880968,
        0.021867010328504775,
        0.02166528171963162,
        0.021788729561699763,
        0.021619796752929688,
        0.0218509038289388,
        0.021718952390882704,
        0.021827962663438585,
        0.021731323666042753,
        0.021796676847669814,
        0.02176319228278266,
        0.02249357435438368
    ],
    "decode_percentiles": {
        "10": 0.02167064878675673,
        "25": 0.02172823084725274,
        "50": 0.021792703204684787,
        "75": 0.021854930453830294,
        "90": 0.021982071134779187
    }
}