{
    "avg_prefill_latency": 0.4382413824399312,
    "prefill_latencies": [
        0.4392683506011963,
        0.4365415573120117,
        0.43743038177490234,
        0.43693089485168457,
        0.4385080337524414,
        0.43813157081604004,
        0.4388539791107178,
        0.43776893615722656,
        0.43923187255859375,
        0.4395592212677002,
        0.437777042388916,
        0.43889474868774414
    ],
    "prefill_percentiles": {
        "10": 0.43698084354400635,
        "25": 0.4376842975616455,
        "50": 0.4383198022842407,
        "75": 0.43897902965545654,
        "90": 0.439264702796936
    },
    "avg_decode_latency": 0.019654081927405465,
    "decode_latencies": [
        0.01972219679090712,
        0.01957098642985026,
        0.01961186197068956,
        0.019660366906060114,
        0.019614246156480577,
        0.019613716337415908,
        0.01965279049343533,
        0.019809510972764757,
        0.019626484976874456,
        0.01964026027255588,
        0.01960929234822591,
        0.019717269473605685
    ],
    "decode_percentiles": {
        "10": 0.019609549310472277,
        "25": 0.01961325274573432,
        "50": 0.019633372624715168,
        "75": 0.019674592547946505,
        "90": 0.019721704059176975
    }
}