{
    "avg_prefill_latency": 0.12686254580815634,
    "prefill_latencies": [
        0.1267399787902832,
        0.12678933143615723,
        0.12674379348754883,
        0.12916874885559082,
        0.12843918800354004,
        0.12680721282958984,
        0.12640094757080078,
        0.12647223472595215,
        0.126295804977417,
        0.12624526023864746,
        0.1259143352508545,
        0.12633371353149414
    ],
    "prefill_percentiles": {
        "10": 0.1262503147125244,
        "25": 0.12632423639297485,
        "50": 0.12660610675811768,
        "75": 0.12679380178451538,
        "90": 0.12827599048614502
    },
    "avg_decode_latency": 0.03699036660017791,
    "decode_latencies": [
        0.03571189774407281,
        0.037801106770833336,
        0.036071724361843534,
        0.04895244704352485,
        0.037173853980170354,
        0.034684340159098305,
        0.03805298275417752,
        0.03663394186231825,
        0.03474126921759711,
        0.03494546148512098,
        0.034555673599243164,
        0.034559700224134654
    ],
    "decode_percentiles": {
        "10": 0.03457216421763102,
        "25": 0.03472703695297241,
        "50": 0.035891811052958175,
        "75": 0.0373306671778361,
        "90": 0.0380277951558431
    }
}