{
    "avg_prefill_latency": 0.05341454346974691,
    "prefill_latencies": [
        0.05278420448303223,
        0.05339312553405762,
        0.05307888984680176,
        0.05377912521362305,
        0.0534205436706543,
        0.0533902645111084,
        0.053299665451049805,
        0.05353498458862305,
        0.053162336349487305,
        0.05356097221374512,
        0.05363631248474121,
        0.05393409729003906
    ],
    "prefill_percentiles": {
        "10": 0.05308723449707031,
        "25": 0.05326533317565918,
        "50": 0.05340683460235596,
        "75": 0.05357980728149414,
        "90": 0.053764843940734865
    },
    "avg_decode_latency": 0.03433822923236423,
    "decode_latencies": [
        0.035817490683661565,
        0.032933208677503795,
        0.033003118303087026,
        0.034130467308892146,
        0.032523393630981445,
        0.03357659445868598,
        0.03454211023118761,
        0.0362547238667806,
        0.03362197346157498,
        0.038904693391588,
        0.03359582689073351,
        0.03315514988369412
    ],
    "decode_percentiles": {
        "10": 0.03294019964006212,
        "25": 0.03311714198854235,
        "50": 0.03360890017615424,
        "75": 0.0348609553443061,
        "90": 0.0362110005484687
    }
}