{
    "avg_prefill_latency": 0.35420213143030804,
    "prefill_latencies": [
        0.35405969619750977,
        0.35495924949645996,
        0.35338711738586426,
        0.3543429374694824,
        0.3539133071899414,
        0.3528869152069092,
        0.3540771007537842,
        0.3551802635192871,
        0.3531043529510498,
        0.35494565963745117,
        0.35506319999694824,
        0.3545057773590088
    ],
    "prefill_percentiles": {
        "10": 0.35313262939453127,
        "25": 0.3537817597389221,
        "50": 0.3542100191116333,
        "75": 0.35494905710220337,
        "90": 0.3550528049468994
    },
    "avg_decode_latency": 0.022174108911443637,
    "decode_latencies": [
        0.022123257319132488,
        0.022175762388441298,
        0.022260268529256184,
        0.022217883004082575,
        0.02209011713663737,
        0.022108581331041124,
        0.022338708241780598,
        0.022051228417290583,
        0.022144847446017794,
        0.022065613004896376,
        0.022410419252183702,
        0.022102620866563585
    ],
    "decode_percentiles": {
        "10": 0.022068063418070476,
        "25": 0.02209949493408203,
        "50": 0.02213405238257514,
        "75": 0.022228479385375977,
        "90": 0.022330864270528158
    }
}