{
    "avg_prefill_latency": 0.22149401903152466,
    "prefill_latencies": [
        0.22247648239135742,
        0.22696971893310547,
        0.22046303749084473,
        0.22011470794677734,
        0.2200024127960205,
        0.22174072265625,
        0.22003602981567383,
        0.22235488891601562,
        0.22091126441955566,
        0.22079992294311523,
        0.2212684154510498,
        0.22079062461853027
    ],
    "prefill_percentiles": {
        "10": 0.22004389762878418,
        "25": 0.22037595510482788,
        "50": 0.22085559368133545,
        "75": 0.2218942642211914,
        "90": 0.22246432304382324
    },
    "avg_decode_latency": 0.040857504915308075,
    "decode_latencies": [
        0.0422361691792806,
        0.04104876518249512,
        0.03915521833631727,
        0.03905863232082791,
        0.03998698128594293,
        0.04480989774068197,
        0.041276242997911244,
        0.043103297551472984,
        0.039590809080335826,
        0.0399985048505995,
        0.04027504391140408,
        0.03975049654642741
    ],
    "decode_percentiles": {
        "10": 0.03919877741071913,
        "25": 0.03971057467990451,
        "50": 0.040136774381001786,
        "75": 0.041516224543253585,
        "90": 0.04301658471425374
    }
}