{
    "avg_prefill_latency": 0.15187827746073404,
    "prefill_latencies": [
        0.15152239799499512,
        0.1511852741241455,
        0.15143561363220215,
        0.15236544609069824,
        0.15194940567016602,
        0.15141677856445312,
        0.15096235275268555,
        0.15091538429260254,
        0.1511976718902588,
        0.15125036239624023,
        0.15684223175048828,
        0.15149641036987305
    ],
    "prefill_percentiles": {
        "10": 0.15098464488983154,
        "25": 0.15119457244873047,
        "50": 0.15142619609832764,
        "75": 0.15162914991378784,
        "90": 0.15232384204864502
    },
    "avg_decode_latency": 0.03520991625609222,
    "decode_latencies": [
        0.03475782606336805,
        0.034743309020996094,
        0.03339425722757975,
        0.04515409469604492,
        0.0361585087246365,
        0.03356104426913791,
        0.03391856617397732,
        0.033451212777031794,
        0.03407690260145399,
        0.035163561503092446,
        0.03310007519192166,
        0.0350396368238661
    ],
    "decode_percentiles": {
        "10": 0.03339995278252496,
        "25": 0.033533586396111384,
        "50": 0.03441010581122504,
        "75": 0.035070617993672684,
        "90": 0.0360590140024821
    }
}