{
    "avg_prefill_latency": 0.18843863407770792,
    "prefill_latencies": [
        0.18831515312194824,
        0.18811416625976562,
        0.187241792678833,
        0.187699556350708,
        0.18829655647277832,
        0.1931750774383545,
        0.1882319450378418,
        0.18833231925964355,
        0.18785619735717773,
        0.18814873695373535,
        0.18842482566833496,
        0.18742728233337402
    ],
    "prefill_percentiles": {
        "10": 0.1874545097351074,
        "25": 0.1878170371055603,
        "50": 0.18819034099578857,
        "75": 0.18831944465637207,
        "90": 0.1884155750274658
    },
    "avg_decode_latency": 0.034676406118604876,
    "decode_latencies": [
        0.033845477634006076,
        0.032986720403035484,
        0.03393313619825575,
        0.034167475170559354,
        0.03840727276272244,
        0.041912582185533315,
        0.03310010168287489,
        0.03328243891398112,
        0.03388781017727322,
        0.03334143426683214,
        0.03329740630255805,
        0.033955017725626625
    ],
    "decode_percentiles": {
        "10": 0.033118335405985515,
        "25": 0.03329366445541382,
        "50": 0.03386664390563965,
        "75": 0.03400813208685981,
        "90": 0.037983293003506134
    }
}