{
    "avg_prefill_latency": 0.12138501803080241,
    "prefill_latencies": [
        0.12044525146484375,
        0.12043571472167969,
        0.12084770202636719,
        0.12119007110595703,
        0.12050247192382812,
        0.12051630020141602,
        0.12121343612670898,
        0.1210181713104248,
        0.12098050117492676,
        0.12619352340698242,
        0.1217813491821289,
        0.12149572372436523
    ],
    "prefill_percentiles": {
        "10": 0.12045097351074219,
        "25": 0.12051284313201904,
        "50": 0.12099933624267578,
        "75": 0.12128400802612305,
        "90": 0.12175278663635254
    },
    "avg_decode_latency": 0.03504221086148863,
    "decode_latencies": [
        0.03384576903449164,
        0.03408426708645291,
        0.03419303894042969,
        0.033861001332600914,
        0.033820549647013344,
        0.03539821836683485,
        0.033173561096191406,
        0.03319451544019911,
        0.03870746824476454,
        0.0405076609717475,
        0.03398897912767199,
        0.035731501049465604
    ],
    "decode_percentiles": {
        "10": 0.03325711886088053,
        "25": 0.03383946418762207,
        "50": 0.034036623107062444,
        "75": 0.035481539037492536,
        "90": 0.038409871525234646
    }
}