{
    "avg_prefill_latency": 0.049733877182006836,
    "prefill_latencies": [
        0.04983329772949219,
        0.04958605766296387,
        0.0498509407043457,
        0.049874305725097656,
        0.05072331428527832,
        0.049720048904418945,
        0.04945945739746094,
        0.049570322036743164,
        0.04956865310668945,
        0.04958987236022949,
        0.04947042465209961,
        0.049559831619262695
    ],
    "prefill_percentiles": {
        "10": 0.04947936534881592,
        "25": 0.049566447734832764,
        "50": 0.04958796501159668,
        "75": 0.049837708473205566,
        "90": 0.049871969223022464
    },
    "avg_decode_latency": 0.02115807709870515,
    "decode_latencies": [
        0.021003988054063585,
        0.021265374289618597,
        0.021462361017862957,
        0.021412955390082464,
        0.021389113532172307,
        0.021390914916992188,
        0.021260288026597764,
        0.021079434288872614,
        0.020953973134358723,
        0.02088914977179633,
        0.020944780773586698,
        0.020844591988457575
    ],
    "decode_percentiles": {
        "10": 0.020894712871975366,
        "25": 0.020951675044165716,
        "50": 0.02116986115773519,
        "75": 0.021389563878377277,
        "90": 0.021410751342773437
    }
}