{
    "avg_prefill_latency": 0.3342848817507426,
    "prefill_latencies": [
        0.3336019515991211,
        0.3346586227416992,
        0.3343217372894287,
        0.3336145877838135,
        0.3340888023376465,
        0.3351256847381592,
        0.3349184989929199,
        0.334240198135376,
        0.3346116542816162,
        0.3344688415527344,
        0.3343236446380615,
        0.33344435691833496
    ],
    "prefill_percentiles": {
        "10": 0.33360321521759034,
        "25": 0.33397024869918823,
        "50": 0.3343226909637451,
        "75": 0.33462339639663696,
        "90": 0.33489251136779785
    },
    "avg_decode_latency": 0.03199714863741839,
    "decode_latencies": [
        0.031510512034098305,
        0.03185960981580946,
        0.03229475021362305,
        0.03261515829298231,
        0.03158839543660482,
        0.03222658899095324,
        0.03232031398349338,
        0.03188514709472656,
        0.03192981084187826,
        0.03221593962775336,
        0.0316615104675293,
        0.03185804684956869
    ],
    "decode_percentiles": {
        "10": 0.031595706939697266,
        "25": 0.03180891275405884,
        "50": 0.031907478968302413,
        "75": 0.03224362929662069,
        "90": 0.03231775760650635
    }
}