{
    "avg_prefill_latency": 0.28259630997975665,
    "prefill_latencies": [
        0.28237247467041016,
        0.2829616069793701,
        0.28279900550842285,
        0.2830641269683838,
        0.2834148406982422,
        0.28270673751831055,
        0.28096508979797363,
        0.28212785720825195,
        0.2824869155883789,
        0.2822415828704834,
        0.28326416015625,
        0.28275132179260254
    ],
    "prefill_percentiles": {
        "10": 0.2821392297744751,
        "25": 0.28233975172042847,
        "50": 0.28272902965545654,
        "75": 0.28298723697662354,
        "90": 0.2832441568374634
    },
    "avg_decode_latency": 0.04050756604583175,
    "decode_latencies": [
        0.038485315110948354,
        0.03805194960700141,
        0.039190981123182506,
        0.03836250305175781,
        0.03696751594543457,
        0.03586991628011068,
        0.038122230105929904,
        0.05162874857584635,
        0.05883495012919108,
        0.036287387212117515,
        0.036783827675713435,
        0.0375054677327474
    ],
    "decode_percentiles": {
        "10": 0.03633703125847711,
        "25": 0.03692159387800428,
        "50": 0.03808708985646565,
        "75": 0.03866173161400689,
        "90": 0.050384971830579973
    }
}