{
    "avg_prefill_latency": 0.09585426251093547,
    "prefill_latencies": [
        0.0949854850769043,
        0.09530305862426758,
        0.09399914741516113,
        0.0976862907409668,
        0.09487628936767578,
        0.09621715545654297,
        0.09746789932250977,
        0.09458684921264648,
        0.09622478485107422,
        0.09620070457458496,
        0.09763288497924805,
        0.09507060050964355
    ],
    "prefill_percentiles": {
        "10": 0.09461579322814942,
        "25": 0.09495818614959717,
        "50": 0.09575188159942627,
        "75": 0.0965355634689331,
        "90": 0.09761638641357422
    },
    "avg_decode_latency": 0.015960492469646315,
    "decode_latencies": [
        0.015836609734429255,
        0.015570269690619575,
        0.015820317798190646,
        0.016137546963161893,
        0.015742354922824435,
        0.015810489654541016,
        0.015926440556844074,
        0.0158535639444987,
        0.016226079728868272,
        0.016160514619615342,
        0.016265153884887695,
        0.016176568137274847
    ],
    "decode_percentiles": {
        "10": 0.015749168395996094,
        "25": 0.015817860762278237,
        "50": 0.015890002250671387,
        "75": 0.016164527999030218,
        "90": 0.01622112856970893
    }
}