{
    "avg_prefill_latency": 0.135776956876119,
    "prefill_latencies": [
        0.1316697597503662,
        0.18505334854125977,
        0.13240814208984375,
        0.1302189826965332,
        0.1323542594909668,
        0.13308167457580566,
        0.13206005096435547,
        0.12897801399230957,
        0.1308736801147461,
        0.13088321685791016,
        0.1312394142150879,
        0.13050293922424316
    ],
    "prefill_percentiles": {
        "10": 0.1302473783493042,
        "25": 0.13078099489212036,
        "50": 0.13145458698272705,
        "75": 0.13236773014068604,
        "90": 0.13301432132720947
    },
    "avg_decode_latency": 0.03681182861328125,
    "decode_latencies": [
        0.03512122895982531,
        0.035225762261284724,
        0.03530149989657932,
        0.04157593515184191,
        0.035167826546563044,
        0.041518820656670466,
        0.035183986028035484,
        0.03532817628648546,
        0.04148308436075846,
        0.035363700654771596,
        0.03524054421318902,
        0.03523137834337023
    ],
    "decode_percentiles": {
        "10": 0.03516944249471029,
        "25": 0.03521531820297241,
        "50": 0.035271022054884166,
        "75": 0.03689354658126831,
        "90": 0.04151524702707927
    }
}