{
    "avg_prefill_latency": 0.01313328742980957,
    "prefill_latencies": [
        0.013140678405761719,
        0.01318979263305664,
        0.013094425201416016,
        0.013099908828735352,
        0.013089418411254883,
        0.013107061386108398,
        0.013090133666992188,
        0.01309514045715332,
        0.013092041015625,
        0.013397693634033203,
        0.013102531433105469,
        0.013100624084472656
    ],
    "prefill_percentiles": {
        "10": 0.01309032440185547,
        "25": 0.013093829154968262,
        "50": 0.013100266456604004,
        "75": 0.013115465641021729,
        "90": 0.013184881210327149
    },
    "avg_decode_latency": 0.013104213608635798,
    "decode_latencies": [
        0.013047403759426542,
        0.013117101457383897,
        0.013051377402411567,
        0.013062450620863173,
        0.013292789459228516,
        0.013060066435072158,
        0.013059006796942817,
        0.013052781422932943,
        0.013260126113891602,
        0.013106346130371094,
        0.013053920533921983,
        0.013087193171183268
    ],
    "decode_percentiles": {
        "10": 0.013051517804463704,
        "25": 0.013053635756174723,
        "50": 0.013061258527967665,
        "75": 0.013109034962124295,
        "90": 0.013245823648240831
    }
}