{
    "avg_prefill_latency": 0.061009883880615234,
    "prefill_latencies": [
        0.06135821342468262,
        0.0610194206237793,
        0.060884714126586914,
        0.06156563758850098,
        0.06129884719848633,
        0.06150221824645996,
        0.06032299995422363,
        0.060186147689819336,
        0.06084442138671875,
        0.06110572814941406,
        0.06099390983581543,
        0.06103634834289551
    ],
    "prefill_percentiles": {
        "10": 0.06037514209747315,
        "25": 0.06087464094161987,
        "50": 0.0610278844833374,
        "75": 0.0613136887550354,
        "90": 0.06148781776428223
    },
    "avg_decode_latency": 0.02347001322993526,
    "decode_latencies": [
        0.022761318418714736,
        0.022690004772610135,
        0.022850433985392254,
        0.022945615980360243,
        0.022698614332411025,
        0.030426078372531466,
        0.022995789845784504,
        0.022725370195176866,
        0.022753026750352647,
        0.02319388919406467,
        0.022686031129625108,
        0.022913985782199435
    ],
    "decode_percentiles": {
        "10": 0.022690865728590224,
        "25": 0.022718681229485407,
        "50": 0.022805876202053495,
        "75": 0.02295815944671631,
        "90": 0.023174079259236653
    }
}