{
    "avg_prefill_latency": 0.19128266970316568,
    "prefill_latencies": [
        0.19124269485473633,
        0.19163203239440918,
        0.19191193580627441,
        0.19163942337036133,
        0.1914055347442627,
        0.19035577774047852,
        0.19183897972106934,
        0.18999123573303223,
        0.19164514541625977,
        0.19107651710510254,
        0.19084882736206055,
        0.1918039321899414
    ],
    "prefill_percentiles": {
        "10": 0.19040508270263673,
        "25": 0.19101959466934204,
        "50": 0.19151878356933594,
        "75": 0.19168484210968018,
        "90": 0.19183547496795655
    },
    "avg_decode_latency": 0.032233939568201704,
    "decode_latencies": [
        0.030054092407226562,
        0.030278468132019044,
        0.030325031280517577,
        0.036841416358947755,
        0.030208897590637208,
        0.03028903007507324,
        0.0302457332611084,
        0.03931336402893067,
        0.030303382873535158,
        0.030144405364990235,
        0.030182194709777833,
        0.038621258735656736
    ],
    "decode_percentiles": {
        "10": 0.030148184299468996,
        "25": 0.030202221870422364,
        "50": 0.030283749103546143,
        "75": 0.031954127550125125,
        "90": 0.03844327449798584
    }
}