{
    "avg_prefill_latency": 0.13676204284032187,
    "prefill_latencies": [
        0.13919639587402344,
        0.13650155067443848,
        0.13701128959655762,
        0.1361987590789795,
        0.13681602478027344,
        0.1330864429473877,
        0.13707351684570312,
        0.13783001899719238,
        0.1354060173034668,
        0.13588738441467285,
        0.13781404495239258,
        0.13832306861877441
    ],
    "prefill_percentiles": {
        "10": 0.1354541540145874,
        "25": 0.13612091541290283,
        "50": 0.13691365718841553,
        "75": 0.13781803846359253,
        "90": 0.1382737636566162
    },
    "avg_decode_latency": 0.025161436310520882,
    "decode_latencies": [
        0.023965120315551758,
        0.030136982599894207,
        0.023963822258843318,
        0.02413699362013075,
        0.02393741077846951,
        0.023925966686672635,
        0.023841513527764216,
        0.02383046680026584,
        0.03261121114095052,
        0.02388763427734375,
        0.023893541759914823,
        0.02380657196044922
    ],
    "decode_percentiles": {
        "10": 0.023831571473015678,
        "25": 0.023876104089948866,
        "50": 0.023931688732571073,
        "75": 0.024008088641696505,
        "90": 0.029536983701917863
    }
}