{
    "avg_prefill_latency": 0.19626885652542114,
    "prefill_latencies": [
        0.19271636009216309,
        0.1922621726989746,
        0.1911003589630127,
        0.19106388092041016,
        0.19082188606262207,
        0.19116711616516113,
        0.1920018196105957,
        0.246809720993042,
        0.19104790687561035,
        0.19178032875061035,
        0.19147825241088867,
        0.1929764747619629
    ],
    "prefill_percentiles": {
        "10": 0.19104950428009032,
        "25": 0.19109123945236206,
        "50": 0.1916292905807495,
        "75": 0.19237571954727173,
        "90": 0.19295046329498292
    },
    "avg_decode_latency": 0.038763936360677084,
    "decode_latencies": [
        0.03708982467651367,
        0.0428809642791748,
        0.03725464344024658,
        0.03699712753295899,
        0.044919705390930174,
        0.03693280220031738,
        0.037109088897705075,
        0.03697280883789063,
        0.03692262172698975,
        0.043593406677246094,
        0.03730499744415283,
        0.03718924522399902
    ],
    "decode_percentiles": {
        "10": 0.036936802864074705,
        "25": 0.0369910478591919,
        "50": 0.03714916706085205,
        "75": 0.03869898915290833,
        "90": 0.04352216243743896
    }
}