{
    "avg_prefill_latency": 0.07511327664057414,
    "prefill_latencies": [
        0.07571649551391602,
        0.07477259635925293,
        0.07443737983703613,
        0.07604098320007324,
        0.07479429244995117,
        0.07556295394897461,
        0.07512950897216797,
        0.07525515556335449,
        0.07549142837524414,
        0.07462191581726074,
        0.07548403739929199,
        0.07405257225036621
    ],
    "prefill_percentiles": {
        "10": 0.0744558334350586,
        "25": 0.07473492622375488,
        "50": 0.07519233226776123,
        "75": 0.07550930976867676,
        "90": 0.07570114135742187
    },
    "avg_decode_latency": 0.018969836058440034,
    "decode_latencies": [
        0.018903387917412653,
        0.01884293556213379,
        0.01888696352640788,
        0.018890884187486436,
        0.018924421734280057,
        0.01885631349351671,
        0.018921083874172635,
        0.019494136174519856,
        0.019065909915500216,
        0.018966966205173068,
        0.018932474984063044,
        0.01895255512661404
    ],
    "decode_percentiles": {
        "10": 0.018859378496805825,
        "25": 0.018889904022216797,
        "50": 0.018922752804226346,
        "75": 0.018956157896253798,
        "90": 0.0190560155444675
    }
}