{
    "avg_prefill_latency": 0.21483739217122397,
    "prefill_latencies": [
        0.2211298942565918,
        0.21211576461791992,
        0.21460628509521484,
        0.21443581581115723,
        0.21112346649169922,
        0.21714234352111816,
        0.21334290504455566,
        0.21633076667785645,
        0.21233224868774414,
        0.21497106552124023,
        0.21504569053649902,
        0.21547245979309082
    ],
    "prefill_percentiles": {
        "10": 0.21213741302490235,
        "25": 0.21309024095535278,
        "50": 0.21478867530822754,
        "75": 0.21568703651428223,
        "90": 0.217061185836792
    },
    "avg_decode_latency": 0.00033847490946451825,
    "decode_latencies": [
        0.0004177093505859375,
        0.00038552284240722656,
        0.00029969215393066406,
        0.0003216266632080078,
        0.0002930164337158203,
        0.0003006458282470703,
        0.0002970695495605469,
        0.0005297660827636719,
        0.0002951622009277344,
        0.00029397010803222656,
        0.0003383159637451172,
        0.0002892017364501953
    ],
    "decode_percentiles": {
        "10": 0.00029311180114746096,
        "25": 0.0002948641777038574,
        "50": 0.0003001689910888672,
        "75": 0.00035011768341064453,
        "90": 0.0004144906997680664
    }
}