{
    "avg_prefill_latency": 0.1456913153330485,
    "prefill_latencies": [
        0.1458437442779541,
        0.14610862731933594,
        0.1459805965423584,
        0.1456000804901123,
        0.14589262008666992,
        0.14601540565490723,
        0.14557313919067383,
        0.14690446853637695,
        0.1461949348449707,
        0.14594125747680664,
        0.1435391902923584,
        0.14470171928405762
    ],
    "prefill_percentiles": {
        "10": 0.14478886127471924,
        "25": 0.14559334516525269,
        "50": 0.14591693878173828,
        "75": 0.1460387110710144,
        "90": 0.14618630409240724
    },
    "avg_decode_latency": 0.019147596977375173,
    "decode_latencies": [
        0.019120878643459745,
        0.019213517506917317,
        0.019168429904513888,
        0.01914027002122667,
        0.019260432985093858,
        0.01911065313551161,
        0.019132269753350153,
        0.01910678545633952,
        0.019135316212972004,
        0.01920122570461697,
        0.019097778532240126,
        0.019083605872260198
    ],
    "decode_percentiles": {
        "10": 0.019098679224650066,
        "25": 0.01910968621571859,
        "50": 0.019133792983161077,
        "75": 0.01917662885453966,
        "90": 0.019212288326687282
    }
}