{
    "avg_prefill_latency": 0.04593799511591593,
    "prefill_latencies": [
        0.04613327980041504,
        0.04597759246826172,
        0.04559493064880371,
        0.0461878776550293,
        0.04563164710998535,
        0.04572105407714844,
        0.04591202735900879,
        0.045648813247680664,
        0.046033620834350586,
        0.04618525505065918,
        0.04600167274475098,
        0.04622817039489746
    ],
    "prefill_percentiles": {
        "10": 0.045633363723754886,
        "25": 0.045702993869781494,
        "50": 0.04598963260650635,
        "75": 0.046146273612976074,
        "90": 0.046187615394592284
    },
    "avg_decode_latency": 0.015074701220900924,
    "decode_latencies": [
        0.015266497929890951,
        0.015137566460503472,
        0.015010886722140841,
        0.015037139256795248,
        0.015033218595716689,
        0.014984077877468534,
        0.015013403362698026,
        0.015363295873006185,
        0.015006701151529947,
        0.015032026502821181,
        0.014953295389811197,
        0.015058305528428819
    ],
    "decode_percentiles": {
        "10": 0.014986340204874675,
        "25": 0.015009840329488117,
        "50": 0.015032622549268935,
        "75": 0.015078120761447482,
        "90": 0.015253604782952204
    }
}