{
    "avg_prefill_latency": 0.3206576704978943,
    "prefill_latencies": [
        0.31941652297973633,
        0.31890273094177246,
        0.3215968608856201,
        0.32204437255859375,
        0.3206343650817871,
        0.3197512626647949,
        0.3219590187072754,
        0.31943249702453613,
        0.32083725929260254,
        0.32151031494140625,
        0.32140350341796875,
        0.3204033374786377
    ],
    "prefill_percentiles": {
        "10": 0.3194181203842163,
        "25": 0.3196715712547302,
        "50": 0.3207358121871948,
        "75": 0.3215319514274597,
        "90": 0.3219228029251099
    },
    "avg_decode_latency": 0.03744627436002095,
    "decode_latencies": [
        0.03696262836456299,
        0.03842184543609619,
        0.03905150890350342,
        0.03685462474822998,
        0.037633752822875975,
        0.03681507110595703,
        0.037041449546813966,
        0.03738269805908203,
        0.03723654747009277,
        0.037774157524108884,
        0.03687973022460937,
        0.037301278114318846
    ],
    "decode_percentiles": {
        "10": 0.03685713529586792,
        "25": 0.03694190382957459,
        "50": 0.03726891279220581,
        "75": 0.037668853998184204,
        "90": 0.03835707664489746
    }
}