{
    "avg_prefill_latency": 0.3211181362469991,
    "prefill_latencies": [
        0.32094240188598633,
        0.3211047649383545,
        0.32126283645629883,
        0.3195762634277344,
        0.32162904739379883,
        0.322052001953125,
        0.32091736793518066,
        0.3198564052581787,
        0.32094788551330566,
        0.3213515281677246,
        0.32105445861816406,
        0.3227226734161377
    ],
    "prefill_percentiles": {
        "10": 0.3199625015258789,
        "25": 0.3209361433982849,
        "50": 0.3210796117782593,
        "75": 0.32142090797424316,
        "90": 0.3220097064971924
    },
    "avg_decode_latency": 0.047933604319890334,
    "decode_latencies": [
        0.04792943000793457,
        0.04787309169769287,
        0.04792032241821289,
        0.047905707359313966,
        0.047867107391357425,
        0.0479280948638916,
        0.04807276725769043,
        0.04786679744720459,
        0.04796721935272217,
        0.0477252721786499,
        0.04823746681213379,
        0.04790997505187988
    ],
    "decode_percentiles": {
        "10": 0.04786682844161987,
        "25": 0.04787159562110901,
        "50": 0.04791514873504639,
        "75": 0.04793887734413147,
        "90": 0.0480622124671936
    }
}