{
    "avg_prefill_latency": 0.10096895694732666,
    "prefill_latencies": [
        0.10075569152832031,
        0.10057520866394043,
        0.10128664970397949,
        0.10064959526062012,
        0.10056686401367188,
        0.10252213478088379,
        0.10071086883544922,
        0.1008758544921875,
        0.10128235816955566,
        0.1017601490020752,
        0.09985589981079102,
        0.10078620910644531
    ],
    "prefill_percentiles": {
        "10": 0.10056769847869873,
        "25": 0.1006309986114502,
        "50": 0.10077095031738281,
        "75": 0.10128343105316162,
        "90": 0.10171279907226563
    },
    "avg_decode_latency": 0.024570741035320143,
    "decode_latencies": [
        0.023914416631062824,
        0.024223380618625216,
        0.024365531073676214,
        0.023909939659966364,
        0.026663462320963543,
        0.02500308884514703,
        0.024290667639838323,
        0.024247672822740342,
        0.024857044219970703,
        0.024808300866021052,
        0.024509721332126193,
        0.024055666393703885
    ],
    "decode_percentiles": {
        "10": 0.02392854160732693,
        "25": 0.024181452062394884,
        "50": 0.02432809935675727,
        "75": 0.024820486704508465,
        "90": 0.024988484382629395
    }
}