{
    "avg_prefill_latency": 0.027823766072591145,
    "prefill_latencies": [
        0.027744054794311523,
        0.027763843536376953,
        0.027924776077270508,
        0.027776241302490234,
        0.027863502502441406,
        0.02781534194946289,
        0.027760982513427734,
        0.028215408325195312,
        0.027795076370239258,
        0.027800798416137695,
        0.02773594856262207,
        0.027689218521118164
    ],
    "prefill_percentiles": {
        "10": 0.027736759185791014,
        "25": 0.02775675058364868,
        "50": 0.027785658836364746,
        "75": 0.02782738208770752,
        "90": 0.0279186487197876
    },
    "avg_decode_latency": 0.016092002391815186,
    "decode_latencies": [
        0.015940321816338435,
        0.016337871551513672,
        0.015959739685058594,
        0.016100300682915583,
        0.015871577792697482,
        0.016014072630140517,
        0.017156203587849934,
        0.016272226969401043,
        0.015851391686333552,
        0.01590153906080458,
        0.015867312749226887,
        0.015831470489501953
    ],
    "decode_percentiles": {
        "10": 0.015852983792622885,
        "25": 0.015870511531829834,
        "50": 0.015950030750698514,
        "75": 0.01614328225453695,
        "90": 0.01633130709330241
    }
}