{
    "avg_prefill_latency": 0.15000601609547934,
    "prefill_latencies": [
        0.14979958534240723,
        0.14858484268188477,
        0.14972186088562012,
        0.1498253345489502,
        0.1497025489807129,
        0.15082287788391113,
        0.1500239372253418,
        0.1497194766998291,
        0.15094256401062012,
        0.15012264251708984,
        0.15024352073669434,
        0.15056300163269043
    ],
    "prefill_percentiles": {
        "10": 0.1497042417526245,
        "25": 0.14972126483917236,
        "50": 0.149924635887146,
        "75": 0.15032339096069336,
        "90": 0.15079689025878906
    },
    "avg_decode_latency": 0.029616978433397084,
    "decode_latencies": [
        0.028203593360053167,
        0.02805373403761122,
        0.028582996792263456,
        0.02872308095296224,
        0.02997732162475586,
        0.039747900433010526,
        0.02840489811367459,
        0.028894133037990995,
        0.02857486406962077,
        0.028747849994235568,
        0.028672218322753906,
        0.028821150461832683
    ],
    "decode_percentiles": {
        "10": 0.02822372383541531,
        "25": 0.028532372580634225,
        "50": 0.02869764963785807,
        "75": 0.028839396105872262,
        "90": 0.029869002766079372
    }
}