{
    "avg_prefill_latency": 0.32112304369608563,
    "prefill_latencies": [
        0.3214428424835205,
        0.3221573829650879,
        0.32163023948669434,
        0.32076311111450195,
        0.3204069137573242,
        0.3209669589996338,
        0.32084131240844727,
        0.3208940029144287,
        0.3219313621520996,
        0.3206484317779541,
        0.32054758071899414,
        0.3212463855743408
    ],
    "prefill_percentiles": {
        "10": 0.32055766582489015,
        "25": 0.320734441280365,
        "50": 0.32093048095703125,
        "75": 0.32148969173431396,
        "90": 0.32190124988555907
    },
    "avg_decode_latency": 0.04625913699467977,
    "decode_latencies": [
        0.048453021049499514,
        0.04790194034576416,
        0.04621412754058838,
        0.045487618446350096,
        0.046806931495666504,
        0.046198463439941405,
        0.04544222354888916,
        0.045922279357910156,
        0.04539608955383301,
        0.04563970565795898,
        0.04589767456054687,
        0.045749568939208986
    ],
    "decode_percentiles": {
        "10": 0.045446763038635256,
        "25": 0.04560168385505676,
        "50": 0.045909976959228514,
        "75": 0.04636232852935791,
        "90": 0.04779243946075439
    }
}