{
    "avg_prefill_latency": 0.09783798456192017,
    "prefill_latencies": [
        0.09749937057495117,
        0.09767389297485352,
        0.09847807884216309,
        0.09793877601623535,
        0.09817743301391602,
        0.0982351303100586,
        0.09781122207641602,
        0.09739971160888672,
        0.09803438186645508,
        0.09760403633117676,
        0.09769439697265625,
        0.09750938415527344
    ],
    "prefill_percentiles": {
        "10": 0.0975003719329834,
        "25": 0.09758037328720093,
        "50": 0.09775280952453613,
        "75": 0.09807014465332031,
        "90": 0.09822936058044433
    },
    "avg_decode_latency": 0.020035330896024352,
    "decode_latencies": [
        0.018673870298597548,
        0.020404974619547527,
        0.022114780214097764,
        0.01951940854390462,
        0.022301117579142254,
        0.02195053630405002,
        0.018584595786200628,
        0.01950714323255751,
        0.019391377766927082,
        0.01960831218295627,
        0.01970341470506456,
        0.018664439519246418
    ],
    "decode_percentiles": {
        "10": 0.01866538259718153,
        "25": 0.0192120008998447,
        "50": 0.019563860363430448,
        "75": 0.02079136504067315,
        "90": 0.02209835582309299
    }
}