{
    "avg_prefill_latency": 0.3287014563878377,
    "prefill_latencies": [
        0.32689976692199707,
        0.3277626037597656,
        0.32797670364379883,
        0.32869601249694824,
        0.32750487327575684,
        0.3293771743774414,
        0.3300743103027344,
        0.3284800052642822,
        0.32906603813171387,
        0.33015966415405273,
        0.3297538757324219,
        0.32866644859313965
    ],
    "prefill_percentiles": {
        "10": 0.32753064632415774,
        "25": 0.3279231786727905,
        "50": 0.32868123054504395,
        "75": 0.3294713497161865,
        "90": 0.33004226684570315
    },
    "avg_decode_latency": 0.06262267430623372,
    "decode_latencies": [
        0.06026756763458252,
        0.06059584617614746,
        0.06058228015899658,
        0.0626842737197876,
        0.06171307563781738,
        0.06293368339538574,
        0.05908975601196289,
        0.06827282905578613,
        0.0614426851272583,
        0.06476335525512696,
        0.0693199634552002,
        0.05980677604675293
    ],
    "decode_percentiles": {
        "10": 0.05985285520553588,
        "25": 0.060503602027893066,
        "50": 0.061577880382537836,
        "75": 0.06339110136032104,
        "90": 0.06792188167572022
    }
}