{
    "avg_prefill_latency": 0.13037041823069254,
    "prefill_latencies": [
        0.12981843948364258,
        0.1313157081604004,
        0.12952423095703125,
        0.13070440292358398,
        0.13046956062316895,
        0.13039898872375488,
        0.13082075119018555,
        0.1305856704711914,
        0.1306154727935791,
        0.12984871864318848,
        0.13041090965270996,
        0.12993216514587402
    ],
    "prefill_percentiles": {
        "10": 0.12982146739959716,
        "25": 0.12991130352020264,
        "50": 0.13044023513793945,
        "75": 0.13063770532608032,
        "90": 0.13080911636352538
    },
    "avg_decode_latency": 0.02354019438778913,
    "decode_latencies": [
        0.024150927861531574,
        0.02323007583618164,
        0.024180544747246638,
        0.024101760652330186,
        0.02128511004977756,
        0.024139404296875,
        0.021197345521714952,
        0.024199936125013564,
        0.023515568839179143,
        0.02410231696234809,
        0.023541424009535048,
        0.024837917751736112
    ],
    "decode_percentiles": {
        "10": 0.02147960662841797,
        "25": 0.023444195588429768,
        "50": 0.02410203880733914,
        "75": 0.02415833208296034,
        "90": 0.02419799698723687
    }
}