{
    "avg_prefill_latency": 0.08551434675852458,
    "prefill_latencies": [
        0.0853278636932373,
        0.08549785614013672,
        0.08530187606811523,
        0.08528614044189453,
        0.08514571189880371,
        0.08615422248840332,
        0.08535480499267578,
        0.08606958389282227,
        0.08518052101135254,
        0.08576250076293945,
        0.08533596992492676,
        0.0857551097869873
    ],
    "prefill_percentiles": {
        "10": 0.08519108295440674,
        "25": 0.08529794216156006,
        "50": 0.08534538745880127,
        "75": 0.08575695753097534,
        "90": 0.08603887557983399
    },
    "avg_decode_latency": 0.01720286740197076,
    "decode_latencies": [
        0.017027563518948026,
        0.016478220621744793,
        0.016625854704115126,
        0.016547653410169814,
        0.016559229956732854,
        0.017889764573838975,
        0.017702791425916884,
        0.0172018739912245,
        0.018167813618977863,
        0.016612635718451604,
        0.01677725050184462,
        0.018843756781684026
    ],
    "decode_percentiles": {
        "10": 0.016548811064826117,
        "25": 0.016599284278021917,
        "50": 0.016902407010396324,
        "75": 0.017749534712897405,
        "90": 0.018140008714463973
    }
}