{
    "avg_prefill_latency": 0.3215364416440328,
    "prefill_latencies": [
        0.32071614265441895,
        0.3217194080352783,
        0.3218495845794678,
        0.3211538791656494,
        0.3210484981536865,
        0.3205742835998535,
        0.32109808921813965,
        0.3204927444458008,
        0.32200074195861816,
        0.32240772247314453,
        0.3224647045135498,
        0.32291150093078613
    ],
    "prefill_percentiles": {
        "10": 0.32058846950531006,
        "25": 0.32096540927886963,
        "50": 0.32143664360046387,
        "75": 0.32210248708724976,
        "90": 0.3224590063095093
    },
    "avg_decode_latency": 0.02510972023010254,
    "decode_latencies": [
        0.02619457244873047,
        0.026015758514404297,
        0.024500393867492677,
        0.024700236320495606,
        0.024771952629089357,
        0.024540185928344727,
        0.024258232116699217,
        0.024396777153015137,
        0.025152134895324706,
        0.02567296028137207,
        0.026276516914367675,
        0.024836921691894533
    ],
    "decode_percentiles": {
        "10": 0.024407138824462892,
        "25": 0.024530237913131712,
        "50": 0.024804437160491945,
        "75": 0.025758659839630126,
        "90": 0.02617669105529785
    }
}