{
    "avg_prefill_latency": 0.13946574926376343,
    "prefill_latencies": [
        0.1429300308227539,
        0.13950204849243164,
        0.13939380645751953,
        0.13930344581604004,
        0.14011430740356445,
        0.13937878608703613,
        0.13928437232971191,
        0.13948893547058105,
        0.1385335922241211,
        0.13756656646728516,
        0.13939785957336426,
        0.13869524002075195
    ],
    "prefill_percentiles": {
        "10": 0.1385497570037842,
        "25": 0.13913708925247192,
        "50": 0.13938629627227783,
        "75": 0.1394922137260437,
        "90": 0.14005308151245116
    },
    "avg_decode_latency": 0.05177744030952453,
    "decode_latencies": [
        0.06025066375732422,
        0.05265054702758789,
        0.0507054328918457,
        0.05068531036376953,
        0.05102362632751465,
        0.050658440589904784,
        0.05074067115783691,
        0.05187478065490723,
        0.04994206428527832,
        0.05337953567504883,
        0.04997475147247314,
        0.04944345951080322
    ],
    "decode_percentiles": {
        "10": 0.049945333003997804,
        "25": 0.050487518310546875,
        "50": 0.05072305202484131,
        "75": 0.05206872224807739,
        "90": 0.05330663681030273
    }
}