{
    "avg_prefill_latency": 0.208505650361379,
    "prefill_latencies": [
        0.2077467441558838,
        0.20729899406433105,
        0.20812010765075684,
        0.2079312801361084,
        0.2090907096862793,
        0.20853424072265625,
        0.20805931091308594,
        0.20902037620544434,
        0.20859909057617188,
        0.20885491371154785,
        0.20917797088623047,
        0.20963406562805176
    ],
    "prefill_percentiles": {
        "10": 0.20776519775390626,
        "25": 0.20802730321884155,
        "50": 0.20856666564941406,
        "75": 0.20903795957565308,
        "90": 0.20916924476623536
    },
    "avg_decode_latency": 0.08200934363736048,
    "decode_latencies": [
        0.07567153374354045,
        0.08775806427001953,
        0.07689281304677327,
        0.07637192805608113,
        0.07655656337738037,
        0.07747894525527954,
        0.07831595341364543,
        0.07816461722056071,
        0.07847388585408528,
        0.07751893997192383,
        0.07696278889973958,
        0.12394609053929646
    ],
    "decode_percentiles": {
        "10": 0.07639039158821105,
        "25": 0.07680875062942505,
        "50": 0.07749894261360168,
        "75": 0.0783554365237554,
        "90": 0.08682964642842611
    }
}