{
    "avg_prefill_latency": 0.2085824211438497,
    "prefill_latencies": [
        0.20771002769470215,
        0.20791149139404297,
        0.2083735466003418,
        0.2122814655303955,
        0.21099138259887695,
        0.20767593383789062,
        0.20801663398742676,
        0.2081587314605713,
        0.20768213272094727,
        0.20745086669921875,
        0.20798993110656738,
        0.20874691009521484
    ],
    "prefill_percentiles": {
        "10": 0.20767655372619628,
        "25": 0.20770305395126343,
        "50": 0.20800328254699707,
        "75": 0.20846688747406006,
        "90": 0.21076693534851074
    },
    "avg_decode_latency": 0.05378845731417337,
    "decode_latencies": [
        0.05355103015899658,
        0.0562208890914917,
        0.057472753524780276,
        0.057043933868408205,
        0.05889217853546143,
        0.05133755207061767,
        0.054618430137634275,
        0.0509077787399292,
        0.05416581630706787,
        0.04990239143371582,
        0.050560498237609865,
        0.05078823566436767
    ],
    "decode_percentiles": {
        "10": 0.05058327198028564,
        "25": 0.05087789297103882,
        "50": 0.05385842323303222,
        "75": 0.056426650285720824,
        "90": 0.05742987155914307
    }
}