{
    "avg_prefill_latency": 0.13230355580647787,
    "prefill_latencies": [
        0.13190793991088867,
        0.13246965408325195,
        0.13190674781799316,
        0.1322922706604004,
        0.13192224502563477,
        0.13210463523864746,
        0.1322188377380371,
        0.1333446502685547,
        0.13235044479370117,
        0.13226604461669922,
        0.13216614723205566,
        0.13269305229187012
    ],
    "prefill_percentiles": {
        "10": 0.13190937042236328,
        "25": 0.1320590376853943,
        "50": 0.13224244117736816,
        "75": 0.13238024711608887,
        "90": 0.1326707124710083
    },
    "avg_decode_latency": 0.06407155262099372,
    "decode_latencies": [
        0.06246976057688395,
        0.06282262007395427,
        0.06584660212198894,
        0.06289778153101604,
        0.06289726495742798,
        0.06549255053202312,
        0.06550661722819011,
        0.06606523195902507,
        0.06581370035807292,
        0.06255030632019043,
        0.06269929806391399,
        0.06379689772923787
    ],
    "decode_percentiles": {
        "10": 0.06256520549456279,
        "25": 0.0627917895714442,
        "50": 0.06334733963012695,
        "75": 0.06558338801066081,
        "90": 0.06584331194559734
    }
}