{
    "avg_prefill_latency": 0.05800477663675944,
    "prefill_latencies": [
        0.052220821380615234,
        0.05839395523071289,
        0.05423927307128906,
        0.05349087715148926,
        0.06446433067321777,
        0.058988332748413086,
        0.059401512145996094,
        0.05871415138244629,
        0.052300214767456055,
        0.054842233657836914,
        0.07567834854125977,
        0.05332326889038086
    ],
    "prefill_percentiles": {
        "10": 0.05240252017974854,
        "25": 0.05344897508621216,
        "50": 0.0566180944442749,
        "75": 0.05909162759780884,
        "90": 0.0639580488204956
    },
    "avg_decode_latency": 0.04308492166024667,
    "decode_latencies": [
        0.04944287406073676,
        0.04129327668084039,
        0.04036121898227268,
        0.04539791742960612,
        0.04126689169141981,
        0.044410149256388344,
        0.044388029310438365,
        0.039936807420518666,
        0.048017554812961154,
        0.04430715243021647,
        0.039063957002427846,
        0.03913323084513346
    ],
    "decode_percentiles": {
        "10": 0.03921358850267198,
        "25": 0.04025511609183417,
        "50": 0.04280021455552843,
        "75": 0.04465709129969279,
        "90": 0.04775559107462565
    }
}