{
    "avg_prefill_latency": 0.05357581377029419,
    "prefill_latencies": [
        0.05784893035888672,
        0.05077505111694336,
        0.05090594291687012,
        0.05229663848876953,
        0.0517115592956543,
        0.05165910720825195,
        0.05123305320739746,
        0.05134725570678711,
        0.05643773078918457,
        0.05680418014526367,
        0.05583620071411133,
        0.056054115295410156
    ],
    "prefill_percentiles": {
        "10": 0.050938653945922854,
        "25": 0.0513187050819397,
        "50": 0.052004098892211914,
        "75": 0.05615001916885376,
        "90": 0.05676753520965576
    },
    "avg_decode_latency": 0.041665377440275965,
    "decode_latencies": [
        0.040878348880343966,
        0.03981553183661567,
        0.03972744941711426,
        0.04038212034437391,
        0.0399934450785319,
        0.04022063149346246,
        0.03948370615641276,
        0.043642679850260414,
        0.04414627287122938,
        0.04386589262220594,
        0.04387815793355306,
        0.043950292799207896
    ],
    "decode_percentiles": {
        "10": 0.0397362576590644,
        "25": 0.03994896676805284,
        "50": 0.04063023461235894,
        "75": 0.043868958950042725,
        "90": 0.043943079312642415
    }
}