{
    "avg_prefill_latency": 0.1162683367729187,
    "prefill_latencies": [
        0.11680245399475098,
        0.11789298057556152,
        0.1177971363067627,
        0.11693954467773438,
        0.1160132884979248,
        0.11656689643859863,
        0.11671090126037598,
        0.1155235767364502,
        0.11522293090820312,
        0.11531305313110352,
        0.11545133590698242,
        0.11498594284057617
    ],
    "prefill_percentiles": {
        "10": 0.11523194313049316,
        "25": 0.1154167652130127,
        "50": 0.11629009246826172,
        "75": 0.11683672666549683,
        "90": 0.11771137714385986
    },
    "avg_decode_latency": 0.04041831802438806,
    "decode_latencies": [
        0.04700019624498156,
        0.04749637179904514,
        0.04957842826843262,
        0.042439805136786565,
        0.04286601808336046,
        0.046132405598958336,
        0.03702590200636122,
        0.03583463033040365,
        0.034753375583224826,
        0.03375763363308377,
        0.03418874740600586,
        0.03394630220201281
    ],
    "decode_percentiles": {
        "10": 0.033970546722412114,
        "25": 0.03461221853892008,
        "50": 0.03973285357157389,
        "75": 0.04634935326046414,
        "90": 0.04744675424363878
    }
}