{
    "avg_prefill_latency": 0.05274087190628052,
    "prefill_latencies": [
        0.050562143325805664,
        0.05159616470336914,
        0.05079936981201172,
        0.051085710525512695,
        0.051549673080444336,
        0.06093096733093262,
        0.05233573913574219,
        0.05181288719177246,
        0.05175518989562988,
        0.05167031288146973,
        0.05771660804748535,
        0.05107569694519043
    ],
    "prefill_percentiles": {
        "10": 0.05082700252532959,
        "25": 0.05108320713043213,
        "50": 0.051633238792419434,
        "75": 0.05194360017776489,
        "90": 0.05717852115631104
    },
    "avg_decode_latency": 0.03998691505855984,
    "decode_latencies": [
        0.03867912292480469,
        0.038650565677218966,
        0.03896458943684896,
        0.03859612676832411,
        0.04293902715047201,
        0.04140358501010471,
        0.039012379116482206,
        0.03875875473022461,
        0.038824876149495445,
        0.04375963740878635,
        0.04134954346550836,
        0.0389047728644477
    ],
    "decode_percentiles": {
        "10": 0.03865342140197754,
        "25": 0.03873884677886963,
        "50": 0.038934681150648326,
        "75": 0.04136305385165744,
        "90": 0.042785482936435276
    }
}