{
    "avg_prefill_latency": 0.10241049528121948,
    "prefill_latencies": [
        0.10283946990966797,
        0.10242247581481934,
        0.10205936431884766,
        0.10229277610778809,
        0.10290408134460449,
        0.10336685180664062,
        0.10194730758666992,
        0.10202455520629883,
        0.10277199745178223,
        0.1021726131439209,
        0.10195517539978027,
        0.10216927528381348
    ],
    "prefill_percentiles": {
        "10": 0.10196211338043212,
        "25": 0.10205066204071045,
        "50": 0.10223269462585449,
        "75": 0.10278886556625366,
        "90": 0.10289762020111085
    },
    "avg_decode_latency": 0.0348259100207576,
    "decode_latencies": [
        0.03417748875088162,
        0.03365961710611979,
        0.03492540783352322,
        0.0342551072438558,
        0.03638630443149143,
        0.03673466046651205,
        0.033375289705064565,
        0.03288038571675619,
        0.04158139228820801,
        0.0329127311706543,
        0.033088339699639216,
        0.03393419583638509
    ],
    "decode_percentiles": {
        "10": 0.03293029202355279,
        "25": 0.03330355220370823,
        "50": 0.03405584229363336,
        "75": 0.03529063198301527,
        "90": 0.03669982486300998
    }
}