{
    "avg_prefill_latency": 0.13963125149408975,
    "prefill_latencies": [
        0.13985419273376465,
        0.14029574394226074,
        0.13942432403564453,
        0.1389622688293457,
        0.1391599178314209,
        0.14017033576965332,
        0.13948464393615723,
        0.13961315155029297,
        0.14028263092041016,
        0.13915228843688965,
        0.13924455642700195,
        0.13993096351623535
    ],
    "prefill_percentiles": {
        "10": 0.13915305137634276,
        "25": 0.1392233967781067,
        "50": 0.1395488977432251,
        "75": 0.13999080657958984,
        "90": 0.14027140140533448
    },
    "avg_decode_latency": 0.055118028322855624,
    "decode_latencies": [
        0.054850006103515626,
        0.05145370960235596,
        0.05031764507293701,
        0.05135679244995117,
        0.07059252262115479,
        0.054633069038391116,
        0.05129084587097168,
        0.055559086799621585,
        0.054881167411804196,
        0.04981534481048584,
        0.06737346649169922,
        0.049292683601379395
    ],
    "decode_percentiles": {
        "10": 0.04986557483673096,
        "25": 0.05104754567146301,
        "50": 0.05304338932037354,
        "75": 0.055050647258758544,
        "90": 0.06619202852249145
    }
}