{
    "avg_prefill_latency": 0.18796153863271078,
    "prefill_latencies": [
        0.18769288063049316,
        0.18761897087097168,
        0.1878373622894287,
        0.18727707862854004,
        0.18757867813110352,
        0.1874232292175293,
        0.18764853477478027,
        0.18686294555664062,
        0.1879730224609375,
        0.18981623649597168,
        0.18854260444641113,
        0.18926692008972168
    ],
    "prefill_percentiles": {
        "10": 0.18729169368743898,
        "25": 0.18753981590270996,
        "50": 0.18767070770263672,
        "75": 0.1881154179573059,
        "90": 0.18919448852539061
    },
    "avg_decode_latency": 0.04822591278288099,
    "decode_latencies": [
        0.04613534609476725,
        0.04611145125495063,
        0.04561765988667806,
        0.045832819408840604,
        0.045385519663492836,
        0.06462195184495714,
        0.04571104049682617,
        0.04577951961093479,
        0.046661588880750865,
        0.050548394521077476,
        0.04879225624932183,
        0.04751340548197428
    ],
    "decode_percentiles": {
        "10": 0.04562699794769287,
        "25": 0.04576239983240763,
        "50": 0.04612339867485894,
        "75": 0.04783311817381117,
        "90": 0.050372780693901914
    }
}