{
    "avg_prefill_latency": 0.1559274991353353,
    "prefill_latencies": [
        0.13967537879943848,
        0.139512300491333,
        0.13929343223571777,
        0.13941097259521484,
        0.13927459716796875,
        0.3403923511505127,
        0.13880157470703125,
        0.13861322402954102,
        0.13922524452209473,
        0.1390247344970703,
        0.13879728317260742,
        0.13910889625549316
    ],
    "prefill_percentiles": {
        "10": 0.13879771232604982,
        "25": 0.13896894454956055,
        "50": 0.13924992084503174,
        "75": 0.13943630456924438,
        "90": 0.13965907096862792
    },
    "avg_decode_latency": 0.05384694735209147,
    "decode_latencies": [
        0.052408361434936525,
        0.05241734981536865,
        0.05249202251434326,
        0.05556297302246094,
        0.05208899974822998,
        0.051238393783569335,
        0.050604939460754395,
        0.05382547378540039,
        0.05170550346374512,
        0.05167300701141357,
        0.06871330738067627,
        0.05343303680419922
    ],
    "decode_percentiles": {
        "10": 0.05128185510635376,
        "25": 0.05169737935066223,
        "50": 0.05241285562515259,
        "75": 0.05353114604949951,
        "90": 0.05538922309875488
    }
}