{
    "avg_prefill_latency": 0.058250208695729576,
    "prefill_latencies": [
        0.057373046875,
        0.06455850601196289,
        0.05794715881347656,
        0.05741572380065918,
        0.05723094940185547,
        0.05792689323425293,
        0.05792641639709473,
        0.0580902099609375,
        0.0576930046081543,
        0.05804157257080078,
        0.05734133720397949,
        0.057457685470581055
    ],
    "prefill_percentiles": {
        "10": 0.05734450817108154,
        "25": 0.057405054569244385,
        "50": 0.05780971050262451,
        "75": 0.05797076225280762,
        "90": 0.05808534622192383
    },
    "avg_decode_latency": 0.043558310579370575,
    "decode_latencies": [
        0.05282213952806261,
        0.040137132008870445,
        0.04265737533569336,
        0.04025994406806098,
        0.041154702504475914,
        0.0418452951643202,
        0.04727273517184787,
        0.04730908075968424,
        0.04566327730814616,
        0.039892223146226674,
        0.04014235072665744,
        0.043543471230400935
    ],
    "decode_percentiles": {
        "10": 0.040137653880649146,
        "25": 0.040230545732710093,
        "50": 0.04225133525000678,
        "75": 0.04606564177407159,
        "90": 0.0473054462009006
    }
}