{
    "avg_prefill_latency": 0.16837720076243082,
    "prefill_latencies": [
        0.16872024536132812,
        0.16802763938903809,
        0.16887426376342773,
        0.16829419136047363,
        0.16783356666564941,
        0.1686568260192871,
        0.16800403594970703,
        0.1682577133178711,
        0.16875934600830078,
        0.1679224967956543,
        0.16772866249084473,
        0.1694474220275879
    ],
    "prefill_percentiles": {
        "10": 0.1678424596786499,
        "25": 0.16798365116119385,
        "50": 0.16827595233917236,
        "75": 0.1687300205230713,
        "90": 0.16886277198791505
    },
    "avg_decode_latency": 0.045528778323420775,
    "decode_latencies": [
        0.04371526506212023,
        0.044340054194132485,
        0.04383370611402723,
        0.0437266296810574,
        0.04439857270982531,
        0.04367645581563314,
        0.06418095694647895,
        0.04346998532613119,
        0.04396163092719184,
        0.04340415530734592,
        0.04367783334520128,
        0.0439600944519043
    ],
    "decode_percentiles": {
        "10": 0.043490632375081384,
        "25": 0.04367748896280925,
        "50": 0.04378016789754231,
        "75": 0.044056236743927,
        "90": 0.044392720858256025
    }
}