{
    "avg_prefill_latency": 0.2163026531537374,
    "prefill_latencies": [
        0.2156696319580078,
        0.21627187728881836,
        0.21818828582763672,
        0.21646642684936523,
        0.21646595001220703,
        0.21594762802124023,
        0.21653509140014648,
        0.2159423828125,
        0.21614980697631836,
        0.21582984924316406,
        0.21620535850524902,
        0.2159595489501953
    ],
    "prefill_percentiles": {
        "10": 0.21584110260009765,
        "25": 0.21594631671905518,
        "50": 0.2161775827407837,
        "75": 0.21646606922149658,
        "90": 0.21652822494506835
    },
    "avg_decode_latency": 0.07163699070612589,
    "decode_latencies": [
        0.06586804389953613,
        0.06570198535919189,
        0.08810584545135498,
        0.06623506546020508,
        0.06624634265899658,
        0.06757569313049316,
        0.08722548484802246,
        0.06644203662872314,
        0.06630241870880127,
        0.06626732349395752,
        0.08470010757446289,
        0.06897354125976562
    ],
    "decode_percentiles": {
        "10": 0.06590474605560302,
        "25": 0.0662435233592987,
        "50": 0.0663722276687622,
        "75": 0.07290518283843994,
        "90": 0.08697294712066651
    }
}