{
    "avg_prefill_latency": 0.05461418628692627,
    "prefill_latencies": [
        0.05147814750671387,
        0.05109238624572754,
        0.05240774154663086,
        0.052996158599853516,
        0.052692413330078125,
        0.07898187637329102,
        0.052254676818847656,
        0.053174734115600586,
        0.052033185958862305,
        0.052107810974121094,
        0.05340433120727539,
        0.05274677276611328
    ],
    "prefill_percentiles": {
        "10": 0.05153365135192871,
        "25": 0.052089154720306396,
        "50": 0.05255007743835449,
        "75": 0.05304080247879028,
        "90": 0.05338137149810791
    },
    "avg_decode_latency": 0.04126183854209053,
    "decode_latencies": [
        0.039406140645345054,
        0.03977137141757541,
        0.042427778244018555,
        0.04002059830559625,
        0.04878120952182346,
        0.04073490036858453,
        0.040242539511786565,
        0.0399014949798584,
        0.03999227947658963,
        0.04017286830478244,
        0.044364611307779946,
        0.03932627042134603
    ],
    "decode_percentiles": {
        "10": 0.03944266372256809,
        "25": 0.03986896408928765,
        "50": 0.04009673330518934,
        "75": 0.04115811983744304,
        "90": 0.044170928001403806
    }
}