{
    "avg_prefill_latency": 0.13704452912012735,
    "prefill_latencies": [
        0.13718914985656738,
        0.1372849941253662,
        0.13732552528381348,
        0.13769268989562988,
        0.13625001907348633,
        0.13797426223754883,
        0.13731646537780762,
        0.13633465766906738,
        0.1354677677154541,
        0.13709402084350586,
        0.13880276679992676,
        0.1358020305633545
    ],
    "prefill_percentiles": {
        "10": 0.13584682941436768,
        "25": 0.13631349802017212,
        "50": 0.1372370719909668,
        "75": 0.13741731643676758,
        "90": 0.13794610500335694
    },
    "avg_decode_latency": 0.05133599705166286,
    "decode_latencies": [
        0.048419025209214955,
        0.07357284757826063,
        0.05426605542500814,
        0.05254377259148492,
        0.047510782877604164,
        0.04826611942715115,
        0.047488398022121854,
        0.0475868648952908,
        0.04755928781297472,
        0.05026449097527398,
        0.05144850413004557,
        0.04710581567552355
    ],
    "decode_percentiles": {
        "10": 0.04749063650767008,
        "25": 0.04754716157913208,
        "50": 0.04834257231818305,
        "75": 0.051722321245405406,
        "90": 0.054093827141655816
    }
}