{
    "avg_prefill_latency": 0.1320427656173706,
    "prefill_latencies": [
        0.13171005249023438,
        0.1319289207458496,
        0.13248801231384277,
        0.13177108764648438,
        0.13238286972045898,
        0.13177084922790527,
        0.13163161277770996,
        0.13159871101379395,
        0.1324300765991211,
        0.13202309608459473,
        0.13289785385131836,
        0.1318800449371338
    ],
    "prefill_percentiles": {
        "10": 0.1316394567489624,
        "25": 0.13175565004348755,
        "50": 0.1319044828414917,
        "75": 0.1323946714401245,
        "90": 0.1324822187423706
    },
    "avg_decode_latency": 0.06281516949335735,
    "decode_latencies": [
        0.061839779218037925,
        0.06869182984034221,
        0.06188450256983439,
        0.06356757879257202,
        0.06180727481842041,
        0.06245966752370199,
        0.062351346015930176,
        0.0635846455891927,
        0.061717987060546875,
        0.06310351689656575,
        0.06129672129948934,
        0.0614771842956543
    ],
    "decode_percentiles": {
        "10": 0.061501264572143555,
        "25": 0.061784952878952026,
        "50": 0.06211792429288228,
        "75": 0.06321953237056732,
        "90": 0.06358293890953064
    }
}