{
    "avg_prefill_latency": 0.04823664824167887,
    "prefill_latencies": [
        0.04708456993103027,
        0.04835939407348633,
        0.04819893836975098,
        0.04807853698730469,
        0.047904014587402344,
        0.04834914207458496,
        0.04866456985473633,
        0.04838967323303223,
        0.048789262771606445,
        0.04822230339050293,
        0.048378944396972656,
        0.04842042922973633
    ],
    "prefill_percentiles": {
        "10": 0.04792146682739258,
        "25": 0.048168838024139404,
        "50": 0.048354268074035645,
        "75": 0.04839736223220825,
        "90": 0.04864015579223633
    },
    "avg_decode_latency": 0.031019420535476117,
    "decode_latencies": [
        0.030914809968736436,
        0.03181989987691244,
        0.030850675370958116,
        0.030793719821506076,
        0.030602984958224826,
        0.0313111146291097,
        0.03056756655375163,
        0.031250185436672635,
        0.03070688247680664,
        0.030705716874864366,
        0.031482166714138456,
        0.03122732374403212
    ],
    "decode_percentiles": {
        "10": 0.03061325814988878,
        "25": 0.030706591076321073,
        "50": 0.030882742669847276,
        "75": 0.031265417734781906,
        "90": 0.03146506150563558
    }
}