{
    "avg_prefill_latency": 0.11893614133199056,
    "prefill_latencies": [
        0.11892271041870117,
        0.1189887523651123,
        0.11868572235107422,
        0.11909723281860352,
        0.11926388740539551,
        0.11873340606689453,
        0.11896562576293945,
        0.11895036697387695,
        0.11855745315551758,
        0.11888599395751953,
        0.11880874633789062,
        0.11937379837036133
    ],
    "prefill_percentiles": {
        "10": 0.11869049072265625,
        "25": 0.1187899112701416,
        "50": 0.11893653869628906,
        "75": 0.11901587247848511,
        "90": 0.1192472219467163
    },
    "avg_decode_latency": 0.03223346339331733,
    "decode_latencies": [
        0.034585263994004994,
        0.03194533454047309,
        0.03175724877251519,
        0.032244205474853516,
        0.031648609373304576,
        0.03154677814907498,
        0.032362275653415255,
        0.03167766994900174,
        0.03231438000996908,
        0.03157353401184082,
        0.03250998920864529,
        0.03263627158270942
    ],
    "decode_percentiles": {
        "10": 0.031581041547987194,
        "25": 0.03167040480507745,
        "50": 0.0320947700076633,
        "75": 0.03239920404222277,
        "90": 0.032623643345303
    }
}