{
    "avg_prefill_latency": 0.0571282704671224,
    "prefill_latencies": [
        0.05427217483520508,
        0.0531160831451416,
        0.054030418395996094,
        0.07988953590393066,
        0.05378246307373047,
        0.06940317153930664,
        0.05410146713256836,
        0.054033517837524414,
        0.053014516830444336,
        0.053220272064208984,
        0.05336427688598633,
        0.05331134796142578
    ],
    "prefill_percentiles": {
        "10": 0.05312650203704834,
        "25": 0.05328857898712158,
        "50": 0.05390644073486328,
        "75": 0.05414414405822754,
        "90": 0.06789007186889649
    },
    "avg_decode_latency": 0.04107297349859167,
    "decode_latencies": [
        0.040635373857286244,
        0.04036853048536512,
        0.04064114888509115,
        0.04454599486456977,
        0.04936671257019043,
        0.03985436757405599,
        0.03939048449198405,
        0.03903455204433865,
        0.03984620836046007,
        0.03894758224487305,
        0.03901010089450412,
        0.0412346257103814
    ],
    "decode_percentiles": {
        "10": 0.03901254600948757,
        "25": 0.0393015013800727,
        "50": 0.04011144902971056,
        "75": 0.040789518091413714,
        "90": 0.044214857949150935
    }
}