{
    "avg_prefill_latency": 0.13584323724110922,
    "prefill_latencies": [
        0.13588190078735352,
        0.13606977462768555,
        0.13550782203674316,
        0.13492584228515625,
        0.13568115234375,
        0.13628554344177246,
        0.13621068000793457,
        0.13550353050231934,
        0.13662123680114746,
        0.1353471279144287,
        0.136871337890625,
        0.13521289825439453
    ],
    "prefill_percentiles": {
        "10": 0.13522632122039796,
        "25": 0.13546442985534668,
        "50": 0.13578152656555176,
        "75": 0.13622939586639404,
        "90": 0.13658766746520995
    },
    "avg_decode_latency": 0.07248022158940633,
    "decode_latencies": [
        0.06679686633023349,
        0.06800976666537198,
        0.06613070314580743,
        0.07265940579501065,
        0.07833391969854181,
        0.08255793831565163,
        0.06774020195007324,
        0.06875827095725319,
        0.06665036895058372,
        0.07226553830233487,
        0.08962949839505283,
        0.07023018056696112
    ],
    "decode_percentiles": {
        "10": 0.0666650186885487,
        "25": 0.06750436804511331,
        "50": 0.06949422576210715,
        "75": 0.07407803427089343,
        "90": 0.08213553645394064
    }
}