{
    "avg_prefill_latency": 0.05312432845433553,
    "prefill_latencies": [
        0.051494598388671875,
        0.05149388313293457,
        0.05786466598510742,
        0.05702972412109375,
        0.051846981048583984,
        0.051421403884887695,
        0.05179262161254883,
        0.05336594581604004,
        0.052971601486206055,
        0.05353593826293945,
        0.05281662940979004,
        0.051857948303222656
    ],
    "prefill_percentiles": {
        "10": 0.0514939546585083,
        "25": 0.05171811580657959,
        "50": 0.05233728885650635,
        "75": 0.05340844392776489,
        "90": 0.05668034553527832
    },
    "avg_decode_latency": 0.04165155357784695,
    "decode_latencies": [
        0.03945795694986979,
        0.040838930341932506,
        0.04447420438130697,
        0.04278360472785102,
        0.03945573170979818,
        0.043695290883382164,
        0.040427313910590276,
        0.040635638766818576,
        0.0410308837890625,
        0.04041976398891873,
        0.039844910303751625,
        0.046754413180881076
    ],
    "decode_percentiles": {
        "10": 0.03949665228525797,
        "25": 0.04027605056762695,
        "50": 0.040737284554375544,
        "75": 0.0430115262667338,
        "90": 0.044396313031514485
    }
}