{
    "avg_prefill_latency": 0.0538220206896464,
    "prefill_latencies": [
        0.05422210693359375,
        0.05398416519165039,
        0.05372762680053711,
        0.053830862045288086,
        0.05431199073791504,
        0.054053306579589844,
        0.05388641357421875,
        0.05375528335571289,
        0.05361628532409668,
        0.05285453796386719,
        0.0538325309753418,
        0.05378913879394531
    ],
    "prefill_percentiles": {
        "10": 0.053627419471740725,
        "25": 0.053748369216918945,
        "50": 0.05383169651031494,
        "75": 0.054001450538635254,
        "90": 0.05420522689819336
    },
    "avg_decode_latency": 0.04112639692094591,
    "decode_latencies": [
        0.040518495771620006,
        0.04085694419013129,
        0.04875755310058594,
        0.04068332248263889,
        0.04105514950222439,
        0.04056421915690104,
        0.04026495085822211,
        0.04057489501105414,
        0.04036325878567166,
        0.040088150236341685,
        0.03997270266215006,
        0.03981712129380968
    ],
    "decode_percentiles": {
        "10": 0.03998424741956923,
        "25": 0.04022075070275201,
        "50": 0.04054135746426052,
        "75": 0.04072672790951199,
        "90": 0.041035328971015084
    }
}