{
    "avg_prefill_latency": 0.2129319707552592,
    "prefill_latencies": [
        0.21119928359985352,
        0.21121573448181152,
        0.21248149871826172,
        0.21149182319641113,
        0.21506881713867188,
        0.21174097061157227,
        0.21303081512451172,
        0.21146035194396973,
        0.212296724319458,
        0.21493172645568848,
        0.21422219276428223,
        0.21604371070861816
    ],
    "prefill_percentiles": {
        "10": 0.21124019622802734,
        "25": 0.21148395538330078,
        "50": 0.21238911151885986,
        "75": 0.2143995761871338,
        "90": 0.21505510807037354
    },
    "avg_decode_latency": 0.09960667653517291,
    "decode_latencies": [
        0.09251722422513095,
        0.09267830848693848,
        0.11031716520136053,
        0.09499972516840155,
        0.0991244532845237,
        0.09356247295032848,
        0.11173716458407315,
        0.09324474768205122,
        0.09459655935114081,
        0.12165392528880727,
        0.09662173011086204,
        0.09422664208845659
    ],
    "decode_percentiles": {
        "10": 0.09273495240644976,
        "25": 0.09348304163325916,
        "50": 0.09479814225977118,
        "75": 0.10192263126373291,
        "90": 0.1115951646458019
    }
}