{
    "avg_prefill_latency": 0.21140307188034058,
    "prefill_latencies": [
        0.2107844352722168,
        0.21096539497375488,
        0.21168828010559082,
        0.21110320091247559,
        0.21059060096740723,
        0.21152758598327637,
        0.21225810050964355,
        0.2114408016204834,
        0.21168851852416992,
        0.2112724781036377,
        0.2116074562072754,
        0.21191000938415527
    ],
    "prefill_percentiles": {
        "10": 0.2108025312423706,
        "25": 0.2110687494277954,
        "50": 0.21148419380187988,
        "75": 0.2116883397102356,
        "90": 0.21188786029815673
    },
    "avg_decode_latency": 0.07509899320024432,
    "decode_latencies": [
        0.0860404751517556,
        0.07114458084106445,
        0.07044035738164728,
        0.07048305598172275,
        0.07095137509432706,
        0.07123086669228294,
        0.08668726140802557,
        0.07106826522133568,
        0.07084660096602007,
        0.07320443066683682,
        0.08756932345303622,
        0.07152132554487749
    ],
    "decode_percentiles": {
        "10": 0.07051941048015248,
        "25": 0.0709251815622503,
        "50": 0.0711877237666737,
        "75": 0.07641344178806651,
        "90": 0.08662258278239858
    }
}