{
    "avg_prefill_latency": 0.13549158970514932,
    "prefill_latencies": [
        0.1353931427001953,
        0.1354994773864746,
        0.13495874404907227,
        0.13583946228027344,
        0.13483715057373047,
        0.13506817817687988,
        0.13575434684753418,
        0.13603711128234863,
        0.13518595695495605,
        0.13529706001281738,
        0.13608145713806152,
        0.13594698905944824
    ],
    "prefill_percentiles": {
        "10": 0.13496968746185303,
        "25": 0.135156512260437,
        "50": 0.13544631004333496,
        "75": 0.13586634397506714,
        "90": 0.13602809906005858
    },
    "avg_decode_latency": 0.06113769430102725,
    "decode_latencies": [
        0.07542991638183594,
        0.0566868782043457,
        0.059135393662886185,
        0.06000856919722124,
        0.0581923398104581,
        0.05746273560957475,
        0.059342449361627754,
        0.07612744244662198,
        0.0579026612368497,
        0.05681777000427246,
        0.05831534212285822,
        0.05823083357377486
    ],
    "decode_percentiles": {
        "10": 0.05688226656480269,
        "25": 0.05779267983003096,
        "50": 0.05827308784831654,
        "75": 0.05950897932052612,
        "90": 0.07388778166337448
    }
}