{
    "avg_prefill_latency": 0.26017425457636517,
    "prefill_latencies": [
        0.21123218536376953,
        0.21189117431640625,
        0.21166372299194336,
        0.7877728939056396,
        0.21174979209899902,
        0.21068072319030762,
        0.21166610717773438,
        0.21243643760681152,
        0.2113497257232666,
        0.2122342586517334,
        0.21410751342773438,
        0.21530652046203613
    ],
    "prefill_percentiles": {
        "10": 0.21124393939971925,
        "25": 0.21158522367477417,
        "50": 0.21182048320770264,
        "75": 0.21285420656204224,
        "90": 0.21518661975860595
    },
    "avg_decode_latency": 0.0970570809311337,
    "decode_latencies": [
        0.09053041537602742,
        0.10419895251592,
        0.09425483147303264,
        0.09298769632975261,
        0.10512854655583699,
        0.08963418006896973,
        0.09062822659810384,
        0.09062053759892781,
        0.10635389884312947,
        0.09084886312484741,
        0.11848807334899902,
        0.09101074934005737
    ],
    "decode_percentiles": {
        "10": 0.09053942759831746,
        "25": 0.09062630434830983,
        "50": 0.091999222834905,
        "75": 0.10443135102589925,
        "90": 0.10623136361440022
    }
}