{
    "avg_prefill_latency": 0.1500274141629537,
    "prefill_latencies": [
        0.13556361198425293,
        0.1352386474609375,
        0.13531851768493652,
        0.13527703285217285,
        0.13527798652648926,
        0.13514995574951172,
        0.31130146980285645,
        0.13567590713500977,
        0.13537120819091797,
        0.13500070571899414,
        0.13581395149230957,
        0.13533997535705566
    ],
    "prefill_percentiles": {
        "10": 0.13515882492065429,
        "25": 0.135267436504364,
        "50": 0.1353292465209961,
        "75": 0.13559168577194214,
        "90": 0.13580014705657958
    },
    "avg_decode_latency": 0.07504984826752632,
    "decode_latencies": [
        0.06994566050442783,
        0.07025404409928755,
        0.0880025950345126,
        0.07275516336614435,
        0.07562520287253639,
        0.07095486467534845,
        0.07239187847484242,
        0.0736610239202326,
        0.07277148420160467,
        0.09330177307128906,
        0.07103488662026146,
        0.06989960236982866
    ],
    "decode_percentiles": {
        "10": 0.0699764988639138,
        "25": 0.07077965953133322,
        "50": 0.07257352092049338,
        "75": 0.07415206865830855,
        "90": 0.08676485581831499
    }
}