{
    "avg_prefill_latency": 0.13496037324269614,
    "prefill_latencies": [
        0.13479161262512207,
        0.1354203224182129,
        0.1347057819366455,
        0.13467073440551758,
        0.13499736785888672,
        0.13492941856384277,
        0.13489627838134766,
        0.13488292694091797,
        0.13533639907836914,
        0.1347665786743164,
        0.13510704040527344,
        0.13502001762390137
    ],
    "prefill_percentiles": {
        "10": 0.1347118616104126,
        "25": 0.13478535413742065,
        "50": 0.13491284847259521,
        "75": 0.13504177331924438,
        "90": 0.13531346321105958
    },
    "avg_decode_latency": 0.04528001944224041,
    "decode_latencies": [
        0.04322547912597656,
        0.0429365873336792,
        0.04427499771118164,
        0.044124412536621097,
        0.04317777156829834,
        0.04289233684539795,
        0.04268782138824463,
        0.04416213035583496,
        0.045626473426818845,
        0.060888481140136716,
        0.0428887128829956,
        0.04647502899169922
    ],
    "decode_percentiles": {
        "10": 0.042889075279235835,
        "25": 0.04292552471160889,
        "50": 0.04367494583129883,
        "75": 0.04461286664009094,
        "90": 0.04639017343521118
    }
}