{
    "avg_prefill_latency": 0.08382592598597209,
    "prefill_latencies": [
        0.08365797996520996,
        0.08392739295959473,
        0.0834507942199707,
        0.0832822322845459,
        0.08347892761230469,
        0.08317828178405762,
        0.08398628234863281,
        0.08355116844177246,
        0.0846109390258789,
        0.08561348915100098,
        0.0837094783782959,
        0.08346414566040039
    ],
    "prefill_percentiles": {
        "10": 0.08329908847808838,
        "25": 0.08346080780029297,
        "50": 0.08360457420349121,
        "75": 0.08394211530685425,
        "90": 0.0845484733581543
    },
    "avg_decode_latency": 0.04164555116936012,
    "decode_latencies": [
        0.04335917366875543,
        0.04072221120198568,
        0.040623770819769964,
        0.04034325811598036,
        0.04269822438557943,
        0.042588525348239474,
        0.039986901813083224,
        0.04011678695678711,
        0.04214747746785482,
        0.04229826397365994,
        0.04253829850090875,
        0.04232372177971734
    ],
    "decode_percentiles": {
        "10": 0.04013943407270643,
        "25": 0.040553642643822566,
        "50": 0.04222287072075738,
        "75": 0.04255085521274143,
        "90": 0.04268725448184543
    }
}