{
    "avg_prefill_latency": 0.12145811319351196,
    "prefill_latencies": [
        0.12581777572631836,
        0.1253340244293213,
        0.1204385757446289,
        0.12084817886352539,
        0.12090587615966797,
        0.12085223197937012,
        0.12011075019836426,
        0.12058520317077637,
        0.12057065963745117,
        0.12042427062988281,
        0.12079763412475586,
        0.12081217765808105
    ],
    "prefill_percentiles": {
        "10": 0.12042570114135742,
        "25": 0.1205376386642456,
        "50": 0.12080490589141846,
        "75": 0.12086564302444458,
        "90": 0.12489120960235596
    },
    "avg_decode_latency": 0.036316891511281334,
    "decode_latencies": [
        0.04173821873135037,
        0.035232888327704534,
        0.036880837546454534,
        0.038429207271999784,
        0.03850732909308539,
        0.0411429935031467,
        0.03366933928595649,
        0.033543374803331166,
        0.033697419696384005,
        0.03405867682562934,
        0.0352228217654758,
        0.033679591284857854
    ],
    "decode_percentiles": {
        "10": 0.03367036448584662,
        "25": 0.03369296259350247,
        "50": 0.035227855046590165,
        "75": 0.038448737727271184,
        "90": 0.04087942706214057
    }
}