{
    "avg_prefill_latency": 0.13627062241236368,
    "prefill_latencies": [
        0.13622021675109863,
        0.13694262504577637,
        0.13702154159545898,
        0.1347343921661377,
        0.13661670684814453,
        0.1360020637512207,
        0.1359264850616455,
        0.13633942604064941,
        0.13694429397583008,
        0.13608503341674805,
        0.13614463806152344,
        0.13627004623413086
    ],
    "prefill_percentiles": {
        "10": 0.13593404293060302,
        "25": 0.1360642910003662,
        "50": 0.13624513149261475,
        "75": 0.1366981863975525,
        "90": 0.13694412708282472
    },
    "avg_decode_latency": 0.051020906368891394,
    "decode_latencies": [
        0.05006420612335205,
        0.053283286094665525,
        0.051583147048950194,
        0.05073099136352539,
        0.05458734035491943,
        0.05089890956878662,
        0.05042057037353516,
        0.050633931159973146,
        0.050031733512878415,
        0.05007402896881104,
        0.04975900650024414,
        0.05018372535705566
    ],
    "decode_percentiles": {
        "10": 0.05003498077392578,
        "25": 0.050071573257446295,
        "50": 0.050527250766754156,
        "75": 0.051069968938827516,
        "90": 0.05311327219009399
    }
}