{
    "avg_prefill_latency": 0.20933820803960165,
    "prefill_latencies": [
        0.20892858505249023,
        0.20858097076416016,
        0.2089700698852539,
        0.2087414264678955,
        0.2088336944580078,
        0.20853161811828613,
        0.20903873443603516,
        0.21164608001708984,
        0.21032381057739258,
        0.21013569831848145,
        0.20944690704345703,
        0.20888090133666992
    ],
    "prefill_percentiles": {
        "10": 0.2085970163345337,
        "25": 0.20881062746047974,
        "50": 0.20894932746887207,
        "75": 0.20961910486221313,
        "90": 0.21030499935150146
    },
    "avg_decode_latency": 0.0612394069180344,
    "decode_latencies": [
        0.06005497412248091,
        0.0592540827664462,
        0.05947100032459606,
        0.05873591249639338,
        0.058915354988791725,
        0.058748266913674095,
        0.060575918717817825,
        0.06044140729037198,
        0.060731692747636276,
        0.061525496569546784,
        0.06002202900973233,
        0.07639674706892534
    ],
    "decode_percentiles": {
        "10": 0.05876497572118586,
        "25": 0.05916940082203258,
        "50": 0.06003850156610662,
        "75": 0.06061486222527244,
        "90": 0.06144611618735573
    }
}