{
    "avg_prefill_latency": 0.13316301504770914,
    "prefill_latencies": [
        0.13271713256835938,
        0.13260650634765625,
        0.13301348686218262,
        0.13295865058898926,
        0.13373041152954102,
        0.13293766975402832,
        0.13415098190307617,
        0.1330249309539795,
        0.13288116455078125,
        0.1338033676147461,
        0.13314199447631836,
        0.13298988342285156
    ],
    "prefill_percentiles": {
        "10": 0.13273353576660157,
        "25": 0.13292354345321655,
        "50": 0.1330016851425171,
        "75": 0.13328909873962402,
        "90": 0.1337960720062256
    },
    "avg_decode_latency": 0.0679073714547687,
    "decode_latencies": [
        0.06835893789927165,
        0.0644493301709493,
        0.0644153356552124,
        0.0855902632077535,
        0.06863959630330403,
        0.06718963384628296,
        0.06464648246765137,
        0.06433530648549397,
        0.06433304150899251,
        0.06670669714609782,
        0.06913665930430095,
        0.06708717346191406
    ],
    "decode_percentiles": {
        "10": 0.06434330940246581,
        "25": 0.06444083154201508,
        "50": 0.06689693530400595,
        "75": 0.06842910250027975,
        "90": 0.06908695300420126
    }
}