{
    "avg_prefill_latency": 0.20823578039805093,
    "prefill_latencies": [
        0.2081608772277832,
        0.20807576179504395,
        0.20852208137512207,
        0.20839166641235352,
        0.20769143104553223,
        0.20797157287597656,
        0.20822763442993164,
        0.20809364318847656,
        0.20829367637634277,
        0.20819354057312012,
        0.20853567123413086,
        0.20867180824279785
    ],
    "prefill_percentiles": {
        "10": 0.2079819917678833,
        "25": 0.2080891728401184,
        "50": 0.20821058750152588,
        "75": 0.20842427015304565,
        "90": 0.20853431224823
    },
    "avg_decode_latency": 0.03740274508794149,
    "decode_latencies": [
        0.03627867698669433,
        0.036672139167785646,
        0.03708789348602295,
        0.03751533031463623,
        0.0374218225479126,
        0.042212629318237306,
        0.03753836154937744,
        0.03591921329498291,
        0.036948561668395996,
        0.03697030544281006,
        0.037094712257385254,
        0.03717329502105713
    ],
    "decode_percentiles": {
        "10": 0.036318023204803464,
        "25": 0.03687945604324341,
        "50": 0.037091302871704104,
        "75": 0.0374451994895935,
        "90": 0.03753605842590332
    }
}