{
    "avg_prefill_latency": 0.13322001695632935,
    "prefill_latencies": [
        0.1330733299255371,
        0.13284063339233398,
        0.1327512264251709,
        0.13317394256591797,
        0.13368940353393555,
        0.13297200202941895,
        0.13304853439331055,
        0.1332530975341797,
        0.13318562507629395,
        0.13399982452392578,
        0.13309669494628906,
        0.13355588912963867
    ],
    "prefill_percentiles": {
        "10": 0.13285377025604247,
        "25": 0.13302940130233765,
        "50": 0.13313531875610352,
        "75": 0.13332879543304443,
        "90": 0.13367605209350586
    },
    "avg_decode_latency": 0.06362829109032948,
    "decode_latencies": [
        0.06151098012924194,
        0.06508847077687581,
        0.061306099096934,
        0.07635746399561565,
        0.06202495098114014,
        0.06272111336390178,
        0.06396822134653728,
        0.06433747212092082,
        0.06141503651936849,
        0.06086772680282593,
        0.06223454078038534,
        0.0617074171702067
    ],
    "decode_percentiles": {
        "10": 0.06131699283917745,
        "25": 0.06148699422677358,
        "50": 0.06212974588076274,
        "75": 0.06406053404013316,
        "90": 0.06501337091128032
    }
}