{
    "avg_prefill_latency": 0.1328396201133728,
    "prefill_latencies": [
        0.13333702087402344,
        0.13221502304077148,
        0.1325984001159668,
        0.13288021087646484,
        0.1322488784790039,
        0.13286662101745605,
        0.13300728797912598,
        0.1336531639099121,
        0.1325526237487793,
        0.13245010375976562,
        0.13344073295593262,
        0.13282537460327148
    ],
    "prefill_percentiles": {
        "10": 0.13226900100708008,
        "25": 0.13252699375152588,
        "50": 0.13284599781036377,
        "75": 0.13308972120285034,
        "90": 0.1334303617477417
    },
    "avg_decode_latency": 0.049170581499735515,
    "decode_latencies": [
        0.045914101600646975,
        0.046170282363891604,
        0.045622062683105466,
        0.05103557109832764,
        0.0474585771560669,
        0.04681508541107178,
        0.05339429378509521,
        0.05429894924163818,
        0.05274598598480225,
        0.04546165466308594,
        0.04560906887054443,
        0.0555213451385498
    ],
    "decode_percentiles": {
        "10": 0.04561036825180054,
        "25": 0.0458410918712616,
        "50": 0.04713683128356934,
        "75": 0.05290806293487549,
        "90": 0.05420848369598388
    }
}