{
    "avg_prefill_latency": 0.13328929742177328,
    "prefill_latencies": [
        0.13356995582580566,
        0.1329801082611084,
        0.13330698013305664,
        0.13356947898864746,
        0.13321423530578613,
        0.13287925720214844,
        0.13381481170654297,
        0.13292646408081055,
        0.13304710388183594,
        0.13315057754516602,
        0.13384056091308594,
        0.13317203521728516
    ],
    "prefill_percentiles": {
        "10": 0.13293182849884033,
        "25": 0.13303035497665405,
        "50": 0.13319313526153564,
        "75": 0.133569598197937,
        "90": 0.13379032611846925
    },
    "avg_decode_latency": 0.05355914433797201,
    "decode_latencies": [
        0.05267663435502486,
        0.05206472223455256,
        0.05222088640386408,
        0.05295079404657537,
        0.052001909776167435,
        0.05229171839627353,
        0.05205238949168812,
        0.051603750749067825,
        0.06818541613492099,
        0.052536942742087624,
        0.05206753990866921,
        0.05205702781677246
    ],
    "decode_percentiles": {
        "10": 0.052006957747719504,
        "25": 0.052055868235501374,
        "50": 0.05214421315626665,
        "75": 0.05257186564532193,
        "90": 0.05292337807742032
    }
}