{
    "avg_prefill_latency": 0.05727255344390869,
    "prefill_latencies": [
        0.05135536193847656,
        0.05214095115661621,
        0.05871438980102539,
        0.07478761672973633,
        0.05359601974487305,
        0.05299878120422363,
        0.05349993705749512,
        0.07717633247375488,
        0.05519533157348633,
        0.052727699279785156,
        0.05238533020019531,
        0.05269289016723633
    ],
    "prefill_percentiles": {
        "10": 0.05216538906097412,
        "25": 0.052616000175476074,
        "50": 0.053249359130859375,
        "75": 0.056075096130371094,
        "90": 0.07318029403686524
    },
    "avg_decode_latency": 0.042496233074753365,
    "decode_latencies": [
        0.041124423344930015,
        0.04074070188734266,
        0.040506098005506724,
        0.04922933048672146,
        0.045958254072401256,
        0.04047301080491808,
        0.041908846961127386,
        0.049508253733317055,
        0.04111960199144152,
        0.03970940907796224,
        0.04021151860555013,
        0.03946534792582194
    ],
    "decode_percentiles": {
        "10": 0.03975962003072103,
        "25": 0.040407637755076095,
        "50": 0.04093015193939209,
        "75": 0.04292119873894586,
        "90": 0.048902222845289445
    }
}