{
    "avg_prefill_latency": 0.22358872493108115,
    "prefill_latencies": [
        0.2084484100341797,
        0.20876550674438477,
        0.38009071350097656,
        0.21091818809509277,
        0.20904040336608887,
        0.2088613510131836,
        0.20980620384216309,
        0.20880794525146484,
        0.20978307723999023,
        0.2090137004852295,
        0.2093806266784668,
        0.21014857292175293
    ],
    "prefill_percentiles": {
        "10": 0.20876975059509278,
        "25": 0.2088479995727539,
        "50": 0.20921051502227783,
        "75": 0.20989179611206055,
        "90": 0.21084122657775878
    },
    "avg_decode_latency": 0.09422047436237335,
    "decode_latencies": [
        0.08778274059295654,
        0.08791792392730713,
        0.08789471785227458,
        0.09044702847798665,
        0.08784524599711101,
        0.08808732032775879,
        0.08865171670913696,
        0.1418851613998413,
        0.088225523630778,
        0.10386043787002563,
        0.08956436316172282,
        0.08848351240158081
    ],
    "decode_percentiles": {
        "10": 0.08785019318262736,
        "25": 0.087912122408549,
        "50": 0.08835451801617941,
        "75": 0.08978502949078879,
        "90": 0.10251909693082174
    }
}