{
    "avg_prefill_latency": 0.4950793782869975,
    "prefill_latencies": [
        0.49512505531311035,
        0.49503254890441895,
        0.4951133728027344,
        0.494920015335083,
        0.495084285736084,
        0.4951944351196289,
        0.49496936798095703,
        0.49480652809143066,
        0.4949474334716797,
        0.4952116012573242,
        0.49491238594055176,
        0.4956355094909668
    ],
    "prefill_percentiles": {
        "10": 0.49491314888000487,
        "25": 0.4949405789375305,
        "50": 0.49505841732025146,
        "75": 0.49514240026474,
        "90": 0.4952098846435547
    },
    "avg_decode_latency": 0.023272640175289575,
    "decode_latencies": [
        0.02332417170206706,
        0.02326316303677029,
        0.023264567057291668,
        0.02324546708001031,
        0.023259215884738497,
        0.023284567726982966,
        0.023246208826700848,
        0.023235188590155706,
        0.0232898129357232,
        0.023271931542290583,
        0.02324843406677246,
        0.023338953653971355
    ],
    "decode_percentiles": {
        "10": 0.023245541254679362,
        "25": 0.02324787775675456,
        "50": 0.023263865047030978,
        "75": 0.023285879029168025,
        "90": 0.023320735825432672
    }
}