{
    "avg_prefill_latency": 0.4869551658630371,
    "prefill_latencies": [
        0.4870328903198242,
        0.4869661331176758,
        0.487074613571167,
        0.48677825927734375,
        0.48665547370910645,
        0.48683953285217285,
        0.4869086742401123,
        0.4869532585144043,
        0.48714566230773926,
        0.48692798614501953,
        0.48680639266967773,
        0.48737311363220215
    ],
    "prefill_percentiles": {
        "10": 0.48678107261657716,
        "25": 0.4868312478065491,
        "50": 0.4869406223297119,
        "75": 0.4870433211326599,
        "90": 0.487138557434082
    },
    "avg_decode_latency": 0.05593197147051493,
    "decode_latencies": [
        0.05592868328094482,
        0.055841684341430664,
        0.05580284595489502,
        0.055900955200195314,
        0.055843687057495116,
        0.05601546764373779,
        0.056094574928283694,
        0.056027579307556155,
        0.05612587928771973,
        0.05592334270477295,
        0.055803537368774414,
        0.055875420570373535
    ],
    "decode_percentiles": {
        "10": 0.05580735206604004,
        "25": 0.055843186378479,
        "50": 0.05591214895248413,
        "75": 0.056018495559692384,
        "90": 0.05608787536621094
    }
}