{
    "avg_prefill_latency": 0.23210873206456503,
    "prefill_latencies": [
        0.2311995029449463,
        0.2315080165863037,
        0.2325749397277832,
        0.23235392570495605,
        0.23252129554748535,
        0.2329564094543457,
        0.23166227340698242,
        0.23255014419555664,
        0.23153972625732422,
        0.23122739791870117,
        0.2332777976989746,
        0.2319333553314209
    ],
    "prefill_percentiles": {
        "10": 0.23125545978546141,
        "25": 0.2315317988395691,
        "50": 0.23214364051818848,
        "75": 0.23255634307861328,
        "90": 0.23291826248168945
    },
    "avg_decode_latency": 0.04469023368976734,
    "decode_latencies": [
        0.04103928142123752,
        0.05695441034105089,
        0.042832904391818576,
        0.042172246509128146,
        0.04379049936930338,
        0.04367494583129883,
        0.04277245203653971,
        0.04296848509046766,
        0.04096322589450412,
        0.05328125423855252,
        0.04297521379258898,
        0.04285788536071777
    ],
    "decode_percentiles": {
        "10": 0.041152577930026586,
        "25": 0.04262240065468682,
        "50": 0.04291318522559272,
        "75": 0.043703834215799965,
        "90": 0.05233217875162761
    }
}