{
    "avg_prefill_latency": 0.5051986575126648,
    "prefill_latencies": [
        0.5051460266113281,
        0.5052578449249268,
        0.5051016807556152,
        0.5051615238189697,
        0.5055043697357178,
        0.5055365562438965,
        0.5049092769622803,
        0.5049984455108643,
        0.5049676895141602,
        0.5055985450744629,
        0.5052804946899414,
        0.5049214363098145
    ],
    "prefill_percentiles": {
        "10": 0.504926061630249,
        "25": 0.5049907565116882,
        "50": 0.5051537752151489,
        "75": 0.5053364634513855,
        "90": 0.5055333375930786
    },
    "avg_decode_latency": 0.07345846891403197,
    "decode_latencies": [
        0.07340757846832276,
        0.07342133522033692,
        0.07354099750518799,
        0.07343866825103759,
        0.0734553337097168,
        0.07349696159362792,
        0.07337489128112792,
        0.07348346710205078,
        0.07358193397521973,
        0.07345089912414551,
        0.07339770793914795,
        0.07345185279846192
    ],
    "decode_percentiles": {
        "10": 0.07339869499206543,
        "25": 0.07341789603233338,
        "50": 0.07345137596130372,
        "75": 0.07348684072494507,
        "90": 0.07353659391403199
    }
}