{
    "avg_prefill_latency": 0.039902071158091225,
    "prefill_latencies": [
        0.041168928146362305,
        0.03990626335144043,
        0.03992033004760742,
        0.03989219665527344,
        0.04000711441040039,
        0.03967165946960449,
        0.039678096771240234,
        0.039690494537353516,
        0.03972959518432617,
        0.03973531723022461,
        0.03970623016357422,
        0.0397186279296875
    ],
    "prefill_percentiles": {
        "10": 0.039679336547851565,
        "25": 0.03970229625701904,
        "50": 0.03973245620727539,
        "75": 0.03990978002548218,
        "90": 0.039998435974121095
    },
    "avg_decode_latency": 0.02102415429221259,
    "decode_latencies": [
        0.021292845408121746,
        0.021299547619289823,
        0.021774768829345703,
        0.02150570021735297,
        0.021010955174763996,
        0.020767768224080402,
        0.02077121204800076,
        0.02076909277174208,
        0.020776669184366863,
        0.02077280150519477,
        0.020768907335069444,
        0.020779583189222548
    ],
    "decode_percentiles": {
        "10": 0.02076892587873671,
        "25": 0.02077068222893609,
        "50": 0.020778126186794706,
        "75": 0.021294520960913766,
        "90": 0.021485084957546658
    }
}