{
    "avg_prefill_latency": 0.031642218430837,
    "prefill_latencies": [
        0.030491352081298828,
        0.04271817207336426,
        0.030732393264770508,
        0.030585527420043945,
        0.030236244201660156,
        0.03067803382873535,
        0.030330657958984375,
        0.03058028221130371,
        0.03028583526611328,
        0.03090953826904297,
        0.03189492225646973,
        0.030263662338256836
    ],
    "prefill_percentiles": {
        "10": 0.03026587963104248,
        "25": 0.0303194522857666,
        "50": 0.030582904815673828,
        "75": 0.030776679515838623,
        "90": 0.031796383857727054
    },
    "avg_decode_latency": 0.021632141537136506,
    "decode_latencies": [
        0.02131070031060113,
        0.022202783160739474,
        0.021723402871025935,
        0.022058937284681533,
        0.022160132726033527,
        0.021930456161499023,
        0.021283573574490018,
        0.021614551544189453,
        0.02136243714226617,
        0.02168326907687717,
        0.0214083989461263,
        0.02084705564710829
    ],
    "decode_percentiles": {
        "10": 0.021286286248101128,
        "25": 0.02134950293434991,
        "50": 0.02164891031053331,
        "75": 0.02196257644229465,
        "90": 0.02215001318189833
    }
}