{
    "avg_prefill_latency": 0.4946538011233012,
    "prefill_latencies": [
        0.49428653717041016,
        0.4937736988067627,
        0.4939460754394531,
        0.49347949028015137,
        0.4942598342895508,
        0.4953804016113281,
        0.4938955307006836,
        0.4940304756164551,
        0.4959444999694824,
        0.4946556091308594,
        0.49669599533081055,
        0.495497465133667
    ],
    "prefill_percentiles": {
        "10": 0.4937858819961548,
        "25": 0.49393343925476074,
        "50": 0.49427318572998047,
        "75": 0.49540966749191284,
        "90": 0.4958997964859009
    },
    "avg_decode_latency": 0.06903849045435588,
    "decode_latencies": [
        0.0662726640701294,
        0.066196608543396,
        0.0659282922744751,
        0.06651647090911865,
        0.0666806936264038,
        0.07617650032043458,
        0.06627495288848877,
        0.06862397193908691,
        0.06871523857116699,
        0.06971685886383057,
        0.07906255722045899,
        0.06829707622528076
    ],
    "decode_percentiles": {
        "10": 0.06620421409606934,
        "25": 0.06627438068389893,
        "50": 0.06748888492584229,
        "75": 0.06896564364433289,
        "90": 0.07553053617477418
    }
}