{
    "avg_prefill_latency": 0.325003703435262,
    "prefill_latencies": [
        0.3249390125274658,
        0.3247356414794922,
        0.3249228000640869,
        0.32621216773986816,
        0.3250112533569336,
        0.32469964027404785,
        0.3256351947784424,
        0.324800968170166,
        0.3248913288116455,
        0.32467126846313477,
        0.32468485832214355,
        0.3248403072357178
    ],
    "prefill_percentiles": {
        "10": 0.324686336517334,
        "25": 0.3247266411781311,
        "50": 0.32486581802368164,
        "75": 0.32495707273483276,
        "90": 0.3255728006362915
    },
    "avg_decode_latency": 0.03672289186053806,
    "decode_latencies": [
        0.035679631763034396,
        0.03563933902316623,
        0.03728985786437988,
        0.0351250966389974,
        0.03537228372361925,
        0.03545607460869683,
        0.04742627673678928,
        0.035414695739746094,
        0.03585187594095866,
        0.03556553522745768,
        0.03579542371961805,
        0.03605861133999295
    ],
    "decode_percentiles": {
        "10": 0.03537652492523194,
        "25": 0.03544572989145915,
        "50": 0.035659485393100314,
        "75": 0.03590355979071723,
        "90": 0.03716673321194119
    }
}