{
    "avg_prefill_latency": 0.39062684774398804,
    "prefill_latencies": [
        0.3904421329498291,
        0.3905928134918213,
        0.3903529644012451,
        0.39051151275634766,
        0.390735387802124,
        0.39080047607421875,
        0.3906881809234619,
        0.390169620513916,
        0.39042139053344727,
        0.3903379440307617,
        0.390347957611084,
        0.3921217918395996
    ],
    "prefill_percentiles": {
        "10": 0.39033894538879393,
        "25": 0.39035171270370483,
        "50": 0.3904768228530884,
        "75": 0.39069998264312744,
        "90": 0.39079396724700927
    },
    "avg_decode_latency": 0.029098413608692312,
    "decode_latencies": [
        0.028809547424316406,
        0.029057926601833768,
        0.02889243761698405,
        0.029064787758721247,
        0.02942779329087999,
        0.02925859557257758,
        0.02885633044772678,
        0.029192950990464952,
        0.028425878948635526,
        0.028621249728732638,
        0.029602474636501737,
        0.02997099028693305
    ],
    "decode_percentiles": {
        "10": 0.028640079498291015,
        "25": 0.028844634691874184,
        "50": 0.029061357180277508,
        "75": 0.029300895002153184,
        "90": 0.029585006501939563
    }
}