{
    "avg_prefill_latency": 0.48842010895411175,
    "prefill_latencies": [
        0.48999619483947754,
        0.48874616622924805,
        0.488126277923584,
        0.48851943016052246,
        0.4887959957122803,
        0.48850488662719727,
        0.48844456672668457,
        0.48775482177734375,
        0.4883449077606201,
        0.48798155784606934,
        0.488086462020874,
        0.48774003982543945
    ],
    "prefill_percentiles": {
        "10": 0.48777749538421633,
        "25": 0.48806023597717285,
        "50": 0.48839473724365234,
        "75": 0.48857611417770386,
        "90": 0.4887910127639771
    },
    "avg_decode_latency": 0.07541114290555317,
    "decode_latencies": [
        0.07510631084442139,
        0.07450411319732667,
        0.08418638706207275,
        0.073907470703125,
        0.07426149845123291,
        0.07368597984313965,
        0.07362077236175538,
        0.07331135272979736,
        0.07345008850097656,
        0.0735396146774292,
        0.08207852840423584,
        0.07328159809112549
    ],
    "decode_percentiles": {
        "10": 0.07332522630691528,
        "25": 0.07351723313331604,
        "50": 0.07379672527313233,
        "75": 0.07465466260910035,
        "90": 0.0813813066482544
    }
}