{
    "avg_prefill_latency": 0.48832311232884723,
    "prefill_latencies": [
        0.48839235305786133,
        0.48807859420776367,
        0.488140344619751,
        0.4882934093475342,
        0.4883389472961426,
        0.4882965087890625,
        0.48798561096191406,
        0.4882214069366455,
        0.4884376525878906,
        0.48839497566223145,
        0.4881591796875,
        0.4891383647918701
    ],
    "prefill_percentiles": {
        "10": 0.4880847692489624,
        "25": 0.48815447092056274,
        "50": 0.48829495906829834,
        "75": 0.48839300870895386,
        "90": 0.48843338489532473
    },
    "avg_decode_latency": 0.047028295199076336,
    "decode_latencies": [
        0.04641718864440918,
        0.04579448699951172,
        0.045784521102905276,
        0.04569065570831299,
        0.0458357572555542,
        0.04574332237243652,
        0.05501801967620849,
        0.0462601900100708,
        0.04670021533966064,
        0.04621620178222656,
        0.04787819385528565,
        0.047000789642333986
    ],
    "decode_percentiles": {
        "10": 0.0457474422454834,
        "25": 0.045791995525360105,
        "50": 0.04623819589614868,
        "75": 0.04677535891532898,
        "90": 0.04779045343399048
    }
}