{
    "avg_prefill_latency": 0.17316722869873047,
    "prefill_latencies": [
        0.17223906517028809,
        0.17539024353027344,
        0.17114973068237305,
        0.1720595359802246,
        0.17223453521728516,
        0.1738297939300537,
        0.17532825469970703,
        0.17319488525390625,
        0.17489385604858398,
        0.1718301773071289,
        0.1730790138244629,
        0.17277765274047852
    ],
    "prefill_percentiles": {
        "10": 0.17185311317443847,
        "25": 0.17219078540802002,
        "50": 0.1729283332824707,
        "75": 0.17409580945968628,
        "90": 0.17528481483459474
    },
    "avg_decode_latency": 0.03257942994435628,
    "decode_latencies": [
        0.03236231803894043,
        0.032452869415283206,
        0.032549810409545896,
        0.03262333869934082,
        0.03248589038848877,
        0.03298764228820801,
        0.03253140449523926,
        0.032491517066955564,
        0.032845067977905276,
        0.03261401653289795,
        0.03242096900939941,
        0.0325883150100708
    ],
    "decode_percentiles": {
        "10": 0.03242415904998779,
        "25": 0.03247763514518738,
        "50": 0.03254060745239258,
        "75": 0.03261634707450867,
        "90": 0.03282289505004883
    }
}