{
    "avg_prefill_latency": 0.08747629324595134,
    "prefill_latencies": [
        0.08799242973327637,
        0.08759880065917969,
        0.08694934844970703,
        0.08739233016967773,
        0.08717012405395508,
        0.08769845962524414,
        0.08799314498901367,
        0.08730173110961914,
        0.08762454986572266,
        0.08820891380310059,
        0.08670401573181152,
        0.0870816707611084
    ],
    "prefill_percentiles": {
        "10": 0.08696258068084717,
        "25": 0.08714801073074341,
        "50": 0.08749556541442871,
        "75": 0.0877719521522522,
        "90": 0.08799307346343994
    },
    "avg_decode_latency": 0.013247158792283801,
    "decode_latencies": [
        0.013317346572875977,
        0.013386991288926866,
        0.013165950775146484,
        0.013216495513916016,
        0.013248973422580294,
        0.013253821267022027,
        0.01324825816684299,
        0.013190560870700412,
        0.01319930288526747,
        0.013164016935560439,
        0.013261901007758247,
        0.013312286800808378
    ],
    "decode_percentiles": {
        "10": 0.013168411784701878,
        "25": 0.013197117381625705,
        "50": 0.013248615794711642,
        "75": 0.01327449745602078,
        "90": 0.013316840595669217
    }
}