{
    "avg_prefill_latency": 0.086119810740153,
    "prefill_latencies": [
        0.08573579788208008,
        0.08534383773803711,
        0.0867762565612793,
        0.08729147911071777,
        0.08837604522705078,
        0.08529210090637207,
        0.08371996879577637,
        0.08648085594177246,
        0.08730673789978027,
        0.08626866340637207,
        0.0861961841583252,
        0.08464980125427246
    ],
    "prefill_percentiles": {
        "10": 0.08471403121948243,
        "25": 0.08533090353012085,
        "50": 0.08623242378234863,
        "75": 0.08690506219863892,
        "90": 0.08730521202087402
    },
    "avg_decode_latency": 0.01472152383239181,
    "decode_latencies": [
        0.014926592508951822,
        0.014729685253567167,
        0.015007257461547852,
        0.014887094497680664,
        0.014580355750189887,
        0.014558712641398111,
        0.014621257781982422,
        0.014611959457397461,
        0.014693657557169596,
        0.01473697026570638,
        0.0146791140238444,
        0.014625628789265951
    ],
    "decode_percentiles": {
        "10": 0.014583516120910646,
        "25": 0.014618933200836182,
        "50": 0.014686385790506998,
        "75": 0.014774501323699951,
        "90": 0.014922642707824707
    }
}