{
    "avg_prefill_latency": 0.04552793502807617,
    "prefill_latencies": [
        0.0452580451965332,
        0.045613765716552734,
        0.04581427574157715,
        0.045495033264160156,
        0.045180320739746094,
        0.04514312744140625,
        0.04513907432556152,
        0.045281410217285156,
        0.04609489440917969,
        0.04637551307678223,
        0.04581046104431152,
        0.04512929916381836
    ],
    "prefill_percentiles": {
        "10": 0.045139479637146,
        "25": 0.04517102241516113,
        "50": 0.045388221740722656,
        "75": 0.04581141471862793,
        "90": 0.04606683254241943
    },
    "avg_decode_latency": 0.018164272661562317,
    "decode_latencies": [
        0.01795543564690484,
        0.01806044578552246,
        0.018070909712049697,
        0.01829332775539822,
        0.018126938078138564,
        0.018119070265028212,
        0.018171840243869357,
        0.018370760811699763,
        0.01842339833577474,
        0.01820442411634657,
        0.018085267808702257,
        0.018089453379313152
    ],
    "decode_percentiles": {
        "10": 0.018061492178175185,
        "25": 0.01808167828453912,
        "50": 0.018123004171583388,
        "75": 0.018226650026109483,
        "90": 0.01836301750606961
    }
}