{
    "avg_prefill_latency": 0.01709858576456706,
    "prefill_latencies": [
        0.017054080963134766,
        0.017133474349975586,
        0.016986608505249023,
        0.017190217971801758,
        0.017035722732543945,
        0.01702094078063965,
        0.017180442810058594,
        0.01715683937072754,
        0.017054319381713867,
        0.017163991928100586,
        0.01703667640686035,
        0.017169713973999023
    ],
    "prefill_percentiles": {
        "10": 0.017022418975830077,
        "25": 0.01703643798828125,
        "50": 0.017093896865844727,
        "75": 0.017165422439575195,
        "90": 0.017179369926452637
    },
    "avg_decode_latency": 0.012542159469039351,
    "decode_latencies": [
        0.012520101335313585,
        0.01246227158440484,
        0.012522644466824003,
        0.012565798229641385,
        0.012665139304267036,
        0.012499041027492948,
        0.012548791037665473,
        0.012618912590874566,
        0.012562274932861328,
        0.012404282887776693,
        0.012584659788343642,
        0.012551996443006728
    ],
    "decode_percentiles": {
        "10": 0.01246594852871365,
        "25": 0.012514836258358426,
        "50": 0.012550393740336101,
        "75": 0.01257051361931695,
        "90": 0.012615487310621473
    }
}