{
    "avg_prefill_latency": 0.15282531579335532,
    "prefill_latencies": [
        0.15441060066223145,
        0.15084028244018555,
        0.15474486351013184,
        0.15393328666687012,
        0.1508193016052246,
        0.1554250717163086,
        0.15215468406677246,
        0.15458083152770996,
        0.15061497688293457,
        0.1517026424407959,
        0.1527256965637207,
        0.15195155143737793
    ],
    "prefill_percentiles": {
        "10": 0.15082139968872071,
        "25": 0.1514870524406433,
        "50": 0.15244019031524658,
        "75": 0.15445315837860107,
        "90": 0.15472846031188964
    },
    "avg_decode_latency": 0.02546282609303793,
    "decode_latencies": [
        0.024414645300971136,
        0.023906389872233074,
        0.02385560671488444,
        0.02379163106282552,
        0.023773670196533203,
        0.04264786508348253,
        0.023853143056233723,
        0.023989624447292753,
        0.02381767166985406,
        0.023723522822062176,
        0.02380265129937066,
        0.023977491590711806
    ],
    "decode_percentiles": {
        "10": 0.023775466283162437,
        "25": 0.023799896240234375,
        "50": 0.023854374885559082,
        "75": 0.02398052480485704,
        "90": 0.024372143215603298
    }
}