{
    "avg_prefill_latency": 0.1732766032218933,
    "prefill_latencies": [
        0.17168068885803223,
        0.1756608486175537,
        0.17208433151245117,
        0.1726970672607422,
        0.17294096946716309,
        0.17325997352600098,
        0.1716609001159668,
        0.17250275611877441,
        0.17266440391540527,
        0.17394518852233887,
        0.17603540420532227,
        0.17418670654296875
    ],
    "prefill_percentiles": {
        "10": 0.17172105312347413,
        "25": 0.1723981499671936,
        "50": 0.17281901836395264,
        "75": 0.17400556802749634,
        "90": 0.1755134344100952
    },
    "avg_decode_latency": 0.03066122730573018,
    "decode_latencies": [
        0.027923226356506348,
        0.027795958518981933,
        0.04893572330474853,
        0.02846405506134033,
        0.02799842357635498,
        0.02805771827697754,
        0.02807915210723877,
        0.02823946475982666,
        0.02827308177947998,
        0.03161940574645996,
        0.029637718200683595,
        0.03291079998016357
    ],
    "decode_percentiles": {
        "10": 0.02793074607849121,
        "25": 0.0280428946018219,
        "50": 0.02825627326965332,
        "75": 0.030133140087127686,
        "90": 0.03278166055679321
    }
}