{
    "avg_prefill_latency": 0.17099422216415405,
    "prefill_latencies": [
        0.16957616806030273,
        0.17072367668151855,
        0.16916227340698242,
        0.17435550689697266,
        0.1700119972229004,
        0.16829133033752441,
        0.1698322296142578,
        0.17197489738464355,
        0.17379212379455566,
        0.17264366149902344,
        0.17171573638916016,
        0.16985106468200684
    ],
    "prefill_percentiles": {
        "10": 0.16920366287231445,
        "25": 0.16976821422576904,
        "50": 0.17036783695220947,
        "75": 0.17214208841323853,
        "90": 0.17367727756500245
    },
    "avg_decode_latency": 0.0411657969156901,
    "decode_latencies": [
        0.03827137947082519,
        0.03859901428222656,
        0.03904733657836914,
        0.039148378372192386,
        0.06881375312805176,
        0.03900210857391358,
        0.03864274024963379,
        0.03859956264495849,
        0.03878200054168701,
        0.03833982944488525,
        0.03841686248779297,
        0.038326597213745116
    ],
    "decode_percentiles": {
        "10": 0.03832792043685913,
        "25": 0.03839760422706604,
        "50": 0.03862115144729614,
        "75": 0.039013415575027466,
        "90": 0.03913827419281006
    }
}