{
    "avg_prefill_latency": 0.024486203988393147,
    "prefill_latencies": [
        0.024207353591918945,
        0.0246274471282959,
        0.02423405647277832,
        0.024662017822265625,
        0.024425029754638672,
        0.024503707885742188,
        0.024804115295410156,
        0.024342060089111328,
        0.024454355239868164,
        0.024468660354614258,
        0.024646997451782227,
        0.024458646774291992
    ],
    "prefill_percentiles": {
        "10": 0.024244856834411622,
        "25": 0.024404287338256836,
        "50": 0.024463653564453125,
        "75": 0.02463233470916748,
        "90": 0.024660515785217284
    },
    "avg_decode_latency": 0.013298098687772398,
    "decode_latencies": [
        0.01332749260796441,
        0.013190057542588975,
        0.013087564044528537,
        0.013328684700859917,
        0.013258086310492622,
        0.013406753540039062,
        0.013402832878960503,
        0.013472212685479058,
        0.01342553562588162,
        0.013239012824164497,
        0.01327673594156901,
        0.01316221555074056
    ],
    "decode_percentiles": {
        "10": 0.013164999749925401,
        "25": 0.013226774003770616,
        "50": 0.01330211427476671,
        "75": 0.013403813044230143,
        "90": 0.013423657417297364
    }
}