{
    "avg_prefill_latency": 0.08890859285990398,
    "prefill_latencies": [
        0.08822822570800781,
        0.08786845207214355,
        0.08726692199707031,
        0.08783149719238281,
        0.08871340751647949,
        0.0888364315032959,
        0.08745574951171875,
        0.08840537071228027,
        0.08876752853393555,
        0.0978860855102539,
        0.08843851089477539,
        0.0872049331665039
    ],
    "prefill_percentiles": {
        "10": 0.08728580474853516,
        "25": 0.0877375602722168,
        "50": 0.08831679821014404,
        "75": 0.0887269377708435,
        "90": 0.08882954120635986
    },
    "avg_decode_latency": 0.03227925300598144,
    "decode_latencies": [
        0.030547062555948894,
        0.049027204513549805,
        0.03238921695285373,
        0.03047543101840549,
        0.028404712677001953,
        0.03382923867967394,
        0.02859685156080458,
        0.03028604719373915,
        0.031224277284410264,
        0.02905538347032335,
        0.034223079681396484,
        0.029292530483669706
    ],
    "decode_percentiles": {
        "10": 0.028642704751756457,
        "25": 0.029233243730333116,
        "50": 0.03051124678717719,
        "75": 0.03274922238455878,
        "90": 0.03418369558122423
    }
}