{
    "avg_prefill_latency": 0.036514222621917725,
    "prefill_latencies": [
        0.03137040138244629,
        0.03142595291137695,
        0.0315852165222168,
        0.031245946884155273,
        0.03156614303588867,
        0.031655311584472656,
        0.08632755279541016,
        0.03731393814086914,
        0.03173375129699707,
        0.03070831298828125,
        0.03224062919616699,
        0.030997514724731445
    ],
    "prefill_percentiles": {
        "10": 0.031022357940673827,
        "25": 0.031339287757873535,
        "50": 0.031575679779052734,
        "75": 0.03186047077178955,
        "90": 0.03680660724639893
    },
    "avg_decode_latency": 0.03218760093053182,
    "decode_latencies": [
        0.023369391759236652,
        0.02356319957309299,
        0.02370142936706543,
        0.023556179470486112,
        0.02352783415052626,
        0.03272724151611328,
        0.11261696285671657,
        0.024157259199354384,
        0.024542967478434246,
        0.024476793077256944,
        0.025693972905476887,
        0.02431797981262207
    ],
    "decode_percentiles": {
        "10": 0.023530668682522245,
        "25": 0.02356144454744127,
        "50": 0.024237619505988225,
        "75": 0.024830718835194908,
        "90": 0.03202391465504965
    }
}