{
    "avg_prefill_latency": 0.20574249823888144,
    "prefill_latencies": [
        0.20674967765808105,
        0.20544862747192383,
        0.20618772506713867,
        0.204848051071167,
        0.20650577545166016,
        0.20469903945922852,
        0.20356273651123047,
        0.2066481113433838,
        0.2039496898651123,
        0.20573830604553223,
        0.20556378364562988,
        0.20900845527648926
    ],
    "prefill_percentiles": {
        "10": 0.20402462482452394,
        "25": 0.20481079816818237,
        "50": 0.20565104484558105,
        "75": 0.20654135942459106,
        "90": 0.20673952102661133
    },
    "avg_decode_latency": 0.0265468645978857,
    "decode_latencies": [
        0.027268701129489474,
        0.0319009886847602,
        0.028266562355889216,
        0.026525259017944336,
        0.0255228943294949,
        0.025934298833211262,
        0.02561762597825792,
        0.02595906787448459,
        0.025820626152886286,
        0.025464031431410048,
        0.025358703401353624,
        0.024923615985446505
    ],
    "decode_percentiles": {
        "10": 0.025369236204359265,
        "25": 0.02550817860497369,
        "50": 0.025877462493048772,
        "75": 0.026711119545830622,
        "90": 0.028166776233249244
    }
}