{
    "avg_prefill_latency": 0.12694231669108072,
    "prefill_latencies": [
        0.12567877769470215,
        0.1260068416595459,
        0.12630963325500488,
        0.12833857536315918,
        0.1255800724029541,
        0.12703180313110352,
        0.1266016960144043,
        0.12768292427062988,
        0.12567615509033203,
        0.13140487670898438,
        0.1272275447845459,
        0.12576889991760254
    ],
    "prefill_percentiles": {
        "10": 0.12567641735076904,
        "25": 0.12574636936187744,
        "50": 0.1264556646347046,
        "75": 0.1273413896560669,
        "90": 0.12827301025390625
    },
    "avg_decode_latency": 0.0253201060824924,
    "decode_latencies": [
        0.024441295199924044,
        0.02417347166273329,
        0.02696614795260959,
        0.024218956629435223,
        0.024836725658840604,
        0.025551398595174152,
        0.02499299579196506,
        0.024250321918063693,
        0.02688301934136285,
        0.026339822345309787,
        0.026185989379882812,
        0.025001128514607746
    ],
    "decode_percentiles": {
        "10": 0.02422209315829807,
        "25": 0.024393551879458956,
        "50": 0.024997062153286405,
        "75": 0.026224447621239558,
        "90": 0.026828699641757544
    }
}