{
    "avg_prefill_latency": 0.0399589737256368,
    "prefill_latencies": [
        0.040010929107666016,
        0.03985905647277832,
        0.03981280326843262,
        0.04077482223510742,
        0.040230512619018555,
        0.04128003120422363,
        0.04028439521789551,
        0.038750410079956055,
        0.038666725158691406,
        0.040196895599365234,
        0.040155649185180664,
        0.03948545455932617
    ],
    "prefill_percentiles": {
        "10": 0.038823914527893064,
        "25": 0.039730966091156006,
        "50": 0.04008328914642334,
        "75": 0.04024398326873779,
        "90": 0.04072577953338623
    },
    "avg_decode_latency": 0.024022210527349402,
    "decode_latencies": [
        0.023283825980292425,
        0.023433844248453777,
        0.027298715379503038,
        0.024352179633246526,
        0.023720211452907987,
        0.023722251256306965,
        0.023478905359903973,
        0.02362105581495497,
        0.024215512805514865,
        0.023630221684773762,
        0.02375748422410753,
        0.023752318488226995
    ],
    "decode_percentiles": {
        "10": 0.023438350359598795,
        "25": 0.023585518201192222,
        "50": 0.023721231354607478,
        "75": 0.023871991369459365,
        "90": 0.02433851295047336
    }
}