{
    "avg_prefill_latency": 0.1754353642463684,
    "prefill_latencies": [
        0.17536211013793945,
        0.17648601531982422,
        0.17451047897338867,
        0.17521286010742188,
        0.17531442642211914,
        0.17597627639770508,
        0.17568206787109375,
        0.1756298542022705,
        0.17550873756408691,
        0.17557597160339355,
        0.17505812644958496,
        0.17490744590759277
    ],
    "prefill_percentiles": {
        "10": 0.17492251396179198,
        "25": 0.17517417669296265,
        "50": 0.17543542385101318,
        "75": 0.17564290761947632,
        "90": 0.17594685554504394
    },
    "avg_decode_latency": 0.018698392090974028,
    "decode_latencies": [
        0.018788655598958332,
        0.018588860829671223,
        0.018816391626993816,
        0.0186867184109158,
        0.01871278550889757,
        0.0187277528974745,
        0.01873318354288737,
        0.018714427947998047,
        0.0186461607615153,
        0.018718110190497503,
        0.01865749888949924,
        0.018590158886379667
    ],
    "decode_percentiles": {
        "10": 0.01859575907389323,
        "25": 0.018654664357503254,
        "50": 0.01871360672844781,
        "75": 0.01872911055882772,
        "90": 0.018783108393351237
    }
}