{
    "avg_prefill_latency": 0.030807197093963623,
    "prefill_latencies": [
        0.03177213668823242,
        0.032202720642089844,
        0.030985593795776367,
        0.03079962730407715,
        0.0290067195892334,
        0.031247854232788086,
        0.030782222747802734,
        0.03005242347717285,
        0.03159165382385254,
        0.03076624870300293,
        0.030545711517333984,
        0.029933452606201172
    ],
    "prefill_percentiles": {
        "10": 0.02994534969329834,
        "25": 0.0304223895072937,
        "50": 0.03079092502593994,
        "75": 0.0313338041305542,
        "90": 0.03175408840179443
    },
    "avg_decode_latency": 0.024405291786900273,
    "decode_latencies": [
        0.025873131222195096,
        0.025171650780571833,
        0.023914708031548396,
        0.024106078677707247,
        0.024186505211724177,
        0.02480194303724501,
        0.023757749133639865,
        0.024327066209581163,
        0.024834420945909288,
        0.024337212244669598,
        0.023571756150987413,
        0.023981279797024198
    ],
    "decode_percentiles": {
        "10": 0.023773445023430716,
        "25": 0.023964636855655246,
        "50": 0.02425678571065267,
        "75": 0.024810062514411077,
        "90": 0.02513792779710558
    }
}