{
    "avg_prefill_latency": 0.021643439928690594,
    "prefill_latencies": [
        0.031484365463256836,
        0.021414756774902344,
        0.020925283432006836,
        0.02129840850830078,
        0.02132248878479004,
        0.020955801010131836,
        0.020895719528198242,
        0.021054983139038086,
        0.020041465759277344,
        0.020090341567993164,
        0.020172119140625,
        0.0200655460357666
    ],
    "prefill_percentiles": {
        "10": 0.020068025588989256,
        "25": 0.02015167474746704,
        "50": 0.020940542221069336,
        "75": 0.021304428577423096,
        "90": 0.021405529975891114
    },
    "avg_decode_latency": 0.012638178136613635,
    "decode_latencies": [
        0.014836390813191732,
        0.012556870778401693,
        0.012968566682603624,
        0.012678835127088759,
        0.01268413331773546,
        0.012657748328314887,
        0.012632449467976889,
        0.012205362319946289,
        0.012086735831366645,
        0.012242608600192599,
        0.012071053187052408,
        0.012037383185492622
    ],
    "decode_percentiles": {
        "10": 0.012072621451483832,
        "25": 0.012175705697801378,
        "50": 0.012594660123189291,
        "75": 0.012680159674750434,
        "90": 0.012940123346116807
    }
}