{
    "avg_prefill_latency": 0.04909388224283854,
    "prefill_latencies": [
        0.04951286315917969,
        0.04879474639892578,
        0.04938650131225586,
        0.04894256591796875,
        0.04917621612548828,
        0.04903864860534668,
        0.04888725280761719,
        0.049227237701416016,
        0.04909563064575195,
        0.049138784408569336,
        0.04878878593444824,
        0.04913735389709473
    ],
    "prefill_percentiles": {
        "10": 0.04880399703979492,
        "25": 0.04892873764038086,
        "50": 0.04911649227142334,
        "75": 0.049188971519470215,
        "90": 0.04937057495117188
    },
    "avg_decode_latency": 0.029337342138643616,
    "decode_latencies": [
        0.028825124104817707,
        0.02892356448703342,
        0.02958830197652181,
        0.029240873124864366,
        0.02884258164299859,
        0.028968652089436848,
        0.02964692645602756,
        0.03205500708685981,
        0.028988652759128146,
        0.028820461697048612,
        0.02899789810180664,
        0.029150062137179904
    ],
    "decode_percentiles": {
        "10": 0.028826869858635796,
        "25": 0.028903318776024714,
        "50": 0.028993275430467393,
        "75": 0.029327730337778725,
        "90": 0.029641064008076985
    }
}