{
    "avg_prefill_latency": 0.032484869162241616,
    "prefill_latencies": [
        0.03171133995056152,
        0.03224921226501465,
        0.03153228759765625,
        0.03058338165283203,
        0.033029794692993164,
        0.03697562217712402,
        0.03250479698181152,
        0.03278946876525879,
        0.031155824661254883,
        0.03296494483947754,
        0.03193807601928711,
        0.03238368034362793
    ],
    "prefill_percentiles": {
        "10": 0.031193470954895018,
        "25": 0.031666576862335205,
        "50": 0.03231644630432129,
        "75": 0.03283333778381348,
        "90": 0.0330233097076416
    },
    "avg_decode_latency": 0.025821398805688928,
    "decode_latencies": [
        0.026479482650756836,
        0.025684436162312824,
        0.025915066401163738,
        0.02553537156846788,
        0.028373903698391385,
        0.026834805806477863,
        0.02548866801791721,
        0.024823162290785048,
        0.025149080488416884,
        0.024927059809366863,
        0.025089290406968858,
        0.025556458367241755
    ],
    "decode_percentiles": {
        "10": 0.024943282869127063,
        "25": 0.025134132968054876,
        "50": 0.02554591496785482,
        "75": 0.02605617046356201,
        "90": 0.026799273490905762
    }
}