{
    "avg_prefill_latency": 0.04311362902323405,
    "prefill_latencies": [
        0.044301509857177734,
        0.04503583908081055,
        0.04279494285583496,
        0.04292941093444824,
        0.043404579162597656,
        0.042678117752075195,
        0.04259014129638672,
        0.04256105422973633,
        0.042806386947631836,
        0.04319953918457031,
        0.042571067810058594,
        0.04249095916748047
    ],
    "prefill_percentiles": {
        "10": 0.04256205558776856,
        "25": 0.04258537292480469,
        "50": 0.0428006649017334,
        "75": 0.04325079917907715,
        "90": 0.044211816787719724
    },
    "avg_decode_latency": 0.03351302941640218,
    "decode_latencies": [
        0.051192283630371094,
        0.029533677630954318,
        0.03086966938442654,
        0.03037391768561469,
        0.029435687594943576,
        0.029566844304402668,
        0.029866589440239802,
        0.029945717917548284,
        0.03090492884318034,
        0.03039428922865126,
        0.030036820305718318,
        0.05003592703077528
    ],
    "decode_percentiles": {
        "10": 0.029536994298299153,
        "25": 0.029791653156280518,
        "50": 0.030205368995666504,
        "75": 0.03087848424911499,
        "90": 0.048122827212015794
    }
}