{
    "avg_prefill_latency": 0.09280568361282349,
    "prefill_latencies": [
        0.08901739120483398,
        0.0887603759765625,
        0.0892934799194336,
        0.08896684646606445,
        0.11903691291809082,
        0.0932929515838623,
        0.0918886661529541,
        0.08962297439575195,
        0.0904550552368164,
        0.09234833717346191,
        0.0916590690612793,
        0.08932614326477051
    ],
    "prefill_percentiles": {
        "10": 0.08897190093994141,
        "25": 0.08922445774078369,
        "50": 0.09003901481628418,
        "75": 0.09200358390808105,
        "90": 0.09319849014282226
    },
    "avg_decode_latency": 0.05607216004972104,
    "decode_latencies": [
        0.04054262903001574,
        0.04010147518581814,
        0.062342564264933266,
        0.04719347423977322,
        0.123291015625,
        0.04229736328125,
        0.066623502307468,
        0.04134156968858507,
        0.04595451884799533,
        0.07996500862969293,
        0.04230883386400011,
        0.040903965632120766
    ],
    "decode_percentiles": {
        "10": 0.04057876269022624,
        "25": 0.041232168674468994,
        "50": 0.044131676355997726,
        "75": 0.06341279877556695,
        "90": 0.07863085799747044
    }
}