{
    "avg_prefill_latency": 0.11316070954004924,
    "prefill_latencies": [
        0.11292147636413574,
        0.11222577095031738,
        0.11206793785095215,
        0.11276865005493164,
        0.11214566230773926,
        0.11535763740539551,
        0.1139068603515625,
        0.11406517028808594,
        0.11394047737121582,
        0.11231780052185059,
        0.11364436149597168,
        0.11256670951843262
    ],
    "prefill_percentiles": {
        "10": 0.11215367317199706,
        "25": 0.11229479312896729,
        "50": 0.11284506320953369,
        "75": 0.11391526460647583,
        "90": 0.11405270099639893
    },
    "avg_decode_latency": 0.041579628432238544,
    "decode_latencies": [
        0.0354868041144477,
        0.035661776860555015,
        0.05260512563917372,
        0.03539305263095432,
        0.036070691214667425,
        0.0632135338253445,
        0.038052664862738714,
        0.03767527474297418,
        0.035916434393988714,
        0.056269857618543834,
        0.03640037112765842,
        0.036209954155815974
    ],
    "decode_percentiles": {
        "10": 0.03550430138905843,
        "25": 0.03585277001063029,
        "50": 0.03630516264173719,
        "75": 0.04169078005684747,
        "90": 0.05590338442060682
    }
}