{
    "avg_prefill_latency": 0.06768679618835449,
    "prefill_latencies": [
        0.06812810897827148,
        0.06807088851928711,
        0.06682276725769043,
        0.06816554069519043,
        0.06753349304199219,
        0.06700944900512695,
        0.06829595565795898,
        0.06743955612182617,
        0.06715512275695801,
        0.06856226921081543,
        0.06775546073913574,
        0.06730294227600098
    ],
    "prefill_percentiles": {
        "10": 0.06702401638031005,
        "25": 0.06726598739624023,
        "50": 0.06764447689056396,
        "75": 0.06813746690750122,
        "90": 0.06828291416168213
    },
    "avg_decode_latency": 0.04819978608025444,
    "decode_latencies": [
        0.06401403745015462,
        0.041328986485799156,
        0.0400140020582411,
        0.06184270646837023,
        0.041015439563327365,
        0.042319907082451716,
        0.062359783384535045,
        0.0398557186126709,
        0.04125605689154731,
        0.061810705396864146,
        0.04284720950656467,
        0.03973288006252713
    ],
    "decode_percentiles": {
        "10": 0.039871546957227916,
        "25": 0.0407650801870558,
        "50": 0.04182444678412543,
        "75": 0.06181870566474067,
        "90": 0.06230807569291856
    }
}