{
    "avg_prefill_latency": 0.037451704343159996,
    "prefill_latencies": [
        0.11972570419311523,
        0.032274484634399414,
        0.031177282333374023,
        0.029425859451293945,
        0.03030848503112793,
        0.028962373733520508,
        0.028636455535888672,
        0.02905750274658203,
        0.02888774871826172,
        0.02891826629638672,
        0.03260040283203125,
        0.029445886611938477
    ],
    "prefill_percentiles": {
        "10": 0.02889080047607422,
        "25": 0.02895134687423706,
        "50": 0.02943587303161621,
        "75": 0.03145158290863037,
        "90": 0.032567811012268064
    },
    "avg_decode_latency": 0.02606533191822193,
    "decode_latencies": [
        0.0314439402686225,
        0.0272422366672092,
        0.02532702022128635,
        0.0252834955851237,
        0.024927006827460393,
        0.02462564574347602,
        0.025121953752305772,
        0.024740139643351238,
        0.02475706736246745,
        0.027383804321289062,
        0.02716893619961209,
        0.024762736426459417
    ],
    "decode_percentiles": {
        "10": 0.02474183241526286,
        "25": 0.024761319160461426,
        "50": 0.025202724668714736,
        "75": 0.027187261316511366,
        "90": 0.027369647555881078
    }
}