{
    "avg_prefill_latency": 0.05591557423273722,
    "prefill_latencies": [
        0.05547046661376953,
        0.0559237003326416,
        0.05599808692932129,
        0.05594491958618164,
        0.05696868896484375,
        0.05553460121154785,
        0.05558156967163086,
        0.056160688400268555,
        0.05612921714782715,
        0.055847883224487305,
        0.05584454536437988,
        0.055582523345947266
    ],
    "prefill_percentiles": {
        "10": 0.055539298057556155,
        "25": 0.055582284927368164,
        "50": 0.05588579177856445,
        "75": 0.056030869483947754,
        "90": 0.05615754127502441
    },
    "avg_decode_latency": 0.04251813888549805,
    "decode_latencies": [
        0.037045584784613714,
        0.03642484876844618,
        0.05671562088860406,
        0.03708169195387098,
        0.03782706790500217,
        0.03791528277926975,
        0.03816252284579807,
        0.06084579891628689,
        0.03901709450615777,
        0.037723700205485024,
        0.03602642483181424,
        0.05543202824062771
    ],
    "decode_percentiles": {
        "10": 0.03648692237006293,
        "25": 0.03707266516155666,
        "50": 0.03787117534213596,
        "75": 0.04312082793977526,
        "90": 0.05658726162380642
    }
}