{
    "avg_prefill_latency": 0.020349204540252686,
    "prefill_latencies": [
        0.019927263259887695,
        0.019745588302612305,
        0.01987767219543457,
        0.020230531692504883,
        0.020377635955810547,
        0.020260095596313477,
        0.020810365676879883,
        0.020679473876953125,
        0.020638227462768555,
        0.020518064498901367,
        0.020539283752441406,
        0.020586252212524414
    ],
    "prefill_percentiles": {
        "10": 0.019882631301879884,
        "25": 0.020154714584350586,
        "50": 0.020447850227355957,
        "75": 0.02059924602508545,
        "90": 0.020675349235534667
    },
    "avg_decode_latency": 0.013115348639311616,
    "decode_latencies": [
        0.012876166237725152,
        0.012881755828857422,
        0.013411813312106662,
        0.013001283009847006,
        0.013138453165690104,
        0.013106187184651693,
        0.013022899627685547,
        0.013076729244656034,
        0.01332439316643609,
        0.013094186782836914,
        0.013235621982150607,
        0.013214694129096137
    ],
    "decode_percentiles": {
        "10": 0.01289370854695638,
        "25": 0.013017495473225912,
        "50": 0.013100186983744305,
        "75": 0.013219926092359755,
        "90": 0.013315516048007542
    }
}