{
    "avg_prefill_latency": 0.08066139618555705,
    "prefill_latencies": [
        0.062116146087646484,
        0.06270098686218262,
        0.0627892017364502,
        0.061899662017822266,
        0.061606645584106445,
        0.06209683418273926,
        0.06230473518371582,
        0.06233406066894531,
        0.06238102912902832,
        0.28076934814453125,
        0.06386184692382812,
        0.06307625770568848
    ],
    "prefill_percentiles": {
        "10": 0.06191937923431397,
        "25": 0.06211131811141968,
        "50": 0.062357544898986816,
        "75": 0.06286096572875977,
        "90": 0.06378328800201416
    },
    "avg_decode_latency": 0.036892226448765504,
    "decode_latencies": [
        0.03399867481655545,
        0.06098445256551107,
        0.03320463498433431,
        0.03255115614997016,
        0.037793874740600586,
        0.03259383307562934,
        0.03751455412970649,
        0.033291260401407875,
        0.03363466262817383,
        0.03667622142367893,
        0.036291546291775174,
        0.034171846177842885
    ],
    "decode_percentiles": {
        "10": 0.03265491326649984,
        "25": 0.03326960404713948,
        "50": 0.03408526049719916,
        "75": 0.03688580460018582,
        "90": 0.03776594267951117
    }
}