{
    "avg_prefill_latency": 0.05787948767344157,
    "prefill_latencies": [
        0.03920459747314453,
        0.05243802070617676,
        0.04677295684814453,
        0.03844952583312988,
        0.05131196975708008,
        0.051171064376831055,
        0.0375208854675293,
        0.037023067474365234,
        0.2254338264465332,
        0.03876376152038574,
        0.0382382869720459,
        0.03822588920593262
    ],
    "prefill_percentiles": {
        "10": 0.03759138584136963,
        "25": 0.03823518753051758,
        "50": 0.03898417949676514,
        "75": 0.05120629072189331,
        "90": 0.05232541561126709
    },
    "avg_decode_latency": 0.03733421034283108,
    "decode_latencies": [
        0.038526296615600586,
        0.04048683908250597,
        0.040053076214260526,
        0.038393656412760414,
        0.03984589046902127,
        0.03678891393873426,
        0.036566045549180776,
        0.03638415866427951,
        0.036953104866875544,
        0.03443137804667155,
        0.034826172722710505,
        0.03475499153137207
    ],
    "decode_percentiles": {
        "10": 0.03476210965050591,
        "25": 0.03599466217888726,
        "50": 0.036871009402804904,
        "75": 0.038856195078955755,
        "90": 0.0400323576397366
    }
}