{
    "avg_prefill_latency": 0.04283696413040161,
    "prefill_latencies": [
        0.04418301582336426,
        0.043108463287353516,
        0.043482303619384766,
        0.04291057586669922,
        0.04294323921203613,
        0.04239821434020996,
        0.04172229766845703,
        0.04178595542907715,
        0.04224872589111328,
        0.045142412185668945,
        0.04207754135131836,
        0.04204082489013672
    ],
    "prefill_percentiles": {
        "10": 0.041811442375183104,
        "25": 0.04206836223602295,
        "50": 0.04265439510345459,
        "75": 0.04320192337036133,
        "90": 0.04411294460296631
    },
    "avg_decode_latency": 0.029426521725124787,
    "decode_latencies": [
        0.0317374070485433,
        0.0305737124549018,
        0.031131876839531794,
        0.02945203251308865,
        0.02854143248664008,
        0.0300803714328342,
        0.0267439948187934,
        0.027461316850450303,
        0.028880543178982206,
        0.028501431147257488,
        0.028023057513766818,
        0.03199108441670736
    ],
    "decode_percentiles": {
        "10": 0.027517490916781955,
        "25": 0.02838183773888482,
        "50": 0.02916628784603543,
        "75": 0.0307132535510593,
        "90": 0.03167685402764215
    }
}