{
    "avg_prefill_latency": 0.054310003916422524,
    "prefill_latencies": [
        0.05394864082336426,
        0.05421113967895508,
        0.05420732498168945,
        0.054938316345214844,
        0.055628299713134766,
        0.05517148971557617,
        0.05522918701171875,
        0.053684234619140625,
        0.053488731384277344,
        0.05406022071838379,
        0.05394387245178223,
        0.05320858955383301
    ],
    "prefill_percentiles": {
        "10": 0.05350828170776367,
        "25": 0.053878962993621826,
        "50": 0.05413377285003662,
        "75": 0.054996609687805176,
        "90": 0.05522341728210449
    },
    "avg_decode_latency": 0.04016679966891253,
    "decode_latencies": [
        0.03509950637817383,
        0.035496658749050565,
        0.03741365008884006,
        0.06175888909233941,
        0.04044755299886068,
        0.03993890020582411,
        0.03619652324252658,
        0.034336222542656794,
        0.05566755930582682,
        0.03493952751159668,
        0.03544794188605414,
        0.03525866402520074
    ],
    "decode_percentiles": {
        "10": 0.034955525398254396,
        "25": 0.035218874613444015,
        "50": 0.035846590995788574,
        "75": 0.04006606340408325,
        "90": 0.05414555867513021
    }
}