{
    "avg_prefill_latency": 0.0353013277053833,
    "prefill_latencies": [
        0.03411746025085449,
        0.03486514091491699,
        0.036673545837402344,
        0.03522014617919922,
        0.034983158111572266,
        0.03491616249084473,
        0.035086870193481445,
        0.035491228103637695,
        0.035651206970214844,
        0.0360109806060791,
        0.03553915023803711,
        0.035060882568359375
    ],
    "prefill_percentiles": {
        "10": 0.034870243072509764,
        "25": 0.03496640920639038,
        "50": 0.03515350818634033,
        "75": 0.03556716442108154,
        "90": 0.03597500324249268
    },
    "avg_decode_latency": 0.028932847358562327,
    "decode_latencies": [
        0.02837385071648492,
        0.02894825405544705,
        0.028488503562079534,
        0.02961254119873047,
        0.028111802207099065,
        0.028655502531263564,
        0.028765704896714952,
        0.02849766943189833,
        0.028360313839382596,
        0.0286557674407959,
        0.030840820736355253,
        0.02988343768649631
    ],
    "decode_percentiles": {
        "10": 0.028361667527092828,
        "25": 0.02845984035068088,
        "50": 0.02865563498602973,
        "75": 0.029114325841267906,
        "90": 0.029856348037719724
    }
}