{
    "avg_prefill_latency": 0.07856978972752889,
    "prefill_latencies": [
        0.07900547981262207,
        0.07808589935302734,
        0.07808256149291992,
        0.07620787620544434,
        0.07798027992248535,
        0.07703971862792969,
        0.0776827335357666,
        0.09002542495727539,
        0.07730436325073242,
        0.077484130859375,
        0.07723808288574219,
        0.07670092582702637
    ],
    "prefill_percentiles": {
        "10": 0.0767348051071167,
        "25": 0.07718849182128906,
        "50": 0.0775834321975708,
        "75": 0.07808339595794678,
        "90": 0.0789135217666626
    },
    "avg_decode_latency": 0.04982398174427174,
    "decode_latencies": [
        0.04030193222893609,
        0.04065418243408203,
        0.037188450495402016,
        0.06029110484653049,
        0.03831556108262804,
        0.036612510681152344,
        0.12721159723069933,
        0.0425569216410319,
        0.0592908329433865,
        0.03705000877380371,
        0.03968400425381131,
        0.03873067431979709
    ],
    "decode_percentiles": {
        "10": 0.037063852945963545,
        "25": 0.03803378343582153,
        "50": 0.0399929682413737,
        "75": 0.04674039946662055,
        "90": 0.06019107765621609
    }
}