{
    "avg_prefill_latency": 0.05399906635284424,
    "prefill_latencies": [
        0.054752349853515625,
        0.053168296813964844,
        0.05282759666442871,
        0.05261492729187012,
        0.05353093147277832,
        0.055922508239746094,
        0.06120920181274414,
        0.05328178405761719,
        0.05209803581237793,
        0.05330657958984375,
        0.0521397590637207,
        0.05313682556152344
    ],
    "prefill_percentiles": {
        "10": 0.05218727588653564,
        "25": 0.05277442932128906,
        "50": 0.053225040435791016,
        "75": 0.053836286067962646,
        "90": 0.05580549240112305
    },
    "avg_decode_latency": 0.04786314566930135,
    "decode_latencies": [
        0.04544316397772895,
        0.04507915178934733,
        0.05073841412862142,
        0.04474409421284994,
        0.049599038230048284,
        0.04333149062262641,
        0.049519088533189565,
        0.04380027453104655,
        0.06979335678948297,
        0.04412129190233019,
        0.043971856435139976,
        0.044216526879204646
    ],
    "decode_percentiles": {
        "10": 0.04381743272145589,
        "25": 0.04408393303553264,
        "50": 0.04491162300109863,
        "75": 0.04953907595740424,
        "90": 0.05062447653876411
    }
}