{
    "avg_prefill_latency": 0.04651641845703125,
    "prefill_latencies": [
        0.04719996452331543,
        0.0464174747467041,
        0.04630279541015625,
        0.04633498191833496,
        0.046483755111694336,
        0.047902822494506836,
        0.04600667953491211,
        0.04615139961242676,
        0.04616117477416992,
        0.046446800231933594,
        0.04612612724304199,
        0.04666304588317871
    ],
    "prefill_percentiles": {
        "10": 0.04612865447998047,
        "25": 0.04615873098373413,
        "50": 0.04637622833251953,
        "75": 0.04652857780456543,
        "90": 0.047146272659301755
    },
    "avg_decode_latency": 0.033339356934582745,
    "decode_latencies": [
        0.03128104739718967,
        0.03214097023010254,
        0.03084699312845866,
        0.030983765920003254,
        0.030880000856187608,
        0.03156500392489963,
        0.030699968338012695,
        0.05325709448920356,
        0.031576951344807945,
        0.030795971552530926,
        0.03225631184048123,
        0.033788204193115234
    ],
    "decode_percentiles": {
        "10": 0.030801073710123698,
        "25": 0.03087174892425537,
        "50": 0.03142302566104465,
        "75": 0.03216980563269721,
        "90": 0.03363501495785184
    }
}