{
    "avg_prefill_latency": 0.04077637195587158,
    "prefill_latencies": [
        0.034990549087524414,
        0.03549909591674805,
        0.03722977638244629,
        0.07509350776672363,
        0.05391573905944824,
        0.03846287727355957,
        0.035474538803100586,
        0.03520655632019043,
        0.03572344779968262,
        0.035292625427246094,
        0.03522610664367676,
        0.037201642990112305
    ],
    "prefill_percentiles": {
        "10": 0.035208511352539065,
        "25": 0.03527599573135376,
        "50": 0.03561127185821533,
        "75": 0.03753805160522461,
        "90": 0.05237045288085938
    },
    "avg_decode_latency": 0.03450803403501158,
    "decode_latencies": [
        0.026215553283691406,
        0.025752650366889104,
        0.035705619388156466,
        0.10495609707302517,
        0.03211741977267795,
        0.02782289187113444,
        0.02633478906419542,
        0.025951253043280706,
        0.026649501588609483,
        0.025853951772054035,
        0.028063747617933486,
        0.02867293357849121
    ],
    "decode_percentiles": {
        "10": 0.0258636818991767,
        "25": 0.02614947822358873,
        "50": 0.027236196729871962,
        "75": 0.029534055127037898,
        "90": 0.035346799426608615
    }
}