{
    "avg_prefill_latency": 0.02102881669998169,
    "prefill_latencies": [
        0.020992517471313477,
        0.020895004272460938,
        0.02090597152709961,
        0.021011829376220703,
        0.021350383758544922,
        0.020943403244018555,
        0.02090287208557129,
        0.021059036254882812,
        0.021204233169555664,
        0.021068334579467773,
        0.0210113525390625,
        0.02100086212158203
    ],
    "prefill_percentiles": {
        "10": 0.020903182029724122,
        "25": 0.02093404531478882,
        "50": 0.021006107330322266,
        "75": 0.021061360836029053,
        "90": 0.021190643310546875
    },
    "avg_decode_latency": 0.014153105241281013,
    "decode_latencies": [
        0.014112975862291124,
        0.014082988103230795,
        0.014475875430636935,
        0.014073875215318467,
        0.014067384931776259,
        0.01415864626566569,
        0.014071755939059787,
        0.014277484681871202,
        0.014160129759046767,
        0.014100313186645508,
        0.014121956295437284,
        0.014133877224392362
    ],
    "decode_percentiles": {
        "10": 0.014071967866685655,
        "25": 0.014080709881252713,
        "50": 0.014117466078864204,
        "75": 0.014159017139010958,
        "90": 0.014265749189588759
    }
}