{
    "avg_prefill_latency": 0.06380542119344075,
    "prefill_latencies": [
        0.0631704330444336,
        0.06331038475036621,
        0.06332707405090332,
        0.06334924697875977,
        0.06719827651977539,
        0.06395554542541504,
        0.06399893760681152,
        0.06346774101257324,
        0.06342768669128418,
        0.06312918663024902,
        0.06349849700927734,
        0.06383204460144043
    ],
    "prefill_percentiles": {
        "10": 0.06318442821502686,
        "25": 0.06332290172576904,
        "50": 0.06344771385192871,
        "75": 0.06386291980743408,
        "90": 0.06399459838867187
    },
    "avg_decode_latency": 0.02624191619731762,
    "decode_latencies": [
        0.023809406492445204,
        0.023729138904147677,
        0.0238192876180013,
        0.04811482959323459,
        0.02506248156229655,
        0.024826976988050673,
        0.024469455083211262,
        0.024293528662787542,
        0.024007876714070637,
        0.024047136306762695,
        0.024421294530232746,
        0.02430158191257053
    ],
    "decode_percentiles": {
        "10": 0.023810394605000815,
        "25": 0.023960729440053303,
        "50": 0.024297555287679035,
        "75": 0.024558835559421115,
        "90": 0.025038931104871962
    }
}