{
    "avg_prefill_latency": 0.08302303155263265,
    "prefill_latencies": [
        0.08191394805908203,
        0.0824122428894043,
        0.08305907249450684,
        0.08527302742004395,
        0.08322978019714355,
        0.08180928230285645,
        0.08223652839660645,
        0.0821688175201416,
        0.08456611633300781,
        0.08496928215026855,
        0.08272337913513184,
        0.08191490173339844
    ],
    "prefill_percentiles": {
        "10": 0.08191404342651368,
        "25": 0.08210533857345581,
        "50": 0.08256781101226807,
        "75": 0.08356386423110962,
        "90": 0.08492896556854249
    },
    "avg_decode_latency": 0.0125384286597923,
    "decode_latencies": [
        0.01287494765387641,
        0.012541903389824761,
        0.012592951456705729,
        0.012498060862223307,
        0.012484126620822482,
        0.012485080295138888,
        0.012506273057725694,
        0.012506961822509766,
        0.012527677747938368,
        0.012489981121487088,
        0.012466722064548068,
        0.012486457824707031
    ],
    "decode_percentiles": {
        "10": 0.012484221988254123,
        "25": 0.012486113442314995,
        "50": 0.012502166959974501,
        "75": 0.012531234158409966,
        "90": 0.012587846650017631
    }
}