{
    "avg_prefill_latency": 0.32167989015579224,
    "prefill_latencies": [
        0.3206601142883301,
        0.32084178924560547,
        0.31986427307128906,
        0.3222048282623291,
        0.32128047943115234,
        0.3215212821960449,
        0.3233911991119385,
        0.3217160701751709,
        0.3223452568054199,
        0.32146143913269043,
        0.3219301700592041,
        0.32294178009033203
    ],
    "prefill_percentiles": {
        "10": 0.3206782817840576,
        "25": 0.3211708068847656,
        "50": 0.3216186761856079,
        "75": 0.3222399353981018,
        "90": 0.32288212776184083
    },
    "avg_decode_latency": 0.015356717286286533,
    "decode_latencies": [
        0.014973057640923394,
        0.014506154590182833,
        0.014837106068929037,
        0.014819489585028755,
        0.014727036158243815,
        0.015831867853800457,
        0.015824821260240342,
        0.0157212151421441,
        0.015104558732774522,
        0.01616501808166504,
        0.01588349872165256,
        0.015886783599853516
    ],
    "decode_percentiles": {
        "10": 0.01473628150092231,
        "25": 0.014832701947953966,
        "50": 0.01541288693745931,
        "75": 0.015844775570763484,
        "90": 0.01588645511203342
    }
}