{
    "avg_prefill_latency": 0.04400338729222616,
    "prefill_latencies": [
        0.03995537757873535,
        0.04088282585144043,
        0.04033946990966797,
        0.04038381576538086,
        0.04043865203857422,
        0.05159330368041992,
        0.03998112678527832,
        0.039858341217041016,
        0.050359249114990234,
        0.0485379695892334,
        0.04630923271179199,
        0.049401283264160156
    ],
    "prefill_percentiles": {
        "10": 0.039957952499389646,
        "25": 0.04024988412857056,
        "50": 0.040660738945007324,
        "75": 0.04875379800796509,
        "90": 0.05026345252990723
    },
    "avg_decode_latency": 0.03275387816958957,
    "decode_latencies": [
        0.03333255979749891,
        0.03653534253438314,
        0.03389607535468207,
        0.03306931919521756,
        0.034975528717041016,
        0.028742869695027668,
        0.030947208404541016,
        0.03244344393412272,
        0.03645971086290148,
        0.03209082285563151,
        0.0303702884250217,
        0.030183368259006076
    ],
    "decode_percentiles": {
        "10": 0.030202060275607637,
        "25": 0.03080297840966119,
        "50": 0.03275638156467014,
        "75": 0.034165938695271805,
        "90": 0.03631129264831543
    }
}