{
    "avg_prefill_latency": 0.0907869537671407,
    "prefill_latencies": [
        0.09055900573730469,
        0.09124064445495605,
        0.09129548072814941,
        0.08894991874694824,
        0.0876014232635498,
        0.08860039710998535,
        0.09140491485595703,
        0.09203767776489258,
        0.09190940856933594,
        0.09214568138122559,
        0.09204840660095215,
        0.09165048599243164
    ],
    "prefill_percentiles": {
        "10": 0.08863534927368164,
        "25": 0.09015673398971558,
        "50": 0.09135019779205322,
        "75": 0.0919414758682251,
        "90": 0.09204733371734619
    },
    "avg_decode_latency": 0.03141938315497504,
    "decode_latencies": [
        0.028154902988009982,
        0.028589751985338,
        0.028855297300550673,
        0.03183653619554308,
        0.03154746691385905,
        0.033876392576429576,
        0.03237711058722602,
        0.03221805890401205,
        0.032242933909098305,
        0.03252310223049588,
        0.03223864237467448,
        0.032572401894463435
    ],
    "decode_percentiles": {
        "10": 0.028616306516859265,
        "25": 0.030874424510531955,
        "50": 0.03222835063934326,
        "75": 0.032413608498043485,
        "90": 0.03256747192806668
    }
}