{
    "avg_prefill_latency": 0.03460468848546346,
    "prefill_latencies": [
        0.030202388763427734,
        0.03126788139343262,
        0.03143596649169922,
        0.06479811668395996,
        0.03494143486022949,
        0.032187461853027344,
        0.030565261840820312,
        0.030870437622070312,
        0.035552024841308594,
        0.031826019287109375,
        0.031104564666748047,
        0.030504703521728516
    ],
    "prefill_percentiles": {
        "10": 0.030510759353637694,
        "25": 0.030794143676757812,
        "50": 0.03135192394256592,
        "75": 0.03287595510482788,
        "90": 0.03549096584320068
    },
    "avg_decode_latency": 0.03187038721861663,
    "decode_latencies": [
        0.023305098215738933,
        0.02302196290757921,
        0.03439254230923123,
        0.11154709921942817,
        0.024641699261135526,
        0.023532629013061523,
        0.02330758836534288,
        0.025348530875311956,
        0.023766067292955186,
        0.023401127921210393,
        0.02308331595526801,
        0.023096985287136503
    ],
    "decode_percentiles": {
        "10": 0.02308468288845486,
        "25": 0.023253069983588327,
        "50": 0.02346687846713596,
        "75": 0.02481840716467963,
        "90": 0.03348814116583931
    }
}