{
    "avg_prefill_latency": 0.05301151672999064,
    "prefill_latencies": [
        0.05248427391052246,
        0.05395078659057617,
        0.05038261413574219,
        0.05366921424865723,
        0.05333852767944336,
        0.05296683311462402,
        0.053461313247680664,
        0.053415775299072266,
        0.05327439308166504,
        0.05328083038330078,
        0.05292367935180664,
        0.052989959716796875
    ],
    "prefill_percentiles": {
        "10": 0.052528214454650876,
        "25": 0.05295604467391968,
        "50": 0.05327761173248291,
        "75": 0.053427159786224365,
        "90": 0.05364842414855957
    },
    "avg_decode_latency": 0.03014586589954518,
    "decode_latencies": [
        0.02817095650566949,
        0.04826800028483073,
        0.03014683723449707,
        0.02795712153116862,
        0.028273502985636394,
        0.028256760703192815,
        0.028023163477579754,
        0.027717325422498915,
        0.02820465299818251,
        0.028292311562432185,
        0.03005838394165039,
        0.028381374147203233
    ],
    "decode_percentiles": {
        "10": 0.027963725725809734,
        "25": 0.028134008248647056,
        "50": 0.028265131844414607,
        "75": 0.02880062659581502,
        "90": 0.0301379919052124
    }
}