{
    "avg_prefill_latency": 0.06005597114562988,
    "prefill_latencies": [
        0.058762550354003906,
        0.0588984489440918,
        0.05850410461425781,
        0.05844616889953613,
        0.059595346450805664,
        0.05977821350097656,
        0.0606226921081543,
        0.06035351753234863,
        0.05921363830566406,
        0.06013607978820801,
        0.05891537666320801,
        0.06744551658630371
    ],
    "prefill_percentiles": {
        "10": 0.05852994918823242,
        "25": 0.058864474296569824,
        "50": 0.05940449237823486,
        "75": 0.060190439224243164,
        "90": 0.06059577465057373
    },
    "avg_decode_latency": 0.029199021833914294,
    "decode_latencies": [
        0.023719814088609483,
        0.024068964852227107,
        0.023812611897786457,
        0.02337169647216797,
        0.023924589157104492,
        0.02437191539340549,
        0.024443493949042425,
        0.024509006076388888,
        0.0263823668162028,
        0.02573381529914008,
        0.06918128331502278,
        0.03686870468987359
    ],
    "decode_percentiles": {
        "10": 0.02372909386952718,
        "25": 0.023896594842274983,
        "50": 0.024407704671223957,
        "75": 0.02589595317840576,
        "90": 0.035820070902506516
    }
}