{
    "avg_prefill_latency": 0.03835209210713705,
    "prefill_latencies": [
        0.027949810028076172,
        0.03049755096435547,
        0.030894041061401367,
        0.030730724334716797,
        0.032256126403808594,
        0.031678199768066406,
        0.03133535385131836,
        0.030972719192504883,
        0.032216548919677734,
        0.11644363403320312,
        0.03324007987976074,
        0.03201031684875488
    ],
    "prefill_percentiles": {
        "10": 0.030520868301391602,
        "25": 0.030853211879730225,
        "50": 0.03150677680969238,
        "75": 0.03222644329071045,
        "90": 0.033141684532165525
    },
    "avg_decode_latency": 0.025496273129074667,
    "decode_latencies": [
        0.02407958772447374,
        0.024226003222995333,
        0.024255328708224826,
        0.024698628319634333,
        0.024890422821044922,
        0.024389717313978408,
        0.02513808674282498,
        0.02519687016805013,
        0.032886876000298396,
        0.026871018939548068,
        0.02477113405863444,
        0.02455160352918837
    ],
    "decode_percentiles": {
        "10": 0.024228935771518283,
        "25": 0.02435612016254001,
        "50": 0.02473488118913439,
        "75": 0.025152782599131267,
        "90": 0.026703604062398273
    }
}