{
    "avg_prefill_latency": 0.15154880285263062,
    "prefill_latencies": [
        0.15178823471069336,
        0.15098285675048828,
        0.15239715576171875,
        0.15218043327331543,
        0.15051484107971191,
        0.15215158462524414,
        0.14990806579589844,
        0.15079402923583984,
        0.1502704620361328,
        0.15069007873535156,
        0.15557551383972168,
        0.15133237838745117
    ],
    "prefill_percentiles": {
        "10": 0.15029489994049072,
        "25": 0.15064626932144165,
        "50": 0.15115761756896973,
        "75": 0.15215879678726196,
        "90": 0.1523754835128784
    },
    "avg_decode_latency": 0.0490918269863835,
    "decode_latencies": [
        0.04079527325100369,
        0.10624021954006618,
        0.03892676035563151,
        0.04091087977091471,
        0.04019747840033637,
        0.06534393628438313,
        0.03841153780619303,
        0.03797356287638346,
        0.03902496231926812,
        0.06132626533508301,
        0.04145677884419759,
        0.038494269053141274
    ],
    "decode_percentiles": {
        "10": 0.03841981093088786,
        "25": 0.03881863753000895,
        "50": 0.04049637582567003,
        "75": 0.046424150466918945,
        "90": 0.06494216918945313
    }
}