{
    "avg_prefill_latency": 0.08080710967381795,
    "prefill_latencies": [
        0.06567931175231934,
        0.06516027450561523,
        0.06586241722106934,
        0.06559205055236816,
        0.06540822982788086,
        0.06546878814697266,
        0.0662088394165039,
        0.06550812721252441,
        0.06562113761901855,
        0.06552720069885254,
        0.24855327606201172,
        0.06509566307067871
    ],
    "prefill_percentiles": {
        "10": 0.0651850700378418,
        "25": 0.06545364856719971,
        "50": 0.06555962562561035,
        "75": 0.06572508811950684,
        "90": 0.06617419719696045
    },
    "avg_decode_latency": 0.03309731792520594,
    "decode_latencies": [
        0.05004599359300402,
        0.031030151579115126,
        0.030889007780287,
        0.03121903207567003,
        0.03142351574367947,
        0.03144110573662652,
        0.031237496270073786,
        0.03175889121161567,
        0.03214693069458008,
        0.03249382972717285,
        0.03251573774549696,
        0.03096612294514974
    ],
    "decode_percentiles": {
        "10": 0.030972525808546276,
        "25": 0.031171811951531306,
        "50": 0.031432310740153,
        "75": 0.03223365545272827,
        "90": 0.03251354694366455
    }
}