{
    "avg_prefill_latency": 0.03614964087804159,
    "prefill_latencies": [
        0.045432090759277344,
        0.03180408477783203,
        0.03018927574157715,
        0.05666470527648926,
        0.04085564613342285,
        0.03359103202819824,
        0.03240537643432617,
        0.03360581398010254,
        0.03304481506347656,
        0.03290820121765137,
        0.03156566619873047,
        0.03172898292541504
    ],
    "prefill_percentiles": {
        "10": 0.031581997871398926,
        "25": 0.03178530931472778,
        "50": 0.032976508140563965,
        "75": 0.03541827201843262,
        "90": 0.044974446296691895
    },
    "avg_decode_latency": 0.034338803203017625,
    "decode_latencies": [
        0.02643410364786784,
        0.025344239340888128,
        0.036666154861450195,
        0.11422631475660536,
        0.029270940356784396,
        0.025786399841308594,
        0.025628010431925457,
        0.026438077290852863,
        0.026396062639024522,
        0.026211526658799913,
        0.023890786700778537,
        0.025773021909925673
    ],
    "decode_percentiles": {
        "10": 0.02537261644999186,
        "25": 0.02573676904042562,
        "50": 0.026303794648912217,
        "75": 0.027146293057335746,
        "90": 0.035926633410983615
    }
}