{
    "avg_prefill_latency": 0.05509835481643677,
    "prefill_latencies": [
        0.05425286293029785,
        0.054375648498535156,
        0.055103302001953125,
        0.05690455436706543,
        0.05445122718811035,
        0.05409574508666992,
        0.054912567138671875,
        0.055318355560302734,
        0.05565309524536133,
        0.05533909797668457,
        0.05635690689086914,
        0.05441689491271973
    ],
    "prefill_percentiles": {
        "10": 0.05426514148712158,
        "25": 0.054406583309173584,
        "50": 0.0550079345703125,
        "75": 0.05541759729385376,
        "90": 0.05628652572631836
    },
    "avg_decode_latency": 0.04351101981268989,
    "decode_latencies": [
        0.03929275936550564,
        0.062029759089152016,
        0.040933847427368164,
        0.04083201620313856,
        0.05701936615837945,
        0.036952363120185,
        0.03909055391947428,
        0.03846730126274957,
        0.05131260553995768,
        0.039560265011257596,
        0.03732286559210883,
        0.03931853506300184
    ],
    "decode_percentiles": {
        "10": 0.037437309159172906,
        "25": 0.0389347407552931,
        "50": 0.039439400037129715,
        "75": 0.04352853695551554,
        "90": 0.056448690096537274
    }
}