{
    "avg_prefill_latency": 0.1734347144762675,
    "prefill_latencies": [
        0.17352080345153809,
        0.17243003845214844,
        0.17489314079284668,
        0.1731128692626953,
        0.17307496070861816,
        0.172743558883667,
        0.17300963401794434,
        0.17290663719177246,
        0.17531967163085938,
        0.1729106903076172,
        0.17345666885375977,
        0.17383790016174316
    ],
    "prefill_percentiles": {
        "10": 0.17275986671447754,
        "25": 0.172909677028656,
        "50": 0.17309391498565674,
        "75": 0.17360007762908936,
        "90": 0.17478761672973633
    },
    "avg_decode_latency": 0.03519049617979261,
    "decode_latencies": [
        0.03203810585869683,
        0.03217962053087023,
        0.03159941567314996,
        0.04803130361768934,
        0.031977706485324435,
        0.03216240141126844,
        0.032559712727864586,
        0.03287839889526367,
        0.032252338197496205,
        0.05162440405951606,
        0.03243189387851291,
        0.032550652821858726
    ],
    "decode_percentiles": {
        "10": 0.03198374642266168,
        "25": 0.032131327523125544,
        "50": 0.03234211603800456,
        "75": 0.032639384269714355,
        "90": 0.04651601314544678
    }
}