{
    "avg_prefill_latency": 0.029690364996592205,
    "prefill_latencies": [
        0.02601480484008789,
        0.02958822250366211,
        0.03055548667907715,
        0.029880046844482422,
        0.0295565128326416,
        0.03342604637145996,
        0.029989004135131836,
        0.028647899627685547,
        0.029392004013061523,
        0.029694795608520508,
        0.029445886611938477,
        0.030093669891357422
    ],
    "prefill_percentiles": {
        "10": 0.028722310066223146,
        "25": 0.02943241596221924,
        "50": 0.02964150905609131,
        "75": 0.030015170574188232,
        "90": 0.030509305000305176
    },
    "avg_decode_latency": 0.024733870117752643,
    "decode_latencies": [
        0.024033308029174805,
        0.02605716387430827,
        0.024264547559950087,
        0.024043877919514973,
        0.02476877636379666,
        0.02788633770412869,
        0.024464845657348633,
        0.023958312140570745,
        0.024319913652208116,
        0.024114900165134005,
        0.02442145347595215,
        0.024473004870944552
    ],
    "decode_percentiles": {
        "10": 0.024034365018208822,
        "25": 0.024097144603729248,
        "50": 0.024370683564080134,
        "75": 0.02454694774415758,
        "90": 0.025928325123257108
    }
}