{
    "avg_prefill_latency": 0.13593290249506632,
    "prefill_latencies": [
        0.12287759780883789,
        0.12147378921508789,
        0.282116174697876,
        0.12307333946228027,
        0.12182378768920898,
        0.12134528160095215,
        0.12152504920959473,
        0.1257002353668213,
        0.12103891372680664,
        0.12189507484436035,
        0.12213778495788574,
        0.12618780136108398
    ],
    "prefill_percentiles": {
        "10": 0.12135813236236573,
        "25": 0.12151223421096802,
        "50": 0.12201642990112305,
        "75": 0.12373006343841553,
        "90": 0.12613904476165771
    },
    "avg_decode_latency": 0.04304491369812577,
    "decode_latencies": [
        0.03530303637186686,
        0.05022870169745551,
        0.07270177205403645,
        0.04227566719055176,
        0.04582916365729438,
        0.0365704165564643,
        0.036642339494493276,
        0.044446839226616755,
        0.03655258814493815,
        0.03754472732543945,
        0.040925688213772245,
        0.03751802444458008
    ],
    "decode_percentiles": {
        "10": 0.03655437098609077,
        "25": 0.03662435875998603,
        "50": 0.039235207769605845,
        "75": 0.04479242033428616,
        "90": 0.0497887478934394
    }
}