{
    "avg_prefill_latency": 0.12928014993667603,
    "prefill_latencies": [
        0.12898921966552734,
        0.12790417671203613,
        0.12752175331115723,
        0.12746763229370117,
        0.133894681930542,
        0.13004088401794434,
        0.1287238597869873,
        0.12786436080932617,
        0.12900805473327637,
        0.12897586822509766,
        0.13275623321533203,
        0.12821507453918457
    ],
    "prefill_percentiles": {
        "10": 0.1275560140609741,
        "25": 0.12789422273635864,
        "50": 0.12884986400604248,
        "75": 0.12926626205444336,
        "90": 0.13248469829559326
    },
    "avg_decode_latency": 0.029016989248770258,
    "decode_latencies": [
        0.0256957213083903,
        0.025535477532280818,
        0.025581863191392686,
        0.04353377554151747,
        0.026139789157443576,
        0.026740842395358615,
        0.026025851567586262,
        0.025968313217163086,
        0.025555531183878582,
        0.026243951585557725,
        0.02608089976840549,
        0.04510185453626844
    ],
    "decode_percentiles": {
        "10": 0.025558164384629992,
        "25": 0.025667256779140897,
        "50": 0.026053375667995878,
        "75": 0.02636817428800795,
        "90": 0.041854482226901586
    }
}