{
    "avg_prefill_latency": 0.1374736229578654,
    "prefill_latencies": [
        0.12733125686645508,
        0.1297438144683838,
        0.1271052360534668,
        0.14334845542907715,
        0.12783551216125488,
        0.22603273391723633,
        0.1300969123840332,
        0.12733078002929688,
        0.1276533603668213,
        0.12878108024597168,
        0.12770628929138184,
        0.12671804428100586
    ],
    "prefill_percentiles": {
        "10": 0.1271277904510498,
        "25": 0.12733113765716553,
        "50": 0.12777090072631836,
        "75": 0.12983208894729614,
        "90": 0.14202330112457276
    },
    "avg_decode_latency": 0.04377095566855536,
    "decode_latencies": [
        0.03717584080166287,
        0.039181497361924916,
        0.03606322076585558,
        0.0414320362938775,
        0.05597133106655545,
        0.07605361938476562,
        0.057620075013902455,
        0.03760462337070041,
        0.03708709610833062,
        0.03670721583896213,
        0.03582403394911024,
        0.0345308780670166
    ],
    "decode_percentiles": {
        "10": 0.035847952630784774,
        "25": 0.03654621707068549,
        "50": 0.03739023208618164,
        "75": 0.04506685998704699,
        "90": 0.05745520061916776
    }
}