{
    "avg_prefill_latency": 0.09207808971405029,
    "prefill_latencies": [
        0.13565325736999512,
        0.08803105354309082,
        0.08896374702453613,
        0.08881878852844238,
        0.08796501159667969,
        0.0873572826385498,
        0.08869457244873047,
        0.08766698837280273,
        0.0885002613067627,
        0.08847951889038086,
        0.08756446838378906,
        0.08724212646484375
    ],
    "prefill_percentiles": {
        "10": 0.08737800121307374,
        "25": 0.08764135837554932,
        "50": 0.08825528621673584,
        "75": 0.08872562646865845,
        "90": 0.08894925117492676
    },
    "avg_decode_latency": 0.04358240630891588,
    "decode_latencies": [
        0.04721151457892524,
        0.039927906460232206,
        0.062124676174587674,
        0.039964755376180015,
        0.03871515062120226,
        0.03861506779988607,
        0.039093361960517034,
        0.060018565919664174,
        0.038590961032443576,
        0.039326720767551,
        0.037154065238104925,
        0.0422461297776964
    ],
    "decode_percentiles": {
        "10": 0.03859337170918783,
        "25": 0.038690129915873214,
        "50": 0.0396273136138916,
        "75": 0.043487475978003606,
        "90": 0.05873786078559028
    }
}