{
    "avg_prefill_latency": 0.07383006811141968,
    "prefill_latencies": [
        0.058031558990478516,
        0.05794358253479004,
        0.057437896728515625,
        0.2509186267852783,
        0.05774641036987305,
        0.0577237606048584,
        0.057309627532958984,
        0.05797243118286133,
        0.05739712715148926,
        0.05773615837097168,
        0.05772233009338379,
        0.05802130699157715
    ],
    "prefill_percentiles": {
        "10": 0.057401204109191896,
        "25": 0.05765122175216675,
        "50": 0.05774128437042236,
        "75": 0.05798465013504028,
        "90": 0.05803053379058838
    },
    "avg_decode_latency": 0.03991174477118032,
    "decode_latencies": [
        0.038266393873426646,
        0.037533336215549044,
        0.0380094846089681,
        0.03782574335734049,
        0.04052323765224881,
        0.038605319129096136,
        0.03768597708808051,
        0.037459082073635526,
        0.03714924388461643,
        0.037950250837537974,
        0.06071885426839193,
        0.03721401426527235
    ],
    "decode_percentiles": {
        "10": 0.03723852104610867,
        "25": 0.03751477268007067,
        "50": 0.03788799709743923,
        "75": 0.038351125187344015,
        "90": 0.040331445799933544
    }
}