{
    "avg_prefill_latency": 0.03657315174738566,
    "prefill_latencies": [
        0.03920578956604004,
        0.0389711856842041,
        0.035531044006347656,
        0.03455924987792969,
        0.03519630432128906,
        0.03572392463684082,
        0.035714149475097656,
        0.0363008975982666,
        0.03544211387634277,
        0.04006075859069824,
        0.03697633743286133,
        0.03519606590270996
    ],
    "prefill_percentiles": {
        "10": 0.03519608974456787,
        "25": 0.035380661487579346,
        "50": 0.03571903705596924,
        "75": 0.03747504949569702,
        "90": 0.03918232917785645
    },
    "avg_decode_latency": 0.028100876896469677,
    "decode_latencies": [
        0.03089949819776747,
        0.02969943152533637,
        0.02749029795328776,
        0.02754587597317166,
        0.02757043308681912,
        0.027871820661756728,
        0.027769671546088323,
        0.027431646982828777,
        0.027448018391927082,
        0.02802080578274197,
        0.027773009406195745,
        0.027690013249715168
    ],
    "decode_percentiles": {
        "10": 0.02745224634806315,
        "25": 0.027531981468200684,
        "50": 0.027729842397901744,
        "75": 0.027909066942003038,
        "90": 0.02953156895107693
    }
}