{
    "avg_prefill_latency": 0.07159185409545898,
    "prefill_latencies": [
        0.07170462608337402,
        0.07162880897521973,
        0.07098960876464844,
        0.07233500480651855,
        0.07123088836669922,
        0.07189726829528809,
        0.07135295867919922,
        0.07151627540588379,
        0.07089424133300781,
        0.07173943519592285,
        0.07126188278198242,
        0.07255125045776367
    ],
    "prefill_percentiles": {
        "10": 0.07101373672485352,
        "25": 0.07125413417816162,
        "50": 0.07157254219055176,
        "75": 0.07177889347076416,
        "90": 0.07229123115539551
    },
    "avg_decode_latency": 0.020247704452938504,
    "decode_latencies": [
        0.019807550642225478,
        0.019623544481065538,
        0.01965318785773383,
        0.022540569305419922,
        0.020025756624009874,
        0.02026844024658203,
        0.020089917712741427,
        0.0200350284576416,
        0.02006660567389594,
        0.02010035514831543,
        0.02032314406500922,
        0.020438353220621746
    ],
    "decode_percentiles": {
        "10": 0.019668624136182995,
        "25": 0.019971205128563776,
        "50": 0.020078261693318684,
        "75": 0.02028211620118883,
        "90": 0.020426832305060493
    }
}