{
    "avg_prefill_latency": 0.06199204921722412,
    "prefill_latencies": [
        0.06722164154052734,
        0.0615842342376709,
        0.06193709373474121,
        0.06153535842895508,
        0.06119704246520996,
        0.06148219108581543,
        0.061199188232421875,
        0.06185269355773926,
        0.06180310249328613,
        0.061684608459472656,
        0.0610504150390625,
        0.06135702133178711
    ],
    "prefill_percentiles": {
        "10": 0.06119725704193115,
        "25": 0.0613175630569458,
        "50": 0.06155979633331299,
        "75": 0.061815500259399414,
        "90": 0.06192865371704102
    },
    "avg_decode_latency": 0.04312379271895797,
    "decode_latencies": [
        0.04179610146416558,
        0.06044822269015842,
        0.039010312822129994,
        0.038500070571899414,
        0.039227273729112416,
        0.03919402758280436,
        0.038545555538601346,
        0.06096482276916504,
        0.038730250464545354,
        0.04089453485276964,
        0.04185350735982259,
        0.038320832782321505
    ],
    "decode_percentiles": {
        "10": 0.038504619068569605,
        "25": 0.038684076733059354,
        "50": 0.039210650655958385,
        "75": 0.041810452938079834,
        "90": 0.05858875115712484
    }
}