{
    "avg_prefill_latency": 0.10694742202758789,
    "prefill_latencies": [
        0.10728883743286133,
        0.10706853866577148,
        0.10686206817626953,
        0.1065986156463623,
        0.1063992977142334,
        0.10692000389099121,
        0.10719704627990723,
        0.10742449760437012,
        0.10675334930419922,
        0.10640501976013184,
        0.1067817211151123,
        0.10767006874084473
    ],
    "prefill_percentiles": {
        "10": 0.10642437934875489,
        "25": 0.10671466588973999,
        "50": 0.10689103603363037,
        "75": 0.10721999406814575,
        "90": 0.10741093158721923
    },
    "avg_decode_latency": 0.047731604841020375,
    "decode_latencies": [
        0.04277902179294162,
        0.04181596967909071,
        0.04856978522406684,
        0.06273182233174641,
        0.04183401001824273,
        0.042677985297309026,
        0.06527341736687554,
        0.041816499498155385,
        0.04089514414469401,
        0.06185942225986057,
        0.04099069701300727,
        0.04153548346625434
    ],
    "decode_percentiles": {
        "10": 0.041045175658331975,
        "25": 0.04174584812588161,
        "50": 0.04225599765777588,
        "75": 0.05189219448301527,
        "90": 0.06264458232455783
    }
}