{
    "avg_prefill_latency": 0.08364782730738322,
    "prefill_latencies": [
        0.08326244354248047,
        0.08406662940979004,
        0.08329010009765625,
        0.08349061012268066,
        0.08391451835632324,
        0.08317947387695312,
        0.08372235298156738,
        0.08354544639587402,
        0.08366894721984863,
        0.08423352241516113,
        0.08385896682739258,
        0.0835409164428711
    ],
    "prefill_percentiles": {
        "10": 0.08326520919799804,
        "25": 0.08344048261642456,
        "50": 0.08360719680786133,
        "75": 0.08387285470962524,
        "90": 0.08405141830444336
    },
    "avg_decode_latency": 0.03801260612629078,
    "decode_latencies": [
        0.03433563974168566,
        0.054112540351019964,
        0.03377005789015028,
        0.03384129206339518,
        0.0341796875,
        0.03489041328430176,
        0.05599220593770345,
        0.03495054774814182,
        0.03459284040662977,
        0.035440153545803495,
        0.03531055980258518,
        0.03473533524407281
    ],
    "decode_percentiles": {
        "10": 0.033875131607055665,
        "25": 0.034296651681264244,
        "50": 0.034812874264187284,
        "75": 0.03534295823838976,
        "90": 0.052245301670498324
    }
}