{
    "avg_prefill_latency": 0.15085711081822714,
    "prefill_latencies": [
        0.15068888664245605,
        0.15099477767944336,
        0.15050745010375977,
        0.15125727653503418,
        0.1508333683013916,
        0.15121769905090332,
        0.15085577964782715,
        0.15071558952331543,
        0.1504511833190918,
        0.15070891380310059,
        0.15083837509155273,
        0.1512160301208496
    ],
    "prefill_percentiles": {
        "10": 0.1505255937576294,
        "25": 0.15070390701293945,
        "50": 0.15083587169647217,
        "75": 0.15105009078979492,
        "90": 0.15121753215789796
    },
    "avg_decode_latency": 0.0339253235746313,
    "decode_latencies": [
        0.046361181471082896,
        0.029433012008666992,
        0.02972343232896593,
        0.029453516006469727,
        0.02968703375922309,
        0.04636314180162218,
        0.02977744738260905,
        0.02926312552558051,
        0.029675457212660048,
        0.029392321904500324,
        0.02956353293524848,
        0.0484106805589464
    ],
    "decode_percentiles": {
        "10": 0.02939639091491699,
        "25": 0.029448390007019043,
        "50": 0.029681245485941567,
        "75": 0.03392338090472751,
        "90": 0.04636294576856825
    }
}