{
    "avg_prefill_latency": 0.06185483932495117,
    "prefill_latencies": [
        0.06156301498413086,
        0.06264042854309082,
        0.06203746795654297,
        0.06134533882141113,
        0.060956716537475586,
        0.06162309646606445,
        0.0625908374786377,
        0.0636601448059082,
        0.059973955154418945,
        0.0612185001373291,
        0.06174731254577637,
        0.06290125846862793
    ],
    "prefill_percentiles": {
        "10": 0.060982894897460935,
        "25": 0.061313629150390625,
        "50": 0.06168520450592041,
        "75": 0.06260323524475098,
        "90": 0.06287517547607421
    },
    "avg_decode_latency": 0.029109429430078576,
    "decode_latencies": [
        0.030707465277777776,
        0.03236948119269477,
        0.02770413292778863,
        0.02759967909918891,
        0.029072046279907227,
        0.027733114030626085,
        0.027580605612860784,
        0.034904797871907554,
        0.02799179818895128,
        0.027679867214626737,
        0.027989202075534396,
        0.027980963389078777
    ],
    "decode_percentiles": {
        "10": 0.02760769791073269,
        "25": 0.02769806649949816,
        "50": 0.027985082732306585,
        "75": 0.029480901029374864,
        "90": 0.03220327960120307
    }
}