{
    "avg_prefill_latency": 0.08786644538243611,
    "prefill_latencies": [
        0.08518815040588379,
        0.0864400863647461,
        0.08641529083251953,
        0.08557271957397461,
        0.08621883392333984,
        0.10247111320495605,
        0.08799433708190918,
        0.08621644973754883,
        0.08608889579772949,
        0.0862734317779541,
        0.0856175422668457,
        0.08990049362182617
    ],
    "prefill_percentiles": {
        "10": 0.08557720184326172,
        "25": 0.08597105741500854,
        "50": 0.08624613285064697,
        "75": 0.08682864904403687,
        "90": 0.08970987796783447
    },
    "avg_decode_latency": 0.033214301974685105,
    "decode_latencies": [
        0.025426493750678167,
        0.02562435468037923,
        0.023460414674546983,
        0.023290846082899306,
        0.03360486030578613,
        0.11351680755615234,
        0.023770491282145183,
        0.023339721891615126,
        0.024163246154785156,
        0.030763785044352215,
        0.027780771255493164,
        0.02382983101738824
    ],
    "decode_percentiles": {
        "10": 0.023351791169908313,
        "25": 0.023692972130245633,
        "50": 0.02479486995273166,
        "75": 0.028526524702707928,
        "90": 0.03332075277964274
    }
}