{
    "avg_prefill_latency": 0.3666942318280538,
    "prefill_latencies": [
        0.3651280403137207,
        0.36487483978271484,
        0.36644482612609863,
        0.3647449016571045,
        0.36678457260131836,
        0.36612915992736816,
        0.3677492141723633,
        0.3684067726135254,
        0.36826395988464355,
        0.36782336235046387,
        0.36713552474975586,
        0.36684560775756836
    ],
    "prefill_percentiles": {
        "10": 0.3649001598358154,
        "25": 0.3658788800239563,
        "50": 0.36681509017944336,
        "75": 0.3677677512168884,
        "90": 0.3682199001312256
    },
    "avg_decode_latency": 0.014656894736819796,
    "decode_latencies": [
        0.015116982989841037,
        0.014600223965115018,
        0.01454207632276747,
        0.014659272299872505,
        0.014726426866319444,
        0.014747301737467447,
        0.014564116795857748,
        0.014554474088880751,
        0.014635456932915581,
        0.014505094952053495,
        0.014642927381727431,
        0.01458838250901964
    ],
    "decode_percentiles": {
        "10": 0.014543316099378797,
        "25": 0.0145617061191135,
        "50": 0.0146178404490153,
        "75": 0.014676060941484239,
        "90": 0.014745214250352648
    }
}