{
    "avg_prefill_latency": 0.14565022786458334,
    "prefill_latencies": [
        0.14391636848449707,
        0.14470434188842773,
        0.1514725685119629,
        0.1477069854736328,
        0.14506864547729492,
        0.14406633377075195,
        0.14554238319396973,
        0.14606809616088867,
        0.1446208953857422,
        0.1447277069091797,
        0.1444711685180664,
        0.14543724060058594
    ],
    "prefill_percentiles": {
        "10": 0.1441068172454834,
        "25": 0.14458346366882324,
        "50": 0.1448981761932373,
        "75": 0.14567381143569946,
        "90": 0.1475430965423584
    },
    "avg_decode_latency": 0.03377509558642352,
    "decode_latencies": [
        0.024023771286010742,
        0.024631182352701824,
        0.12843129369947645,
        0.025031010309855144,
        0.02426200442843967,
        0.02498075697157118,
        0.024718946880764432,
        0.029973215527004667,
        0.02520192994011773,
        0.024677938885158963,
        0.02451303270128038,
        0.024856064054701064
    ],
    "decode_percentiles": {
        "10": 0.02428710725572374,
        "25": 0.024601644939846463,
        "50": 0.02478750546773275,
        "75": 0.02507374021742079,
        "90": 0.029496086968315974
    }
}