{
    "avg_prefill_latency": 0.0726352334022522,
    "prefill_latencies": [
        0.0719606876373291,
        0.07294511795043945,
        0.07258844375610352,
        0.07275509834289551,
        0.07225489616394043,
        0.0728611946105957,
        0.07284975051879883,
        0.07284927368164062,
        0.07242274284362793,
        0.07309603691101074,
        0.07253074645996094,
        0.0725088119506836
    ],
    "prefill_percentiles": {
        "10": 0.07227168083190919,
        "25": 0.07248729467391968,
        "50": 0.07267177104949951,
        "75": 0.07285261154174805,
        "90": 0.07293672561645508
    },
    "avg_decode_latency": 0.02444750291329843,
    "decode_latencies": [
        0.024239407645331487,
        0.024527046415540908,
        0.024417903688218858,
        0.02385833528306749,
        0.024394061830308702,
        0.02422311570909288,
        0.023690356148613825,
        0.024666759702894423,
        0.025301774342854817,
        0.024878713819715712,
        0.024639103147718642,
        0.024533457226223417
    ],
    "decode_percentiles": {
        "10": 0.02389481332567003,
        "25": 0.024235334661271837,
        "50": 0.024472475051879883,
        "75": 0.024646017286512587,
        "90": 0.024857518408033585
    }
}