{
    "avg_prefill_latency": 0.0608440637588501,
    "prefill_latencies": [
        0.04663252830505371,
        0.29732823371887207,
        0.04014754295349121,
        0.03965187072753906,
        0.03752923011779785,
        0.037545204162597656,
        0.03789353370666504,
        0.0389857292175293,
        0.038668155670166016,
        0.039008378982543945,
        0.03862619400024414,
        0.03811216354370117
    ],
    "prefill_percentiles": {
        "10": 0.037580037117004396,
        "25": 0.03805750608444214,
        "50": 0.038826942443847656,
        "75": 0.0397757887840271,
        "90": 0.04598402976989746
    },
    "avg_decode_latency": 0.03036217557059394,
    "decode_latencies": [
        0.054311010572645396,
        0.0559073289235433,
        0.02737360530429416,
        0.025869819853040908,
        0.026409705479939777,
        0.0255026552412245,
        0.025130218929714628,
        0.024537748760647245,
        0.02459340625339084,
        0.0242769718170166,
        0.02507056130303277,
        0.02536307440863715
    ],
    "decode_percentiles": {
        "10": 0.024543314509921605,
        "25": 0.024951272540622287,
        "50": 0.025432864824930825,
        "75": 0.026650680436028373,
        "90": 0.05161727004581028
    }
}