{
    "avg_prefill_latency": 0.04152969519297282,
    "prefill_latencies": [
        0.04129171371459961,
        0.043033599853515625,
        0.04122757911682129,
        0.04144120216369629,
        0.04133725166320801,
        0.04150843620300293,
        0.04127001762390137,
        0.04166889190673828,
        0.041358232498168945,
        0.041362762451171875,
        0.0414125919342041,
        0.04144406318664551
    ],
    "prefill_percentiles": {
        "10": 0.04127218723297119,
        "25": 0.04132586717605591,
        "50": 0.04138767719268799,
        "75": 0.04146015644073486,
        "90": 0.04165284633636475
    },
    "avg_decode_latency": 0.014629311031765409,
    "decode_latencies": [
        0.01607383622063531,
        0.018984370761447482,
        0.014140023125542535,
        0.014071994357638888,
        0.013989316092597114,
        0.013906558354695639,
        0.014154301749335395,
        0.01392054557800293,
        0.013998561435275607,
        0.01405771573384603,
        0.01418598492940267,
        0.014068524042765299
    ],
    "decode_percentiles": {
        "10": 0.013927422629462349,
        "25": 0.013996250099605983,
        "50": 0.014070259200202093,
        "75": 0.014162222544352215,
        "90": 0.015885051091512045
    }
}