{
    "avg_prefill_latency": 0.03942175706227621,
    "prefill_latencies": [
        0.039765119552612305,
        0.039836883544921875,
        0.04002785682678223,
        0.03987622261047363,
        0.04311418533325195,
        0.03984975814819336,
        0.04007363319396973,
        0.04040122032165527,
        0.03768134117126465,
        0.03757071495056152,
        0.03751826286315918,
        0.03734588623046875
    ],
    "prefill_percentiles": {
        "10": 0.037523508071899414,
        "25": 0.03765368461608887,
        "50": 0.03984332084655762,
        "75": 0.0400393009185791,
        "90": 0.04036846160888672
    },
    "avg_decode_latency": 0.031630092196994364,
    "decode_latencies": [
        0.032448371251424156,
        0.03264435132344564,
        0.03261118464999729,
        0.037345170974731445,
        0.03231175740559896,
        0.03132266468471951,
        0.032702472474839955,
        0.030827442804972332,
        0.029370917214287653,
        0.02913641929626465,
        0.029233906004163954,
        0.02960644827948676
    ],
    "decode_percentiles": {
        "10": 0.029247607125176326,
        "25": 0.029547565513186984,
        "50": 0.031817211045159235,
        "75": 0.032619476318359375,
        "90": 0.03269666035970052
    }
}