{
    "avg_prefill_latency": 0.20060878992080688,
    "prefill_latencies": [
        0.1974179744720459,
        0.20642876625061035,
        0.2065722942352295,
        0.19835233688354492,
        0.20344305038452148,
        0.19971966743469238,
        0.19878125190734863,
        0.19905996322631836,
        0.19873929023742676,
        0.1987612247467041,
        0.1993412971496582,
        0.20068836212158203
    ],
    "prefill_percentiles": {
        "10": 0.19839103221893312,
        "25": 0.19875574111938477,
        "50": 0.19920063018798828,
        "75": 0.2013770341873169,
        "90": 0.20613019466400145
    },
    "avg_decode_latency": 0.03298356577202126,
    "decode_latencies": [
        0.02932164404127333,
        0.10214032067192926,
        0.026209592819213867,
        0.025825209087795682,
        0.025288846757676866,
        0.02748039033677843,
        0.02536100811428494,
        0.028230932023790147,
        0.025603055953979492,
        0.0255282719930013,
        0.025220288170708552,
        0.029593229293823242
    ],
    "decode_percentiles": {
        "10": 0.025296062893337672,
        "25": 0.02548645602332221,
        "50": 0.026017400953504775,
        "75": 0.028503610028160944,
        "90": 0.02956607076856825
    }
}