{
    "avg_prefill_latency": 0.28931329647699994,
    "prefill_latencies": [
        0.2899301052093506,
        0.28728675842285156,
        0.2891077995300293,
        0.2894287109375,
        0.28946852684020996,
        0.28901195526123047,
        0.2902853488922119,
        0.289292573928833,
        0.2888221740722656,
        0.28954029083251953,
        0.2887766361236572,
        0.29080867767333984
    ],
    "prefill_percentiles": {
        "10": 0.2887811899185181,
        "25": 0.28896450996398926,
        "50": 0.2893606424331665,
        "75": 0.2896377444267273,
        "90": 0.2902498245239258
    },
    "avg_decode_latency": 0.01588900883992513,
    "decode_latencies": [
        0.017728779051038954,
        0.015501287248399522,
        0.01557575331793891,
        0.015565686755710177,
        0.015527036454942491,
        0.01550526089138455,
        0.015948375066121418,
        0.016119639078776043,
        0.015721691979302302,
        0.015523248248630099,
        0.01578611797756619,
        0.016165230009290908
    ],
    "decode_percentiles": {
        "10": 0.015507059627109104,
        "25": 0.015526089403364394,
        "50": 0.015648722648620605,
        "75": 0.015991191069285073,
        "90": 0.01616067091623942
    }
}