{
    "avg_prefill_latency": 0.13678006331125894,
    "prefill_latencies": [
        0.11908674240112305,
        0.11984610557556152,
        0.11925172805786133,
        0.12262988090515137,
        0.12465572357177734,
        0.1190946102142334,
        0.11940979957580566,
        0.31812262535095215,
        0.12023043632507324,
        0.11907124519348145,
        0.1206965446472168,
        0.11926531791687012
    ],
    "prefill_percentiles": {
        "10": 0.11908752918243408,
        "25": 0.11921244859695435,
        "50": 0.1196279525756836,
        "75": 0.12117987871170044,
        "90": 0.12445313930511474
    },
    "avg_decode_latency": 0.040607567186708805,
    "decode_latencies": [
        0.03193614217970106,
        0.032213952806260854,
        0.033463742997911244,
        0.12643157111273873,
        0.03303122520446777,
        0.0395409001244439,
        0.0314784049987793,
        0.031614224116007485,
        0.03314881854587131,
        0.03108268313937717,
        0.031969017452663846,
        0.03138012356228299
    ],
    "decode_percentiles": {
        "10": 0.03138995170593262,
        "25": 0.03158026933670044,
        "50": 0.03209148512946235,
        "75": 0.03322754965888129,
        "90": 0.03893318441179064
    }
}