{
    "avg_prefill_latency": 0.08856322367986043,
    "prefill_latencies": [
        0.08478999137878418,
        0.0851128101348877,
        0.0850522518157959,
        0.08576369285583496,
        0.09457135200500488,
        0.09153079986572266,
        0.08453226089477539,
        0.08452916145324707,
        0.08579587936401367,
        0.1062929630279541,
        0.08896136283874512,
        0.08582615852355957
    ],
    "prefill_percentiles": {
        "10": 0.08455803394317626,
        "25": 0.08498668670654297,
        "50": 0.08577978610992432,
        "75": 0.0896037220954895,
        "90": 0.09426729679107666
    },
    "avg_decode_latency": 0.03602610914795487,
    "decode_latencies": [
        0.02646840943230523,
        0.026505523257785372,
        0.027829594082302518,
        0.043508052825927734,
        0.05921649932861328,
        0.029374255074395075,
        0.027036666870117188,
        0.028375493155585393,
        0.04398772451612684,
        0.04422529538472494,
        0.0493466854095459,
        0.026439110438028973
    ],
    "decode_percentiles": {
        "10": 0.026472120814853246,
        "25": 0.026903880967034235,
        "50": 0.028874874114990234,
        "75": 0.04404711723327637,
        "90": 0.048834546407063806
    }
}