{
    "avg_prefill_latency": 0.06985066334406535,
    "prefill_latencies": [
        0.06902408599853516,
        0.06908321380615234,
        0.06893134117126465,
        0.06907081604003906,
        0.06915140151977539,
        0.06837701797485352,
        0.06935524940490723,
        0.07070183753967285,
        0.06940507888793945,
        0.07288193702697754,
        0.07187008857727051,
        0.07035589218139648
    ],
    "prefill_percentiles": {
        "10": 0.0689406156539917,
        "25": 0.06905913352966309,
        "50": 0.06925332546234131,
        "75": 0.07044237852096558,
        "90": 0.07175326347351074
    },
    "avg_decode_latency": 0.028383996751573354,
    "decode_latencies": [
        0.027665959464179143,
        0.025867250230577257,
        0.026483244366115995,
        0.0266673035091824,
        0.02590142356024848,
        0.02706125047471788,
        0.028439548280504014,
        0.028841124640570745,
        0.03336254755655924,
        0.03106212615966797,
        0.03160195880466037,
        0.0276542239718967
    ],
    "decode_percentiles": {
        "10": 0.025959605640835232,
        "25": 0.0266212887234158,
        "50": 0.027660091718037922,
        "75": 0.02939637502034505,
        "90": 0.03154797554016113
    }
}