{
    "avg_prefill_latency": 0.037454068660736084,
    "prefill_latencies": [
        0.0349268913269043,
        0.039165496826171875,
        0.03968954086303711,
        0.035429954528808594,
        0.03556466102600098,
        0.03524303436279297,
        0.03602290153503418,
        0.03534412384033203,
        0.03481483459472656,
        0.04895305633544922,
        0.038138628005981445,
        0.03615570068359375
    ],
    "prefill_percentiles": {
        "10": 0.034958505630493165,
        "25": 0.035318851470947266,
        "50": 0.03579378128051758,
        "75": 0.03839534521102905,
        "90": 0.03963713645935059
    },
    "avg_decode_latency": 0.029994138964900264,
    "decode_latencies": [
        0.03017772568596734,
        0.03173359235127767,
        0.03149565060933431,
        0.02832264370388455,
        0.028160492579142254,
        0.028281609217325848,
        0.030183527204725478,
        0.02831202083163791,
        0.029693126678466797,
        0.03227090835571289,
        0.02966173489888509,
        0.03163663546244303
    ],
    "decode_percentiles": {
        "10": 0.028284650378757055,
        "25": 0.02831998798582289,
        "50": 0.02993542618221707,
        "75": 0.031530896822611496,
        "90": 0.03172389666239421
    }
}