{
    "avg_prefill_latency": 0.043732901414235435,
    "prefill_latencies": [
        0.043821096420288086,
        0.043485164642333984,
        0.04350161552429199,
        0.04343771934509277,
        0.04398322105407715,
        0.04382681846618652,
        0.04358673095703125,
        0.04355931282043457,
        0.04412508010864258,
        0.04379725456237793,
        0.043518781661987305,
        0.044152021408081055
    ],
    "prefill_percentiles": {
        "10": 0.043486809730529784,
        "25": 0.04351449012756348,
        "50": 0.04369199275970459,
        "75": 0.04386591911315918,
        "90": 0.044110894203186035
    },
    "avg_decode_latency": 0.0296571276806019,
    "decode_latencies": [
        0.029187785254584417,
        0.02908211284213596,
        0.02913379669189453,
        0.029556168450249568,
        0.029442442788018122,
        0.029265112347073026,
        0.029333935843573675,
        0.030775811937120225,
        0.029351896709865995,
        0.029550578859117296,
        0.0313470098707411,
        0.02985888057284885
    ],
    "decode_percentiles": {
        "10": 0.02913919554816352,
        "25": 0.029245780573950872,
        "50": 0.02939716974894206,
        "75": 0.029631846480899386,
        "90": 0.030684118800693088
    }
}