{
    "avg_prefill_latency": 0.01992785930633545,
    "prefill_latencies": [
        0.01990222930908203,
        0.01986527442932129,
        0.01970839500427246,
        0.019864797592163086,
        0.019845962524414062,
        0.019798755645751953,
        0.019690752029418945,
        0.019739866256713867,
        0.019779443740844727,
        0.019809961318969727,
        0.02130746841430664,
        0.0198214054107666
    ],
    "prefill_percentiles": {
        "10": 0.0197115421295166,
        "25": 0.01976954936981201,
        "50": 0.019815683364868164,
        "75": 0.019864916801452637,
        "90": 0.019898533821105957
    },
    "avg_decode_latency": 0.012688243830645526,
    "decode_latencies": [
        0.012627389695909288,
        0.01263827747768826,
        0.012618541717529297,
        0.013123326831393771,
        0.01264627774556478,
        0.012670331531100802,
        0.012692345513237847,
        0.012690358691745333,
        0.012630330191718208,
        0.012639628516303169,
        0.012670516967773438,
        0.012611601087782118
    ],
    "decode_percentiles": {
        "10": 0.012619426515367295,
        "25": 0.012629595067765977,
        "50": 0.012642953130933974,
        "75": 0.012675477398766411,
        "90": 0.012692146831088595
    }
}