{
    "avg_prefill_latency": 0.046380321184794106,
    "prefill_latencies": [
        0.03461313247680664,
        0.03327655792236328,
        0.03412675857543945,
        0.09491705894470215,
        0.05246329307556152,
        0.06266331672668457,
        0.044146060943603516,
        0.046279191970825195,
        0.03541684150695801,
        0.03523540496826172,
        0.034232378005981445,
        0.0491938591003418
    ],
    "prefill_percentiles": {
        "10": 0.03413732051849365,
        "25": 0.03451794385910034,
        "50": 0.03978145122528076,
        "75": 0.05001121759414673,
        "90": 0.06164331436157227
    },
    "avg_decode_latency": 0.03806072252768057,
    "decode_latencies": [
        0.03154264556037055,
        0.028663131925794814,
        0.042503913243611656,
        0.03828194406297472,
        0.037840551800198026,
        0.05082856284247504,
        0.03244389428032769,
        0.03154672516716851,
        0.04410227139790853,
        0.02988486819797092,
        0.056201934814453125,
        0.0328882270389133
    ],
    "decode_percentiles": {
        "10": 0.030050645934210883,
        "25": 0.03154570526546902,
        "50": 0.035364389419555664,
        "75": 0.042903502782185875,
        "90": 0.05015593369801839
    }
}