{
    "avg_prefill_latency": 0.08305720488230388,
    "prefill_latencies": [
        0.08818984031677246,
        0.08246278762817383,
        0.08231139183044434,
        0.08280801773071289,
        0.08298897743225098,
        0.08213663101196289,
        0.0835580825805664,
        0.08184647560119629,
        0.08286690711975098,
        0.08223104476928711,
        0.0824728012084961,
        0.08281350135803223
    ],
    "prefill_percentiles": {
        "10": 0.08214607238769531,
        "25": 0.08229130506515503,
        "50": 0.08264040946960449,
        "75": 0.08289742469787598,
        "90": 0.08350117206573486
    },
    "avg_decode_latency": 0.029213525630809648,
    "decode_latencies": [
        0.030199156867133245,
        0.027138948440551758,
        0.02914873758951823,
        0.04814971817864312,
        0.027105702294243708,
        0.02743400467766656,
        0.026201248168945312,
        0.026884211434258357,
        0.026671753989325628,
        0.026539776060316298,
        0.027401182386610243,
        0.027687867482503254
    ],
    "decode_percentiles": {
        "10": 0.02655297385321723,
        "25": 0.026831097073025174,
        "50": 0.027270065413581,
        "75": 0.028053085009256996,
        "90": 0.030094114939371745
    }
}