{
    "avg_prefill_latency": 0.04769668976465861,
    "prefill_latencies": [
        0.047441720962524414,
        0.0477902889251709,
        0.04768991470336914,
        0.04773592948913574,
        0.04714679718017578,
        0.04775810241699219,
        0.048183441162109375,
        0.04738187789916992,
        0.048194169998168945,
        0.04783129692077637,
        0.04778552055358887,
        0.04742121696472168
    ],
    "prefill_percentiles": {
        "10": 0.0473858118057251,
        "25": 0.04743659496307373,
        "50": 0.047747015953063965,
        "75": 0.047800540924072266,
        "90": 0.04814822673797607
    },
    "avg_decode_latency": 0.01364139053556654,
    "decode_latencies": [
        0.013595951928032769,
        0.013645807902018229,
        0.013945870929294162,
        0.01360789934794108,
        0.01372687021891276,
        0.013646072811550565,
        0.013565407858954536,
        0.013545857535468208,
        0.0136109987894694,
        0.013576719495985243,
        0.013681597179836698,
        0.013547632429334853
    ],
    "decode_percentiles": {
        "10": 0.013549409972296821,
        "25": 0.013573891586727567,
        "50": 0.01360944906870524,
        "75": 0.013654953903622098,
        "90": 0.013722342915005153
    }
}