{
    "avg_prefill_latency": 0.37229474385579425,
    "prefill_latencies": [
        0.37241101264953613,
        0.36965298652648926,
        0.37105822563171387,
        0.3727438449859619,
        0.37197279930114746,
        0.3689916133880615,
        0.3747732639312744,
        0.3749406337738037,
        0.372143030166626,
        0.37285470962524414,
        0.3734426498413086,
        0.37255215644836426
    ],
    "prefill_percentiles": {
        "10": 0.3697935104370117,
        "25": 0.37174415588378906,
        "50": 0.3724815845489502,
        "75": 0.37300169467926025,
        "90": 0.3746402025222778
    },
    "avg_decode_latency": 0.017458666253972938,
    "decode_latencies": [
        0.01801623238457574,
        0.01783111360337999,
        0.017671161227756076,
        0.01730669869316949,
        0.017235385047064886,
        0.01752291785346137,
        0.017341878679063585,
        0.017429908116658527,
        0.01740060912238227,
        0.017261796527438693,
        0.01716825697157118,
        0.01731803682115343
    ],
    "decode_percentiles": {
        "10": 0.017238026195102268,
        "25": 0.01729547315173679,
        "50": 0.01737124390072293,
        "75": 0.017559978697035045,
        "90": 0.0178151183658176
    }
}