{
    "avg_prefill_latency": 0.2306210994720459,
    "prefill_latencies": [
        0.23082828521728516,
        0.23214340209960938,
        0.22878479957580566,
        0.23053765296936035,
        0.2317647933959961,
        0.2322368621826172,
        0.23100781440734863,
        0.23054862022399902,
        0.22997355461120605,
        0.22974705696105957,
        0.23028230667114258,
        0.2295980453491211
    ],
    "prefill_percentiles": {
        "10": 0.22961294651031494,
        "25": 0.22991693019866943,
        "50": 0.2305431365966797,
        "75": 0.2311970591545105,
        "90": 0.23210554122924804
    },
    "avg_decode_latency": 0.01944490053035595,
    "decode_latencies": [
        0.020497825410630967,
        0.020797755983140733,
        0.019357045491536457,
        0.01922244495815701,
        0.019086917241414387,
        0.01918829811943902,
        0.019263055589463975,
        0.019154204262627497,
        0.019241677390204534,
        0.01929685804578993,
        0.019130786259969074,
        0.019101937611897785
    ],
    "decode_percentiles": {
        "10": 0.019104822476704916,
        "25": 0.01914834976196289,
        "50": 0.019232061174180772,
        "75": 0.019311904907226562,
        "90": 0.020383747418721516
    }
}