{
    "avg_prefill_latency": 0.01602723201115926,
    "prefill_latencies": [
        0.014930248260498047,
        0.015344381332397461,
        0.014636516571044922,
        0.014610767364501953,
        0.018683910369873047,
        0.019889354705810547,
        0.018990278244018555,
        0.014678716659545898,
        0.016181468963623047,
        0.014824867248535156,
        0.01488041877746582,
        0.01467585563659668
    ],
    "prefill_percentiles": {
        "10": 0.014640450477600098,
        "25": 0.014678001403808594,
        "50": 0.014905333518981934,
        "75": 0.016807079315185547,
        "90": 0.018959641456604004
    },
    "avg_decode_latency": 0.01419871383243137,
    "decode_latencies": [
        0.013812383015950521,
        0.014110353257921007,
        0.0142515500386556,
        0.014277484681871202,
        0.014010429382324219,
        0.017781654993693035,
        0.014894829856024848,
        0.01336436801486545,
        0.013540029525756836,
        0.01350357797410753,
        0.013330565558539497,
        0.013507339689466689
    ],
    "decode_percentiles": {
        "10": 0.013378289010789659,
        "25": 0.013506399260626899,
        "50": 0.013911406199137371,
        "75": 0.0142580336994595,
        "90": 0.014833095338609483
    }
}