{
    "avg_prefill_latency": 0.014219542344411215,
    "prefill_latencies": [
        0.014317035675048828,
        0.013397455215454102,
        0.013429403305053711,
        0.013447999954223633,
        0.013479471206665039,
        0.014394044876098633,
        0.013447761535644531,
        0.014273405075073242,
        0.014832496643066406,
        0.014873504638671875,
        0.015488624572753906,
        0.015253305435180664
    ],
    "prefill_percentiles": {
        "10": 0.013431239128112792,
        "25": 0.013447940349578857,
        "50": 0.014295220375061035,
        "75": 0.014842748641967773,
        "90": 0.015215325355529784
    },
    "avg_decode_latency": 0.013707924772191932,
    "decode_latencies": [
        0.0132243898179796,
        0.013175037172105577,
        0.013191249635484483,
        0.013366752200656466,
        0.013892041312323676,
        0.014558421240912544,
        0.01337975925869412,
        0.013781441582573785,
        0.013802793290879991,
        0.014069742626614042,
        0.01409557130601671,
        0.013957897822062174
    ],
    "decode_percentiles": {
        "10": 0.013194563653733995,
        "25": 0.013331161604987249,
        "50": 0.013792117436726887,
        "75": 0.013985859023200141,
        "90": 0.014092988438076442
    }
}