{
    "avg_prefill_latency": 0.013687610626220703,
    "prefill_latencies": [
        0.013659954071044922,
        0.013670682907104492,
        0.013700485229492188,
        0.013760089874267578,
        0.013650894165039062,
        0.013707876205444336,
        0.013699531555175781,
        0.013657808303833008,
        0.013805627822875977,
        0.013679742813110352,
        0.013646364212036133,
        0.01361227035522461
    ],
    "prefill_percentiles": {
        "10": 0.013646817207336426,
        "25": 0.013656079769134521,
        "50": 0.013675212860107422,
        "75": 0.013702332973480225,
        "90": 0.013754868507385254
    },
    "avg_decode_latency": 0.013561387856801351,
    "decode_latencies": [
        0.013519075181749132,
        0.013658523559570312,
        0.013458437389797635,
        0.01350108782450358,
        0.013918691211276583,
        0.013528214560614692,
        0.013515525394015841,
        0.013530863655938042,
        0.013462013668484159,
        0.013568931155734591,
        0.013540718290540908,
        0.013534572389390733
    ],
    "decode_percentiles": {
        "10": 0.013465921084086101,
        "25": 0.013511916001637776,
        "50": 0.013529539108276367,
        "75": 0.013547771506839328,
        "90": 0.01364956431918674
    }
}