{
    "avg_prefill_latency": 0.3827251394589742,
    "prefill_latencies": [
        0.3821399211883545,
        0.3811831474304199,
        0.3849315643310547,
        0.3832740783691406,
        0.3842325210571289,
        0.38339781761169434,
        0.3830444812774658,
        0.38230156898498535,
        0.3805675506591797,
        0.3840644359588623,
        0.3834247589111328,
        0.3801398277282715
    ],
    "prefill_percentiles": {
        "10": 0.3806291103363037,
        "25": 0.38190072774887085,
        "50": 0.3831592798233032,
        "75": 0.3835846781730652,
        "90": 0.38421571254730225
    },
    "avg_decode_latency": 0.016359978251987036,
    "decode_latencies": [
        0.01639723777770996,
        0.016397211286756728,
        0.016510883967081707,
        0.016398191452026367,
        0.016510115729437932,
        0.01635032229953342,
        0.016519917382134333,
        0.016331407758924697,
        0.016231563356187608,
        0.0162656307220459,
        0.016239616605970595,
        0.016167640686035156
    ],
    "decode_percentiles": {
        "10": 0.016232368681165905,
        "25": 0.01625912719302707,
        "50": 0.016373766793145075,
        "75": 0.01642617252137926,
        "90": 0.01651080714331733
    }
}