{
    "avg_prefill_latency": 0.018001059691111248,
    "prefill_latencies": [
        0.01736283302307129,
        0.018135547637939453,
        0.018845796585083008,
        0.018283367156982422,
        0.018958091735839844,
        0.018303632736206055,
        0.018495559692382812,
        0.017719507217407227,
        0.01760721206665039,
        0.01747298240661621,
        0.01747298240661621,
        0.01735520362854004
    ],
    "prefill_percentiles": {
        "10": 0.01737384796142578,
        "25": 0.01747298240661621,
        "50": 0.01792752742767334,
        "75": 0.018351614475250244,
        "90": 0.01881077289581299
    },
    "avg_decode_latency": 0.014040891770963316,
    "decode_latencies": [
        0.013273477554321289,
        0.01393474472893609,
        0.014575269487169053,
        0.015087631013658311,
        0.014656146367390951,
        0.014466630087958442,
        0.015111075507269965,
        0.013511339823404947,
        0.013934241400824653,
        0.013256973690456815,
        0.013391547732883029,
        0.013291623857286241
    ],
    "decode_percentiles": {
        "10": 0.013275292184617784,
        "25": 0.013366566763983831,
        "50": 0.013934493064880371,
        "75": 0.014595488707224527,
        "90": 0.015044482549031575
    }
}