{
    "avg_prefill_latency": 0.18598600228627524,
    "prefill_latencies": [
        0.1807718276977539,
        0.17925000190734863,
        0.17827773094177246,
        0.17879939079284668,
        0.17992877960205078,
        0.1777355670928955,
        0.18036293983459473,
        0.17769145965576172,
        0.17890143394470215,
        0.2659168243408203,
        0.1754589080810547,
        0.17873716354370117
    ],
    "prefill_percentiles": {
        "10": 0.1776958703994751,
        "25": 0.17814218997955322,
        "50": 0.17885041236877441,
        "75": 0.18003731966018677,
        "90": 0.180730938911438
    },
    "avg_decode_latency": 0.03052269529413294,
    "decode_latencies": [
        0.02956292364332411,
        0.029767433802286785,
        0.031177070405748155,
        0.029199997584025066,
        0.04006518257988824,
        0.030244906743367512,
        0.02964170773824056,
        0.030032555262247723,
        0.0311431884765625,
        0.028564506106906466,
        0.028363598717583552,
        0.028509272469414607
    ],
    "decode_percentiles": {
        "10": 0.028514795833163794,
        "25": 0.029041124714745417,
        "50": 0.029704570770263672,
        "75": 0.03046947717666626,
        "90": 0.03117368221282959
    }
}