{
    "avg_prefill_latency": 0.22553837299346924,
    "prefill_latencies": [
        0.22585177421569824,
        0.22747206687927246,
        0.22528982162475586,
        0.22130298614501953,
        0.22562003135681152,
        0.22515511512756348,
        0.2259521484375,
        0.22608566284179688,
        0.22507357597351074,
        0.22634434700012207,
        0.2262585163116455,
        0.22605443000793457
    ],
    "prefill_percentiles": {
        "10": 0.225081729888916,
        "25": 0.22525614500045776,
        "50": 0.22590196132659912,
        "75": 0.22612887620925903,
        "90": 0.22633576393127441
    },
    "avg_decode_latency": 0.038825154304504395,
    "decode_latencies": [
        0.03789133495754666,
        0.04612991544935438,
        0.03473472595214844,
        0.03463342454698351,
        0.045314656363593206,
        0.03499722480773926,
        0.03540208604600695,
        0.046751313739352755,
        0.03487655851576063,
        0.035195853975084096,
        0.035109519958496094,
        0.04486523734198676
    ],
    "decode_percentiles": {
        "10": 0.034748909208509655,
        "25": 0.0349670582347446,
        "50": 0.03529897001054552,
        "75": 0.04497759209738837,
        "90": 0.046048389540778265
    }
}