{
    "avg_prefill_latency": 0.09142732620239258,
    "prefill_latencies": [
        0.0924837589263916,
        0.09086084365844727,
        0.09170389175415039,
        0.09231376647949219,
        0.09138250350952148,
        0.0920569896697998,
        0.09158849716186523,
        0.09139895439147949,
        0.0911562442779541,
        0.09087610244750977,
        0.09088754653930664,
        0.09041881561279297
    ],
    "prefill_percentiles": {
        "10": 0.09086236953735352,
        "25": 0.09088468551635742,
        "50": 0.09139072895050049,
        "75": 0.09179216623306274,
        "90": 0.09228808879852295
    },
    "avg_decode_latency": 0.021194848749372695,
    "decode_latencies": [
        0.02038595411512587,
        0.02032009760538737,
        0.02056301964653863,
        0.020802842246161565,
        0.02040266990661621,
        0.02053017086452908,
        0.020609246359931097,
        0.02898030810885959,
        0.020688162909613714,
        0.020492898093329534,
        0.020269817776150174,
        0.020292997360229492
    ],
    "decode_percentiles": {
        "10": 0.02029570738474528,
        "25": 0.020369489987691246,
        "50": 0.020511534478929307,
        "75": 0.02062897549735175,
        "90": 0.02079137431250678
    }
}