{
    "avg_prefill_latency": 0.25756120681762695,
    "prefill_latencies": [
        0.2562375068664551,
        0.2586510181427002,
        0.2544741630554199,
        0.25641608238220215,
        0.2595515251159668,
        0.2591700553894043,
        0.25757622718811035,
        0.2584364414215088,
        0.2587268352508545,
        0.25865721702575684,
        0.25647997856140137,
        0.25635743141174316
    ],
    "prefill_percentiles": {
        "10": 0.2562494993209839,
        "25": 0.2564014196395874,
        "50": 0.25800633430480957,
        "75": 0.25867462158203125,
        "90": 0.25912573337554934
    },
    "avg_decode_latency": 0.027526455896872064,
    "decode_latencies": [
        0.02472964922587077,
        0.03505640559726291,
        0.02463600370619032,
        0.025006930033365887,
        0.024644798702663846,
        0.025706953472561307,
        0.025407870610555012,
        0.026112821367051866,
        0.04000663757324219,
        0.026033639907836914,
        0.0266159905327691,
        0.02635977003309462
    ],
    "decode_percentiles": {
        "10": 0.024653283754984538,
        "25": 0.024937609831492107,
        "50": 0.02587029669019911,
        "75": 0.02642382515801324,
        "90": 0.03421236409081353
    }
}