{
    "avg_prefill_latency": 0.23336368799209595,
    "prefill_latencies": [
        0.23233652114868164,
        0.23394155502319336,
        0.23369789123535156,
        0.2328624725341797,
        0.2307116985321045,
        0.234513521194458,
        0.23055195808410645,
        0.234116792678833,
        0.23403668403625488,
        0.23531651496887207,
        0.23428034782409668,
        0.23399829864501953
    ],
    "prefill_percentiles": {
        "10": 0.2308741807937622,
        "25": 0.23273098468780518,
        "50": 0.23396992683410645,
        "75": 0.23415768146514893,
        "90": 0.23449020385742186
    },
    "avg_decode_latency": 0.025337311956617568,
    "decode_latencies": [
        0.02450296613905165,
        0.02424751387702094,
        0.02340123388502333,
        0.02331839667426215,
        0.0236305660671658,
        0.03320558865865072,
        0.0245105160607232,
        0.02499964502122667,
        0.024852620230780706,
        0.02561253971523709,
        0.025077925788031682,
        0.026688231362236872
    ],
    "decode_percentiles": {
        "10": 0.023424167103237577,
        "25": 0.024093276924557157,
        "50": 0.024681568145751953,
        "75": 0.025211579269833036,
        "90": 0.026580662197536895
    }
}