{
    "avg_prefill_latency": 0.11604911088943481,
    "prefill_latencies": [
        0.11707806587219238,
        0.1157376766204834,
        0.1136159896850586,
        0.11650991439819336,
        0.11567449569702148,
        0.11641836166381836,
        0.11637473106384277,
        0.11666560173034668,
        0.11666584014892578,
        0.11508345603942871,
        0.1161038875579834,
        0.11666131019592285
    ],
    "prefill_percentiles": {
        "10": 0.115142560005188,
        "25": 0.11572188138961792,
        "50": 0.11639654636383057,
        "75": 0.11666238307952881,
        "90": 0.11666581630706788
    },
    "avg_decode_latency": 0.019171096660472727,
    "decode_latencies": [
        0.01859262254503038,
        0.019763946533203125,
        0.019480387369791668,
        0.018401596281263564,
        0.01874860127766927,
        0.018755674362182617,
        0.019586960474650066,
        0.01942239867316352,
        0.019315931532118056,
        0.019185092714097764,
        0.019348568386501737,
        0.019451379776000977
    ],
    "decode_percentiles": {
        "10": 0.01860822041829427,
        "25": 0.01875390609105428,
        "50": 0.019332249959309898,
        "75": 0.01945863167444865,
        "90": 0.019576303164164227
    }
}