{
    "avg_prefill_latency": 0.04594262440999349,
    "prefill_latencies": [
        0.04613494873046875,
        0.045389652252197266,
        0.04619312286376953,
        0.04570460319519043,
        0.04545235633850098,
        0.046213626861572266,
        0.04565787315368652,
        0.04626345634460449,
        0.046183109283447266,
        0.04595780372619629,
        0.04611921310424805,
        0.04604172706604004
    ],
    "prefill_percentiles": {
        "10": 0.045472908020019534,
        "25": 0.04569292068481445,
        "50": 0.04608047008514404,
        "75": 0.04618561267852783,
        "90": 0.04621157646179199
    },
    "avg_decode_latency": 0.013445178667704264,
    "decode_latencies": [
        0.013454755147298178,
        0.013415601518419053,
        0.013737943437364366,
        0.013384474648369683,
        0.013418012195163302,
        0.013430939780341255,
        0.013392580880059136,
        0.013431072235107422,
        0.013394832611083984,
        0.013427072101169162,
        0.013478755950927734,
        0.013376103507147895
    ],
    "decode_percentiles": {
        "10": 0.013385285271538629,
        "25": 0.013394269678327773,
        "50": 0.013422542148166232,
        "75": 0.013436992963155111,
        "90": 0.013476355870564779
    }
}