{
    "avg_prefill_latency": 0.10646581649780273,
    "prefill_latencies": [
        0.10581088066101074,
        0.10717177391052246,
        0.1089324951171875,
        0.10552692413330078,
        0.11093831062316895,
        0.10665249824523926,
        0.10698556900024414,
        0.10657668113708496,
        0.10565328598022461,
        0.10632872581481934,
        0.10423731803894043,
        0.10277533531188965
    ],
    "prefill_percentiles": {
        "10": 0.10436627864837647,
        "25": 0.10562169551849365,
        "50": 0.10645270347595215,
        "75": 0.10703212022781372,
        "90": 0.108756422996521
    },
    "avg_decode_latency": 0.036450090231718836,
    "decode_latencies": [
        0.03478142950269911,
        0.034989621904161244,
        0.04547296630011664,
        0.036058531867133245,
        0.03417332967122396,
        0.033702452977498375,
        0.04378607538011339,
        0.03347386254204644,
        0.03323456976148817,
        0.03352708286709256,
        0.04077813360426161,
        0.03342302640279134
    ],
    "decode_percentiles": {
        "10": 0.033428110016716854,
        "25": 0.03351377778583103,
        "50": 0.03447737958696154,
        "75": 0.03723843230141534,
        "90": 0.04348528120252822
    }
}