{
    "avg_prefill_latency": 0.012826780478159586,
    "prefill_latencies": [
        0.012794971466064453,
        0.012767791748046875,
        0.012769699096679688,
        0.012825489044189453,
        0.012808799743652344,
        0.012799501419067383,
        0.01279139518737793,
        0.012816667556762695,
        0.012782812118530273,
        0.013229846954345703,
        0.012768745422363281,
        0.012765645980834961
    ],
    "prefill_percentiles": {
        "10": 0.012767887115478516,
        "25": 0.012769460678100586,
        "50": 0.012793183326721191,
        "75": 0.012810766696929932,
        "90": 0.012824606895446778
    },
    "avg_decode_latency": 0.012879833027168558,
    "decode_latencies": [
        0.012820217344495986,
        0.012836906645033095,
        0.012868324915568033,
        0.01287894778781467,
        0.01293333371480306,
        0.012828773922390409,
        0.012941731346978081,
        0.012827979193793403,
        0.013023720847235786,
        0.012861437267727323,
        0.012838125228881836,
        0.012898498111300997
    ],
    "decode_percentiles": {
        "10": 0.012828058666653104,
        "25": 0.012834873464372423,
        "50": 0.012864881091647677,
        "75": 0.012907207012176514,
        "90": 0.01294089158376058
    }
}