{
    "avg_prefill_latency": 0.04634998242060343,
    "prefill_latencies": [
        0.0462946891784668,
        0.04548501968383789,
        0.04517245292663574,
        0.04567694664001465,
        0.04621315002441406,
        0.04645490646362305,
        0.04656481742858887,
        0.046564340591430664,
        0.04620051383972168,
        0.04688286781311035,
        0.04958224296569824,
        0.04510784149169922
    ],
    "prefill_percentiles": {
        "10": 0.04520370960235596,
        "25": 0.04562896490097046,
        "50": 0.04625391960144043,
        "75": 0.046564459800720215,
        "90": 0.046851062774658205
    },
    "avg_decode_latency": 0.017919789861749722,
    "decode_latencies": [
        0.017729626761542425,
        0.01797416475084093,
        0.01728775766160753,
        0.017801549699571397,
        0.01822286181979709,
        0.017841365602281358,
        0.018227789137098525,
        0.018637657165527344,
        0.01786979039510091,
        0.018019755681355793,
        0.0177407529619005,
        0.01768440670437283
    ],
    "decode_percentiles": {
        "10": 0.01768892871008979,
        "25": 0.01773797141181098,
        "50": 0.017855577998691134,
        "75": 0.018070532215966117,
        "90": 0.01822729640536838
    }
}