{
    "avg_prefill_latency": 0.026375532150268555,
    "prefill_latencies": [
        0.02635788917541504,
        0.026409149169921875,
        0.02676844596862793,
        0.02623891830444336,
        0.026401042938232422,
        0.026230812072753906,
        0.02636432647705078,
        0.026234149932861328,
        0.026435375213623047,
        0.02635812759399414,
        0.02631235122680664,
        0.026395797729492188
    ],
    "prefill_percentiles": {
        "10": 0.02623462677001953,
        "25": 0.02629399299621582,
        "50": 0.02636122703552246,
        "75": 0.026403069496154785,
        "90": 0.02643275260925293
    },
    "avg_decode_latency": 0.013189843407383673,
    "decode_latencies": [
        0.013141870498657227,
        0.013111750284830729,
        0.013192759619818794,
        0.01350622706943088,
        0.013118214077419706,
        0.01313479741414388,
        0.013109233644273546,
        0.013173341751098633,
        0.013379520840115018,
        0.013124412960476346,
        0.013149023056030273,
        0.013136969672309028
    ],
    "decode_percentiles": {
        "10": 0.013112396664089627,
        "25": 0.013122863239712186,
        "50": 0.013139420085483126,
        "75": 0.013178196218278673,
        "90": 0.013360844718085395
    }
}