{
    "avg_prefill_latency": 0.25131545464197796,
    "prefill_latencies": [
        0.25063014030456543,
        0.25091075897216797,
        0.25127577781677246,
        0.25107884407043457,
        0.2525815963745117,
        0.2532801628112793,
        0.24892973899841309,
        0.2530326843261719,
        0.2526986598968506,
        0.2520465850830078,
        0.2504293918609619,
        0.24889111518859863
    ],
    "prefill_percentiles": {
        "10": 0.24907970428466797,
        "25": 0.25057995319366455,
        "50": 0.2511773109436035,
        "75": 0.25261086225509644,
        "90": 0.2529992818832397
    },
    "avg_decode_latency": 0.02850682426381994,
    "decode_latencies": [
        0.025490760803222656,
        0.03626190291510688,
        0.025605201721191406,
        0.025547345479329426,
        0.02635373009575738,
        0.027165465884738497,
        0.027577108807033963,
        0.027314689424302842,
        0.04210612508985731,
        0.02683877944946289,
        0.02528577380710178,
        0.026535007688734267
    ],
    "decode_percentiles": {
        "10": 0.025496419270833334,
        "25": 0.02559073766072591,
        "50": 0.026686893569098577,
        "75": 0.027380294269985624,
        "90": 0.03539342350429959
    }
}