{
    "avg_prefill_latency": 0.011451979478200277,
    "prefill_latencies": [
        0.01141357421875,
        0.011418342590332031,
        0.011419534683227539,
        0.01140284538269043,
        0.011377096176147461,
        0.011411428451538086,
        0.011409282684326172,
        0.011433601379394531,
        0.01141047477722168,
        0.011481523513793945,
        0.011653423309326172,
        0.011592626571655273
    ],
    "prefill_percentiles": {
        "10": 0.011403489112854003,
        "25": 0.011410176753997803,
        "50": 0.011415958404541016,
        "75": 0.011445581912994385,
        "90": 0.011581516265869141
    },
    "avg_decode_latency": 0.01080803738700019,
    "decode_latencies": [
        0.010760015911526151,
        0.010763751135932075,
        0.010763724644978842,
        0.010765261120266385,
        0.01098677847120497,
        0.010767088996039497,
        0.010824150509304471,
        0.010763618681165908,
        0.010997533798217773,
        0.010770718256632486,
        0.010768678453233507,
        0.010765128665500216
    ],
    "decode_percentiles": {
        "10": 0.0107636292775472,
        "25": 0.010763744513193767,
        "50": 0.01076617505815294,
        "75": 0.010784076319800483,
        "90": 0.01097051567501492
    }
}