{
    "avg_prefill_latency": 0.1949458916982015,
    "prefill_latencies": [
        0.19476795196533203,
        0.19509673118591309,
        0.19472861289978027,
        0.19516468048095703,
        0.19492888450622559,
        0.19472074508666992,
        0.1951007843017578,
        0.1947021484375,
        0.19513297080993652,
        0.19474363327026367,
        0.1951448917388916,
        0.19511866569519043
    ],
    "prefill_percentiles": {
        "10": 0.19472153186798097,
        "25": 0.19473987817764282,
        "50": 0.19501280784606934,
        "75": 0.19512224197387695,
        "90": 0.1951436996459961
    },
    "avg_decode_latency": 0.037140656400609894,
    "decode_latencies": [
        0.034833802117241755,
        0.04317511452568902,
        0.03499611218770345,
        0.03485841221279568,
        0.03487205505371094,
        0.04365894529554579,
        0.034952004750569664,
        0.03491083780924479,
        0.04478624131944445,
        0.034881538814968534,
        0.03482945760091146,
        0.034933355119493276
    ],
    "decode_percentiles": {
        "10": 0.03483626312679715,
        "25": 0.03486864434348212,
        "50": 0.03492209646436903,
        "75": 0.037040862772199847,
        "90": 0.04361056221856011
    }
}