{
    "avg_prefill_latency": 0.05907219648361206,
    "prefill_latencies": [
        0.05904054641723633,
        0.05912017822265625,
        0.059061527252197266,
        0.05908775329589844,
        0.059046268463134766,
        0.059042930603027344,
        0.05905342102050781,
        0.05906844139099121,
        0.059044837951660156,
        0.059056758880615234,
        0.059206247329711914,
        0.05903744697570801
    ],
    "prefill_percentiles": {
        "10": 0.05904078483581543,
        "25": 0.05904436111450195,
        "50": 0.05905508995056152,
        "75": 0.05907326936721802,
        "90": 0.05911693572998047
    },
    "avg_decode_latency": 0.016126041059140808,
    "decode_latencies": [
        0.015693187713623047,
        0.015405310524834527,
        0.015408780839708116,
        0.015410052405463325,
        0.015408833821614584,
        0.015513685014512803,
        0.01542724503411187,
        0.01541386710272895,
        0.015404780705769857,
        0.023466110229492188,
        0.015530215369330512,
        0.015430423948499892
    ],
    "decode_percentiles": {
        "10": 0.015405657556321886,
        "25": 0.015408820576137967,
        "50": 0.01542055606842041,
        "75": 0.015517817603217231,
        "90": 0.015676890479193795
    }
}