{
    "avg_prefill_latency": 0.09822249412536621,
    "prefill_latencies": [
        0.09992551803588867,
        0.09808731079101562,
        0.0980081558227539,
        0.09806251525878906,
        0.0980367660522461,
        0.0980532169342041,
        0.09805107116699219,
        0.09802699089050293,
        0.09802818298339844,
        0.09807610511779785,
        0.0981743335723877,
        0.09813976287841797
    ],
    "prefill_percentiles": {
        "10": 0.09802711009979248,
        "25": 0.09803462028503418,
        "50": 0.09805786609649658,
        "75": 0.09810042381286621,
        "90": 0.09817087650299072
    },
    "avg_decode_latency": 0.016176349586910672,
    "decode_latencies": [
        0.015483379364013672,
        0.01547196176317003,
        0.015474398930867514,
        0.015468544430202909,
        0.015480226940578885,
        0.015494796964857314,
        0.015463087293836806,
        0.015457974539862739,
        0.015680498547024198,
        0.023646195729573567,
        0.015491035249498155,
        0.015504095289442275
    ],
    "decode_percentiles": {
        "10": 0.015463633007473417,
        "25": 0.01547110742992825,
        "50": 0.015481803152296279,
        "75": 0.015497121546003554,
        "90": 0.015662858221266007
    }
}