{
    "avg_prefill_latency": 0.24591688315073648,
    "prefill_latencies": [
        0.2458939552307129,
        0.24609136581420898,
        0.24560022354125977,
        0.24616003036499023,
        0.24667668342590332,
        0.2458937168121338,
        0.24564003944396973,
        0.2456972599029541,
        0.24569034576416016,
        0.24556231498718262,
        0.24613380432128906,
        0.24596285820007324
    ],
    "prefill_percentiles": {
        "10": 0.24560420513153075,
        "25": 0.24567776918411255,
        "50": 0.24589383602142334,
        "75": 0.246101975440979,
        "90": 0.24615740776062012
    },
    "avg_decode_latency": 0.05329176386197409,
    "decode_latencies": [
        0.059884953498840335,
        0.05022156238555908,
        0.04992640018463135,
        0.05993185043334961,
        0.05006587505340576,
        0.05062077045440674,
        0.04996805191040039,
        0.06006326675415039,
        0.04993119239807129,
        0.04998669624328613,
        0.05891549587249756,
        0.04998505115509033
    ],
    "decode_percentiles": {
        "10": 0.0499348783493042,
        "25": 0.049980801343917844,
        "50": 0.05014371871948242,
        "75": 0.05915786027908325,
        "90": 0.059927160739898684
    }
}