{
    "avg_prefill_latency": 0.18082726001739502,
    "prefill_latencies": [
        0.18081426620483398,
        0.18095684051513672,
        0.18074798583984375,
        0.18091130256652832,
        0.18078064918518066,
        0.18094134330749512,
        0.18076658248901367,
        0.1807715892791748,
        0.18079662322998047,
        0.18090224266052246,
        0.18078041076660156,
        0.1807572841644287
    ],
    "prefill_percentiles": {
        "10": 0.1807582139968872,
        "25": 0.18077033758163452,
        "50": 0.18078863620758057,
        "75": 0.18090450763702393,
        "90": 0.18093833923339844
    },
    "avg_decode_latency": 0.022161554407190396,
    "decode_latencies": [
        0.029404269324408636,
        0.021480189429389104,
        0.021478599972195096,
        0.021497646967569988,
        0.02146479818556044,
        0.021545436647203233,
        0.02171810468037923,
        0.021473593182033963,
        0.021472930908203125,
        0.021449353959825303,
        0.02147878540886773,
        0.02147494422064887
    ],
    "decode_percentiles": {
        "10": 0.021465611457824708,
        "25": 0.021473427613576256,
        "50": 0.021478692690531414,
        "75": 0.0215095943874783,
        "90": 0.021700837877061632
    }
}