{
    "avg_prefill_latency": 0.12382835149765015,
    "prefill_latencies": [
        0.1238405704498291,
        0.1238260269165039,
        0.12380313873291016,
        0.12393498420715332,
        0.12381863594055176,
        0.12381553649902344,
        0.12381219863891602,
        0.12386083602905273,
        0.12381792068481445,
        0.12379717826843262,
        0.12378787994384766,
        0.1238253116607666
    ],
    "prefill_percentiles": {
        "10": 0.12379777431488037,
        "25": 0.12380993366241455,
        "50": 0.1238182783126831,
        "75": 0.1238296627998352,
        "90": 0.12385880947113037
    },
    "avg_decode_latency": 0.011345556488743533,
    "decode_latencies": [
        0.011363665262858072,
        0.011385864681667753,
        0.011328034930759005,
        0.01134694947136773,
        0.011323849360148111,
        0.011325014962090386,
        0.01136175791422526,
        0.01134581036037869,
        0.01134385002983941,
        0.0113425784640842,
        0.011341995663113065,
        0.011337306764390733
    ],
    "decode_percentiles": {
        "10": 0.011325316958957249,
        "25": 0.011334988805982802,
        "50": 0.011343214246961806,
        "75": 0.011350651582082111,
        "90": 0.01136347452799479
    }
}