{
    "avg_prefill_latency": 0.021443724632263184,
    "prefill_latencies": [
        0.02144932746887207,
        0.021458864212036133,
        0.021443605422973633,
        0.021445035934448242,
        0.021484375,
        0.021457195281982422,
        0.021428823471069336,
        0.021442174911499023,
        0.021427631378173828,
        0.021416425704956055,
        0.02143549919128418,
        0.02143573760986328
    ],
    "prefill_percentiles": {
        "10": 0.02142775058746338,
        "25": 0.02143383026123047,
        "50": 0.021442890167236328,
        "75": 0.021451294422149658,
        "90": 0.021458697319030762
    },
    "avg_decode_latency": 0.011040005418989392,
    "decode_latencies": [
        0.011015388700697158,
        0.01102076636420356,
        0.011021587583753798,
        0.011045270495944552,
        0.011036210589938693,
        0.011074516508314345,
        0.011069165335761176,
        0.01109049055311415,
        0.01102839575873481,
        0.011031150817871094,
        0.011020819346110025,
        0.011026302973429361
    ],
    "decode_percentiles": {
        "10": 0.011020771662394206,
        "25": 0.011021395524342855,
        "50": 0.01102977328830295,
        "75": 0.011051244205898708,
        "90": 0.011073981391059029
    }
}