{
    "avg_prefill_latency": 0.05591688553492228,
    "prefill_latencies": [
        0.054978370666503906,
        0.05680346488952637,
        0.05633378028869629,
        0.05500316619873047,
        0.05546307563781738,
        0.05656790733337402,
        0.056412696838378906,
        0.05524015426635742,
        0.05492854118347168,
        0.05662107467651367,
        0.056940317153930664,
        0.0557100772857666
    ],
    "prefill_percentiles": {
        "10": 0.05498085021972656,
        "25": 0.055180907249450684,
        "50": 0.056021928787231445,
        "75": 0.056581199169158936,
        "90": 0.0567852258682251
    },
    "avg_decode_latency": 0.01487993973272818,
    "decode_latencies": [
        0.01488025983174642,
        0.014902671178181967,
        0.014855093426174588,
        0.014890140957302518,
        0.014897690878974067,
        0.014824231465657553,
        0.014791568120320639,
        0.014805449379814995,
        0.014862828784518771,
        0.014931095971001519,
        0.014887068006727431,
        0.015031178792317709
    ],
    "decode_percentiles": {
        "10": 0.014807327588399252,
        "25": 0.01484737793604533,
        "50": 0.014883663919236925,
        "75": 0.014898935953776043,
        "90": 0.014928253491719563
    }
}