{
    "avg_prefill_latency": 0.017849445343017578,
    "prefill_latencies": [
        0.017680644989013672,
        0.017899036407470703,
        0.017637014389038086,
        0.0178985595703125,
        0.017673969268798828,
        0.017955303192138672,
        0.017649412155151367,
        0.018693923950195312,
        0.017641305923461914,
        0.017874717712402344,
        0.017693758010864258,
        0.01789569854736328
    ],
    "prefill_percentiles": {
        "10": 0.017642116546630858,
        "25": 0.017667829990386963,
        "50": 0.0177842378616333,
        "75": 0.01789867877960205,
        "90": 0.017949676513671874
    },
    "avg_decode_latency": 0.013781044218275284,
    "decode_latencies": [
        0.013632165061102973,
        0.013772249221801758,
        0.013684219784206815,
        0.01369847191704644,
        0.013771348529391818,
        0.014640437232123481,
        0.013601038191053603,
        0.013701147503323026,
        0.013613065083821615,
        0.013633595572577583,
        0.01361997922261556,
        0.014004813300238715
    ],
    "decode_percentiles": {
        "10": 0.01361375649770101,
        "25": 0.013629118601481121,
        "50": 0.013691345850626629,
        "75": 0.013771573702494303,
        "90": 0.01398155689239502
    }
}