{
    "avg_prefill_latency": 0.01552039384841919,
    "prefill_latencies": [
        0.015258550643920898,
        0.015241146087646484,
        0.01532435417175293,
        0.015322208404541016,
        0.015318870544433594,
        0.016684532165527344,
        0.015121698379516602,
        0.016071796417236328,
        0.015429019927978516,
        0.015453100204467773,
        0.015372514724731445,
        0.015646934509277344
    ],
    "prefill_percentiles": {
        "10": 0.015242886543273926,
        "25": 0.01530379056930542,
        "50": 0.015348434448242188,
        "75": 0.015501558780670166,
        "90": 0.01602931022644043
    },
    "avg_decode_latency": 0.014623319661175763,
    "decode_latencies": [
        0.014658451080322266,
        0.014486498302883573,
        0.014524989657931857,
        0.014597495396931967,
        0.015294180976019965,
        0.01451057857937283,
        0.014545520146687826,
        0.014516300625271268,
        0.014547877841525607,
        0.014580938551161025,
        0.014636834462483725,
        0.014580170313517252
    ],
    "decode_percentiles": {
        "10": 0.014511150783962675,
        "25": 0.01452281739976671,
        "50": 0.014564024077521429,
        "75": 0.014607330163319906,
        "90": 0.014656289418538412
    }
}