{
    "avg_prefill_latency": 0.11527530352274577,
    "prefill_latencies": [
        0.11527729034423828,
        0.11532759666442871,
        0.11438536643981934,
        0.11439871788024902,
        0.11626172065734863,
        0.11917400360107422,
        0.11560606956481934,
        0.11553549766540527,
        0.11610651016235352,
        0.11299657821655273,
        0.11522912979125977,
        0.11300516128540039
    ],
    "prefill_percentiles": {
        "10": 0.11314318180084229,
        "25": 0.1143953800201416,
        "50": 0.1153024435043335,
        "75": 0.11573117971420288,
        "90": 0.11624619960784913
    },
    "avg_decode_latency": 0.023395421107610063,
    "decode_latencies": [
        0.02369735240936279,
        0.02334468364715576,
        0.023512911796569825,
        0.023182320594787597,
        0.023427510261535646,
        0.023227238655090333,
        0.02316622734069824,
        0.02375659942626953,
        0.023969292640686035,
        0.023125624656677245,
        0.02322978973388672,
        0.023105502128601074
    ],
    "decode_percentiles": {
        "10": 0.023129684925079344,
        "25": 0.023178297281265258,
        "50": 0.02328723669052124,
        "75": 0.023559021949768066,
        "90": 0.023750674724578855
    }
}