{
    "avg_prefill_latency": 0.2340373396873474,
    "prefill_latencies": [
        0.2331392765045166,
        0.2341916561126709,
        0.23496675491333008,
        0.2342514991760254,
        0.233504056930542,
        0.23018860816955566,
        0.23418664932250977,
        0.2339153289794922,
        0.23459601402282715,
        0.23471736907958984,
        0.23385858535766602,
        0.23693227767944336
    ],
    "prefill_percentiles": {
        "10": 0.23317575454711914,
        "25": 0.233769953250885,
        "50": 0.23418915271759033,
        "75": 0.23462635278701782,
        "90": 0.23494181632995606
    },
    "avg_decode_latency": 0.028899760157973672,
    "decode_latencies": [
        0.029727194044325087,
        0.028561459647284612,
        0.029641204410129122,
        0.02838918897840712,
        0.02898330158657498,
        0.028497616449991863,
        0.02827673488193088,
        0.02872618039449056,
        0.028488715489705402,
        0.029894431432088215,
        0.028533008363511827,
        0.029078086217244465
    ],
    "decode_percentiles": {
        "10": 0.028399141629536946,
        "25": 0.02849539120992025,
        "50": 0.028643820020887584,
        "75": 0.02921886576546563,
        "90": 0.02971859508090549
    }
}