{
    "avg_prefill_latency": 0.2676140268643697,
    "prefill_latencies": [
        0.2692234516143799,
        0.2677884101867676,
        0.2682666778564453,
        0.2679760456085205,
        0.266709566116333,
        0.26746487617492676,
        0.26759910583496094,
        0.26859378814697266,
        0.266538143157959,
        0.2655937671661377,
        0.2680842876434326,
        0.2675302028656006
    ],
    "prefill_percentiles": {
        "10": 0.26655528545379636,
        "25": 0.2672760486602783,
        "50": 0.26769375801086426,
        "75": 0.2681298851966858,
        "90": 0.26856107711791993
    },
    "avg_decode_latency": 0.0376357943923385,
    "decode_latencies": [
        0.03930324978298611,
        0.036755667792426214,
        0.03670954704284668,
        0.03488545947604709,
        0.03934791353013781,
        0.03950455453660753,
        0.03572890493604872,
        0.03595179981655545,
        0.03469668494330512,
        0.03955295350816515,
        0.03963584370083279,
        0.039556953642103404
    ],
    "decode_percentiles": {
        "10": 0.03496980402204725,
        "25": 0.03589607609642877,
        "50": 0.038029458787706166,
        "75": 0.03951665427949694,
        "90": 0.03955655362870958
    }
}