{
    "avg_prefill_latency": 0.7906148036321005,
    "prefill_latencies": [
        0.788006067276001,
        0.7882826328277588,
        0.7870404720306396,
        0.791795015335083,
        0.7909538745880127,
        0.7905008792877197,
        0.7895417213439941,
        0.7909989356994629,
        0.790947675704956,
        0.7919673919677734,
        0.7949604988098145,
        0.7923824787139893
    ],
    "prefill_percentiles": {
        "10": 0.7880337238311768,
        "25": 0.7892269492149353,
        "50": 0.7909507751464844,
        "75": 0.7918381094932556,
        "90": 0.7923409700393677
    },
    "avg_decode_latency": 0.03457895031681767,
    "decode_latencies": [
        0.029360718197292753,
        0.029520750045776367,
        0.028696325090196397,
        0.032921181784735784,
        0.029355472988552518,
        0.02967201338873969,
        0.02989559703403049,
        0.029849555757310655,
        0.02946260240342882,
        0.07830574777391222,
        0.036493380864461265,
        0.03141405847337511
    ],
    "decode_percentiles": {
        "10": 0.02935599750942654,
        "25": 0.029437131351894803,
        "50": 0.029760784573025174,
        "75": 0.031790839301215276,
        "90": 0.036136160956488715
    }
}