{
    "avg_prefill_latency": 0.1354719599088033,
    "prefill_latencies": [
        0.13417983055114746,
        0.13512969017028809,
        0.135298490524292,
        0.13543248176574707,
        0.1355597972869873,
        0.13558697700500488,
        0.13555693626403809,
        0.1359548568725586,
        0.13556456565856934,
        0.1367475986480713,
        0.13533473014831543,
        0.13531756401062012
    ],
    "prefill_percentiles": {
        "10": 0.1351465702056885,
        "25": 0.13531279563903809,
        "50": 0.13549470901489258,
        "75": 0.13557016849517822,
        "90": 0.1359180688858032
    },
    "avg_decode_latency": 0.039789771592175525,
    "decode_latencies": [
        0.04048546155293783,
        0.0422414673699273,
        0.044219652811686196,
        0.03895892037285699,
        0.03863207499186198,
        0.03860049777560764,
        0.03915762901306152,
        0.03875030411614312,
        0.03883515463935004,
        0.039602571063571505,
        0.03921869066026476,
        0.03877483473883735
    ],
    "decode_percentiles": {
        "10": 0.03864389790429009,
        "25": 0.03876870208316379,
        "50": 0.039058274692959256,
        "75": 0.039823293685913086,
        "90": 0.04206586678822836
    }
}