{
    "avg_prefill_latency": 0.25079121192296344,
    "prefill_latencies": [
        0.25091028213500977,
        0.2502284049987793,
        0.2502927780151367,
        0.251751184463501,
        0.25098586082458496,
        0.25037240982055664,
        0.2502570152282715,
        0.25113368034362793,
        0.2504854202270508,
        0.25058746337890625,
        0.2512996196746826,
        0.2511904239654541
    ],
    "prefill_percentiles": {
        "10": 0.250260591506958,
        "25": 0.25035250186920166,
        "50": 0.250748872756958,
        "75": 0.2511478662490845,
        "90": 0.25128870010375975
    },
    "avg_decode_latency": 0.03821380491609926,
    "decode_latencies": [
        0.03542643123202854,
        0.035373157925075956,
        0.03564985593159994,
        0.03806755277845594,
        0.036792251798841685,
        0.03518899281819662,
        0.03517911169264051,
        0.036784119076199,
        0.037144316567315,
        0.0573980278438992,
        0.03846573829650879,
        0.037096103032430015
    ],
    "decode_percentiles": {
        "10": 0.035207409328884554,
        "25": 0.035413112905290395,
        "50": 0.03678818543752034,
        "75": 0.03737512562010023,
        "90": 0.0384259197447035
    }
}