{
    "avg_prefill_latency": 0.5969558159510294,
    "prefill_latencies": [
        0.5964353084564209,
        0.5954148769378662,
        0.5983459949493408,
        0.5995914936065674,
        0.5967504978179932,
        0.5960445404052734,
        0.5938048362731934,
        0.5959248542785645,
        0.595207929611206,
        0.5978567600250244,
        0.5973696708679199,
        0.6007230281829834
    ],
    "prefill_percentiles": {
        "10": 0.595228624343872,
        "25": 0.5957973599433899,
        "50": 0.596592903137207,
        "75": 0.5979790687561035,
        "90": 0.5994669437408447
    },
    "avg_decode_latency": 0.04071391291088528,
    "decode_latencies": [
        0.0343015193939209,
        0.034516996807522245,
        0.03369243939717611,
        0.03471255302429199,
        0.03380446963840061,
        0.037202411227756076,
        0.03471101654900445,
        0.03523903422885471,
        0.03624664412604438,
        0.036859353383382164,
        0.10337069299485949,
        0.03390982415941027
    ],
    "decode_percentiles": {
        "10": 0.033815005090501574,
        "25": 0.03420359558529324,
        "50": 0.03471178478664822,
        "75": 0.03639982144037882,
        "90": 0.03716810544331869
    }
}