{
    "avg_prefill_latency": 0.12849936882654825,
    "prefill_latencies": [
        0.12466835975646973,
        0.1265552043914795,
        0.1266336441040039,
        0.12682008743286133,
        0.12647724151611328,
        0.1269676685333252,
        0.12751460075378418,
        0.1473526954650879,
        0.126631498336792,
        0.12884211540222168,
        0.1266922950744629,
        0.12683701515197754
    ],
    "prefill_percentiles": {
        "10": 0.1264850378036499,
        "25": 0.12661242485046387,
        "50": 0.1267561912536621,
        "75": 0.12710440158843994,
        "90": 0.12870936393737792
    },
    "avg_decode_latency": 0.028507786768454096,
    "decode_latencies": [
        0.02778736750284831,
        0.030383083555433486,
        0.02784011099073622,
        0.027882814407348633,
        0.02770641114976671,
        0.028832091225518122,
        0.029112736384073894,
        0.03230402204725477,
        0.027647018432617188,
        0.02725084622701009,
        0.02763435575697157,
        0.027712583541870117
    ],
    "decode_percentiles": {
        "10": 0.027635622024536132,
        "25": 0.02769156297047933,
        "50": 0.027813739246792264,
        "75": 0.028902252515157066,
        "90": 0.030256048838297526
    }
}