{
    "avg_prefill_latency": 0.050001959005991616,
    "prefill_latencies": [
        0.04246664047241211,
        0.05069565773010254,
        0.04423809051513672,
        0.06028461456298828,
        0.061414241790771484,
        0.044782161712646484,
        0.04421067237854004,
        0.04332399368286133,
        0.052959442138671875,
        0.06135702133178711,
        0.05089068412780762,
        0.04340028762817383
    ],
    "prefill_percentiles": {
        "10": 0.04333162307739258,
        "25": 0.044008076190948486,
        "50": 0.04773890972137451,
        "75": 0.05479073524475098,
        "90": 0.06124978065490723
    },
    "avg_decode_latency": 0.03739774006384391,
    "decode_latencies": [
        0.033915042877197266,
        0.03602957725524902,
        0.034544785817464195,
        0.038395855161878795,
        0.03744247224595812,
        0.036519368489583336,
        0.03609328799777561,
        0.03879576259189182,
        0.03845018810696072,
        0.040482282638549805,
        0.03892366091410319,
        0.039180596669514976
    ],
    "decode_percentiles": {
        "10": 0.03469326496124268,
        "25": 0.03607736031214396,
        "50": 0.03791916370391846,
        "75": 0.03882773717244466,
        "90": 0.0391549030939738
    }
}