{
    "avg_prefill_latency": 0.20593315362930298,
    "prefill_latencies": [
        0.2221851348876953,
        0.20886945724487305,
        0.2053680419921875,
        0.2025434970855713,
        0.20337820053100586,
        0.20168566703796387,
        0.20282578468322754,
        0.20387959480285645,
        0.20989537239074707,
        0.20299005508422852,
        0.2037515640258789,
        0.2038254737854004
    ],
    "prefill_percentiles": {
        "10": 0.20257172584533692,
        "25": 0.20294898748397827,
        "50": 0.20378851890563965,
        "75": 0.2062433958053589,
        "90": 0.20979278087615966
    },
    "avg_decode_latency": 0.04126847231829608,
    "decode_latencies": [
        0.04714669121636285,
        0.09956396950615777,
        0.027968168258666992,
        0.028052356508043077,
        0.02755459149678548,
        0.027346187167697482,
        0.02779992421468099,
        0.08900162908766004,
        0.03533376587761773,
        0.028567128711276583,
        0.028362353642781574,
        0.028524902131822374
    ],
    "decode_percentiles": {
        "10": 0.02757912476857503,
        "25": 0.02792610724767049,
        "50": 0.028443627887301974,
        "75": 0.03828699721230401,
        "90": 0.08481613530053034
    }
}