{
    "avg_prefill_latency": 0.4101444085439046,
    "prefill_latencies": [
        0.4101090431213379,
        0.4098637104034424,
        0.4092717170715332,
        0.4093818664550781,
        0.4111053943634033,
        0.41019225120544434,
        0.4097483158111572,
        0.41042470932006836,
        0.4103965759277344,
        0.4100790023803711,
        0.4108757972717285,
        0.41028451919555664
    ],
    "prefill_percentiles": {
        "10": 0.409418511390686,
        "25": 0.4098348617553711,
        "50": 0.4101506471633911,
        "75": 0.41040360927581787,
        "90": 0.4108306884765625
    },
    "avg_decode_latency": 0.03116445629685013,
    "decode_latencies": [
        0.029566129048665363,
        0.030445257822672527,
        0.03000317679511176,
        0.037889056735568576,
        0.03257144822014703,
        0.02978552712334527,
        0.033502419789632164,
        0.029590606689453125,
        0.03075604968600803,
        0.03037828869289822,
        0.029344346788194444,
        0.0301411681705051
    ],
    "decode_percentiles": {
        "10": 0.02956857681274414,
        "25": 0.029736797014872234,
        "50": 0.03025972843170166,
        "75": 0.03120989931954278,
        "90": 0.033409322632683654
    }
}