{
    "avg_prefill_latency": 0.06345504522323608,
    "prefill_latencies": [
        0.06307244300842285,
        0.0630795955657959,
        0.06307625770568848,
        0.06317973136901855,
        0.06320595741271973,
        0.06458592414855957,
        0.06287813186645508,
        0.06306004524230957,
        0.0643916130065918,
        0.06515145301818848,
        0.06299805641174316,
        0.06278133392333984
    ],
    "prefill_percentiles": {
        "10": 0.06289012432098388,
        "25": 0.06304454803466797,
        "50": 0.06307792663574219,
        "75": 0.06350237131118774,
        "90": 0.06456649303436279
    },
    "avg_decode_latency": 0.031043498604385936,
    "decode_latencies": [
        0.02879036797417535,
        0.02952008777194553,
        0.02894849247402615,
        0.031179507573445637,
        0.030778964360555012,
        0.02902356783548991,
        0.028977182176378038,
        0.03024633725484212,
        0.04226183891296387,
        0.03507359822591146,
        0.028922743267483182,
        0.02879929542541504
    ],
    "decode_percentiles": {
        "10": 0.028811640209621854,
        "25": 0.02894205517239041,
        "50": 0.029271827803717718,
        "75": 0.030879100163777668,
        "90": 0.03468418916066488
    }
}