{
    "avg_prefill_latency": 0.0424497127532959,
    "prefill_latencies": [
        0.057721614837646484,
        0.04812908172607422,
        0.044351816177368164,
        0.04223346710205078,
        0.040059804916381836,
        0.037323713302612305,
        0.043473243713378906,
        0.0361175537109375,
        0.039328813552856445,
        0.03998303413391113,
        0.040288686752319336,
        0.04038572311401367
    ],
    "prefill_percentiles": {
        "10": 0.03752422332763672,
        "25": 0.03981947898864746,
        "50": 0.040337204933166504,
        "75": 0.04369288682937622,
        "90": 0.047751355171203616
    },
    "avg_decode_latency": 0.0324054205859149,
    "decode_latencies": [
        0.03867552015516493,
        0.030265092849731445,
        0.03331385718451606,
        0.029716306262546115,
        0.03156322903103299,
        0.032284180323282875,
        0.039397981431749135,
        0.03183706601460775,
        0.031035105387369793,
        0.029567268159654405,
        0.029478973812527128,
        0.031730466418796115
    ],
    "decode_percentiles": {
        "10": 0.029582171969943578,
        "25": 0.030127896202935114,
        "50": 0.03164684772491455,
        "75": 0.03254159953859117,
        "90": 0.03813935385810004
    }
}