{
    "avg_prefill_latency": 0.0619272788365682,
    "prefill_latencies": [
        0.0630044937133789,
        0.062032222747802734,
        0.06241726875305176,
        0.06155037879943848,
        0.06216144561767578,
        0.06213068962097168,
        0.06146693229675293,
        0.06146645545959473,
        0.06128120422363281,
        0.061615705490112305,
        0.06179380416870117,
        0.06220674514770508
    ],
    "prefill_percentiles": {
        "10": 0.06146650314331055,
        "25": 0.06152951717376709,
        "50": 0.06191301345825195,
        "75": 0.062172770500183105,
        "90": 0.06239621639251709
    },
    "avg_decode_latency": 0.03844349031095152,
    "decode_latencies": [
        0.0369167062971327,
        0.03656959533691406,
        0.03665068414476183,
        0.039312813017103404,
        0.0369668271806505,
        0.03676178720262316,
        0.036004066467285156,
        0.03643462393018934,
        0.05506669150458442,
        0.03617535697089301,
        0.03773225678337945,
        0.03673047489590115
    ],
    "decode_percentiles": {
        "10": 0.036201283666822646,
        "25": 0.03653585248523288,
        "50": 0.03674613104926215,
        "75": 0.03715818458133274,
        "90": 0.03915475739373101
    }
}