{
    "avg_prefill_latency": 0.17889960606892905,
    "prefill_latencies": [
        0.11992859840393066,
        0.12089800834655762,
        0.12087202072143555,
        0.12110042572021484,
        0.8191165924072266,
        0.12147736549377441,
        0.12085938453674316,
        0.12048006057739258,
        0.12061667442321777,
        0.12093019485473633,
        0.1199793815612793,
        0.12053656578063965
    ],
    "prefill_percentiles": {
        "10": 0.12002944946289062,
        "25": 0.12052243947982788,
        "50": 0.12086570262908936,
        "75": 0.12097275257110596,
        "90": 0.12143967151641846
    },
    "avg_decode_latency": 0.041824142138163246,
    "decode_latencies": [
        0.0404921637641059,
        0.04003702269660102,
        0.04070745574103461,
        0.04902842309739855,
        0.047020541297064886,
        0.04129921065436469,
        0.04108656777275933,
        0.04108066029018826,
        0.04059465726216634,
        0.04024065865410699,
        0.04024010234408908,
        0.04006224208407932
    ],
    "decode_percentiles": {
        "10": 0.040080028110080296,
        "25": 0.04024051957660251,
        "50": 0.040651056501600474,
        "75": 0.04113972849316067,
        "90": 0.04644840823279487
    }
}