{
    "avg_prefill_latency": 0.11175674200057983,
    "prefill_latencies": [
        0.1080176830291748,
        0.10838127136230469,
        0.10854411125183105,
        0.11551904678344727,
        0.1280961036682129,
        0.11470174789428711,
        0.11284184455871582,
        0.1090083122253418,
        0.1094970703125,
        0.10947704315185547,
        0.10848116874694824,
        0.10851550102233887
    ],
    "prefill_percentiles": {
        "10": 0.10839126110076905,
        "25": 0.10850691795349121,
        "50": 0.10924267768859863,
        "75": 0.11330682039260864,
        "90": 0.11543731689453125
    },
    "avg_decode_latency": 0.045568671491411,
    "decode_latencies": [
        0.03291723463270399,
        0.033338705698649086,
        0.038223610983954534,
        0.07671184009975857,
        0.045943127738104925,
        0.11554678281148274,
        0.03542455037434896,
        0.03452616267734104,
        0.033929162555270724,
        0.03336066669887967,
        0.03365619977315267,
        0.033246013853285045
    ],
    "decode_percentiles": {
        "10": 0.03325528303782145,
        "25": 0.03335517644882202,
        "50": 0.03422766261630588,
        "75": 0.04015349017249213,
        "90": 0.07363496886359322
    }
}