{
    "avg_prefill_latency": 0.33318551381429035,
    "prefill_latencies": [
        0.31801414489746094,
        0.3168001174926758,
        0.31710386276245117,
        0.3169877529144287,
        0.3172154426574707,
        0.317293643951416,
        0.31821751594543457,
        0.5063176155090332,
        0.3168025016784668,
        0.3181006908416748,
        0.3170437812805176,
        0.3183290958404541
    ],
    "prefill_percentiles": {
        "10": 0.316821026802063,
        "25": 0.31702977418899536,
        "50": 0.31725454330444336,
        "75": 0.31812989711761475,
        "90": 0.31831793785095214
    },
    "avg_decode_latency": 0.06836548116472033,
    "decode_latencies": [
        0.06222176551818848,
        0.0915581120385064,
        0.06308809916178386,
        0.06220547358194987,
        0.08610134654574925,
        0.061936537424723305,
        0.06415685017903645,
        0.06125031577216254,
        0.06140107578701443,
        0.08244874742296007,
        0.0621794064839681,
        0.06183804406060113
    ],
    "decode_percentiles": {
        "10": 0.0614447726143731,
        "25": 0.06191191408369276,
        "50": 0.06221361955006917,
        "75": 0.06872982449001735,
        "90": 0.08573608663347033
    }
}