{
    "avg_prefill_latency": 0.038672308127085366,
    "prefill_latencies": [
        0.03772401809692383,
        0.03885698318481445,
        0.03803730010986328,
        0.03784775733947754,
        0.04295468330383301,
        0.03943610191345215,
        0.03783774375915527,
        0.03827548027038574,
        0.03964591026306152,
        0.03739428520202637,
        0.03762006759643555,
        0.0384373664855957
    ],
    "prefill_percentiles": {
        "10": 0.037630462646484376,
        "25": 0.03780931234359741,
        "50": 0.03815639019012451,
        "75": 0.03900176286697388,
        "90": 0.039624929428100586
    },
    "avg_decode_latency": 0.027544293138715956,
    "decode_latencies": [
        0.027355114618937176,
        0.027096271514892578,
        0.027054336335923936,
        0.028960837258232966,
        0.027639521492852107,
        0.02721865971883138,
        0.02712935871548123,
        0.028213686413235135,
        0.027178843816121418,
        0.027007235421074763,
        0.0278015931447347,
        0.02787605921427409
    ],
    "decode_percentiles": {
        "10": 0.0270585298538208,
        "25": 0.027121086915334068,
        "50": 0.027286887168884277,
        "75": 0.027820209662119545,
        "90": 0.02817992369333903
    }
}