{
    "avg_prefill_latency": 0.04355686902999878,
    "prefill_latencies": [
        0.04348611831665039,
        0.04405999183654785,
        0.04349994659423828,
        0.04365849494934082,
        0.04321146011352539,
        0.04382038116455078,
        0.042994022369384766,
        0.04308605194091797,
        0.04367351531982422,
        0.04398679733276367,
        0.043428659439086914,
        0.0437769889831543
    ],
    "prefill_percentiles": {
        "10": 0.04309859275817871,
        "25": 0.04337435960769653,
        "50": 0.04357922077178955,
        "75": 0.04378783702850342,
        "90": 0.043970155715942386
    },
    "avg_decode_latency": 0.030578942210585987,
    "decode_latencies": [
        0.02742608388264974,
        0.02807919184366862,
        0.028368631998697918,
        0.02750245730082194,
        0.02773814731174045,
        0.028018130196465388,
        0.029034799999660917,
        0.027644581264919706,
        0.05605223443773058,
        0.03166137801276313,
        0.02749686770968967,
        0.02792480256822374
    ],
    "decode_percentiles": {
        "10": 0.027497426668802897,
        "25": 0.027609050273895264,
        "50": 0.027971466382344566,
        "75": 0.02853517399893867,
        "90": 0.03139872021145291
    }
}