{
    "avg_prefill_latency": 0.18449227015177408,
    "prefill_latencies": [
        0.1836864948272705,
        0.1837024688720703,
        0.18399310111999512,
        0.1848907470703125,
        0.18349885940551758,
        0.1843245029449463,
        0.18418431282043457,
        0.18606901168823242,
        0.18543577194213867,
        0.18532800674438477,
        0.18423223495483398,
        0.18456172943115234
    ],
    "prefill_percentiles": {
        "10": 0.18368809223175048,
        "25": 0.18392044305801392,
        "50": 0.18427836894989014,
        "75": 0.18500006198883057,
        "90": 0.1854249954223633
    },
    "avg_decode_latency": 0.046143763595157206,
    "decode_latencies": [
        0.04160438643561469,
        0.042572736740112305,
        0.04173837767706977,
        0.048320266935560435,
        0.042795790566338435,
        0.0638260046641032,
        0.04659255345662435,
        0.04451235135396322,
        0.04994074503580729,
        0.043042659759521484,
        0.04200371106465658,
        0.04677557945251465
    ],
    "decode_percentiles": {
        "10": 0.04176491101582845,
        "25": 0.042430480321248375,
        "50": 0.043777505556742355,
        "75": 0.047161751323276095,
        "90": 0.049778697225782605
    }
}