{
    "avg_prefill_latency": 0.046293278535207115,
    "prefill_latencies": [
        0.042281389236450195,
        0.04838681221008301,
        0.0438840389251709,
        0.04379630088806152,
        0.04660534858703613,
        0.045796871185302734,
        0.062192440032958984,
        0.04865288734436035,
        0.04281210899353027,
        0.04358935356140137,
        0.04279899597167969,
        0.044722795486450195
    ],
    "prefill_percentiles": {
        "10": 0.042800307273864746,
        "25": 0.043395042419433594,
        "50": 0.04430341720581055,
        "75": 0.04705071449279785,
        "90": 0.048626279830932616
    },
    "avg_decode_latency": 0.035305930508507624,
    "decode_latencies": [
        0.03489783075120714,
        0.03590525521172418,
        0.03405772315131293,
        0.03513397110833062,
        0.03401250309414334,
        0.03807351324293348,
        0.03568805588616265,
        0.03572765986124674,
        0.03425285551283094,
        0.03588186370001899,
        0.035076644685533315,
        0.03496328989664713
    ],
    "decode_percentiles": {
        "10": 0.03407723638746473,
        "25": 0.03473658694161309,
        "50": 0.03510530789693197,
        "75": 0.0357662108209398,
        "90": 0.03590291606055366
    }
}