{
    "avg_prefill_latency": 0.11183780431747437,
    "prefill_latencies": [
        0.09814858436584473,
        0.09714365005493164,
        0.09755492210388184,
        0.09790182113647461,
        0.2655143737792969,
        0.09718966484069824,
        0.09769392013549805,
        0.09742236137390137,
        0.09781742095947266,
        0.09806323051452637,
        0.09902405738830566,
        0.09857964515686035
    ],
    "prefill_percentiles": {
        "10": 0.09721293449401855,
        "25": 0.09752178192138672,
        "50": 0.09785962104797363,
        "75": 0.09825634956359863,
        "90": 0.09897961616516113
    },
    "avg_decode_latency": 0.04710738747208207,
    "decode_latencies": [
        0.043250322341918945,
        0.04715667830573188,
        0.044444004694620766,
        0.04414404763115777,
        0.043278773625691734,
        0.04476163122389051,
        0.044928948084513344,
        0.04359123441908094,
        0.04751663737826877,
        0.07204005453321669,
        0.046398295296563044,
        0.043778022130330406
    ],
    "decode_percentiles": {
        "10": 0.04331001970503066,
        "25": 0.04373132520251804,
        "50": 0.044602817959255636,
        "75": 0.04658789104885525,
        "90": 0.047480641471015085
    }
}