{
    "avg_prefill_latency": 0.037650465965270996,
    "prefill_latencies": [
        0.03674578666687012,
        0.037301063537597656,
        0.03671598434448242,
        0.037378549575805664,
        0.03614211082458496,
        0.0366978645324707,
        0.03848981857299805,
        0.038149356842041016,
        0.04526066780090332,
        0.036266326904296875,
        0.0355377197265625,
        0.03712034225463867
    ],
    "prefill_percentiles": {
        "10": 0.036154532432556154,
        "25": 0.036589980125427246,
        "50": 0.036933064460754395,
        "75": 0.0375712513923645,
        "90": 0.038455772399902347
    },
    "avg_decode_latency": 0.030515906987366854,
    "decode_latencies": [
        0.028214295705159504,
        0.027718623479207356,
        0.02912206119961209,
        0.027973651885986328,
        0.027547809812757704,
        0.03243917889065213,
        0.029156552420722112,
        0.030234866672092013,
        0.02868387434217665,
        0.048861185709635414,
        0.027965333726671007,
        0.028273450003729925
    ],
    "decode_percentiles": {
        "10": 0.02774329450395372,
        "25": 0.0279715723461575,
        "50": 0.028478662172953285,
        "75": 0.029426130983564586,
        "90": 0.032218747668796115
    }
}