{
    "avg_prefill_latency": 0.07456636428833008,
    "prefill_latencies": [
        0.07472348213195801,
        0.07388162612915039,
        0.0749366283416748,
        0.07481145858764648,
        0.07530832290649414,
        0.07458043098449707,
        0.07418107986450195,
        0.07409095764160156,
        0.07487630844116211,
        0.07396292686462402,
        0.07414841651916504,
        0.07529473304748535
    ],
    "prefill_percentiles": {
        "10": 0.07397572994232178,
        "25": 0.07413405179977417,
        "50": 0.07465195655822754,
        "75": 0.07489138841629028,
        "90": 0.0752589225769043
    },
    "avg_decode_latency": 0.044608756347938816,
    "decode_latencies": [
        0.03851395183139377,
        0.04133796691894531,
        0.061192830403645836,
        0.04236398802863227,
        0.04513430595397949,
        0.04100701544019911,
        0.048873504002889,
        0.043874502182006836,
        0.04279430707295736,
        0.043788777457343206,
        0.040440638860066734,
        0.04598328802320692
    ],
    "decode_percentiles": {
        "10": 0.040497276518079973,
        "25": 0.04125522904925876,
        "50": 0.04329154226515028,
        "75": 0.04534655147128635,
        "90": 0.04858448240492079
    }
}