{
    "avg_prefill_latency": 0.046852568785349526,
    "prefill_latencies": [
        0.041977643966674805,
        0.042883872985839844,
        0.04354524612426758,
        0.0521695613861084,
        0.04351615905761719,
        0.04756736755371094,
        0.043967485427856445,
        0.060056447982788086,
        0.04239034652709961,
        0.060216426849365234,
        0.04166889190673828,
        0.04227137565612793
    ],
    "prefill_percentiles": {
        "10": 0.04200701713562012,
        "25": 0.04236060380935669,
        "50": 0.04353070259094238,
        "75": 0.0487179160118103,
        "90": 0.05926775932312012
    },
    "avg_decode_latency": 0.036633743180169,
    "decode_latencies": [
        0.03863626056247287,
        0.03630566596984863,
        0.04001167085435656,
        0.038762569427490234,
        0.03667227427164713,
        0.03711401091681586,
        0.03550937440660265,
        0.03584535916646322,
        0.0363205803765191,
        0.03608314196268717,
        0.03405480914645725,
        0.03428920110066732
    ],
    "decode_percentiles": {
        "10": 0.034411218431260854,
        "25": 0.035761362976498075,
        "50": 0.036313123173183866,
        "75": 0.03749457332823011,
        "90": 0.0387499385409885
    }
}