{
    "avg_prefill_latency": 0.10511940717697144,
    "prefill_latencies": [
        0.10461831092834473,
        0.10533428192138672,
        0.10494446754455566,
        0.10461688041687012,
        0.10507726669311523,
        0.10504627227783203,
        0.10513806343078613,
        0.10500097274780273,
        0.1060481071472168,
        0.10508394241333008,
        0.10545063018798828,
        0.10507369041442871
    ],
    "prefill_percentiles": {
        "10": 0.10465092658996582,
        "25": 0.10498684644699097,
        "50": 0.10507547855377197,
        "75": 0.10518711805343628,
        "90": 0.10543899536132813
    },
    "avg_decode_latency": 0.03505920480798792,
    "decode_latencies": [
        0.03556688626607259,
        0.03274403678046332,
        0.03265168931749132,
        0.03396349483066135,
        0.05484212769402398,
        0.03335131539238824,
        0.032844331529405385,
        0.03316651450263129,
        0.03350543975830078,
        0.03258914417690701,
        0.032964070638020836,
        0.03252140680948893
    ],
    "decode_percentiles": {
        "10": 0.03259539869096544,
        "25": 0.032720949914720326,
        "50": 0.03306529257032606,
        "75": 0.033619953526390925,
        "90": 0.03540654712253147
    }
}