{
    "avg_prefill_latency": 0.05394405126571655,
    "prefill_latencies": [
        0.03886675834655762,
        0.03842616081237793,
        0.04596090316772461,
        0.04556012153625488,
        0.04249286651611328,
        0.044007062911987305,
        0.04012322425842285,
        0.04602360725402832,
        0.04110598564147949,
        0.15656685829162598,
        0.05312466621398926,
        0.05507040023803711
    ],
    "prefill_percentiles": {
        "10": 0.03899240493774414,
        "25": 0.04086029529571533,
        "50": 0.044783592224121094,
        "75": 0.047798871994018555,
        "90": 0.05487582683563232
    },
    "avg_decode_latency": 0.039955556392669685,
    "decode_latencies": [
        0.0332036018371582,
        0.0321553283267551,
        0.03431659274631076,
        0.03409149911668566,
        0.03421966234842936,
        0.03156373235914442,
        0.0340626769595676,
        0.035094632042778864,
        0.0635727776421441,
        0.07492393917507595,
        0.03996064927842882,
        0.03230158487955729
    ],
    "decode_percentiles": {
        "10": 0.032169953982035315,
        "25": 0.03297809759775797,
        "50": 0.034155580732557506,
        "75": 0.03631113635169135,
        "90": 0.06121156480577258
    }
}