{
    "avg_prefill_latency": 0.24578716357549033,
    "prefill_latencies": [
        0.24493980407714844,
        0.2462625503540039,
        0.24552154541015625,
        0.24563241004943848,
        0.24514484405517578,
        0.24495172500610352,
        0.24459457397460938,
        0.2505350112915039,
        0.2461535930633545,
        0.2467937469482422,
        0.24461698532104492,
        0.24429917335510254
    ],
    "prefill_percentiles": {
        "10": 0.24459681510925294,
        "25": 0.24485909938812256,
        "50": 0.24533319473266602,
        "75": 0.24618083238601685,
        "90": 0.24674062728881835
    },
    "avg_decode_latency": 0.06172016152629146,
    "decode_latencies": [
        0.07429321606953938,
        0.05580200089348687,
        0.05428094334072537,
        0.053911818398369685,
        0.05527369181315104,
        0.07764633496602376,
        0.055290036731296115,
        0.05576311217414008,
        0.055266115400526256,
        0.07543386353386773,
        0.07427096366882324,
        0.05340984132554796
    ],
    "decode_percentiles": {
        "10": 0.053948730892605254,
        "25": 0.05501982238557603,
        "50": 0.055526574452718094,
        "75": 0.07427652676900227,
        "90": 0.0753197987874349
    }
}