{
    "avg_prefill_latency": 0.42333338658014935,
    "prefill_latencies": [
        0.4225337505340576,
        0.4213879108428955,
        0.43629002571105957,
        0.4213674068450928,
        0.41765522956848145,
        0.42377805709838867,
        0.4222865104675293,
        0.4265251159667969,
        0.4211235046386719,
        0.4232606887817383,
        0.42134833335876465,
        0.42244410514831543
    ],
    "prefill_percentiles": {
        "10": 0.42114598751068116,
        "25": 0.42136263847351074,
        "50": 0.42236530780792236,
        "75": 0.4233900308609009,
        "90": 0.42625041007995607
    },
    "avg_decode_latency": 0.03552357134995637,
    "decode_latencies": [
        0.02887792057461209,
        0.0957082642449273,
        0.03161758846706814,
        0.030329916212293837,
        0.02924897935655382,
        0.028978374269273546,
        0.030539645089043513,
        0.031067742241753474,
        0.0296581851111518,
        0.03023340966966417,
        0.028610255983140733,
        0.03141257497999403
    ],
    "decode_percentiles": {
        "10": 0.028887965944078234,
        "25": 0.02918132808473375,
        "50": 0.030281662940979004,
        "75": 0.031153950426313613,
        "90": 0.031597087118360734
    }
}