{
    "avg_prefill_latency": 0.46691274642944336,
    "prefill_latencies": [
        0.4665555953979492,
        0.4643251895904541,
        0.46771860122680664,
        0.46647214889526367,
        0.4679598808288574,
        0.4655797481536865,
        0.46554040908813477,
        0.4663512706756592,
        0.46761560440063477,
        0.4678621292114258,
        0.4681565761566162,
        0.46881580352783203
    ],
    "prefill_percentiles": {
        "10": 0.46554434299468994,
        "25": 0.466158390045166,
        "50": 0.467085599899292,
        "75": 0.4678865671157837,
        "90": 0.46813690662384033
    },
    "avg_decode_latency": 0.031026681264241535,
    "decode_latencies": [
        0.028730207019382052,
        0.02862479951646593,
        0.028698788748847112,
        0.028603633244832356,
        0.03732257419162326,
        0.02942694558037652,
        0.029221084382798936,
        0.03018376562330458,
        0.03216952747768826,
        0.0292610592312283,
        0.031366984049479164,
        0.03871080610487196
    ],
    "decode_percentiles": {
        "10": 0.02863219843970405,
        "25": 0.02872235245174832,
        "50": 0.02934400240580241,
        "75": 0.03156761990653144,
        "90": 0.036807269520229766
    }
}