{
    "avg_prefill_latency": 0.15609548489252725,
    "prefill_latencies": [
        0.15646839141845703,
        0.1562654972076416,
        0.15658140182495117,
        0.15663838386535645,
        0.15669560432434082,
        0.15568780899047852,
        0.15691399574279785,
        0.1563553810119629,
        0.15369653701782227,
        0.156083345413208,
        0.15579652786254883,
        0.15596294403076172
    ],
    "prefill_percentiles": {
        "10": 0.15569868087768554,
        "25": 0.1559213399887085,
        "50": 0.15631043910980225,
        "75": 0.1565956473350525,
        "90": 0.15668988227844238
    },
    "avg_decode_latency": 0.03511889996352019,
    "decode_latencies": [
        0.0343577331966824,
        0.035046550962660045,
        0.03683153788248698,
        0.03501168886820475,
        0.03447540601094564,
        0.034360912111070424,
        0.03431664572821723,
        0.03823675049675836,
        0.034206761254204646,
        0.03410119480556912,
        0.034388595157199435,
        0.036093023088243276
    ],
    "decode_percentiles": {
        "10": 0.034217749701605904,
        "25": 0.034347461329566106,
        "50": 0.03443200058407254,
        "75": 0.03530816899405585,
        "90": 0.03675768640306261
    }
}