{
    "avg_prefill_latency": 0.09323026736577351,
    "prefill_latencies": [
        0.09257340431213379,
        0.09264206886291504,
        0.09273529052734375,
        0.0929265022277832,
        0.09291291236877441,
        0.09324407577514648,
        0.0932929515838623,
        0.09365177154541016,
        0.09364557266235352,
        0.09368467330932617,
        0.09351348876953125,
        0.09394049644470215
    ],
    "prefill_percentiles": {
        "10": 0.0926513910293579,
        "25": 0.09286850690841675,
        "50": 0.0932685136795044,
        "75": 0.09364712238311768,
        "90": 0.09368138313293457
    },
    "avg_decode_latency": 0.036951416068606906,
    "decode_latencies": [
        0.033552620146009654,
        0.03340252240498861,
        0.035113255182902016,
        0.037914435068766274,
        0.038216220008002386,
        0.037917905383639865,
        0.037827094395955406,
        0.0381873713599311,
        0.03778592745463053,
        0.03795941670735677,
        0.037751992543538414,
        0.03778823216756185
    ],
    "decode_percentiles": {
        "10": 0.03370868364969889,
        "25": 0.03709230820337932,
        "50": 0.03780766328175863,
        "75": 0.03792828321456909,
        "90": 0.03816457589467367
    }
}