{
    "avg_prefill_latency": 0.25053439537684125,
    "prefill_latencies": [
        0.24972844123840332,
        0.25026965141296387,
        0.24992752075195312,
        0.25043630599975586,
        0.25019407272338867,
        0.25014257431030273,
        0.2501685619354248,
        0.24988675117492676,
        0.24999022483825684,
        0.2504556179046631,
        0.2545454502105713,
        0.2506675720214844
    ],
    "prefill_percentiles": {
        "10": 0.2498908281326294,
        "25": 0.2499745488166809,
        "50": 0.25018131732940674,
        "75": 0.25044113397598267,
        "90": 0.25064637660980227
    },
    "avg_decode_latency": 0.035657538308037647,
    "decode_latencies": [
        0.034647597206963435,
        0.03462280167473687,
        0.036170615090264216,
        0.03734980689154731,
        0.03461390071445041,
        0.03425765037536621,
        0.03438684675428602,
        0.03689252005683051,
        0.03587206204732259,
        0.03837249014112684,
        0.03540579477945963,
        0.03529837396409777
    ],
    "decode_percentiles": {
        "10": 0.03440955215030246,
        "25": 0.034620576434665255,
        "50": 0.0353520843717787,
        "75": 0.03635109133190579,
        "90": 0.03730407820807563
    }
}