{
    "avg_prefill_latency": 0.3928017218907674,
    "prefill_latencies": [
        0.3908705711364746,
        0.38959741592407227,
        0.39110445976257324,
        0.3944516181945801,
        0.3923606872558594,
        0.39093923568725586,
        0.39345312118530273,
        0.3938770294189453,
        0.3915574550628662,
        0.39168262481689453,
        0.39835166931152344,
        0.39537477493286133
    ],
    "prefill_percentiles": {
        "10": 0.39087743759155275,
        "25": 0.3910631537437439,
        "50": 0.39202165603637695,
        "75": 0.394020676612854,
        "90": 0.3952824592590332
    },
    "avg_decode_latency": 0.029528957826119886,
    "decode_latencies": [
        0.028373877207438152,
        0.02908476193745931,
        0.029633389578925237,
        0.02912971708509657,
        0.028606202867296007,
        0.028311649958292644,
        0.02819877200656467,
        0.028854264153374568,
        0.027979162004258897,
        0.030471086502075195,
        0.038065592447916664,
        0.027639018164740667
    ],
    "decode_percentiles": {
        "10": 0.028001123004489474,
        "25": 0.02828343047036065,
        "50": 0.02873023351033529,
        "75": 0.02925563520855374,
        "90": 0.0303873168097602
    }
}