{
    "avg_prefill_latency": 0.0398832360903422,
    "prefill_latencies": [
        0.03548073768615723,
        0.03861594200134277,
        0.038958072662353516,
        0.03874564170837402,
        0.03980517387390137,
        0.043610572814941406,
        0.03851008415222168,
        0.03811931610107422,
        0.03806614875793457,
        0.045638084411621094,
        0.04361748695373535,
        0.03943157196044922
    ],
    "prefill_percentiles": {
        "10": 0.03807146549224853,
        "25": 0.038412392139434814,
        "50": 0.03885185718536377,
        "75": 0.04075652360916138,
        "90": 0.04361679553985596
    },
    "avg_decode_latency": 0.03015969859229194,
    "decode_latencies": [
        0.027626090579562716,
        0.027673800786336262,
        0.027800692452324763,
        0.02752987543741862,
        0.02759408950805664,
        0.02725794580247667,
        0.027615335252549913,
        0.027005778418646917,
        0.027656263775295682,
        0.03119031588236491,
        0.027191506491767034,
        0.055774688720703125
    ],
    "decode_percentiles": {
        "10": 0.027198150422837998,
        "25": 0.027461893028683133,
        "50": 0.027620712916056313,
        "75": 0.027705523702833388,
        "90": 0.030851353539360898
    }
}