{
    "avg_prefill_latency": 0.5266132354736328,
    "prefill_latencies": [
        0.537574291229248,
        0.5269536972045898,
        0.5238780975341797,
        0.524207592010498,
        0.5263135433197021,
        0.5232334136962891,
        0.5247435569763184,
        0.5247952938079834,
        0.5342164039611816,
        0.522817850112915,
        0.5246710777282715,
        0.525954008102417
    ],
    "prefill_percentiles": {
        "10": 0.5232978820800781,
        "25": 0.5241252183914185,
        "50": 0.5247694253921509,
        "75": 0.5264735817909241,
        "90": 0.5334901332855224
    },
    "avg_decode_latency": 0.07179980587076258,
    "decode_latencies": [
        0.12080144882202148,
        0.06327025095621745,
        0.06284623675876194,
        0.06262519624498156,
        0.08549226654900445,
        0.06227646933661567,
        0.062270402908325195,
        0.06609148449367946,
        0.08472895622253418,
        0.06271849738226996,
        0.06355275048149957,
        0.06492371029324001
    ],
    "decode_percentiles": {
        "10": 0.062311342027452254,
        "25": 0.06269517209794787,
        "50": 0.06341150071885851,
        "75": 0.07075085242589314,
        "90": 0.08541593551635743
    }
}