{
    "avg_prefill_latency": 0.17302658160527548,
    "prefill_latencies": [
        0.17248034477233887,
        0.1724846363067627,
        0.1729886531829834,
        0.17315936088562012,
        0.17296981811523438,
        0.172835111618042,
        0.17296242713928223,
        0.17312359809875488,
        0.17231464385986328,
        0.17281627655029297,
        0.17585468292236328,
        0.17232942581176758
    ],
    "prefill_percentiles": {
        "10": 0.17234451770782472,
        "25": 0.17248356342315674,
        "50": 0.1728987693786621,
        "75": 0.17302238941192627,
        "90": 0.1731557846069336
    },
    "avg_decode_latency": 0.035042581734833905,
    "decode_latencies": [
        0.0322163634830051,
        0.03298634952969021,
        0.03182657559712728,
        0.03194520208570692,
        0.03208965725368924,
        0.054150660832722984,
        0.032175011105007596,
        0.03295331531100803,
        0.03386327955457899,
        0.04101559850904676,
        0.03339740965101454,
        0.03189155790540907
    ],
    "decode_percentiles": {
        "10": 0.03189692232343885,
        "25": 0.03205354346169366,
        "50": 0.032584839397006564,
        "75": 0.03351387712690565,
        "90": 0.04030036661359999
    }
}