{
    "avg_prefill_latency": 0.03818613290786743,
    "prefill_latencies": [
        0.03835153579711914,
        0.04719877243041992,
        0.03757643699645996,
        0.03751420974731445,
        0.03744983673095703,
        0.03792309761047363,
        0.03713035583496094,
        0.036707162857055664,
        0.03688812255859375,
        0.03734135627746582,
        0.03723287582397461,
        0.03691983222961426
    ],
    "prefill_percentiles": {
        "10": 0.0368912935256958,
        "25": 0.03707772493362427,
        "50": 0.037395596504211426,
        "75": 0.03766310214996338,
        "90": 0.03830869197845459
    },
    "avg_decode_latency": 0.027685776904777238,
    "decode_latencies": [
        0.029609494739108615,
        0.02800599733988444,
        0.02749755647447374,
        0.027159611384073894,
        0.02748288048638238,
        0.028355121612548828,
        0.02686749564276801,
        0.02714461750454373,
        0.027048561308119033,
        0.02741845448811849,
        0.026688098907470703,
        0.02895143296983507
    ],
    "decode_percentiles": {
        "10": 0.026885602209303115,
        "25": 0.027120603455437556,
        "50": 0.027450667487250432,
        "75": 0.028093278408050537,
        "90": 0.028891801834106445
    }
}