{
    "avg_prefill_latency": 0.23474655548731485,
    "prefill_latencies": [
        0.228546142578125,
        0.22753357887268066,
        0.22801494598388672,
        0.22845983505249023,
        0.2284078598022461,
        0.2274184226989746,
        0.22794246673583984,
        0.22762489318847656,
        0.2273087501525879,
        0.3096747398376465,
        0.22682452201843262,
        0.2292025089263916
    ],
    "prefill_percentiles": {
        "10": 0.22731971740722656,
        "25": 0.22750478982925415,
        "50": 0.22797870635986328,
        "75": 0.22848141193389893,
        "90": 0.22913687229156493
    },
    "avg_decode_latency": 0.04898991849687364,
    "decode_latencies": [
        0.04287486606174045,
        0.04181223445468479,
        0.04288962152269152,
        0.04336992899576823,
        0.044259362750583224,
        0.04178259107801649,
        0.04430566893683539,
        0.041566795772976346,
        0.04253040419684516,
        0.041200478871663414,
        0.04212101300557455,
        0.11916605631510417
    ],
    "decode_percentiles": {
        "10": 0.04158837530348036,
        "25": 0.04180482361051771,
        "50": 0.0427026351292928,
        "75": 0.04359228743447198,
        "90": 0.044301038318210174
    }
}