{
    "avg_prefill_latency": 0.11645605166753133,
    "prefill_latencies": [
        0.1163628101348877,
        0.11693263053894043,
        0.11656045913696289,
        0.11660146713256836,
        0.11696243286132812,
        0.11638736724853516,
        0.11629962921142578,
        0.11619043350219727,
        0.1163172721862793,
        0.11622762680053711,
        0.11617922782897949,
        0.11645126342773438
    ],
    "prefill_percentiles": {
        "10": 0.11619415283203124,
        "25": 0.11628162860870361,
        "50": 0.11637508869171143,
        "75": 0.11657071113586426,
        "90": 0.11689951419830322
    },
    "avg_decode_latency": 0.03247524190832068,
    "decode_latencies": [
        0.029324452082316082,
        0.032394594616360135,
        0.03138939539591471,
        0.03124933772616916,
        0.02929287486606174,
        0.029586897956000432,
        0.029988262388441298,
        0.02996373176574707,
        0.029246674643622503,
        0.029412243101331923,
        0.03044801288180881,
        0.05740642547607422
    ],
    "decode_percentiles": {
        "10": 0.029296032587687173,
        "25": 0.029390295346577965,
        "50": 0.029975997077094182,
        "75": 0.031284352143605546,
        "90": 0.03229407469431559
    }
}