{
    "avg_prefill_latency": 0.17186196645100912,
    "prefill_latencies": [
        0.1713719367980957,
        0.17234444618225098,
        0.17143869400024414,
        0.17170405387878418,
        0.17133164405822754,
        0.1722550392150879,
        0.17180132865905762,
        0.1722090244293213,
        0.171677827835083,
        0.17261981964111328,
        0.17162513732910156,
        0.1719646453857422
    ],
    "prefill_percentiles": {
        "10": 0.17137861251831055,
        "25": 0.1715785264968872,
        "50": 0.1717526912689209,
        "75": 0.17222052812576294,
        "90": 0.17233550548553467
    },
    "avg_decode_latency": 0.04920708691632306,
    "decode_latencies": [
        0.04488089349534777,
        0.04605362150404188,
        0.04454488224453396,
        0.044886615541246205,
        0.04509202639261881,
        0.06595185067918566,
        0.04755846659342448,
        0.04501822259691027,
        0.048442310757107206,
        0.04808836513095432,
        0.06477080451117621,
        0.04519698354932997
    ],
    "decode_percentiles": {
        "10": 0.04488146569993761,
        "25": 0.04498532083299425,
        "50": 0.045625302526685924,
        "75": 0.04817685153749254,
        "90": 0.06313795513576932
    }
}