{
    "avg_prefill_latency": 0.3548951745033264,
    "prefill_latencies": [
        0.3555936813354492,
        0.3551621437072754,
        0.3547804355621338,
        0.3549027442932129,
        0.35474681854248047,
        0.35630059242248535,
        0.35338759422302246,
        0.35496044158935547,
        0.353790283203125,
        0.35536789894104004,
        0.3557586669921875,
        0.3539907932281494
    ],
    "prefill_percentiles": {
        "10": 0.35381033420562746,
        "25": 0.3545578122138977,
        "50": 0.3549315929412842,
        "75": 0.35542434453964233,
        "90": 0.3557421684265137
    },
    "avg_decode_latency": 0.05570062001546224,
    "decode_latencies": [
        0.07053322262234157,
        0.04998132917616102,
        0.04959352811177572,
        0.04935993088616265,
        0.04995955361260308,
        0.04953069157070584,
        0.07019207212660047,
        0.04980932341681586,
        0.05177548196580675,
        0.07637389500935872,
        0.051534944110446505,
        0.049763467576768666
    ],
    "decode_percentiles": {
        "10": 0.049536975224812825,
        "25": 0.04972098271052043,
        "50": 0.04997044139438205,
        "75": 0.05637962950600518,
        "90": 0.07049910757276746
    }
}