{
    "avg_prefill_latency": 0.03931589921315511,
    "prefill_latencies": [
        0.039155006408691406,
        0.03976583480834961,
        0.04037284851074219,
        0.04044604301452637,
        0.03937530517578125,
        0.040978193283081055,
        0.03718709945678711,
        0.03833651542663574,
        0.03857874870300293,
        0.03936457633972168,
        0.03790783882141113,
        0.04032278060913086
    ],
    "prefill_percentiles": {
        "10": 0.03795070648193359,
        "25": 0.03851819038391113,
        "50": 0.039369940757751465,
        "75": 0.04033529758453369,
        "90": 0.040438723564147946
    },
    "avg_decode_latency": 0.02919283619633427,
    "decode_latencies": [
        0.02859653366936578,
        0.030251264572143555,
        0.030204481548733182,
        0.028310298919677734,
        0.028113709555731878,
        0.02854498227437337,
        0.02774985631306966,
        0.027907530466715496,
        0.034861485163370766,
        0.028920226626925997,
        0.02874069743686252,
        0.02811296780904134
    ],
    "decode_percentiles": {
        "10": 0.027928074200948082,
        "25": 0.028113524119059242,
        "50": 0.028570757971869573,
        "75": 0.029241290357377794,
        "90": 0.030246586269802516
    }
}