{
    "avg_prefill_latency": 0.04712041219075521,
    "prefill_latencies": [
        0.04597043991088867,
        0.04593324661254883,
        0.046349525451660156,
        0.04588031768798828,
        0.05382823944091797,
        0.046146392822265625,
        0.05346488952636719,
        0.04503321647644043,
        0.04552292823791504,
        0.04557466506958008,
        0.045758962631225586,
        0.04598212242126465
    ],
    "prefill_percentiles": {
        "10": 0.045528101921081546,
        "25": 0.04571288824081421,
        "50": 0.04595184326171875,
        "75": 0.04619717597961426,
        "90": 0.052753353118896486
    },
    "avg_decode_latency": 0.028669271204206676,
    "decode_latencies": [
        0.028896623187594943,
        0.028834766811794706,
        0.02766993310716417,
        0.027390480041503906,
        0.031038231319851346,
        0.027751366297403973,
        0.029859304428100586,
        0.02831448449028863,
        0.02819037437438965,
        0.027374770906236436,
        0.030915498733520508,
        0.027795420752631292
    ],
    "decode_percentiles": {
        "10": 0.027418425348069934,
        "25": 0.027731007999844022,
        "50": 0.02825242943233914,
        "75": 0.029137293497721352,
        "90": 0.030809879302978516
    }
}