{
    "avg_prefill_latency": 0.15807255109151205,
    "prefill_latencies": [
        0.15791654586791992,
        0.15793967247009277,
        0.15824294090270996,
        0.1576385498046875,
        0.15772509574890137,
        0.15865087509155273,
        0.1574258804321289,
        0.15842032432556152,
        0.15825819969177246,
        0.15771102905273438,
        0.15917682647705078,
        0.15776467323303223
    ],
    "prefill_percentiles": {
        "10": 0.1576457977294922,
        "25": 0.15772157907485962,
        "50": 0.15792810916900635,
        "75": 0.15829873085021973,
        "90": 0.15862782001495362
    },
    "avg_decode_latency": 0.04933814649228696,
    "decode_latencies": [
        0.04462536176045736,
        0.04389995998806424,
        0.04396936628553602,
        0.04382064607408312,
        0.06630494859483507,
        0.05499193403455946,
        0.04378098911709256,
        0.04727731810675727,
        0.04711951149834527,
        0.06441632906595866,
        0.04696419503953722,
        0.04488719834221734
    ],
    "decode_percentiles": {
        "10": 0.04382857746548123,
        "25": 0.04395201471116807,
        "50": 0.04592569669087728,
        "75": 0.04920597208870782,
        "90": 0.06347388956281874
    }
}