{
    "avg_prefill_latency": 0.12545146544774374,
    "prefill_latencies": [
        0.11078691482543945,
        0.11139440536499023,
        0.11052966117858887,
        0.2826673984527588,
        0.11121034622192383,
        0.11246228218078613,
        0.11112451553344727,
        0.11073851585388184,
        0.11102533340454102,
        0.11177515983581543,
        0.11096763610839844,
        0.11073541641235352
    ],
    "prefill_percentiles": {
        "10": 0.11073572635650634,
        "25": 0.11077481508255005,
        "50": 0.11107492446899414,
        "75": 0.11148959398269653,
        "90": 0.11239356994628906
    },
    "avg_decode_latency": 0.03986034128401015,
    "decode_latencies": [
        0.0449986457824707,
        0.039549138810899526,
        0.044797791375054255,
        0.038166575961642794,
        0.04281433423360189,
        0.03839426570468479,
        0.03837757640414768,
        0.037810034222073026,
        0.03911643558078342,
        0.03863602214389377,
        0.03739195399814182,
        0.03827132119072808
    ],
    "decode_percentiles": {
        "10": 0.03784568839603,
        "25": 0.03824513488345676,
        "50": 0.03851514392428928,
        "75": 0.04036543766657512,
        "90": 0.044599445660909016
    }
}