{
    "avg_prefill_latency": 0.12970431645711264,
    "prefill_latencies": [
        0.13135743141174316,
        0.12987470626831055,
        0.12897324562072754,
        0.12980961799621582,
        0.129669189453125,
        0.12957310676574707,
        0.13016915321350098,
        0.13101696968078613,
        0.12897872924804688,
        0.12923216819763184,
        0.12889528274536133,
        0.12890219688415527
    ],
    "prefill_percentiles": {
        "10": 0.1289093017578125,
        "25": 0.12897735834121704,
        "50": 0.12962114810943604,
        "75": 0.12994831800460815,
        "90": 0.13093218803405762
    },
    "avg_decode_latency": 0.034898768972467485,
    "decode_latencies": [
        0.03647563192579481,
        0.03904143969217936,
        0.0358678764767117,
        0.03528624110751682,
        0.03659804662068685,
        0.036897208955552846,
        0.04036376211378309,
        0.03439527087741428,
        0.03268726666768392,
        0.030156930287679035,
        0.030730485916137695,
        0.03028506702846951
    ],
    "decode_percentiles": {
        "10": 0.03032960891723633,
        "25": 0.03219807147979736,
        "50": 0.03557705879211426,
        "75": 0.03667283720440335,
        "90": 0.03882701661851671
    }
}