{
    "avg_prefill_latency": 0.3461759885152181,
    "prefill_latencies": [
        0.34450292587280273,
        0.3461925983428955,
        0.34543538093566895,
        0.345745325088501,
        0.3469963073730469,
        0.3463129997253418,
        0.3458249568939209,
        0.3472113609313965,
        0.3446931838989258,
        0.3508923053741455,
        0.3455798625946045,
        0.3447246551513672
    ],
    "prefill_percentiles": {
        "10": 0.3446963310241699,
        "25": 0.3452576994895935,
        "50": 0.34578514099121094,
        "75": 0.34648382663726807,
        "90": 0.34718985557556153
    },
    "avg_decode_latency": 0.044323051417315455,
    "decode_latencies": [
        0.04286760754055447,
        0.04250179396735297,
        0.04261562559339735,
        0.04267430305480957,
        0.04233235783047146,
        0.042063368691338435,
        0.04190688663058811,
        0.06346964836120605,
        0.042486111323038735,
        0.042471753226386175,
        0.042344994015163846,
        0.04414216677347819
    ],
    "decode_percentiles": {
        "10": 0.04209026760525174,
        "25": 0.04234183496899075,
        "50": 0.04249395264519586,
        "75": 0.042722629176245794,
        "90": 0.044014710850185816
    }
}