{
    "avg_prefill_latency": 0.09276541074117024,
    "prefill_latencies": [
        0.09349226951599121,
        0.09220266342163086,
        0.0922698974609375,
        0.09222650527954102,
        0.09311962127685547,
        0.09241056442260742,
        0.09210681915283203,
        0.0922093391418457,
        0.09211921691894531,
        0.09388327598571777,
        0.09493803977966309,
        0.09220671653747559
    ],
    "prefill_percentiles": {
        "10": 0.09212756156921387,
        "25": 0.0922057032585144,
        "50": 0.09224820137023926,
        "75": 0.0932127833366394,
        "90": 0.09384417533874512
    },
    "avg_decode_latency": 0.040431057965313946,
    "decode_latencies": [
        0.03900228606330024,
        0.03583176930745443,
        0.03976697391933865,
        0.04431878195868598,
        0.03646217452155219,
        0.03549300299750434,
        0.05835366249084473,
        0.04214570257398817,
        0.03950876659817166,
        0.03841445181104872,
        0.04026391771104601,
        0.03561120563083225
    ],
    "decode_percentiles": {
        "10": 0.03563326199849447,
        "25": 0.03630457321802775,
        "50": 0.03925552633073595,
        "75": 0.04073436392678155,
        "90": 0.0441014740202162
    }
}