{
    "avg_prefill_latency": 0.2296951413154602,
    "prefill_latencies": [
        0.22922420501708984,
        0.22991585731506348,
        0.23049211502075195,
        0.22981786727905273,
        0.2304856777191162,
        0.22987961769104004,
        0.22989511489868164,
        0.230940580368042,
        0.2301187515258789,
        0.22914576530456543,
        0.22878050804138184,
        0.2276456356048584
    ],
    "prefill_percentiles": {
        "10": 0.22881703376770018,
        "25": 0.22920459508895874,
        "50": 0.22988736629486084,
        "75": 0.23021048307418823,
        "90": 0.2304914712905884
    },
    "avg_decode_latency": 0.03013508408157914,
    "decode_latencies": [
        0.028270509507921007,
        0.030399534437391493,
        0.032651927736070424,
        0.03288801511128744,
        0.03002619743347168,
        0.02972722053527832,
        0.029108418358696833,
        0.029711008071899414,
        0.03099844190809462,
        0.02827355596754286,
        0.02832892205980089,
        0.031237257851494685
    ],
    "decode_percentiles": {
        "10": 0.028279092576768663,
        "25": 0.028913544283972848,
        "50": 0.029876708984375,
        "75": 0.031058145893944636,
        "90": 0.03251046074761285
    }
}