{
    "avg_prefill_latency": 0.7752827207247416,
    "prefill_latencies": [
        0.7724244594573975,
        0.773216962814331,
        0.7742877006530762,
        0.7757687568664551,
        0.7757220268249512,
        0.7728822231292725,
        0.7806553840637207,
        0.7727503776550293,
        0.776050329208374,
        0.7771544456481934,
        0.7784254550933838,
        0.7740545272827148
    ],
    "prefill_percentiles": {
        "10": 0.7727635622024536,
        "25": 0.7731332778930664,
        "50": 0.7750048637390137,
        "75": 0.7763263583183289,
        "90": 0.7782983541488647
    },
    "avg_decode_latency": 0.03257773982153999,
    "decode_latencies": [
        0.02933102183871799,
        0.03093817498948839,
        0.03116496404012044,
        0.030451085832383897,
        0.029420640733506944,
        0.04490017890930176,
        0.03744633992513021,
        0.029740254084269207,
        0.029285430908203125,
        0.03259510464138455,
        0.03297305107116699,
        0.03268663088480631
    ],
    "decode_percentiles": {
        "10": 0.029339983728196885,
        "25": 0.02966035074657864,
        "50": 0.031051569514804415,
        "75": 0.032758235931396484,
        "90": 0.03699901103973389
    }
}