{
    "avg_prefill_latency": 0.13010144233703613,
    "prefill_latencies": [
        0.1292719841003418,
        0.12926173210144043,
        0.12999701499938965,
        0.1297595500946045,
        0.12900161743164062,
        0.1300978660583496,
        0.12961673736572266,
        0.12963294982910156,
        0.12945342063903809,
        0.1354975700378418,
        0.13007783889770508,
        0.1295490264892578
    ],
    "prefill_percentiles": {
        "10": 0.12926275730133058,
        "25": 0.129408061504364,
        "50": 0.1296248435974121,
        "75": 0.1300172209739685,
        "90": 0.13009586334228515
    },
    "avg_decode_latency": 0.03161015775468615,
    "decode_latencies": [
        0.028750816980997723,
        0.028488741980658636,
        0.02824976709153917,
        0.029522048102484807,
        0.028510226143731013,
        0.028546492258707683,
        0.03149127960205078,
        0.06327210532294379,
        0.028503073586357966,
        0.02777417500813802,
        0.028269582324557833,
        0.027943584654066298
    ],
    "decode_percentiles": {
        "10": 0.027974202897813584,
        "25": 0.028264628516303167,
        "50": 0.02850664986504449,
        "75": 0.028943624761369493,
        "90": 0.031294356452094184
    }
}