{
    "avg_prefill_latency": 0.04494086901346842,
    "prefill_latencies": [
        0.04386162757873535,
        0.04378318786621094,
        0.04467582702636719,
        0.04308438301086426,
        0.04489922523498535,
        0.04875922203063965,
        0.04386401176452637,
        0.044667959213256836,
        0.04472804069519043,
        0.044476985931396484,
        0.048648834228515625,
        0.04384112358093262
    ],
    "prefill_percentiles": {
        "10": 0.0437889814376831,
        "25": 0.04385650157928467,
        "50": 0.04457247257232666,
        "75": 0.04477083683013916,
        "90": 0.0482738733291626
    },
    "avg_decode_latency": 0.03582924825173837,
    "decode_latencies": [
        0.03447294235229492,
        0.034613609313964844,
        0.03464810053507487,
        0.03445095486111111,
        0.03480349646674262,
        0.03456762101915148,
        0.03465686904059516,
        0.03975635104709201,
        0.04194090101453993,
        0.03815823131137424,
        0.03413041432698568,
        0.033751487731933594
    ],
    "decode_percentiles": {
        "10": 0.03416246838039822,
        "25": 0.03446744547949897,
        "50": 0.03463085492451985,
        "75": 0.03564218017790052,
        "90": 0.03959653907352024
    }
}