{
    "avg_prefill_latency": 0.277271032333374,
    "prefill_latencies": [
        0.27742934226989746,
        0.2770211696624756,
        0.2760441303253174,
        0.2784128189086914,
        0.2775266170501709,
        0.2780916690826416,
        0.27672910690307617,
        0.2771291732788086,
        0.2772693634033203,
        0.2768278121948242,
        0.27722644805908203,
        0.2775447368621826
    ],
    "prefill_percentiles": {
        "10": 0.27673897743225095,
        "25": 0.27697283029556274,
        "50": 0.27724790573120117,
        "75": 0.27753114700317383,
        "90": 0.2780369758605957
    },
    "avg_decode_latency": 0.03450700751057378,
    "decode_latencies": [
        0.031507518556382924,
        0.031326850255330406,
        0.031944062974717885,
        0.031133148405287,
        0.0316213501824273,
        0.03206507364908854,
        0.03613448143005371,
        0.04400367206997342,
        0.050162712732950844,
        0.03116186459859212,
        0.03166964319017199,
        0.03135371208190918
    ],
    "decode_percentiles": {
        "10": 0.03117836316426595,
        "25": 0.03134699662526449,
        "50": 0.031645496686299644,
        "75": 0.033082425594329834,
        "90": 0.04321675300598145
    }
}