{
    "avg_prefill_latency": 0.045439700285593666,
    "prefill_latencies": [
        0.04403281211853027,
        0.0434417724609375,
        0.062346696853637695,
        0.045038461685180664,
        0.04366135597229004,
        0.044236183166503906,
        0.04348897933959961,
        0.044905662536621094,
        0.04366040229797363,
        0.043714284896850586,
        0.043482065200805664,
        0.04326772689819336
    ],
    "prefill_percentiles": {
        "10": 0.043445801734924315,
        "25": 0.04348725080490112,
        "50": 0.04368782043457031,
        "75": 0.0444035530090332,
        "90": 0.045025181770324704
    },
    "avg_decode_latency": 0.03518618477715386,
    "decode_latencies": [
        0.03360078069898817,
        0.03351593017578125,
        0.03919884893629286,
        0.034289042154947914,
        0.034200933244493276,
        0.034004396862453885,
        0.03567918141682943,
        0.03429460525512695,
        0.0412751833597819,
        0.0338738759358724,
        0.034062835905287,
        0.03423860337999132
    ],
    "decode_percentiles": {
        "10": 0.03362809022267659,
        "25": 0.03397176663080852,
        "50": 0.0342197683122423,
        "75": 0.034640749295552574,
        "90": 0.038846882184346516
    }
}