{
    "avg_prefill_latency": 0.11749488115310669,
    "prefill_latencies": [
        0.18933939933776855,
        0.11050081253051758,
        0.11546826362609863,
        0.11146092414855957,
        0.11246228218078613,
        0.11211061477661133,
        0.10948467254638672,
        0.11005544662475586,
        0.10981178283691406,
        0.11042284965515137,
        0.10981440544128418,
        0.10900712013244629
    ],
    "prefill_percentiles": {
        "10": 0.10951738357543946,
        "25": 0.10981374979019165,
        "50": 0.11046183109283447,
        "75": 0.11219853162765503,
        "90": 0.11516766548156739
    },
    "avg_decode_latency": 0.03542949314470644,
    "decode_latencies": [
        0.08949671851264106,
        0.03350400924682617,
        0.03201720449659559,
        0.03282027774386936,
        0.03205042415195041,
        0.03106032477484809,
        0.02919973267449273,
        0.028872330983479817,
        0.02923236952887641,
        0.02893511454264323,
        0.029866483476426866,
        0.02809892760382758
    ],
    "decode_percentiles": {
        "10": 0.028878609339396157,
        "25": 0.029133578141530357,
        "50": 0.03046340412563748,
        "75": 0.03224288754993015,
        "90": 0.03343563609653049
    }
}