{
    "avg_prefill_latency": 0.1786059538523356,
    "prefill_latencies": [
        0.17892670631408691,
        0.178358793258667,
        0.17834854125976562,
        0.17819666862487793,
        0.17891526222229004,
        0.17861056327819824,
        0.17877817153930664,
        0.17832183837890625,
        0.1785898208618164,
        0.17811131477355957,
        0.17871975898742676,
        0.17939400672912598
    ],
    "prefill_percentiles": {
        "10": 0.17820918560028076,
        "25": 0.17834186553955078,
        "50": 0.17860019207000732,
        "75": 0.1788124442100525,
        "90": 0.17892556190490722
    },
    "avg_decode_latency": 0.030989944934844974,
    "decode_latencies": [
        0.02898610962761773,
        0.03033145268758138,
        0.032275994618733726,
        0.03043675422668457,
        0.029312398698594835,
        0.029947731229994033,
        0.02921385235256619,
        0.029063622156778973,
        0.029477145936754014,
        0.029086748758951824,
        0.03156182501051161,
        0.042185703913370766
    ],
    "decode_percentiles": {
        "10": 0.029065934816996257,
        "25": 0.029182076454162598,
        "50": 0.029712438583374023,
        "75": 0.03071802192264133,
        "90": 0.032204577657911515
    }
}