{
    "avg_prefill_latency": 0.04152768850326538,
    "prefill_latencies": [
        0.0386042594909668,
        0.03815293312072754,
        0.03804326057434082,
        0.03957533836364746,
        0.043517351150512695,
        0.04777884483337402,
        0.0419156551361084,
        0.0426485538482666,
        0.04210329055786133,
        0.04192543029785156,
        0.04174375534057617,
        0.04232358932495117
    ],
    "prefill_percentiles": {
        "10": 0.03819806575775146,
        "25": 0.039332568645477295,
        "50": 0.04192054271697998,
        "75": 0.04240483045578003,
        "90": 0.04343047142028809
    },
    "avg_decode_latency": 0.031345886212808115,
    "decode_latencies": [
        0.0271555847591824,
        0.028141551547580294,
        0.04052530394660102,
        0.03233247333102756,
        0.03207169638739692,
        0.030905485153198242,
        0.031416628095838756,
        0.03071806165907118,
        0.03067501386006673,
        0.03050102127922906,
        0.030781851874457464,
        0.030925962660047743
    ],
    "decode_percentiles": {
        "10": 0.02837749852074517,
        "25": 0.030631515714857314,
        "50": 0.030843668513827853,
        "75": 0.03158039516872829,
        "90": 0.032306395636664494
    }
}