{
    "avg_prefill_latency": 0.04668213923772176,
    "prefill_latencies": [
        0.046636104583740234,
        0.04582095146179199,
        0.046700477600097656,
        0.04668116569519043,
        0.04668068885803223,
        0.04673147201538086,
        0.04801654815673828,
        0.0466611385345459,
        0.04928326606750488,
        0.04172539710998535,
        0.048842430114746094,
        0.04640603065490723
    ],
    "prefill_percentiles": {
        "10": 0.045879459381103514,
        "25": 0.04657858610153198,
        "50": 0.04668092727661133,
        "75": 0.047052741050720215,
        "90": 0.048759841918945314
    },
    "avg_decode_latency": 0.030017362700568307,
    "decode_latencies": [
        0.035380257500542536,
        0.02753562397427029,
        0.027545796500311956,
        0.02745864126417372,
        0.027542961968315974,
        0.02731768290201823,
        0.030014302995469835,
        0.04465137587653266,
        0.028309557172987197,
        0.028218534257676866,
        0.028119140201144747,
        0.028114477793375652
    ],
    "decode_percentiles": {
        "10": 0.027466339535183376,
        "25": 0.027541127469804555,
        "50": 0.028116808997260198,
        "75": 0.028735743628607854,
        "90": 0.034843662050035265
    }
}