{
    "avg_prefill_latency": 0.09818251927693684,
    "prefill_latencies": [
        0.0986940860748291,
        0.09791898727416992,
        0.0983879566192627,
        0.09825754165649414,
        0.09847450256347656,
        0.09779238700866699,
        0.09781193733215332,
        0.09795594215393066,
        0.09845566749572754,
        0.09856343269348145,
        0.09807300567626953,
        0.09780478477478027
    ],
    "prefill_percentiles": {
        "10": 0.09780550003051758,
        "25": 0.09789222478866577,
        "50": 0.09816527366638184,
        "75": 0.0984603762626648,
        "90": 0.09855453968048096
    },
    "avg_decode_latency": 0.03620970028418082,
    "decode_latencies": [
        0.03454947471618652,
        0.03735754224989149,
        0.03884553909301758,
        0.03598697980244955,
        0.034837961196899414,
        0.034231980641682945,
        0.03810832235548231,
        0.03806935416327582,
        0.03636720445421007,
        0.03771122296651205,
        0.03423892127143012,
        0.03421190049913195
    ],
    "decode_percentiles": {
        "10": 0.03423267470465766,
        "25": 0.034471836354997426,
        "50": 0.03617709212832981,
        "75": 0.03780075576570299,
        "90": 0.038104425536261664
    }
}