{
    "avg_prefill_latency": 0.3964504400889079,
    "prefill_latencies": [
        0.3804161548614502,
        0.37999844551086426,
        0.381519079208374,
        0.5658955574035645,
        0.38163042068481445,
        0.380617618560791,
        0.38074755668640137,
        0.38076114654541016,
        0.3811349868774414,
        0.3805820941925049,
        0.38291215896606445,
        0.38119006156921387
    ],
    "prefill_percentiles": {
        "10": 0.3804327487945557,
        "25": 0.3806087374687195,
        "50": 0.3809480667114258,
        "75": 0.38154691457748413,
        "90": 0.38278398513793943
    },
    "avg_decode_latency": 0.03906698800899365,
    "decode_latencies": [
        0.03712659411960178,
        0.0408878591325548,
        0.03818141089545356,
        0.036312871509128146,
        0.04155429204305013,
        0.03579952981736925,
        0.03798121876186795,
        0.03598607911003961,
        0.03617453575134277,
        0.03784076372782389,
        0.05474167399936252,
        0.03621702724032932
    ],
    "decode_percentiles": {
        "10": 0.03600492477416992,
        "25": 0.03620640436808268,
        "50": 0.037483678923712835,
        "75": 0.03885802295472887,
        "90": 0.0414876487520006
    }
}