{
    "avg_prefill_latency": 0.0820400317509969,
    "prefill_latencies": [
        0.08143854141235352,
        0.08254098892211914,
        0.08115267753601074,
        0.08240580558776855,
        0.08207058906555176,
        0.08173632621765137,
        0.08160853385925293,
        0.08234071731567383,
        0.08250141143798828,
        0.08204126358032227,
        0.08219337463378906,
        0.08245015144348145
    ],
    "prefill_percentiles": {
        "10": 0.08145554065704345,
        "25": 0.08170437812805176,
        "50": 0.08213198184967041,
        "75": 0.08241689205169678,
        "90": 0.0824962854385376
    },
    "avg_decode_latency": 0.03514566465660378,
    "decode_latencies": [
        0.03442631827460395,
        0.03493767314487033,
        0.038001298904418945,
        0.03580943743387858,
        0.03435203764173719,
        0.034318129221598305,
        0.033960183461507164,
        0.03767111566331652,
        0.0349069701300727,
        0.03425439198811849,
        0.03468285666571723,
        0.03442756334940592
    ],
    "decode_percentiles": {
        "10": 0.034260765711466475,
        "25": 0.03434356053670247,
        "50": 0.03455521000756158,
        "75": 0.03515561421712239,
        "90": 0.03748494784037273
    }
}