{
    "avg_prefill_latency": 0.5427656173706055,
    "prefill_latencies": [
        0.544501543045044,
        0.5412135124206543,
        0.5394787788391113,
        0.542095422744751,
        0.5421350002288818,
        0.5432367324829102,
        0.5431311130523682,
        0.5438263416290283,
        0.5458774566650391,
        0.5415513515472412,
        0.5426383018493652,
        0.5435018539428711
    ],
    "prefill_percentiles": {
        "10": 0.541247296333313,
        "25": 0.5419594049453735,
        "50": 0.5428847074508667,
        "75": 0.5435829758644104,
        "90": 0.5444340229034423
    },
    "avg_decode_latency": 0.047342258471029776,
    "decode_latencies": [
        0.04477209515041775,
        0.044383472866482206,
        0.044952578014797635,
        0.04632647832234701,
        0.045194652345445424,
        0.06535879770914714,
        0.044978168275621205,
        0.04787823888990614,
        0.04635847939385308,
        0.04550043741861979,
        0.0459802680545383,
        0.04642343521118164
    ],
    "decode_percentiles": {
        "10": 0.044790143436855744,
        "25": 0.04497177071041531,
        "50": 0.045740352736579046,
        "75": 0.046374718348185226,
        "90": 0.04773275852203369
    }
}