{
    "avg_prefill_latency": 0.022709170977274578,
    "prefill_latencies": [
        0.02228832244873047,
        0.022144794464111328,
        0.022180795669555664,
        0.0221710205078125,
        0.022196292877197266,
        0.022255420684814453,
        0.022146940231323242,
        0.022141218185424805,
        0.022267580032348633,
        0.02216315269470215,
        0.022264480590820312,
        0.0282900333404541
    ],
    "prefill_percentiles": {
        "10": 0.022145009040832518,
        "25": 0.022159099578857422,
        "50": 0.022188544273376465,
        "75": 0.022265255451202393,
        "90": 0.022286248207092286
    },
    "avg_decode_latency": 0.014194647471110029,
    "decode_latencies": [
        0.014019091924031576,
        0.014317247602674697,
        0.014206276999579536,
        0.014039569430881076,
        0.014691962136162652,
        0.01435489124721951,
        0.01418116357591417,
        0.014032019509209527,
        0.014161613252427842,
        0.014168341954549154,
        0.014092312918768989,
        0.014071279101901583
    ],
    "decode_percentiles": {
        "10": 0.014032774501376681,
        "25": 0.014063351684146456,
        "50": 0.014164977603488497,
        "75": 0.014234019650353326,
        "90": 0.014351126882765028
    }
}