{
    "avg_prefill_latency": 0.047908504803975425,
    "prefill_latencies": [
        0.04788517951965332,
        0.04724454879760742,
        0.04829740524291992,
        0.048223018646240234,
        0.04826974868774414,
        0.04749107360839844,
        0.04795193672180176,
        0.04715442657470703,
        0.04803276062011719,
        0.048041582107543945,
        0.04816579818725586,
        0.04814457893371582
    ],
    "prefill_percentiles": {
        "10": 0.04726920127868652,
        "25": 0.0477866530418396,
        "50": 0.048037171363830566,
        "75": 0.04818010330200195,
        "90": 0.04826507568359375
    },
    "avg_decode_latency": 0.008777249742437291,
    "decode_latencies": [
        0.008970260620117188,
        0.008720027075873481,
        0.008694622251722548,
        0.008710702260335287,
        0.009107351303100586,
        0.008707682291666666,
        0.008709934022691514,
        0.008744398752848307,
        0.008668528662787544,
        0.008726093504163954,
        0.008820427788628472,
        0.008746968375311958
    ],
    "decode_percentiles": {
        "10": 0.00869592825571696,
        "25": 0.008709371089935303,
        "50": 0.008723060290018719,
        "75": 0.008765333228641085,
        "90": 0.008955277336968315
    }
}