{
    "avg_prefill_latency": 0.02555296818415324,
    "prefill_latencies": [
        0.02555251121520996,
        0.025516510009765625,
        0.025483131408691406,
        0.02547597885131836,
        0.02553415298461914,
        0.02558159828186035,
        0.025511741638183594,
        0.025598764419555664,
        0.025601863861083984,
        0.02564215660095215,
        0.025574922561645508,
        0.025562286376953125
    ],
    "prefill_percentiles": {
        "10": 0.025485992431640625,
        "25": 0.025515317916870117,
        "50": 0.025557398796081543,
        "75": 0.02558588981628418,
        "90": 0.02560155391693115
    },
    "avg_decode_latency": 0.008621202574835883,
    "decode_latencies": [
        0.008437315622965494,
        0.00847005844116211,
        0.008485688103569878,
        0.008653746710883247,
        0.008550458484225802,
        0.008442772759331597,
        0.009293158849080404,
        0.008642037709554037,
        0.008668316735161675,
        0.008458111021253798,
        0.008878972795274522,
        0.008473793665568033
    ],
    "decode_percentiles": {
        "10": 0.008444306585523817,
        "25": 0.00846707158618503,
        "50": 0.008518073293897841,
        "75": 0.008657389216952853,
        "90": 0.008857907189263237
    }
}