{
    "avg_prefill_latency": 0.015416145324707031,
    "prefill_latencies": [
        0.015446901321411133,
        0.015689849853515625,
        0.015489339828491211,
        0.01575946807861328,
        0.015272378921508789,
        0.015207052230834961,
        0.015494585037231445,
        0.015568256378173828,
        0.015186548233032227,
        0.015370368957519531,
        0.015271663665771484,
        0.01523733139038086
    ],
    "prefill_percentiles": {
        "10": 0.01521008014678955,
        "25": 0.015263080596923828,
        "50": 0.015408635139465332,
        "75": 0.015513002872467041,
        "90": 0.015677690505981445
    },
    "avg_decode_latency": 0.010036366957205311,
    "decode_latencies": [
        0.009554809994167753,
        0.01001225577460395,
        0.009979989793565538,
        0.01005705197652181,
        0.009756459130181206,
        0.010131332609388564,
        0.01082150141398112,
        0.010760969585842557,
        0.009705622990926107,
        0.009959247377183702,
        0.009640216827392578,
        0.010056946012708876
    ],
    "decode_percentiles": {
        "10": 0.009646757443745931,
        "25": 0.009743750095367432,
        "50": 0.009996122784084745,
        "75": 0.0100756221347385,
        "90": 0.010698005888197158
    }
}