{
    "avg_prefill_latency": 0.023340225219726562,
    "prefill_latencies": [
        0.02051544189453125,
        0.023792505264282227,
        0.024399280548095703,
        0.0218353271484375,
        0.022987842559814453,
        0.018730640411376953,
        0.025998592376708984,
        0.022200822830200195,
        0.017606019973754883,
        0.03504753112792969,
        0.02093029022216797,
        0.026038408279418945
    ],
    "prefill_percentiles": {
        "10": 0.018909120559692384,
        "25": 0.02082657814025879,
        "50": 0.022594332695007324,
        "75": 0.024799108505249023,
        "90": 0.02603442668914795
    },
    "avg_decode_latency": 0.01874521264323482,
    "decode_latencies": [
        0.017271015379163954,
        0.016582859887017146,
        0.016824192470974393,
        0.01781948407491048,
        0.02429011132982042,
        0.020461479822794598,
        0.017884625328911677,
        0.017934030956692167,
        0.01885864469740126,
        0.01983695560031467,
        0.01841025882297092,
        0.018768893347846136
    ],
    "decode_percentiles": {
        "10": 0.01686887476179335,
        "25": 0.01768236690097385,
        "50": 0.018172144889831543,
        "75": 0.01910322242312961,
        "90": 0.020399027400546606
    }
}