{
    "avg_prefill_latency": 0.04759301741917928,
    "prefill_latencies": [
        0.0475916862487793,
        0.04761314392089844,
        0.04704022407531738,
        0.04713082313537598,
        0.04796910285949707,
        0.0473020076751709,
        0.047519683837890625,
        0.04818868637084961,
        0.04829740524291992,
        0.046898841857910156,
        0.04833984375,
        0.04722476005554199
    ],
    "prefill_percentiles": {
        "10": 0.04704928398132324,
        "25": 0.04720127582550049,
        "50": 0.04755568504333496,
        "75": 0.048023998737335205,
        "90": 0.04828653335571289
    },
    "avg_decode_latency": 0.013068733391938385,
    "decode_latencies": [
        0.011384805043538412,
        0.012498166826036241,
        0.01263737678527832,
        0.011832078297932943,
        0.012636635038587783,
        0.014931758244832357,
        0.012237654791937934,
        0.015826516681247287,
        0.014283471637301974,
        0.013361904356214736,
        0.012178738911946615,
        0.013015694088406034
    ],
    "decode_percentiles": {
        "10": 0.01186674435933431,
        "25": 0.012222925821940105,
        "50": 0.012637005911933051,
        "75": 0.013592296176486544,
        "90": 0.014866929584079319
    }
}