{
    "avg_prefill_latency": 0.0972124735514323,
    "prefill_latencies": [
        0.09800982475280762,
        0.09732341766357422,
        0.09683561325073242,
        0.0977942943572998,
        0.09734272956848145,
        0.09789514541625977,
        0.09935188293457031,
        0.09542083740234375,
        0.09811210632324219,
        0.0980987548828125,
        0.09424376487731934,
        0.09612131118774414
    ],
    "prefill_percentiles": {
        "10": 0.09549088478088379,
        "25": 0.09665703773498535,
        "50": 0.09756851196289062,
        "75": 0.09803205728530884,
        "90": 0.09811077117919922
    },
    "avg_decode_latency": 0.02583051522572835,
    "decode_latencies": [
        0.02499709129333496,
        0.024012660980224608,
        0.024521374702453615,
        0.02535402774810791,
        0.025153303146362306,
        0.0378298282623291,
        0.02552487850189209,
        0.02542998790740967,
        0.02535374164581299,
        0.02475423812866211,
        0.023418998718261717,
        0.02361605167388916
    ],
    "decode_percentiles": {
        "10": 0.023655712604522705,
        "25": 0.024394196271896363,
        "50": 0.025075197219848633,
        "75": 0.025373017787933348,
        "90": 0.02551538944244385
    }
}