{
    "avg_prefill_latency": 0.022571404774983723,
    "prefill_latencies": [
        0.02048325538635254,
        0.023707151412963867,
        0.01919865608215332,
        0.06636476516723633,
        0.020637989044189453,
        0.018207788467407227,
        0.016224145889282227,
        0.017437219619750977,
        0.01741480827331543,
        0.01707601547241211,
        0.016965866088867188,
        0.017139196395874023
    ],
    "prefill_percentiles": {
        "10": 0.01697688102722168,
        "25": 0.017123401165008545,
        "50": 0.0178225040435791,
        "75": 0.020521938800811768,
        "90": 0.02340023517608643
    },
    "avg_decode_latency": 0.017803750656269213,
    "decode_latencies": [
        0.023286739985148113,
        0.017144706514146592,
        0.014988078011406792,
        0.015108187993367514,
        0.02000745137532552,
        0.015404595269097222,
        0.02022663752237956,
        0.015265729692247178,
        0.021429432762993708,
        0.015733295016818576,
        0.015232165654500326,
        0.01981798807779948
    ],
    "decode_percentiles": {
        "10": 0.015120585759480795,
        "25": 0.015257338682810465,
        "50": 0.016439000765482582,
        "75": 0.020062247912089028,
        "90": 0.021309153238932295
    }
}