{
    "avg_prefill_latency": 0.02569359540939331,
    "prefill_latencies": [
        0.024934053421020508,
        0.02507495880126953,
        0.02496647834777832,
        0.025064468383789062,
        0.025554180145263672,
        0.024775981903076172,
        0.024862051010131836,
        0.028695344924926758,
        0.02479410171508789,
        0.027911901473999023,
        0.024954557418823242,
        0.02673506736755371
    ],
    "prefill_percentiles": {
        "10": 0.024800896644592285,
        "25": 0.02491605281829834,
        "50": 0.02501547336578369,
        "75": 0.02584940195083618,
        "90": 0.027794218063354494
    },
    "avg_decode_latency": 0.02520410219828288,
    "decode_latencies": [
        0.020593749152289495,
        0.024179988437228732,
        0.02139494154188368,
        0.02975585725572374,
        0.021200762854682073,
        0.025011009640163846,
        0.0215962462955051,
        0.021330012215508357,
        0.027090205086602107,
        0.028403944439358182,
        0.025909370846218534,
        0.035983138614230685
    ],
    "decode_percentiles": {
        "10": 0.021213687790764702,
        "25": 0.02137870921028985,
        "50": 0.02459549903869629,
        "75": 0.027418639924791127,
        "90": 0.029620665974087187
    }
}