{
    "avg_prefill_latency": 0.0673669974009196,
    "prefill_latencies": [
        0.06019783020019531,
        0.06047368049621582,
        0.06184124946594238,
        0.06278657913208008,
        0.06196784973144531,
        0.059715986251831055,
        0.1392040252685547,
        0.060156822204589844,
        0.05980110168457031,
        0.061554908752441406,
        0.05968141555786133,
        0.06102252006530762
    ],
    "prefill_percentiles": {
        "10": 0.05972449779510498,
        "25": 0.06006789207458496,
        "50": 0.06074810028076172,
        "75": 0.061872899532318115,
        "90": 0.0627047061920166
    },
    "avg_decode_latency": 0.027523195302044907,
    "decode_latencies": [
        0.026018407609727647,
        0.025819036695692275,
        0.0349892775217692,
        0.02601215574476454,
        0.025877873102823894,
        0.02604508399963379,
        0.026088714599609375,
        0.025707774692111544,
        0.02575961748758952,
        0.0259196228451199,
        0.036351654264662,
        0.025689125061035156
    ],
    "decode_percentiles": {
        "10": 0.02571295897165934,
        "25": 0.025804181893666588,
        "50": 0.025965889294942222,
        "75": 0.026055991649627686,
        "90": 0.03409922122955322
    }
}