{
    "avg_prefill_latency": 0.054454803466796875,
    "prefill_latencies": [
        0.053629159927368164,
        0.05291175842285156,
        0.04995608329772949,
        0.04980635643005371,
        0.04980134963989258,
        0.05059051513671875,
        0.05018305778503418,
        0.0802605152130127,
        0.061632633209228516,
        0.05126619338989258,
        0.05039668083190918,
        0.053023338317871094
    ],
    "prefill_percentiles": {
        "10": 0.049821329116821286,
        "25": 0.05012631416320801,
        "50": 0.050928354263305664,
        "75": 0.05317479372024536,
        "90": 0.06083228588104248
    },
    "avg_decode_latency": 0.03508358090012161,
    "decode_latencies": [
        0.03457302517361111,
        0.037061214447021484,
        0.030388222800360784,
        0.03185823228624132,
        0.04422773255242242,
        0.03144280115763346,
        0.027945756912231445,
        0.045177618662516274,
        0.028316921657986112,
        0.028583950466579862,
        0.03160548210144043,
        0.04982201258341471
    ],
    "decode_percentiles": {
        "10": 0.028343624538845487,
        "25": 0.029937154716915555,
        "50": 0.031731857193840876,
        "75": 0.038852843973371715,
        "90": 0.04508263005150689
    }
}