{
    "avg_prefill_latency": 0.055668811003367104,
    "prefill_latencies": [
        0.05609846115112305,
        0.05566263198852539,
        0.05596518516540527,
        0.055512428283691406,
        0.055837392807006836,
        0.05529928207397461,
        0.0554041862487793,
        0.05569291114807129,
        0.055262088775634766,
        0.055594444274902344,
        0.05626392364501953,
        0.055432796478271484
    ],
    "prefill_percentiles": {
        "10": 0.05530977249145508,
        "25": 0.05542564392089844,
        "50": 0.05562853813171387,
        "75": 0.055869340896606445,
        "90": 0.05608513355255127
    },
    "avg_decode_latency": 0.031179816634566704,
    "decode_latencies": [
        0.029452668295966253,
        0.029183149337768555,
        0.03919749789767795,
        0.03012122048272027,
        0.029098669687906902,
        0.0282336605919732,
        0.0399573114183214,
        0.02781611018710666,
        0.02809254328409831,
        0.036275784174601235,
        0.02835135989718967,
        0.028377824359469943
    ],
    "decode_percentiles": {
        "10": 0.0281066550148858,
        "25": 0.028321935070885554,
        "50": 0.02914090951283773,
        "75": 0.03165986140569051,
        "90": 0.03890532652537028
    }
}