{
    "avg_prefill_latency": 0.02851758400599162,
    "prefill_latencies": [
        0.057595014572143555,
        0.02165508270263672,
        0.02139878273010254,
        0.022046804428100586,
        0.022852420806884766,
        0.021080493927001953,
        0.02078843116760254,
        0.02245807647705078,
        0.02205944061279297,
        0.02196025848388672,
        0.06691741943359375,
        0.02139878273010254
    ],
    "prefill_percentiles": {
        "10": 0.02111232280731201,
        "25": 0.02139878273010254,
        "50": 0.022003531455993652,
        "75": 0.022556662559509277,
        "90": 0.05412075519561769
    },
    "avg_decode_latency": 0.019184077227557148,
    "decode_latencies": [
        0.017766608132256403,
        0.017683691448635526,
        0.022551695505777996,
        0.019481447007921007,
        0.02204042010837131,
        0.018092738257514104,
        0.02145544687906901,
        0.01820328500535753,
        0.01942096816168891,
        0.01794629626803928,
        0.017960309982299805,
        0.017606019973754883
    ],
    "decode_percentiles": {
        "10": 0.017691983116997614,
        "25": 0.01790137423409356,
        "50": 0.01814801163143582,
        "75": 0.019974946975708008,
        "90": 0.02198192278544108
    }
}