{
    "avg_prefill_latency": 0.019847512245178223,
    "prefill_latencies": [
        0.035299062728881836,
        0.02621316909790039,
        0.018052339553833008,
        0.019428253173828125,
        0.01707005500793457,
        0.016759872436523438,
        0.020268917083740234,
        0.016738176345825195,
        0.017291784286499023,
        0.017084836959838867,
        0.01692032814025879,
        0.017043352127075195
    ],
    "prefill_percentiles": {
        "10": 0.016775918006896973,
        "25": 0.017012596130371094,
        "50": 0.017188310623168945,
        "75": 0.019638419151306152,
        "90": 0.025618743896484376
    },
    "avg_decode_latency": 0.017888122134738497,
    "decode_latencies": [
        0.026612944073147245,
        0.02448468738132053,
        0.01659075419108073,
        0.016266054577297635,
        0.016194714440239802,
        0.016313923729790583,
        0.016290903091430664,
        0.01634412341647678,
        0.01642918586730957,
        0.01632380485534668,
        0.016422059800889757,
        0.01638431019253201
    ],
    "decode_percentiles": {
        "10": 0.016268539428710937,
        "25": 0.016308168570200603,
        "50": 0.016364216804504395,
        "75": 0.01646957794825236,
        "90": 0.023695294062296552
    }
}