{
    "avg_prefill_latency": 0.08155920108159383,
    "prefill_latencies": [
        0.08427000045776367,
        0.08160829544067383,
        0.08165121078491211,
        0.08356881141662598,
        0.08127927780151367,
        0.08086061477661133,
        0.08182168006896973,
        0.08028507232666016,
        0.08041191101074219,
        0.08136200904846191,
        0.08060646057128906,
        0.08098506927490234
    ],
    "prefill_percentiles": {
        "10": 0.08043136596679687,
        "25": 0.08079707622528076,
        "50": 0.08132064342498779,
        "75": 0.08169382810592651,
        "90": 0.08339409828186035
    },
    "avg_decode_latency": 0.03762891778239497,
    "decode_latencies": [
        0.03543260362413195,
        0.03569769859313965,
        0.05022981431749132,
        0.03411674499511719,
        0.0453184445699056,
        0.03079382578531901,
        0.042481952243381076,
        0.03042279349433051,
        0.031107796563042536,
        0.04156274265713162,
        0.0313205983903673,
        0.04306199815538195
    ],
    "decode_percentiles": {
        "10": 0.030825222863091365,
        "25": 0.03126739793353611,
        "50": 0.0355651511086358,
        "75": 0.04262696372138129,
        "90": 0.045092799928453234
    }
}