{
    "avg_prefill_latency": 0.07204101483027141,
    "prefill_latencies": [
        0.07173895835876465,
        0.07175827026367188,
        0.07204890251159668,
        0.07194137573242188,
        0.07203245162963867,
        0.0720224380493164,
        0.07203507423400879,
        0.07211089134216309,
        0.07217526435852051,
        0.07227110862731934,
        0.0723564624786377,
        0.07200098037719727
    ],
    "prefill_percentiles": {
        "10": 0.07177658081054687,
        "25": 0.07198607921600342,
        "50": 0.07203376293182373,
        "75": 0.07212698459625244,
        "90": 0.07226152420043945
    },
    "avg_decode_latency": 0.013991444199173537,
    "decode_latencies": [
        0.014598555035061307,
        0.013972812228732638,
        0.013901154200236002,
        0.014033873875935873,
        0.013965129852294922,
        0.01395212279425727,
        0.01403657595316569,
        0.013843403922186958,
        0.013860755496554904,
        0.01382862197028266,
        0.01398626963297526,
        0.01391805542839898
    ],
    "decode_percentiles": {
        "10": 0.013845139079623753,
        "25": 0.013891054524315728,
        "50": 0.013958626323276095,
        "75": 0.013998170693715412,
        "90": 0.014036305745442708
    }
}