{
    "avg_prefill_latency": 0.05014260609944662,
    "prefill_latencies": [
        0.05014657974243164,
        0.05024456977844238,
        0.05032682418823242,
        0.05062675476074219,
        0.0499422550201416,
        0.05022573471069336,
        0.05012702941894531,
        0.049324750900268555,
        0.05037713050842285,
        0.0504763126373291,
        0.05044054985046387,
        0.049452781677246094
    ],
    "prefill_percentiles": {
        "10": 0.04950172901153564,
        "25": 0.050080835819244385,
        "50": 0.05023515224456787,
        "75": 0.050392985343933105,
        "90": 0.05047273635864258
    },
    "avg_decode_latency": 0.008873186729572437,
    "decode_latencies": [
        0.008858733707004122,
        0.008788718117607964,
        0.008871661292182075,
        0.008866230646769205,
        0.009104384316338433,
        0.008790254592895508,
        0.008965836630927192,
        0.008848773108588325,
        0.00887600580851237,
        0.008802970250447592,
        0.00886188613043891,
        0.008842786153157553
    ],
    "decode_percentiles": {
        "10": 0.008791526158650717,
        "25": 0.008832832177480062,
        "50": 0.008860309918721516,
        "75": 0.008872747421264648,
        "90": 0.00895685354868571
    }
}