{
    "avg_prefill_latency": 0.024588465690612793,
    "prefill_latencies": [
        0.024716615676879883,
        0.02460789680480957,
        0.024530887603759766,
        0.024589061737060547,
        0.02455592155456543,
        0.02458477020263672,
        0.024576425552368164,
        0.02458667755126953,
        0.02462482452392578,
        0.024554729461669922,
        0.024568557739257812,
        0.02456521987915039
    ],
    "prefill_percentiles": {
        "10": 0.024554848670959473,
        "25": 0.02456289529800415,
        "50": 0.02458059787750244,
        "75": 0.024593770503997803,
        "90": 0.02462313175201416
    },
    "avg_decode_latency": 0.008727934625413684,
    "decode_latencies": [
        0.008653720219930014,
        0.00874034563700358,
        0.008658965428670248,
        0.008657084570990669,
        0.008649640613132052,
        0.00866034295823839,
        0.009172466066148546,
        0.008694675233629014,
        0.008733961317274306,
        0.008626090155707465,
        0.008773114946153428,
        0.00871480835808648
    ],
    "decode_percentiles": {
        "10": 0.00865004857381185,
        "25": 0.008656243483225506,
        "50": 0.008677509095933702,
        "75": 0.008735557397206625,
        "90": 0.008769838015238444
    }
}