{
    "avg_prefill_latency": 0.09705187877019246,
    "prefill_latencies": [
        0.0974264144897461,
        0.09711360931396484,
        0.09570765495300293,
        0.0971231460571289,
        0.09611225128173828,
        0.0967559814453125,
        0.09709000587463379,
        0.09658551216125488,
        0.09727334976196289,
        0.09791946411132812,
        0.0992124080657959,
        0.09630274772644043
    ],
    "prefill_percentiles": {
        "10": 0.0961313009262085,
        "25": 0.09651482105255127,
        "50": 0.09710180759429932,
        "75": 0.09731161594390869,
        "90": 0.09787015914916992
    },
    "avg_decode_latency": 0.02157020966211955,
    "decode_latencies": [
        0.02088766098022461,
        0.020914673805236816,
        0.020912718772888184,
        0.020814156532287596,
        0.022016215324401855,
        0.021781730651855468,
        0.02177882194519043,
        0.02179982662200928,
        0.022170376777648926,
        0.021468472480773926,
        0.021587944030761717,
        0.022709918022155762
    ],
    "decode_percentiles": {
        "10": 0.020890166759490965,
        "25": 0.020914185047149658,
        "50": 0.021683382987976074,
        "75": 0.021853923797607422,
        "90": 0.02215496063232422
    }
}