{
    "avg_prefill_latency": 0.013843059539794922,
    "prefill_latencies": [
        0.013029813766479492,
        0.01304006576538086,
        0.012876033782958984,
        0.015787363052368164,
        0.013933420181274414,
        0.013085126876831055,
        0.013997316360473633,
        0.015100717544555664,
        0.014350652694702148,
        0.013691425323486328,
        0.013083934783935547,
        0.014140844345092773
    ],
    "prefill_percentiles": {
        "10": 0.01303083896636963,
        "25": 0.013072967529296875,
        "50": 0.013812422752380371,
        "75": 0.014193296432495117,
        "90": 0.015025711059570313
    },
    "avg_decode_latency": 0.016163863517619947,
    "decode_latencies": [
        0.018243498272365995,
        0.014444430669148764,
        0.014999945958455404,
        0.015527036454942491,
        0.014977667066786025,
        0.018415715959337022,
        0.014575719833374023,
        0.015342315038045248,
        0.019034544626871746,
        0.015096267064412435,
        0.014580090840657553,
        0.018729130427042644
    ],
    "decode_percentiles": {
        "10": 0.014576156934102377,
        "25": 0.014878273010253906,
        "50": 0.015219291051228842,
        "75": 0.01828655269410875,
        "90": 0.018697788980272082
    }
}