{
    "avg_prefill_latency": 0.021990716457366943,
    "prefill_latencies": [
        0.01571369171142578,
        0.01491999626159668,
        0.01614832878112793,
        0.01660466194152832,
        0.016048431396484375,
        0.01607799530029297,
        0.017623424530029297,
        0.016167163848876953,
        0.015606880187988281,
        0.05834460258483887,
        0.015375375747680664,
        0.0452580451965332
    ],
    "prefill_percentiles": {
        "10": 0.015398526191711425,
        "25": 0.015686988830566406,
        "50": 0.01611316204071045,
        "75": 0.016859352588653564,
        "90": 0.04249458312988282
    },
    "avg_decode_latency": 0.017056489432299576,
    "decode_latencies": [
        0.015302949481540255,
        0.02100266350640191,
        0.015074041154649522,
        0.0158383846282959,
        0.020935005611843534,
        0.015105538898044162,
        0.019535197152031794,
        0.015502532323201498,
        0.015588707394070096,
        0.01566293504503038,
        0.01528567738003201,
        0.019844240612453885
    ],
    "decode_percentiles": {
        "10": 0.015123552746242946,
        "25": 0.015298631456163194,
        "50": 0.015625821219550237,
        "75": 0.01961245801713732,
        "90": 0.02082592911190457
    }
}