{
    "avg_prefill_latency": 0.07037641604741414,
    "prefill_latencies": [
        0.06919980049133301,
        0.06962037086486816,
        0.06973695755004883,
        0.07024860382080078,
        0.06946587562561035,
        0.07014846801757812,
        0.06943798065185547,
        0.07103562355041504,
        0.07071638107299805,
        0.0709831714630127,
        0.07315373420715332,
        0.0707700252532959
    ],
    "prefill_percentiles": {
        "10": 0.06944077014923096,
        "25": 0.06958174705505371,
        "50": 0.07019853591918945,
        "75": 0.0708233118057251,
        "90": 0.0710303783416748
    },
    "avg_decode_latency": 0.017426499614009147,
    "decode_latencies": [
        0.018594662348429363,
        0.015145381291707357,
        0.022288984722561307,
        0.019378317726982966,
        0.016380919350518122,
        0.01651893721686469,
        0.015858676698472764,
        0.01627977689107259,
        0.019100321663750544,
        0.016370217005411785,
        0.01781985494825575,
        0.015381945504082574
    ],
    "decode_percentiles": {
        "10": 0.015429618623521593,
        "25": 0.016174501842922635,
        "50": 0.016449928283691406,
        "75": 0.018721077177259658,
        "90": 0.019350518120659722
    }
}