{
    "avg_prefill_latency": 0.019652187824249268,
    "prefill_latencies": [
        0.015238523483276367,
        0.01360177993774414,
        0.013835668563842773,
        0.04584956169128418,
        0.013762712478637695,
        0.014368295669555664,
        0.014687538146972656,
        0.038053035736083984,
        0.019388914108276367,
        0.016363859176635742,
        0.016263723373413086,
        0.014412641525268555
    ],
    "prefill_percentiles": {
        "10": 0.013770008087158203,
        "25": 0.014235138893127441,
        "50": 0.014963030815124512,
        "75": 0.0171201229095459,
        "90": 0.03618662357330323
    },
    "avg_decode_latency": 0.01794590773405852,
    "decode_latencies": [
        0.019790834850735135,
        0.020588053597344294,
        0.015610138575236002,
        0.016003025902642146,
        0.018453227149115667,
        0.02142492930094401,
        0.016342189576890733,
        0.017382144927978516,
        0.018909825219048396,
        0.016956700219048396,
        0.018096870846218534,
        0.015792952643500432
    ],
    "decode_percentiles": {
        "10": 0.015813959969414603,
        "25": 0.016257398658328585,
        "50": 0.017739507887098525,
        "75": 0.019130077626970082,
        "90": 0.02050833172268338
    }
}