{
    "avg_prefill_latency": 0.04417979717254639,
    "prefill_latencies": [
        0.03707170486450195,
        0.0447998046875,
        0.029253005981445312,
        0.031237125396728516,
        0.030649662017822266,
        0.13553810119628906,
        0.06457901000976562,
        0.030029773712158203,
        0.028847455978393555,
        0.02884197235107422,
        0.02896428108215332,
        0.04034566879272461
    ],
    "prefill_percentiles": {
        "10": 0.02885913848876953,
        "25": 0.029180824756622314,
        "50": 0.03094339370727539,
        "75": 0.04145920276641846,
        "90": 0.06260108947753906
    },
    "avg_decode_latency": 0.02336448872530902,
    "decode_latencies": [
        0.020877361297607422,
        0.02389229668511285,
        0.022942437065972224,
        0.022002220153808594,
        0.024020486407809787,
        0.023385021421644423,
        0.02490536371866862,
        0.0231121646033393,
        0.021775987413194444,
        0.028576135635375977,
        0.021075063281589083,
        0.023809327019585505
    ],
    "decode_percentiles": {
        "10": 0.02114515569474962,
        "25": 0.021945661968655057,
        "50": 0.02324859301249186,
        "75": 0.02392434411578708,
        "90": 0.024816875987582736
    }
}