{
    "avg_prefill_latency": 0.05493758122126261,
    "prefill_latencies": [
        0.0482938289642334,
        0.04817795753479004,
        0.0503084659576416,
        0.05261087417602539,
        0.0508120059967041,
        0.06939435005187988,
        0.06072258949279785,
        0.06737875938415527,
        0.054267168045043945,
        0.053847551345825195,
        0.051061153411865234,
        0.05237627029418945
    ],
    "prefill_percentiles": {
        "10": 0.04849529266357422,
        "25": 0.05068612098693848,
        "50": 0.05249357223510742,
        "75": 0.05588102340698242,
        "90": 0.06671314239501953
    },
    "avg_decode_latency": 0.03311514412915265,
    "decode_latencies": [
        0.024787717395358615,
        0.024552769131130643,
        0.028172545962863497,
        0.025836414761013456,
        0.026133139928181965,
        0.03305766317579481,
        0.03842435942755805,
        0.04228096538119846,
        0.04710944493611654,
        0.03321504592895508,
        0.03971311781141493,
        0.034098545710245766
    ],
    "decode_percentiles": {
        "10": 0.024892587131924097,
        "25": 0.026058958636389837,
        "50": 0.033136354552374944,
        "75": 0.03874654902352227,
        "90": 0.04202418062422011
    }
}