{
    "avg_prefill_latency": 0.10842434565226237,
    "prefill_latencies": [
        0.19593000411987305,
        0.0998682975769043,
        0.1010279655456543,
        0.10023617744445801,
        0.09708881378173828,
        0.09858918190002441,
        0.10089254379272461,
        0.10033655166625977,
        0.10022425651550293,
        0.10294580459594727,
        0.10159015655517578,
        0.10236239433288574
    ],
    "prefill_percentiles": {
        "10": 0.0987170934677124,
        "25": 0.10013526678085327,
        "50": 0.10061454772949219,
        "75": 0.10178321599960327,
        "90": 0.10288746356964111
    },
    "avg_decode_latency": 0.03589577476183573,
    "decode_latencies": [
        0.032030463218688965,
        0.03175344467163086,
        0.03964991569519043,
        0.031061410903930664,
        0.031327462196350096,
        0.0397451639175415,
        0.031489109992980956,
        0.03854825496673584,
        0.033695435523986815,
        0.034932923316955564,
        0.05166513919830322,
        0.034850573539733885
    ],
    "decode_percentiles": {
        "10": 0.03134362697601318,
        "25": 0.03168736100196838,
        "50": 0.03427300453186035,
        "75": 0.038823670148849486,
        "90": 0.03973563909530639
    }
}