{
    "avg_prefill_latency": 0.07873628536860149,
    "prefill_latencies": [
        0.09091496467590332,
        0.07335424423217773,
        0.0742025375366211,
        0.07919168472290039,
        0.07727408409118652,
        0.0771329402923584,
        0.07710409164428711,
        0.08609986305236816,
        0.07739090919494629,
        0.07505202293395996,
        0.07928776741027832,
        0.07783031463623047
    ],
    "prefill_percentiles": {
        "10": 0.07428748607635498,
        "25": 0.07659107446670532,
        "50": 0.0773324966430664,
        "75": 0.07921570539474487,
        "90": 0.08541865348815918
    },
    "avg_decode_latency": 0.03475788235664368,
    "decode_latencies": [
        0.029860734939575195,
        0.028211808204650878,
        0.02928338050842285,
        0.03091435432434082,
        0.030092906951904298,
        0.031778812408447266,
        0.04626710414886474,
        0.03828554153442383,
        0.03792846202850342,
        0.03513095378875732,
        0.03683924674987793,
        0.042501282691955564
    ],
    "decode_percentiles": {
        "10": 0.029341115951538085,
        "25": 0.030034863948822023,
        "50": 0.0334548830986023,
        "75": 0.03801773190498352,
        "90": 0.04207970857620239
    }
}