{
    "avg_prefill_latency": 0.10188563664754231,
    "prefill_latencies": [
        0.10242605209350586,
        0.1071174144744873,
        0.10083532333374023,
        0.1012568473815918,
        0.10075759887695312,
        0.10135340690612793,
        0.10311341285705566,
        0.10255265235900879,
        0.10084939002990723,
        0.09952616691589355,
        0.10088229179382324,
        0.10195708274841309
    ],
    "prefill_percentiles": {
        "10": 0.10076537132263183,
        "25": 0.10084587335586548,
        "50": 0.10130512714385986,
        "75": 0.10245770215988159,
        "90": 0.10305733680725097
    },
    "avg_decode_latency": 0.03120665351549784,
    "decode_latencies": [
        0.033185935020446776,
        0.0415111780166626,
        0.02881300449371338,
        0.029241442680358887,
        0.042125797271728514,
        0.028481101989746092,
        0.02826998233795166,
        0.028268074989318846,
        0.02638278007507324,
        0.026314854621887207,
        0.026647305488586424,
        0.03523838520050049
    ],
    "decode_percentiles": {
        "10": 0.02640923261642456,
        "25": 0.02786288261413574,
        "50": 0.028647053241729736,
        "75": 0.0336990475654602,
        "90": 0.04088389873504639
    }
}