{
    "avg_prefill_latency": 0.023644665877024334,
    "prefill_latencies": [
        0.02313065528869629,
        0.02251410484313965,
        0.02692103385925293,
        0.02513885498046875,
        0.023351192474365234,
        0.02531909942626953,
        0.023353099822998047,
        0.024194717407226562,
        0.022638797760009766,
        0.022333860397338867,
        0.022365570068359375,
        0.022475004196166992
    ],
    "prefill_percentiles": {
        "10": 0.022376513481140135,
        "25": 0.022504329681396484,
        "50": 0.02324092388153076,
        "75": 0.02443075180053711,
        "90": 0.025301074981689452
    },
    "avg_decode_latency": 0.019142866134643558,
    "decode_latencies": [
        0.018640544679429796,
        0.020034048292371962,
        0.02092379993862576,
        0.018871598773532443,
        0.018606450822618272,
        0.018442392349243164,
        0.01884648534986708,
        0.02166801028781467,
        0.02050932248433431,
        0.01803421974182129,
        0.01950992478264703,
        0.015627596113416884
    ],
    "decode_percentiles": {
        "10": 0.018075037002563476,
        "25": 0.018565436204274494,
        "50": 0.018859042061699763,
        "75": 0.02015286684036255,
        "90": 0.020882352193196615
    }
}