{
    "avg_prefill_latency": 0.02164977788925171,
    "prefill_latencies": [
        0.0650022029876709,
        0.01671314239501953,
        0.01609015464782715,
        0.014943838119506836,
        0.024117469787597656,
        0.015241861343383789,
        0.016370058059692383,
        0.016133546829223633,
        0.016870498657226562,
        0.025801658630371094,
        0.015557289123535156,
        0.01695561408996582
    ],
    "prefill_percentiles": {
        "10": 0.015273404121398926,
        "25": 0.01595693826675415,
        "50": 0.016541600227355957,
        "75": 0.01874607801437378,
        "90": 0.02563323974609375
    },
    "avg_decode_latency": 0.018096519841088187,
    "decode_latencies": [
        0.015544282065497505,
        0.01994776725769043,
        0.015419827567206489,
        0.01911367310418023,
        0.015196614795260958,
        0.019955237706502277,
        0.015036238564385308,
        0.021561145782470703,
        0.014996793535020616,
        0.02581212255689833,
        0.018119547102186415,
        0.016454988055759005
    ],
    "decode_percentiles": {
        "10": 0.015052276187472874,
        "25": 0.015364024374220107,
        "50": 0.017287267578972712,
        "75": 0.01994963486989339,
        "90": 0.02140055497487386
    }
}