{
    "avg_prefill_latency": 0.05319074789683024,
    "prefill_latencies": [
        0.05272054672241211,
        0.1609938144683838,
        0.047425270080566406,
        0.04053020477294922,
        0.04787731170654297,
        0.040699005126953125,
        0.041942596435546875,
        0.041001081466674805,
        0.040351152420043945,
        0.04010963439941406,
        0.04051637649536133,
        0.04412198066711426
    ],
    "prefill_percentiles": {
        "10": 0.04036767482757568,
        "25": 0.040526747703552246,
        "50": 0.04147183895111084,
        "75": 0.04753828048706055,
        "90": 0.0522362232208252
    },
    "avg_decode_latency": 0.02583253162878531,
    "decode_latencies": [
        0.02503604359096951,
        0.027903609805636935,
        0.0303092532687717,
        0.023019658194647893,
        0.02125194337632921,
        0.0289305845896403,
        0.02613390816582574,
        0.025868680742051866,
        0.027217043770684138,
        0.02327924304538303,
        0.02767070134480794,
        0.023369709650675457
    ],
    "decode_percentiles": {
        "10": 0.023045616679721406,
        "25": 0.02334709299935235,
        "50": 0.026001294453938804,
        "75": 0.02772892846001519,
        "90": 0.028827887111239965
    }
}