{
    "avg_prefill_latency": 0.09676418701807658,
    "prefill_latencies": [
        0.0962836742401123,
        0.09701013565063477,
        0.09742569923400879,
        0.09707117080688477,
        0.09618544578552246,
        0.09540319442749023,
        0.09630537033081055,
        0.09771323204040527,
        0.09633851051330566,
        0.09830284118652344,
        0.09711694717407227,
        0.09601402282714844
    ],
    "prefill_percentiles": {
        "10": 0.09603116512298585,
        "25": 0.09625911712646484,
        "50": 0.09667432308197021,
        "75": 0.0971941351890564,
        "90": 0.09768447875976563
    },
    "avg_decode_latency": 0.009874558007275616,
    "decode_latencies": [
        0.009825574027167426,
        0.010038905673556857,
        0.010168499416775174,
        0.009819057252671983,
        0.009729411866929796,
        0.009995328055487739,
        0.009760856628417969,
        0.00989063580830892,
        0.009806341595119901,
        0.009783585866292318,
        0.009819375144110786,
        0.009857124752468534
    ],
    "decode_percentiles": {
        "10": 0.009763129552205404,
        "25": 0.009800652662913006,
        "50": 0.009822474585639106,
        "75": 0.009916808870103624,
        "90": 0.010034547911749946
    }
}