{
    "avg_prefill_latency": 0.06126185258229574,
    "prefill_latencies": [
        0.06150388717651367,
        0.06128072738647461,
        0.06310558319091797,
        0.06164050102233887,
        0.06060314178466797,
        0.06119394302368164,
        0.06194472312927246,
        0.06212449073791504,
        0.060118675231933594,
        0.060138702392578125,
        0.06096076965332031,
        0.06052708625793457
    ],
    "prefill_percentiles": {
        "10": 0.06017754077911377,
        "25": 0.06058412790298462,
        "50": 0.061237335205078125,
        "75": 0.061716556549072266,
        "90": 0.06210651397705078
    },
    "avg_decode_latency": 0.015708186008312083,
    "decode_latencies": [
        0.014878087573581271,
        0.016781674491034612,
        0.01614795790778266,
        0.01972781287299262,
        0.015875313017103408,
        0.015733718872070312,
        0.01579427719116211,
        0.015260060628255209,
        0.015221357345581055,
        0.016399992836846247,
        0.01380316416422526,
        0.012874815199110243
    ],
    "decode_percentiles": {
        "10": 0.013910656505160861,
        "25": 0.015135539902581109,
        "50": 0.01576399803161621,
        "75": 0.016210966640048556,
        "90": 0.016743506325615776
    }
}