{
    "avg_prefill_latency": 0.01558933655420939,
    "prefill_latencies": [
        0.015547752380371094,
        0.015689849853515625,
        0.015943288803100586,
        0.015592336654663086,
        0.01587986946105957,
        0.015486717224121094,
        0.016950130462646484,
        0.015089273452758789,
        0.015163183212280273,
        0.015186309814453125,
        0.015266656875610352,
        0.015276670455932617
    ],
    "prefill_percentiles": {
        "10": 0.015165495872497558,
        "25": 0.015246570110321045,
        "50": 0.015517234802246094,
        "75": 0.01573735475540161,
        "90": 0.015936946868896483
    },
    "avg_decode_latency": 0.009594261646270752,
    "decode_latencies": [
        0.010535160700480143,
        0.011459456549750434,
        0.010382731755574545,
        0.009680959913465712,
        0.010281668768988715,
        0.009683714972601997,
        0.008829673131306967,
        0.00873716672261556,
        0.00882063971625434,
        0.00895229975382487,
        0.008985122044881185,
        0.008782545725504557
    ],
    "decode_percentiles": {
        "10": 0.008786355124579535,
        "25": 0.00882741477754381,
        "50": 0.009333040979173448,
        "75": 0.010306934515635174,
        "90": 0.010519917805989583
    }
}