{
    "avg_prefill_latency": 0.045172929763793945,
    "prefill_latencies": [
        0.045151710510253906,
        0.04472780227661133,
        0.045107126235961914,
        0.04519343376159668,
        0.045478105545043945,
        0.04476618766784668,
        0.045604705810546875,
        0.0451507568359375,
        0.04494190216064453,
        0.045385122299194336,
        0.04515695571899414,
        0.04541134834289551
    ],
    "prefill_percentiles": {
        "10": 0.04478375911712647,
        "25": 0.04506582021713257,
        "50": 0.04515433311462402,
        "75": 0.04539167881011963,
        "90": 0.0454714298248291
    },
    "avg_decode_latency": 0.01186685208921079,
    "decode_latencies": [
        0.01228944460550944,
        0.011985805299546983,
        0.011804951561821831,
        0.011742485894097222,
        0.011807441711425781,
        0.011672125922309028,
        0.01206864251030816,
        0.012233654657999674,
        0.011994361877441406,
        0.011618879106309678,
        0.011522981855604384,
        0.011661450068155924
    ],
    "decode_percentiles": {
        "10": 0.011623136202494304,
        "25": 0.011669456958770752,
        "50": 0.011806196636623807,
        "75": 0.012012932035658095,
        "90": 0.012217153443230523
    }
}