{
    "avg_prefill_latency": 0.022905548413594563,
    "prefill_latencies": [
        0.022309303283691406,
        0.028564453125,
        0.02243828773498535,
        0.02226543426513672,
        0.022466421127319336,
        0.022431135177612305,
        0.02232670783996582,
        0.022493839263916016,
        0.022260665893554688,
        0.023062705993652344,
        0.022141695022583008,
        0.022105932235717773
    ],
    "prefill_percentiles": {
        "10": 0.022153592109680174,
        "25": 0.02226424217224121,
        "50": 0.022378921508789062,
        "75": 0.022473275661468506,
        "90": 0.02300581932067871
    },
    "avg_decode_latency": 0.018887102603912354,
    "decode_latencies": [
        0.015013111962212456,
        0.020867930518256292,
        0.0181015862358941,
        0.018981297810872395,
        0.018485731548733182,
        0.01987616221110026,
        0.01826424068874783,
        0.02072596549987793,
        0.019427961773342557,
        0.018165191014607746,
        0.01968277825249566,
        0.019053273730807833
    ],
    "decode_percentiles": {
        "10": 0.018107946713765463,
        "25": 0.01823947827021281,
        "50": 0.019017285770840116,
        "75": 0.019731124242146812,
        "90": 0.020640985171000163
    }
}