{
    "avg_prefill_latency": 0.07235676050186157,
    "prefill_latencies": [
        0.06999588012695312,
        0.06965804100036621,
        0.06987595558166504,
        0.06968307495117188,
        0.07085704803466797,
        0.071075439453125,
        0.0765678882598877,
        0.07694697380065918,
        0.07399630546569824,
        0.07122611999511719,
        0.07468748092651367,
        0.07371091842651367
    ],
    "prefill_percentiles": {
        "10": 0.0697023630142212,
        "25": 0.0699658989906311,
        "50": 0.0711507797241211,
        "75": 0.0741690993309021,
        "90": 0.07637984752655029
    },
    "avg_decode_latency": 0.023201181491216024,
    "decode_latencies": [
        0.020684313774108887,
        0.021135950088500978,
        0.021019864082336425,
        0.021403813362121583,
        0.022510218620300292,
        0.02346339225769043,
        0.0245258092880249,
        0.02383413314819336,
        0.02432079315185547,
        0.024998068809509277,
        0.025608634948730467,
        0.024909186363220214
    ],
    "decode_percentiles": {
        "10": 0.02103147268295288,
        "25": 0.021336847543716432,
        "50": 0.023648762702941896,
        "75": 0.02462165355682373,
        "90": 0.02498918056488037
    }
}