{
    "avg_prefill_latency": 0.0708196759223938,
    "prefill_latencies": [
        0.06906962394714355,
        0.07366251945495605,
        0.06927323341369629,
        0.07827210426330566,
        0.07400846481323242,
        0.06905579566955566,
        0.07192850112915039,
        0.06875729560852051,
        0.0691671371459961,
        0.06881260871887207,
        0.06900286674499512,
        0.06882596015930176
    ],
    "prefill_percentiles": {
        "10": 0.06881394386291503,
        "25": 0.06895864009857178,
        "50": 0.06911838054656982,
        "75": 0.0723620057106018,
        "90": 0.07397387027740479
    },
    "avg_decode_latency": 0.02174705664316813,
    "decode_latencies": [
        0.018734097480773926,
        0.022585582733154298,
        0.019489407539367676,
        0.02827718257904053,
        0.02097187042236328,
        0.027041053771972655,
        0.01889495849609375,
        0.0249483585357666,
        0.019196176528930665,
        0.018514156341552734,
        0.019189929962158202,
        0.023121905326843262
    ],
    "decode_percentiles": {
        "10": 0.01875018358230591,
        "25": 0.019116187095642088,
        "50": 0.020230638980865478,
        "75": 0.023578518629074098,
        "90": 0.02683178424835205
    }
}