{
    "avg_prefill_latency": 0.07294877370198567,
    "prefill_latencies": [
        0.07803010940551758,
        0.06896233558654785,
        0.06871891021728516,
        0.06909966468811035,
        0.07402467727661133,
        0.08279538154602051,
        0.07000064849853516,
        0.07560610771179199,
        0.06923723220825195,
        0.06940674781799316,
        0.06954765319824219,
        0.0799558162689209
    ],
    "prefill_percentiles": {
        "10": 0.0689760684967041,
        "25": 0.06920284032821655,
        "50": 0.06977415084838867,
        "75": 0.07621210813522339,
        "90": 0.07976324558258056
    },
    "avg_decode_latency": 0.0285171906153361,
    "decode_latencies": [
        0.02537856101989746,
        0.037017011642456056,
        0.025882387161254884,
        0.024931669235229492,
        0.024500012397766113,
        0.024683237075805664,
        0.026450920104980468,
        0.028276515007019044,
        0.03144214153289795,
        0.02672760486602783,
        0.038963913917541504,
        0.02795231342315674
    ],
    "decode_percentiles": {
        "10": 0.024708080291748046,
        "25": 0.025266838073730466,
        "50": 0.02658926248550415,
        "75": 0.02906792163848877,
        "90": 0.03645952463150025
    }
}