{
    "avg_prefill_latency": 0.0440742572148641,
    "prefill_latencies": [
        0.0420682430267334,
        0.04469442367553711,
        0.046727657318115234,
        0.05462837219238281,
        0.046750545501708984,
        0.04211688041687012,
        0.04323887825012207,
        0.042532920837402344,
        0.04567241668701172,
        0.0404660701751709,
        0.04027271270751953,
        0.03972196578979492
    ],
    "prefill_percentiles": {
        "10": 0.04029204845428467,
        "25": 0.04166769981384277,
        "50": 0.04288589954376221,
        "75": 0.0459362268447876,
        "90": 0.04674825668334961
    },
    "avg_decode_latency": 0.03462257870921382,
    "decode_latencies": [
        0.03709401024712457,
        0.04442336824205187,
        0.03970053460862902,
        0.05635984738667806,
        0.03244720564948188,
        0.03151202201843262,
        0.032699796888563365,
        0.02913599544101291,
        0.027479171752929688,
        0.03353839450412326,
        0.026206996705796983,
        0.024873601065741643
    ],
    "decode_percentiles": {
        "10": 0.026334214210510253,
        "25": 0.028721789518992104,
        "50": 0.03257350126902262,
        "75": 0.03774564133750068,
        "90": 0.043951084878709586
    }
}