{
    "avg_prefill_latency": 0.029932459195454914,
    "prefill_latencies": [
        0.028872966766357422,
        0.029067516326904297,
        0.029430627822875977,
        0.029416561126708984,
        0.031065940856933594,
        0.029042959213256836,
        0.0301973819732666,
        0.034879207611083984,
        0.029362201690673828,
        0.029502153396606445,
        0.0287017822265625,
        0.029650211334228516
    ],
    "prefill_percentiles": {
        "10": 0.028889966011047364,
        "25": 0.02906137704849243,
        "50": 0.02942359447479248,
        "75": 0.029787003993988037,
        "90": 0.030979084968566894
    },
    "avg_decode_latency": 0.023325037073206017,
    "decode_latencies": [
        0.021321641074286565,
        0.01858740382724338,
        0.019031551149156358,
        0.0257007810804579,
        0.024928066465589736,
        0.028494093153211806,
        0.02146845393710666,
        0.023916297488742404,
        0.023680819405449763,
        0.027328146828545466,
        0.022298124101426866,
        0.023145066367255315
    ],
    "decode_percentiles": {
        "10": 0.01926056014166938,
        "25": 0.02143175072140164,
        "50": 0.02341294288635254,
        "75": 0.025121245119306777,
        "90": 0.02716541025373671
    }
}