{
    "avg_prefill_latency": 0.0509525736172994,
    "prefill_latencies": [
        0.05493807792663574,
        0.05197501182556152,
        0.05336189270019531,
        0.051604270935058594,
        0.04935789108276367,
        0.049543142318725586,
        0.04972577095031738,
        0.049689292907714844,
        0.05041146278381348,
        0.05074930191040039,
        0.05005812644958496,
        0.05001664161682129
    ],
    "prefill_percentiles": {
        "10": 0.04955775737762451,
        "25": 0.04971665143966675,
        "50": 0.05023479461669922,
        "75": 0.051696956157684326,
        "90": 0.05322320461273193
    },
    "avg_decode_latency": 0.03138033769748829,
    "decode_latencies": [
        0.04580031500922309,
        0.036500242021348744,
        0.02752330568101671,
        0.032777335908677846,
        0.025125609503851995,
        0.024650308820936415,
        0.02496692869398329,
        0.03482227855258518,
        0.02615968386332194,
        0.02690447701348199,
        0.026648971769544814,
        0.04468459553188748
    ],
    "decode_percentiles": {
        "10": 0.024982796774970163,
        "25": 0.025901165273454454,
        "50": 0.02721389134724935,
        "75": 0.03524176941977607,
        "90": 0.043866160180833606
    }
}