{
    "avg_prefill_latency": 0.06195753812789917,
    "prefill_latencies": [
        0.06051278114318848,
        0.06113314628601074,
        0.06072402000427246,
        0.060358524322509766,
        0.06236147880554199,
        0.06064009666442871,
        0.06341052055358887,
        0.0608823299407959,
        0.06379532814025879,
        0.06430768966674805,
        0.06288003921508789,
        0.0624845027923584
    ],
    "prefill_percentiles": {
        "10": 0.0605255126953125,
        "25": 0.06070303916931152,
        "50": 0.06174731254577637,
        "75": 0.06301265954971313,
        "90": 0.06375684738159179
    },
    "avg_decode_latency": 0.03006272845798069,
    "decode_latencies": [
        0.02557463116115994,
        0.02647558848063151,
        0.03644424014621311,
        0.02664960755242242,
        0.027015050252278645,
        0.02716480361090766,
        0.04146403736538357,
        0.027364121543036565,
        0.02691923247443305,
        0.028372844060262043,
        0.04031811820136176,
        0.02699046664767795
    ],
    "decode_percentiles": {
        "10": 0.026492990387810604,
        "25": 0.026851826243930392,
        "50": 0.02708992693159315,
        "75": 0.030390693081749808,
        "90": 0.039930730395846895
    }
}