{
    "avg_prefill_latency": 0.017272075017293293,
    "prefill_latencies": [
        0.022211790084838867,
        0.016579151153564453,
        0.018245697021484375,
        0.01640915870666504,
        0.01664900779724121,
        0.01616525650024414,
        0.01649165153503418,
        0.016528606414794922,
        0.0164792537689209,
        0.01631307601928711,
        0.01636672019958496,
        0.018825531005859375
    ],
    "prefill_percentiles": {
        "10": 0.016318440437316895,
        "25": 0.01639854907989502,
        "50": 0.01651012897491455,
        "75": 0.017048180103302002,
        "90": 0.018767547607421876
    },
    "avg_decode_latency": 0.014949363690835459,
    "decode_latencies": [
        0.015011681450737847,
        0.014915704727172852,
        0.014767991171942817,
        0.01467116673787435,
        0.01480926407708062,
        0.014936579598320855,
        0.014832867516411675,
        0.01514108975728353,
        0.015092505349053277,
        0.015044450759887695,
        0.014698266983032227,
        0.015470796161227755
    ],
    "decode_percentiles": {
        "10": 0.014705239401923286,
        "25": 0.01479894585079617,
        "50": 0.014926142162746854,
        "75": 0.015056464407179091,
        "90": 0.015136231316460504
    }
}