{
    "avg_prefill_latency": 0.03642795483271281,
    "prefill_latencies": [
        0.0326993465423584,
        0.0323789119720459,
        0.0741279125213623,
        0.03217053413391113,
        0.03281664848327637,
        0.0357508659362793,
        0.033321380615234375,
        0.03209829330444336,
        0.03213334083557129,
        0.0322725772857666,
        0.03352642059326172,
        0.03383922576904297
    ],
    "prefill_percentiles": {
        "10": 0.032137060165405275,
        "25": 0.032247066497802734,
        "50": 0.03275799751281738,
        "75": 0.03360462188720703,
        "90": 0.03555970191955567
    },
    "avg_decode_latency": 0.030671949739809395,
    "decode_latencies": [
        0.02827233738369412,
        0.023106363084581163,
        0.022867759068806965,
        0.027435700098673504,
        0.024793545405069988,
        0.03217005729675293,
        0.040552986992730036,
        0.022686031129625108,
        0.027681668599446613,
        0.026258548100789387,
        0.03767214881049262,
        0.05456625090705024
    ],
    "decode_percentiles": {
        "10": 0.022891619470384386,
        "25": 0.024371749824947782,
        "50": 0.02755868434906006,
        "75": 0.033545580175187856,
        "90": 0.040264903174506296
    }
}