{
    "avg_prefill_latency": 0.04554128646850586,
    "prefill_latencies": [
        0.04485964775085449,
        0.045044660568237305,
        0.0513310432434082,
        0.045485734939575195,
        0.04492616653442383,
        0.04520058631896973,
        0.04547715187072754,
        0.04475593566894531,
        0.04474687576293945,
        0.04428529739379883,
        0.046112775802612305,
        0.044269561767578125
    ],
    "prefill_percentiles": {
        "10": 0.04433145523071289,
        "25": 0.04475367069244385,
        "50": 0.044985413551330566,
        "75": 0.04547929763793945,
        "90": 0.046050071716308594
    },
    "avg_decode_latency": 0.03126548616974442,
    "decode_latencies": [
        0.030157089233398438,
        0.029972182379828557,
        0.03905865881178114,
        0.03745826085408529,
        0.028164969550238714,
        0.027716583675808378,
        0.0353903505537245,
        0.027670939763387043,
        0.027906046973334417,
        0.035195880466037326,
        0.028306881586710613,
        0.028187990188598633
    ],
    "decode_percentiles": {
        "10": 0.02773553000556098,
        "25": 0.02810023890601264,
        "50": 0.029139531983269587,
        "75": 0.03524449798795912,
        "90": 0.03725146982404921
    }
}