{
    "avg_prefill_latency": 0.03556632995605469,
    "prefill_latencies": [
        0.036716461181640625,
        0.0358121395111084,
        0.03809499740600586,
        0.04005837440490723,
        0.037241458892822266,
        0.03368115425109863,
        0.033499717712402344,
        0.03426408767700195,
        0.034316301345825195,
        0.03358101844787598,
        0.034093618392944336,
        0.03543663024902344
    ],
    "prefill_percentiles": {
        "10": 0.03359103202819824,
        "25": 0.03399050235748291,
        "50": 0.034876465797424316,
        "75": 0.036847710609436035,
        "90": 0.0380096435546875
    },
    "avg_decode_latency": 0.02337988879945543,
    "decode_latencies": [
        0.026118675867716473,
        0.027912166383531358,
        0.02482748031616211,
        0.02489858203464084,
        0.023859209484524198,
        0.020455784267849393,
        0.01994458834330241,
        0.030919922722710505,
        0.020260996288723417,
        0.02032483948601617,
        0.020531495412190754,
        0.020504924986097548
    ],
    "decode_percentiles": {
        "10": 0.020267380608452693,
        "25": 0.020423048072391085,
        "50": 0.022195352448357478,
        "75": 0.025203605492909748,
        "90": 0.02773281733194987
    }
}