{
    "avg_prefill_latency": 0.06468743085861206,
    "prefill_latencies": [
        0.06386160850524902,
        0.06403589248657227,
        0.06693363189697266,
        0.06370091438293457,
        0.06428289413452148,
        0.06480216979980469,
        0.06421399116516113,
        0.06375789642333984,
        0.06363725662231445,
        0.06493115425109863,
        0.06600427627563477,
        0.06608748435974121
    ],
    "prefill_percentiles": {
        "10": 0.0637066125869751,
        "25": 0.06383568048477173,
        "50": 0.06424844264984131,
        "75": 0.06519943475723267,
        "90": 0.06607916355133056
    },
    "avg_decode_latency": 0.029215662567703818,
    "decode_latencies": [
        0.025223784976535372,
        0.04342712296379937,
        0.024674071205986872,
        0.024426407284206815,
        0.03384616639879015,
        0.024810367160373263,
        0.02419455846150716,
        0.035460180706448026,
        0.026103443569607206,
        0.0258534484439426,
        0.025266567866007488,
        0.03730183177524143
    ],
    "decode_percentiles": {
        "10": 0.02445117367638482,
        "25": 0.024776293171776667,
        "50": 0.025560008154975042,
        "75": 0.03424966997570462,
        "90": 0.03711766666836209
    }
}