{
    "avg_prefill_latency": 0.022565444310506184,
    "prefill_latencies": [
        0.023123502731323242,
        0.022368192672729492,
        0.022362232208251953,
        0.022719860076904297,
        0.022307872772216797,
        0.022354841232299805,
        0.02238011360168457,
        0.02231144905090332,
        0.022362470626831055,
        0.02236342430114746,
        0.022285938262939453,
        0.023845434188842773
    ],
    "prefill_percentiles": {
        "10": 0.02230823040008545,
        "25": 0.022343993186950684,
        "50": 0.022362947463989258,
        "75": 0.022465050220489502,
        "90": 0.023083138465881347
    },
    "avg_decode_latency": 0.01701627395771168,
    "decode_latencies": [
        0.015831920835706923,
        0.01583120557996962,
        0.016106155183580186,
        0.01597052150302463,
        0.01602307955423991,
        0.02435061666700575,
        0.01655247476365831,
        0.016440471013387043,
        0.0163266658782959,
        0.01636921034918891,
        0.017089419894748263,
        0.0173035462697347
    ],
    "decode_percentiles": {
        "10": 0.015845780902438693,
        "25": 0.01600994004143609,
        "50": 0.016347938113742404,
        "75": 0.0166867110464308,
        "90": 0.017282133632236057
    }
}