{
    "avg_prefill_latency": 0.021299123764038086,
    "prefill_latencies": [
        0.013151407241821289,
        0.013333320617675781,
        0.01314687728881836,
        0.015515327453613281,
        0.014435768127441406,
        0.028334856033325195,
        0.023270606994628906,
        0.021387100219726562,
        0.029464244842529297,
        0.03604006767272949,
        0.018466472625732422,
        0.02904343605041504
    ],
    "prefill_percentiles": {
        "10": 0.013169598579406739,
        "25": 0.01416015625,
        "50": 0.019926786422729492,
        "75": 0.028512001037597656,
        "90": 0.02942216396331787
    },
    "avg_decode_latency": 0.01974157271561799,
    "decode_latencies": [
        0.019030094146728516,
        0.01909237437778049,
        0.020177072948879667,
        0.01915619108412001,
        0.019285731845431857,
        0.018863121668497723,
        0.018549415800306533,
        0.021619478861490887,
        0.019643200768364802,
        0.024224201838175457,
        0.01722142431471083,
        0.020036564932929143
    ],
    "decode_percentiles": {
        "10": 0.018580786387125653,
        "25": 0.018988351027170818,
        "50": 0.019220961464775935,
        "75": 0.020071691936916776,
        "90": 0.021475238270229766
    }
}