{
    "avg_prefill_latency": 0.0459713339805603,
    "prefill_latencies": [
        0.04108381271362305,
        0.04142260551452637,
        0.04127907752990723,
        0.04118204116821289,
        0.042333364486694336,
        0.042372703552246094,
        0.04310178756713867,
        0.042786598205566406,
        0.04233574867248535,
        0.04222917556762695,
        0.04194784164428711,
        0.08958125114440918
    ],
    "prefill_percentiles": {
        "10": 0.04119174480438233,
        "25": 0.04138672351837158,
        "50": 0.042281270027160645,
        "75": 0.04247617721557617,
        "90": 0.04307026863098144
    },
    "avg_decode_latency": 0.0366646029331066,
    "decode_latencies": [
        0.044966194364759654,
        0.04125237464904785,
        0.03283977508544922,
        0.033143573337131076,
        0.04403779241773817,
        0.031719075308905706,
        0.03834626409742567,
        0.033243285285101995,
        0.03298226992289225,
        0.03638211886088053,
        0.034774594836764865,
        0.036287917031182185
    ],
    "decode_percentiles": {
        "10": 0.03285402456919352,
        "25": 0.033103247483571366,
        "50": 0.03553125593397352,
        "75": 0.039072791735331215,
        "90": 0.04375925064086914
    }
}