{
    "avg_prefill_latency": 0.04848078886667887,
    "prefill_latencies": [
        0.11232399940490723,
        0.04213309288024902,
        0.04278969764709473,
        0.04201102256774902,
        0.04344630241394043,
        0.04252362251281738,
        0.04280853271484375,
        0.04260826110839844,
        0.042386770248413086,
        0.04242396354675293,
        0.04348111152648926,
        0.04283308982849121
    ],
    "prefill_percentiles": {
        "10": 0.04215846061706543,
        "25": 0.04241466522216797,
        "50": 0.04269897937774658,
        "75": 0.042986392974853516,
        "90": 0.043477630615234374
    },
    "avg_decode_latency": 0.028781848925131342,
    "decode_latencies": [
        0.02730780177646213,
        0.027306026882595487,
        0.027231136957804363,
        0.03616937001546224,
        0.027283800972832575,
        0.028202533721923828,
        0.034266259935167104,
        0.027469105190700956,
        0.027648448944091797,
        0.02764736281500922,
        0.027958922915988497,
        0.02689141697353787
    ],
    "decode_percentiles": {
        "10": 0.027236403359307184,
        "25": 0.027300470405154757,
        "50": 0.02755823400285509,
        "75": 0.02801982561747233,
        "90": 0.03365988731384278
    }
}