{
    "avg_prefill_latency": 0.09621920188268025,
    "prefill_latencies": [
        0.09474706649780273,
        0.09753680229187012,
        0.09627866744995117,
        0.09561395645141602,
        0.09637856483459473,
        0.09589886665344238,
        0.09798884391784668,
        0.09633541107177734,
        0.09667658805847168,
        0.09495401382446289,
        0.09682798385620117,
        0.09539365768432617
    ],
    "prefill_percentiles": {
        "10": 0.09499797821044922,
        "25": 0.09555888175964355,
        "50": 0.09630703926086426,
        "75": 0.09671443700790405,
        "90": 0.09746592044830323
    },
    "avg_decode_latency": 0.022806332508722937,
    "decode_latencies": [
        0.021542119979858398,
        0.022385168075561523,
        0.021778202056884764,
        0.02430415153503418,
        0.026396989822387695,
        0.02877485752105713,
        0.021584033966064453,
        0.02156383991241455,
        0.020973563194274902,
        0.021388483047485352,
        0.02138960361480713,
        0.021594977378845213
    ],
    "decode_percentiles": {
        "10": 0.02138859510421753,
        "25": 0.02150399088859558,
        "50": 0.021589505672454833,
        "75": 0.022864913940429686,
        "90": 0.026187705993652343
    }
}