{
    "avg_prefill_latency": 0.09563551346460979,
    "prefill_latencies": [
        0.0947713851928711,
        0.09594845771789551,
        0.0961916446685791,
        0.09526634216308594,
        0.09452605247497559,
        0.09546113014221191,
        0.09755921363830566,
        0.09659504890441895,
        0.0968935489654541,
        0.0953819751739502,
        0.09368467330932617,
        0.09534668922424316
    ],
    "prefill_percentiles": {
        "10": 0.09455058574676514,
        "25": 0.09514260292053223,
        "50": 0.09542155265808105,
        "75": 0.09629249572753906,
        "90": 0.09686369895935058
    },
    "avg_decode_latency": 0.010999401410420736,
    "decode_latencies": [
        0.011153433057996962,
        0.011311584048800997,
        0.010666131973266602,
        0.010503212610880533,
        0.010807487699720595,
        0.010717233022054037,
        0.011507829030354818,
        0.011442078484429253,
        0.011163367165459527,
        0.011203130086263021,
        0.010618951585557725,
        0.010898378160264757
    ],
    "decode_percentiles": {
        "10": 0.010623669624328614,
        "25": 0.010704457759857178,
        "50": 0.01102590560913086,
        "75": 0.011230243576897515,
        "90": 0.011429029040866429
    }
}