{
    "avg_prefill_latency": 0.038177808125813804,
    "prefill_latencies": [
        0.038152456283569336,
        0.03793811798095703,
        0.03723955154418945,
        0.03751635551452637,
        0.03774714469909668,
        0.03737449645996094,
        0.037308454513549805,
        0.037674665451049805,
        0.037752628326416016,
        0.038610219955444336,
        0.04216742515563965,
        0.03865218162536621
    ],
    "prefill_percentiles": {
        "10": 0.03731505870819092,
        "25": 0.03748089075088501,
        "50": 0.03774988651275635,
        "75": 0.038266897201538086,
        "90": 0.03864798545837402
    },
    "avg_decode_latency": 0.016123842310022427,
    "decode_latencies": [
        0.01604506704542372,
        0.014969666798909506,
        0.01867275767856174,
        0.015317545996771919,
        0.017494254642062716,
        0.017353216807047527,
        0.01492089695400662,
        0.01606448491414388,
        0.014754851659138998,
        0.015265782674153646,
        0.017999437120225694,
        0.014628145429823134
    ],
    "decode_percentiles": {
        "10": 0.01477145618862576,
        "25": 0.014957474337683784,
        "50": 0.01568130652109782,
        "75": 0.017388476265801325,
        "90": 0.017948918872409396
    }
}