{
    "avg_prefill_latency": 0.03622355063756307,
    "prefill_latencies": [
        0.03678154945373535,
        0.03616786003112793,
        0.040686607360839844,
        0.03573918342590332,
        0.03540921211242676,
        0.03539681434631348,
        0.03625631332397461,
        0.03521108627319336,
        0.035127878189086914,
        0.03668379783630371,
        0.03585219383239746,
        0.0353701114654541
    ],
    "prefill_percentiles": {
        "10": 0.035226988792419436,
        "25": 0.03539013862609863,
        "50": 0.03579568862915039,
        "75": 0.036363184452056885,
        "90": 0.03677177429199219
    },
    "avg_decode_latency": 0.02148909038967556,
    "decode_latencies": [
        0.031247006522284612,
        0.022699753443400066,
        0.02459957864549425,
        0.020815610885620117,
        0.01990024248758952,
        0.01995979415045844,
        0.01955037646823459,
        0.020425531599256728,
        0.019535965389675565,
        0.01956441667344835,
        0.01992903815375434,
        0.019641770256890193
    ],
    "decode_percentiles": {
        "10": 0.019551780488755967,
        "25": 0.019622431861029733,
        "50": 0.01994441615210639,
        "75": 0.021286646525065105,
        "90": 0.02440959612528483
    }
}