{
    "avg_prefill_latency": 0.02225889762242635,
    "prefill_latencies": [
        0.04669380187988281,
        0.01784539222717285,
        0.0181424617767334,
        0.016567468643188477,
        0.016257286071777344,
        0.017626285552978516,
        0.014688968658447266,
        0.04939436912536621,
        0.015096426010131836,
        0.017493009567260742,
        0.016496896743774414,
        0.020804405212402344
    ],
    "prefill_percentiles": {
        "10": 0.015212512016296387,
        "25": 0.016436994075775146,
        "50": 0.01755964756011963,
        "75": 0.018807947635650635,
        "90": 0.044104862213134775
    },
    "avg_decode_latency": 0.016730078944453487,
    "decode_latencies": [
        0.020113229751586914,
        0.014695247014363607,
        0.01487029923333062,
        0.020108567343817815,
        0.014774640401204428,
        0.014989587995741103,
        0.019757323794894747,
        0.015195184283786349,
        0.015278551313612197,
        0.017344501283433702,
        0.015281730228000216,
        0.018352084689670138
    ],
    "decode_percentiles": {
        "10": 0.014784206284417047,
        "25": 0.014959765805138482,
        "50": 0.015280140770806206,
        "75": 0.01870339446597629,
        "90": 0.020073442988925508
    }
}