{
    "avg_prefill_latency": 0.009876390298207601,
    "prefill_latencies": [
        0.010508537292480469,
        0.00942087173461914,
        0.009458780288696289,
        0.009478330612182617,
        0.010754585266113281,
        0.009448528289794922,
        0.010107755661010742,
        0.009459257125854492,
        0.010388612747192383,
        0.009615182876586914,
        0.010392427444458008,
        0.009483814239501953
    ],
    "prefill_percentiles": {
        "10": 0.00944955348968506,
        "25": 0.009459137916564941,
        "50": 0.009549498558044434,
        "75": 0.010389566421508789,
        "90": 0.010496926307678223
    },
    "avg_decode_latency": 0.009216180554142705,
    "decode_latencies": [
        0.00890954335530599,
        0.009452342987060547,
        0.00891786151462131,
        0.008990632163153755,
        0.008890390396118164,
        0.00897791650560167,
        0.009994771745469835,
        0.010439899232652452,
        0.00890207290649414,
        0.009051216973198785,
        0.00880757967631022,
        0.009259939193725586
    ],
    "decode_percentiles": {
        "10": 0.008891558647155762,
        "25": 0.008907675743103027,
        "50": 0.008984274334377713,
        "75": 0.009308040142059326,
        "90": 0.009940528869628906
    }
}