{
    "avg_prefill_latency": 0.01407778263092041,
    "prefill_latencies": [
        0.017049551010131836,
        0.012530803680419922,
        0.01365351676940918,
        0.013751029968261719,
        0.01322627067565918,
        0.019265174865722656,
        0.01469564437866211,
        0.012469053268432617,
        0.01354670524597168,
        0.012958526611328125,
        0.012575387954711914,
        0.013211727142333984
    ],
    "prefill_percentiles": {
        "10": 0.01253526210784912,
        "25": 0.012862741947174072,
        "50": 0.01338648796081543,
        "75": 0.013987183570861816,
        "90": 0.016814160346984863
    },
    "avg_decode_latency": 0.016411127867522062,
    "decode_latencies": [
        0.014864736133151583,
        0.019104851616753474,
        0.014876895480685763,
        0.014254411061604818,
        0.019512997733222112,
        0.018236319224039715,
        0.019451830122205947,
        0.014155440860324435,
        0.014862696329752604,
        0.018518924713134766,
        0.014684491687350802,
        0.014409939448038736
    ],
    "decode_percentiles": {
        "10": 0.01426996390024821,
        "25": 0.014615853627522785,
        "50": 0.014870815806918673,
        "75": 0.018665406439039443,
        "90": 0.0194171322716607
    }
}