{
    "avg_prefill_latency": 0.057408034801483154,
    "prefill_latencies": [
        0.06730484962463379,
        0.0475773811340332,
        0.04768180847167969,
        0.06392550468444824,
        0.05229640007019043,
        0.048236846923828125,
        0.06017494201660156,
        0.0471949577331543,
        0.09142374992370605,
        0.054514169692993164,
        0.05800127983093262,
        0.05056452751159668
    ],
    "prefill_percentiles": {
        "10": 0.04758782386779785,
        "25": 0.048098087310791016,
        "50": 0.0534052848815918,
        "75": 0.06111258268356323,
        "90": 0.06696691513061523
    },
    "avg_decode_latency": 0.031112419234381784,
    "decode_latencies": [
        0.0285438961452908,
        0.031369527180989586,
        0.02566695213317871,
        0.027352836396959092,
        0.031187799241807725,
        0.044503503375583224,
        0.028513987859090168,
        0.02748756938510471,
        0.0285999510023329,
        0.027677959865993924,
        0.03498103883531359,
        0.037464009390936956
    ],
    "decode_percentiles": {
        "10": 0.027366309695773656,
        "25": 0.02763036224577162,
        "50": 0.02857192357381185,
        "75": 0.032272405094570585,
        "90": 0.03721571233537462
    }
}