{
    "avg_prefill_latency": 0.04896676540374756,
    "prefill_latencies": [
        0.0475156307220459,
        0.04762434959411621,
        0.047593116760253906,
        0.04761624336242676,
        0.04773283004760742,
        0.047708988189697266,
        0.04788613319396973,
        0.04780292510986328,
        0.05507993698120117,
        0.05009293556213379,
        0.05016827583312988,
        0.05077981948852539
    ],
    "prefill_percentiles": {
        "10": 0.047595429420471194,
        "25": 0.04762232303619385,
        "50": 0.04776787757873535,
        "75": 0.05011177062988281,
        "90": 0.05071866512298584
    },
    "avg_decode_latency": 0.020743074240507905,
    "decode_latencies": [
        0.018044922086927626,
        0.01817488670349121,
        0.01805689599778917,
        0.01795686615837945,
        0.018004523383246526,
        0.018083042568630643,
        0.017993635601467557,
        0.01837762196858724,
        0.027440945307413738,
        0.025544140073988173,
        0.026384698020087347,
        0.024854713016086154
    ],
    "decode_percentiles": {
        "10": 0.017994724379645454,
        "25": 0.018034822411007352,
        "50": 0.018128964636060927,
        "75": 0.02502706978056166,
        "90": 0.02630064222547743
    }
}