{
    "avg_prefill_latency": 0.07451730966567993,
    "prefill_latencies": [
        0.07330203056335449,
        0.07610654830932617,
        0.07633519172668457,
        0.07551336288452148,
        0.07512545585632324,
        0.07329273223876953,
        0.0735464096069336,
        0.0734400749206543,
        0.07386589050292969,
        0.07476997375488281,
        0.07636070251464844,
        0.07254934310913086
    ],
    "prefill_percentiles": {
        "10": 0.07329366207122803,
        "25": 0.07340556383132935,
        "50": 0.07431793212890625,
        "75": 0.07566165924072266,
        "90": 0.07631232738494872
    },
    "avg_decode_latency": 0.030161772171656293,
    "decode_latencies": [
        0.027617526054382325,
        0.044868302345275876,
        0.03244221210479736,
        0.026584267616271973,
        0.034752845764160156,
        0.023780298233032227,
        0.026598072052001952,
        0.02375075817108154,
        0.023315858840942384,
        0.028796625137329102,
        0.03990645408630371,
        0.029528045654296876
    ],
    "decode_percentiles": {
        "10": 0.02375371217727661,
        "25": 0.025883275270462035,
        "50": 0.028207075595855714,
        "75": 0.03301987051963806,
        "90": 0.039391093254089356
    }
}