{
    "avg_prefill_latency": 0.035091141859690346,
    "prefill_latencies": [
        0.03188276290893555,
        0.03168439865112305,
        0.03287839889526367,
        0.07078409194946289,
        0.03154134750366211,
        0.03191328048706055,
        0.032373666763305664,
        0.03154611587524414,
        0.031737565994262695,
        0.03157830238342285,
        0.031522512435913086,
        0.03165125846862793
    ],
    "prefill_percentiles": {
        "10": 0.03154182434082031,
        "25": 0.031570255756378174,
        "50": 0.03171098232269287,
        "75": 0.032028377056121826,
        "90": 0.03282792568206787
    },
    "avg_decode_latency": 0.02408865646079734,
    "decode_latencies": [
        0.02405450079176161,
        0.024438937505086262,
        0.031915505727132164,
        0.02312856250339084,
        0.023794677522447374,
        0.02231091923183865,
        0.0236763424343533,
        0.023575226465861004,
        0.02272600597805447,
        0.022901376088460285,
        0.023631811141967773,
        0.02291001213921441
    ],
    "decode_percentiles": {
        "10": 0.022743542989095054,
        "25": 0.02290785312652588,
        "50": 0.02360351880391439,
        "75": 0.023859633339775935,
        "90": 0.024400493833753797
    }
}