{
    "avg_prefill_latency": 0.022879640261332195,
    "prefill_latencies": [
        0.022884607315063477,
        0.02276778221130371,
        0.02274918556213379,
        0.02274298667907715,
        0.022885799407958984,
        0.022861242294311523,
        0.02280712127685547,
        0.023760080337524414,
        0.02264404296875,
        0.022892236709594727,
        0.022799253463745117,
        0.02276134490966797
    ],
    "prefill_percentiles": {
        "10": 0.022743606567382814,
        "25": 0.022758305072784424,
        "50": 0.022803187370300293,
        "75": 0.022884905338287354,
        "90": 0.022891592979431153
    },
    "avg_decode_latency": 0.015721106970751728,
    "decode_latencies": [
        0.015337917539808486,
        0.01579435666402181,
        0.015674167209201388,
        0.01661205291748047,
        0.01550043953789605,
        0.015963978237575956,
        0.015541182623969184,
        0.015437046686808268,
        0.015862305959065754,
        0.015536043379041884,
        0.015641212463378906,
        0.01575258043077257
    ],
    "decode_percentiles": {
        "10": 0.015443385971917046,
        "25": 0.015527142418755425,
        "50": 0.015657689836290147,
        "75": 0.015811343987782795,
        "90": 0.015953811009724934
    }
}