{
    "avg_prefill_latency": 0.053617378075917564,
    "prefill_latencies": [
        0.050331830978393555,
        0.044368743896484375,
        0.04488348960876465,
        0.04840683937072754,
        0.07549834251403809,
        0.04813551902770996,
        0.04904532432556152,
        0.0667421817779541,
        0.044585466384887695,
        0.05582070350646973,
        0.05450940132141113,
        0.0610806941986084
    ],
    "prefill_percentiles": {
        "10": 0.04461526870727539,
        "25": 0.04732251167297363,
        "50": 0.04968857765197754,
        "75": 0.057135701179504395,
        "90": 0.06617603302001954
    },
    "avg_decode_latency": 0.028301565735428424,
    "decode_latencies": [
        0.022476593653361004,
        0.02250594562954373,
        0.03108019298977322,
        0.024786048465304904,
        0.027322027418348525,
        0.02608413166469998,
        0.03468222088283963,
        0.023301866319444444,
        0.033317380481296115,
        0.025119622548421223,
        0.030761109458075628,
        0.03818164931403266
    ],
    "decode_percentiles": {
        "10": 0.0225855376985338,
        "25": 0.024415002928839788,
        "50": 0.026703079541524254,
        "75": 0.03163948986265394,
        "90": 0.034545736842685276
    }
}