{
    "avg_prefill_latency": 0.05986076593399048,
    "prefill_latencies": [
        0.05882453918457031,
        0.05917072296142578,
        0.05881857872009277,
        0.05882906913757324,
        0.05880880355834961,
        0.06537103652954102,
        0.05897927284240723,
        0.05896806716918945,
        0.05902600288391113,
        0.06054282188415527,
        0.06064486503601074,
        0.06034541130065918
    ],
    "prefill_percentiles": {
        "10": 0.05881917476654053,
        "25": 0.05882793664932251,
        "50": 0.05900263786315918,
        "75": 0.0603947639465332,
        "90": 0.0606346607208252
    },
    "avg_decode_latency": 0.02290725487249869,
    "decode_latencies": [
        0.020453823937310114,
        0.021693759494357638,
        0.020014709896511503,
        0.021759192148844402,
        0.020000828637017146,
        0.020503070619371202,
        0.030639092127482098,
        0.020562251408894856,
        0.026785188251071505,
        0.023847712410820857,
        0.024891429477267794,
        0.023736000061035156
    ],
    "decode_percentiles": {
        "10": 0.020058621300591363,
        "25": 0.02049075894885593,
        "50": 0.02172647582160102,
        "75": 0.02410864167743259,
        "90": 0.026595812373691134
    }
}