{
    "avg_prefill_latency": 0.06918243567148845,
    "prefill_latencies": [
        0.069305419921875,
        0.06941795349121094,
        0.06916594505310059,
        0.06893730163574219,
        0.06894040107727051,
        0.06901097297668457,
        0.06884527206420898,
        0.06891274452209473,
        0.06936025619506836,
        0.06943535804748535,
        0.06948328018188477,
        0.06937432289123535
    ],
    "prefill_percentiles": {
        "10": 0.06891520023345947,
        "25": 0.06893962621688843,
        "50": 0.06923568248748779,
        "75": 0.06938523054122925,
        "90": 0.06943361759185791
    },
    "avg_decode_latency": 0.015789698671411584,
    "decode_latencies": [
        0.016025410758124456,
        0.01647297541300456,
        0.01586143175760905,
        0.015473339292738173,
        0.01525690820482042,
        0.016156673431396484,
        0.014771514468722872,
        0.015848610136244033,
        0.015334738625420464,
        0.016457690132988825,
        0.015683862898084853,
        0.016133228937784832
    ],
    "decode_percentiles": {
        "10": 0.015264691246880424,
        "25": 0.015438689125908745,
        "50": 0.01585502094692654,
        "75": 0.016139090061187744,
        "90": 0.01642758846282959
    }
}