{
    "avg_prefill_latency": 0.06930901606877644,
    "prefill_latencies": [
        0.06924700736999512,
        0.06918454170227051,
        0.0692434310913086,
        0.06935405731201172,
        0.06886458396911621,
        0.06885719299316406,
        0.06895804405212402,
        0.07035613059997559,
        0.06912541389465332,
        0.07072901725769043,
        0.06888031959533691,
        0.0689084529876709
    ],
    "prefill_percentiles": {
        "10": 0.06886615753173828,
        "25": 0.0689014196395874,
        "50": 0.06915497779846191,
        "75": 0.06927376985549927,
        "90": 0.0702559232711792
    },
    "avg_decode_latency": 0.02090067267417908,
    "decode_latencies": [
        0.021120190620422363,
        0.020582008361816406,
        0.02046353816986084,
        0.020592975616455077,
        0.020720553398132325,
        0.021347808837890624,
        0.02039990425109863,
        0.020398473739624022,
        0.020953917503356935,
        0.021344494819641114,
        0.021713876724243165,
        0.021170330047607423
    ],
    "decode_percentiles": {
        "10": 0.020406267642974853,
        "25": 0.020552390813827516,
        "50": 0.02083723545074463,
        "75": 0.021213871240615845,
        "90": 0.021347477436065673
    }
}