{
    "avg_prefill_latency": 0.05584675073623657,
    "prefill_latencies": [
        0.04697895050048828,
        0.04628133773803711,
        0.046395301818847656,
        0.0460200309753418,
        0.046382904052734375,
        0.12264800071716309,
        0.046448469161987305,
        0.04640913009643555,
        0.08328390121459961,
        0.04678821563720703,
        0.046216726303100586,
        0.046308040618896484
    ],
    "prefill_percentiles": {
        "10": 0.04622318744659424,
        "25": 0.04630136489868164,
        "50": 0.0464022159576416,
        "75": 0.046835899353027344,
        "90": 0.07965340614318848
    },
    "avg_decode_latency": 0.017785908999266447,
    "decode_latencies": [
        0.016204833984375,
        0.020273314581976995,
        0.015320036146375868,
        0.01972177293565538,
        0.015235238605075412,
        0.01955874760945638,
        0.01548155148824056,
        0.020033068127102323,
        0.015598138173421225,
        0.019611729515923396,
        0.015834887822469074,
        0.02055758900112576
    ],
    "decode_percentiles": {
        "10": 0.015336187680562339,
        "25": 0.015568991502126059,
        "50": 0.017881790796915688,
        "75": 0.019799596733517118,
        "90": 0.02024928993648953
    }
}