{
    "avg_prefill_latency": 0.10725585619608562,
    "prefill_latencies": [
        0.09629130363464355,
        0.0957942008972168,
        0.09616565704345703,
        0.21453094482421875,
        0.09818792343139648,
        0.10060548782348633,
        0.09806418418884277,
        0.09736108779907227,
        0.09777092933654785,
        0.0966799259185791,
        0.09812331199645996,
        0.09749531745910645
    ],
    "prefill_percentiles": {
        "10": 0.09617822170257569,
        "25": 0.09658277034759521,
        "50": 0.09763312339782715,
        "75": 0.09813946485519409,
        "90": 0.10036373138427734
    },
    "avg_decode_latency": 0.020778993765513103,
    "decode_latencies": [
        0.01875929832458496,
        0.019301652908325195,
        0.02059180736541748,
        0.022040200233459473,
        0.022016358375549317,
        0.025004768371582033,
        0.02093775272369385,
        0.020813417434692384,
        0.021338224411010742,
        0.019466876983642578,
        0.01942422389984131,
        0.01965334415435791
    ],
    "decode_percentiles": {
        "10": 0.019313910007476807,
        "25": 0.01945621371269226,
        "50": 0.020702612400054932,
        "75": 0.021507757902145385,
        "90": 0.022037816047668458
    }
}