{
    "avg_prefill_latency": 0.017151037851969402,
    "prefill_latencies": [
        0.0141448974609375,
        0.013866424560546875,
        0.014986753463745117,
        0.013936042785644531,
        0.012981653213500977,
        0.012619495391845703,
        0.014101743698120117,
        0.05887556076049805,
        0.01247715950012207,
        0.012449026107788086,
        0.01254129409790039,
        0.012832403182983398
    ],
    "prefill_percentiles": {
        "10": 0.012483572959899903,
        "25": 0.012599945068359375,
        "50": 0.013424038887023926,
        "75": 0.014112532138824463,
        "90": 0.014902567863464356
    },
    "avg_decode_latency": 0.016622013515896268,
    "decode_latencies": [
        0.014214197794596354,
        0.020154926511976454,
        0.01415782504611545,
        0.016177839703030057,
        0.01948269208272298,
        0.019389364454481337,
        0.014295551511976454,
        0.014011171129014757,
        0.017878214518229168,
        0.014381514655219184,
        0.01609524091084798,
        0.01922562387254503
    ],
    "decode_percentiles": {
        "10": 0.01416346232096354,
        "25": 0.01427521308263143,
        "50": 0.01613654030693902,
        "75": 0.01926655901802911,
        "90": 0.019473359319898815
    }
}