{
    "avg_prefill_latency": 0.045189619064331055,
    "prefill_latencies": [
        0.04472041130065918,
        0.04536700248718262,
        0.04503488540649414,
        0.04531383514404297,
        0.04490804672241211,
        0.04517245292663574,
        0.04457259178161621,
        0.044606685638427734,
        0.04490470886230469,
        0.04549360275268555,
        0.046030282974243164,
        0.046150922775268555
    ],
    "prefill_percentiles": {
        "10": 0.04461805820465088,
        "25": 0.04485863447189331,
        "50": 0.04510366916656494,
        "75": 0.04539865255355835,
        "90": 0.0459766149520874
    },
    "avg_decode_latency": 0.01196492601324011,
    "decode_latencies": [
        0.01160446802775065,
        0.011300961176554361,
        0.011353784137301974,
        0.01148941781785753,
        0.01125441657172309,
        0.011198255750868056,
        0.011215474870469835,
        0.011349148220486112,
        0.012456125683254667,
        0.014004786809285482,
        0.013645410537719727,
        0.01270686255560981
    ],
    "decode_percentiles": {
        "10": 0.01121936904059516,
        "25": 0.011289325025346544,
        "50": 0.011421600977579752,
        "75": 0.012518809901343452,
        "90": 0.013551555739508735
    }
}