{
    "avg_prefill_latency": 0.432520588239034,
    "prefill_latencies": [
        0.4283123016357422,
        0.4335808753967285,
        0.4318535327911377,
        0.4321465492248535,
        0.43229079246520996,
        0.43143200874328613,
        0.43285322189331055,
        0.43343400955200195,
        0.4334080219268799,
        0.434572696685791,
        0.43358564376831055,
        0.43277740478515625
    ],
    "prefill_percentiles": {
        "10": 0.4314741611480713,
        "25": 0.43207329511642456,
        "50": 0.4328153133392334,
        "75": 0.4334707260131836,
        "90": 0.43358516693115234
    },
    "avg_decode_latency": 0.03685669987289994,
    "decode_latencies": [
        0.03681702084011502,
        0.03680796093410916,
        0.036898136138916016,
        0.036809179517957896,
        0.03686282369825575,
        0.03685630692376031,
        0.036843061447143555,
        0.03681805398729113,
        0.03686976432800293,
        0.036882877349853516,
        0.03694621721903483,
        0.03686899609035916
    ],
    "decode_percentiles": {
        "10": 0.03680996365017361,
        "25": 0.0368177957004971,
        "50": 0.03685956531100803,
        "75": 0.036873042583465576,
        "90": 0.03689661026000977
    }
}