{
    "avg_prefill_latency": 0.8803980350494385,
    "prefill_latencies": [
        0.8794898986816406,
        0.8780126571655273,
        0.877450704574585,
        0.880321741104126,
        0.8773021697998047,
        0.8830661773681641,
        0.881056547164917,
        0.8792896270751953,
        0.8815922737121582,
        0.885962963104248,
        0.8821823596954346,
        0.8790493011474609
    ],
    "prefill_percentiles": {
        "10": 0.8775068998336792,
        "25": 0.8787901401519775,
        "50": 0.8799058198928833,
        "75": 0.8817397952079773,
        "90": 0.8829777956008911
    },
    "avg_decode_latency": 0.12572834690411885,
    "decode_latencies": [
        0.12462468147277832,
        0.12486567497253417,
        0.1251229763031006,
        0.12538011074066163,
        0.12624118328094483,
        0.1260728120803833,
        0.12515416145324706,
        0.13251726627349852,
        0.1239781379699707,
        0.12478296756744385,
        0.12475650310516358,
        0.1252436876296997
    ],
    "decode_percentiles": {
        "10": 0.12463786363601684,
        "25": 0.12477635145187378,
        "50": 0.12513856887817382,
        "75": 0.12555328607559205,
        "90": 0.12622434616088868
    }
}