{
    "avg_prefill_latency": 0.8823665976524353,
    "prefill_latencies": [
        0.8824789524078369,
        0.8783586025238037,
        0.8852870464324951,
        0.8821630477905273,
        0.885185718536377,
        0.8886287212371826,
        0.8777878284454346,
        0.8801064491271973,
        0.8815140724182129,
        0.8783001899719238,
        0.8842160701751709,
        0.8843724727630615
    ],
    "prefill_percentiles": {
        "10": 0.8783060312271118,
        "25": 0.8796694874763489,
        "50": 0.8823210000991821,
        "75": 0.8845757842063904,
        "90": 0.8852769136428833
    },
    "avg_decode_latency": 0.09493434826533,
    "decode_latencies": [
        0.09434366226196289,
        0.09601430892944336,
        0.09569752216339111,
        0.09494602680206299,
        0.09622557163238525,
        0.09450385570526124,
        0.09437747001647949,
        0.09438092708587646,
        0.09479804039001465,
        0.09472372531890869,
        0.0946185827255249,
        0.09458248615264893
    ],
    "decode_percentiles": {
        "10": 0.09437781572341919,
        "25": 0.09447312355041504,
        "50": 0.09467115402221679,
        "75": 0.09513390064239502,
        "90": 0.09598263025283814
    }
}