{
    "avg_prefill_latency": 0.04073077440261841,
    "prefill_latencies": [
        0.04036402702331543,
        0.04474282264709473,
        0.04128217697143555,
        0.04010367393493652,
        0.04025554656982422,
        0.0407404899597168,
        0.040259361267089844,
        0.04057669639587402,
        0.040753841400146484,
        0.039522647857666016,
        0.039972543716430664,
        0.040195465087890625
    ],
    "prefill_percentiles": {
        "10": 0.03998565673828125,
        "25": 0.0401725172996521,
        "50": 0.04031169414520264,
        "75": 0.04074382781982422,
        "90": 0.04122934341430664
    },
    "avg_decode_latency": 0.033550251413274695,
    "decode_latencies": [
        0.03359998597039117,
        0.033760123782687716,
        0.033716811074150935,
        0.03424255053202311,
        0.03364772266811795,
        0.033390972349378795,
        0.033336109585232206,
        0.033340771993001304,
        0.03449132707383898,
        0.03295482529534234,
        0.032990985446506076,
        0.03313083118862576
    ],
    "decode_percentiles": {
        "10": 0.03300497002071805,
        "25": 0.033284789986080594,
        "50": 0.03349547915988498,
        "75": 0.03372763925128513,
        "90": 0.03419430785708957
    }
}