{
    "avg_prefill_latency": 0.3300137718518575,
    "prefill_latencies": [
        0.3295302391052246,
        0.3283724784851074,
        0.3288564682006836,
        0.3291935920715332,
        0.3290090560913086,
        0.3299376964569092,
        0.32716965675354004,
        0.3301835060119629,
        0.3334372043609619,
        0.33248448371887207,
        0.3298799991607666,
        0.3321108818054199
    ],
    "prefill_percentiles": {
        "10": 0.32842087745666504,
        "25": 0.32897090911865234,
        "50": 0.3297051191329956,
        "75": 0.33066534996032715,
        "90": 0.33244712352752687
    },
    "avg_decode_latency": 0.06162779861026341,
    "decode_latencies": [
        0.05931647618611654,
        0.05976790852016873,
        0.06080945332845052,
        0.07087355189853245,
        0.06152839130825467,
        0.060573577880859375,
        0.06133657031589084,
        0.05921419461568197,
        0.0592146979437934,
        0.05906793806287977,
        0.05982727474636502,
        0.06800354851616754
    ],
    "decode_percentiles": {
        "10": 0.05921424494849311,
        "25": 0.059291031625535756,
        "50": 0.06020042631361219,
        "75": 0.0613845255639818,
        "90": 0.06735603279537625
    }
}