{
    "avg_prefill_latency": 0.038643856843312584,
    "prefill_latencies": [
        0.03878021240234375,
        0.03885197639465332,
        0.03866124153137207,
        0.03882956504821777,
        0.03861665725708008,
        0.038430213928222656,
        0.03862285614013672,
        0.039022207260131836,
        0.0384213924407959,
        0.03846597671508789,
        0.03847551345825195,
        0.03854846954345703
    ],
    "prefill_percentiles": {
        "10": 0.03843379020690918,
        "25": 0.03847312927246094,
        "50": 0.0386197566986084,
        "75": 0.038792550563812256,
        "90": 0.03884973526000977
    },
    "avg_decode_latency": 0.03488716372737179,
    "decode_latencies": [
        0.03508679072062174,
        0.03509158558315701,
        0.03497923745049371,
        0.03503640492757162,
        0.03473170598347982,
        0.03511418236626519,
        0.03496177991231283,
        0.034803840849134654,
        0.03467909495035807,
        0.03474285867479113,
        0.034752607345581055,
        0.03466587596469455
    ],
    "decode_percentiles": {
        "10": 0.03468435605367025,
        "25": 0.0347400705019633,
        "50": 0.034882810380723744,
        "75": 0.03504900137583415,
        "90": 0.03509110609690348
    }
}