{
    "avg_prefill_latency": 0.035036822160085045,
    "prefill_latencies": [
        0.03485274314880371,
        0.03480029106140137,
        0.034813642501831055,
        0.03474903106689453,
        0.034754276275634766,
        0.034758567810058594,
        0.03517913818359375,
        0.03502368927001953,
        0.03494572639465332,
        0.03476405143737793,
        0.03483867645263672,
        0.036962032318115234
    ],
    "prefill_percentiles": {
        "10": 0.034754705429077146,
        "25": 0.034762680530548096,
        "50": 0.03482615947723389,
        "75": 0.03496521711349487,
        "90": 0.035163593292236325
    },
    "avg_decode_latency": 0.03427342353043732,
    "decode_latencies": [
        0.034155342313978404,
        0.034252299202813044,
        0.03415576616923014,
        0.03413110309176975,
        0.03421460257636176,
        0.03445874320136176,
        0.034522824817233615,
        0.034335162904527455,
        0.03418617778354221,
        0.03422808647155762,
        0.03435463375515408,
        0.0342863400777181
    ],
    "decode_percentiles": {
        "10": 0.03415538469950358,
        "25": 0.03417857487996419,
        "50": 0.03424019283718533,
        "75": 0.03434003061718411,
        "90": 0.034448332256740995
    }
}