{
    "avg_prefill_latency": 0.03462537129720052,
    "prefill_latencies": [
        0.034607648849487305,
        0.034572601318359375,
        0.03470921516418457,
        0.03458356857299805,
        0.034515380859375,
        0.03469419479370117,
        0.03463912010192871,
        0.034592628479003906,
        0.03465843200683594,
        0.034713029861450195,
        0.034577369689941406,
        0.034641265869140625
    ],
    "prefill_percentiles": {
        "10": 0.03457307815551758,
        "25": 0.03458201885223389,
        "50": 0.03462338447570801,
        "75": 0.034667372703552246,
        "90": 0.03470771312713623
    },
    "avg_decode_latency": 0.03264339102639093,
    "decode_latencies": [
        0.032473352220323354,
        0.03266967667473687,
        0.03253642717997233,
        0.03246916664971246,
        0.0325620174407959,
        0.0326591067843967,
        0.03284025192260742,
        0.032589700486924916,
        0.03312357266743978,
        0.03268294864230686,
        0.03256673283047146,
        0.03254773881700304
    ],
    "decode_percentiles": {
        "10": 0.03247965971628825,
        "25": 0.03254491090774536,
        "50": 0.032578216658698186,
        "75": 0.03267299466662937,
        "90": 0.03282452159457737
    }
}