{
    "avg_prefill_latency": 0.4966858426729838,
    "prefill_latencies": [
        0.5050978660583496,
        0.4947993755340576,
        0.4884910583496094,
        0.4922785758972168,
        0.501523494720459,
        0.4947090148925781,
        0.49826884269714355,
        0.4963064193725586,
        0.5039646625518799,
        0.4878222942352295,
        0.49611902236938477,
        0.5008494853973389
    ],
    "prefill_percentiles": {
        "10": 0.48886981010437014,
        "25": 0.4941014051437378,
        "50": 0.4962127208709717,
        "75": 0.5010179877281189,
        "90": 0.5037205457687378
    },
    "avg_decode_latency": 0.08478569763678091,
    "decode_latencies": [
        0.08273879686991374,
        0.08288714620802137,
        0.0832529862721761,
        0.08229647742377387,
        0.08149978849622938,
        0.09634772936503093,
        0.08501741621229383,
        0.08481502532958984,
        0.08247171507941352,
        0.0829894012875027,
        0.0832107596927219,
        0.08990112940470378
    ],
    "decode_percentiles": {
        "10": 0.08231400118933783,
        "25": 0.08267202642228869,
        "50": 0.0831000804901123,
        "75": 0.08486562305026585,
        "90": 0.08941275808546278
    }
}