{
    "avg_prefill_latency": 0.10967117547988892,
    "prefill_latencies": [
        0.11388468742370605,
        0.10849380493164062,
        0.11002540588378906,
        0.11087584495544434,
        0.10664701461791992,
        0.1098318099975586,
        0.10949230194091797,
        0.10895109176635742,
        0.10917019844055176,
        0.10965418815612793,
        0.10794448852539062,
        0.1110832691192627
    ],
    "prefill_percentiles": {
        "10": 0.10799942016601563,
        "25": 0.10883677005767822,
        "50": 0.10957324504852295,
        "75": 0.11023801565170288,
        "90": 0.11106252670288086
    },
    "avg_decode_latency": 0.04134354105702153,
    "decode_latencies": [
        0.04090709156460232,
        0.04136323928833008,
        0.04097906748453776,
        0.04142096307542589,
        0.0410614013671875,
        0.04060681660970052,
        0.04132853613959418,
        0.04116548432244195,
        0.04156110021803114,
        0.042380174001057945,
        0.04138938585917155,
        0.04195923275417752
    ],
    "decode_percentiles": {
        "10": 0.04091428915659587,
        "25": 0.04104081789652506,
        "50": 0.04134588771396213,
        "75": 0.041455997361077204,
        "90": 0.04191941950056288
    }
}