{
    "avg_prefill_latency": 0.5369405150413513,
    "prefill_latencies": [
        0.5381531715393066,
        0.5285065174102783,
        0.5489840507507324,
        0.5357604026794434,
        0.5423519611358643,
        0.5429213047027588,
        0.5372076034545898,
        0.5377986431121826,
        0.5328834056854248,
        0.5283792018890381,
        0.5339643955230713,
        0.5363755226135254
    ],
    "prefill_percentiles": {
        "10": 0.5289442062377929,
        "25": 0.5336941480636597,
        "50": 0.5367915630340576,
        "75": 0.539202868938446,
        "90": 0.5428643703460694
    },
    "avg_decode_latency": 0.08409747812483047,
    "decode_latencies": [
        0.08736144171820746,
        0.08279792467753093,
        0.08331190215216742,
        0.09353836377461751,
        0.0839218298594157,
        0.08287217881944445,
        0.08852399720085992,
        0.08217067188686794,
        0.08068746990627712,
        0.08039757940504286,
        0.08106478055318196,
        0.08252159754435222
    ],
    "decode_percentiles": {
        "10": 0.08072520097096761,
        "25": 0.08189419905344644,
        "50": 0.08283505174848768,
        "75": 0.08478173282411364,
        "90": 0.08840774165259467
    }
}