{
    "avg_prefill_latency": 0.9467538197835287,
    "prefill_latencies": [
        0.9427673816680908,
        0.9394829273223877,
        0.9441854953765869,
        0.9446713924407959,
        0.9466238021850586,
        0.9455134868621826,
        0.9485249519348145,
        0.9490008354187012,
        0.9526028633117676,
        0.9482929706573486,
        0.9488685131072998,
        0.9505112171173096
    ],
    "prefill_percentiles": {
        "10": 0.9429091930389404,
        "25": 0.9445499181747437,
        "50": 0.9474583864212036,
        "75": 0.9489015936851501,
        "90": 0.9503601789474487
    },
    "avg_decode_latency": 0.039225750499301486,
    "decode_latencies": [
        0.039799107445610896,
        0.039218743642171226,
        0.039131879806518555,
        0.03914019796583387,
        0.039134052064683705,
        0.03914348284403483,
        0.03914912541707357,
        0.039174397786458336,
        0.03918006685045031,
        0.039189550611707896,
        0.03918054368760851,
        0.03926785786946615
    ],
    "decode_percentiles": {
        "10": 0.03913466665479872,
        "25": 0.03914266162448459,
        "50": 0.039177232318454325,
        "75": 0.03919684886932373,
        "90": 0.039262946446736655
    }
}