{
    "avg_prefill_latency": 0.45397136608759564,
    "prefill_latencies": [
        0.45270800590515137,
        0.4503505229949951,
        0.45168399810791016,
        0.45179295539855957,
        0.4553258419036865,
        0.456068754196167,
        0.45485854148864746,
        0.4556858539581299,
        0.45177483558654785,
        0.45475077629089355,
        0.4573981761932373,
        0.4552581310272217
    ],
    "prefill_percentiles": {
        "10": 0.45169308185577395,
        "25": 0.45178842544555664,
        "50": 0.4548046588897705,
        "75": 0.45541584491729736,
        "90": 0.45603046417236326
    },
    "avg_decode_latency": 0.054687020955262365,
    "decode_latencies": [
        0.053002357482910156,
        0.05292161305745443,
        0.05412517653571235,
        0.053467008802625865,
        0.0533799065483941,
        0.05310111575656467,
        0.05348814858330621,
        0.06332370969984266,
        0.054926660325792104,
        0.05482795503404406,
        0.054640875922309026,
        0.05503972371419271
    ],
    "decode_percentiles": {
        "10": 0.05301223331027561,
        "25": 0.05331020885043674,
        "50": 0.05380666255950928,
        "75": 0.05485263135698107,
        "90": 0.05502841737535265
    }
}