{
    "avg_prefill_latency": 0.2707352042198181,
    "prefill_latencies": [
        0.27002477645874023,
        0.2688252925872803,
        0.27034854888916016,
        0.2705965042114258,
        0.270831823348999,
        0.2711222171783447,
        0.2708611488342285,
        0.27042460441589355,
        0.2727212905883789,
        0.2690918445587158,
        0.27356553077697754,
        0.27040886878967285
    ],
    "prefill_percentiles": {
        "10": 0.2691851377487183,
        "25": 0.2702676057815552,
        "50": 0.27051055431365967,
        "75": 0.27092641592025757,
        "90": 0.2725613832473755
    },
    "avg_decode_latency": 0.04691612720489502,
    "decode_latencies": [
        0.04622340202331543,
        0.04614196883307563,
        0.04617646005418566,
        0.046381500032213,
        0.04619545406765408,
        0.04616562525431315,
        0.046921094258626304,
        0.04703882005479601,
        0.04746209250556098,
        0.04852506849500868,
        0.047856118943956166,
        0.047905921936035156
    ],
    "decode_percentiles": {
        "10": 0.0461667087343004,
        "25": 0.04619070556428698,
        "50": 0.04665129714541966,
        "75": 0.04756059911515978,
        "90": 0.04790094163682726
    }
}