{
    "avg_prefill_latency": 0.8802886803944906,
    "prefill_latencies": [
        0.864112377166748,
        0.8691802024841309,
        0.8697967529296875,
        0.8705005645751953,
        0.873288631439209,
        0.8763079643249512,
        0.8765096664428711,
        0.87410569190979,
        0.8784365653991699,
        0.873558521270752,
        0.9534609317779541,
        0.8842062950134277
    ],
    "prefill_percentiles": {
        "10": 0.8692418575286865,
        "25": 0.8703246116638184,
        "50": 0.873832106590271,
        "75": 0.8769913911819458,
        "90": 0.883629322052002
    },
    "avg_decode_latency": 0.11177047491073609,
    "decode_latencies": [
        0.11401402950286865,
        0.10755219459533691,
        0.10788326263427735,
        0.117866849899292,
        0.11042778491973877,
        0.11219661235809326,
        0.12349469661712646,
        0.11173794269561768,
        0.1097428560256958,
        0.10853064060211182,
        0.10829365253448486,
        0.10950517654418945
    ],
    "decode_percentiles": {
        "10": 0.1079243016242981,
        "25": 0.10847139358520508,
        "50": 0.1100853204727173,
        "75": 0.11265096664428711,
        "90": 0.11748156785964967
    }
}