{
    "avg_prefill_latency": 0.8739619453748068,
    "prefill_latencies": [
        0.8717408180236816,
        0.8650071620941162,
        0.8750472068786621,
        0.8726625442504883,
        0.8717136383056641,
        0.8791897296905518,
        0.8708937168121338,
        0.8725757598876953,
        0.87668776512146,
        0.8806242942810059,
        0.875476598739624,
        0.8759241104125977
    ],
    "prefill_percentiles": {
        "10": 0.8709757089614868,
        "25": 0.8717340230941772,
        "50": 0.8738548755645752,
        "75": 0.8761150240898132,
        "90": 0.8789395332336426
    },
    "avg_decode_latency": 0.07921728293100992,
    "decode_latencies": [
        0.07689604759216309,
        0.07666418552398682,
        0.07731847763061524,
        0.07864918708801269,
        0.08840982913970948,
        0.07880878448486328,
        0.07962656021118164,
        0.07744359970092773,
        0.08478453159332275,
        0.07685856819152832,
        0.07710940837860107,
        0.07803821563720703
    ],
    "decode_percentiles": {
        "10": 0.0768623161315918,
        "25": 0.07705606818199158,
        "50": 0.07774090766906738,
        "75": 0.07901322841644287,
        "90": 0.08426873445510864
    }
}