{
    "avg_prefill_latency": 0.7960688869158427,
    "prefill_latencies": [
        0.7926077842712402,
        0.7978811264038086,
        0.7946915626525879,
        0.7947511672973633,
        0.79744553565979,
        0.7968354225158691,
        0.7966818809509277,
        0.7963776588439941,
        0.7923741340637207,
        0.7968809604644775,
        0.7969458103179932,
        0.7993535995483398
    ],
    "prefill_percentiles": {
        "10": 0.792816162109375,
        "25": 0.7947362661361694,
        "50": 0.7967586517333984,
        "75": 0.7970707416534424,
        "90": 0.7978375673294067
    },
    "avg_decode_latency": 0.0661830460583722,
    "decode_latencies": [
        0.07063288158840603,
        0.06304913096957737,
        0.06305668089124891,
        0.06327043639289008,
        0.06316410170661078,
        0.07223894861009386,
        0.06500540839301215,
        0.06513002183702257,
        0.06691408157348633,
        0.0646820068359375,
        0.07259578175014919,
        0.0644570721520318
    ],
    "decode_percentiles": {
        "10": 0.0630674229727851,
        "25": 0.06324385272132026,
        "50": 0.06484370761447483,
        "75": 0.06784378157721625,
        "90": 0.07207834190792507
    }
}