{
    "avg_prefill_latency": 0.8880505561828613,
    "prefill_latencies": [
        0.8903203010559082,
        0.8809759616851807,
        0.879016637802124,
        0.8796453475952148,
        0.8811910152435303,
        0.8830180168151855,
        0.8991963863372803,
        0.8853371143341064,
        0.8912053108215332,
        0.8950657844543457,
        0.8966047763824463,
        0.8950300216674805
    ],
    "prefill_percentiles": {
        "10": 0.8797784090042114,
        "25": 0.8811372518539429,
        "50": 0.8878287076950073,
        "75": 0.8950389623641968,
        "90": 0.8964508771896362
    },
    "avg_decode_latency": 0.1214743991692861,
    "decode_latencies": [
        0.12730023860931397,
        0.11860315799713135,
        0.11615240573883057,
        0.125581955909729,
        0.12013475894927979,
        0.12703413963317872,
        0.1172307014465332,
        0.11690709590911866,
        0.12599127292633056,
        0.11951920986175538,
        0.11800320148468017,
        0.12523465156555175
    ],
    "decode_percentiles": {
        "10": 0.11693945646286011,
        "25": 0.11781007647514344,
        "50": 0.11982698440551759,
        "75": 0.1256842851638794,
        "90": 0.1269298529624939
    }
}