{
    "avg_prefill_latency": 0.8716816703478495,
    "prefill_latencies": [
        0.8674724102020264,
        0.867971658706665,
        0.8700175285339355,
        0.8738927841186523,
        0.8670032024383545,
        0.8665239810943604,
        0.8767375946044922,
        0.8714134693145752,
        0.8791999816894531,
        0.8742704391479492,
        0.8723890781402588,
        0.8732879161834717
    ],
    "prefill_percentiles": {
        "10": 0.8670501232147216,
        "25": 0.8678468465805054,
        "50": 0.871901273727417,
        "75": 0.8739871978759766,
        "90": 0.8764908790588379
    },
    "avg_decode_latency": 0.0872547467549642,
    "decode_latencies": [
        0.08374197483062744,
        0.08395774364471435,
        0.0837352991104126,
        0.0950352430343628,
        0.08805811405181885,
        0.08490488529205323,
        0.0840252161026001,
        0.09082498550415039,
        0.08423390388488769,
        0.08423244953155518,
        0.08731610774993896,
        0.09699103832244874
    ],
    "decode_percentiles": {
        "10": 0.08376355171203613,
        "25": 0.08400834798812866,
        "50": 0.08456939458847046,
        "75": 0.08874983191490174,
        "90": 0.09461421728134156
    }
}