{
    "avg_prefill_latency": 0.8700292706489563,
    "prefill_latencies": [
        0.8683855533599854,
        0.8549580574035645,
        0.8690814971923828,
        0.8704774379730225,
        0.8693420886993408,
        0.869959831237793,
        0.8713266849517822,
        0.8747067451477051,
        0.8766686916351318,
        0.8703014850616455,
        0.8721065521240234,
        0.8730366230010986
    ],
    "prefill_percentiles": {
        "10": 0.8684551477432251,
        "25": 0.8692769408226013,
        "50": 0.870389461517334,
        "75": 0.8723390698432922,
        "90": 0.8745397329330444
    },
    "avg_decode_latency": 0.09848463733990988,
    "decode_latencies": [
        0.09566855430603027,
        0.09589457511901855,
        0.0955725908279419,
        0.09703311920166016,
        0.09818193912506104,
        0.10930173397064209,
        0.09578914642333984,
        0.09900686740875245,
        0.09920942783355713,
        0.09568331241607667,
        0.1053307294845581,
        0.09514365196228028
    ],
    "decode_percentiles": {
        "10": 0.09558218717575073,
        "25": 0.09567962288856507,
        "50": 0.09646384716033936,
        "75": 0.09905750751495362,
        "90": 0.10471859931945801
    }
}