{
    "avg_prefill_latency": 0.8876529534657797,
    "prefill_latencies": [
        0.8803026676177979,
        0.8854107856750488,
        0.8835034370422363,
        0.8867437839508057,
        0.8870785236358643,
        0.8961198329925537,
        0.8911042213439941,
        0.8834245204925537,
        0.8886580467224121,
        0.8894984722137451,
        0.889122486114502,
        0.8908686637878418
    ],
    "prefill_percentiles": {
        "10": 0.883432412147522,
        "25": 0.8849339485168457,
        "50": 0.8878682851791382,
        "75": 0.8898410201072693,
        "90": 0.891080665588379
    },
    "avg_decode_latency": 0.13023688197135924,
    "decode_latencies": [
        0.12930529117584227,
        0.12959847450256348,
        0.12946107387542724,
        0.12991325855255126,
        0.13090078830718993,
        0.1311908483505249,
        0.13076405525207518,
        0.1305907964706421,
        0.13006019592285156,
        0.1302483081817627,
        0.13041212558746337,
        0.13039736747741698
    ],
    "decode_percentiles": {
        "10": 0.12947481393814086,
        "25": 0.12983456254005432,
        "50": 0.13032283782958984,
        "75": 0.13063411116600038,
        "90": 0.13088711500167846
    }
}