{
    "avg_prefill_latency": 0.8759659727414449,
    "prefill_latencies": [
        0.8711380958557129,
        0.8732688426971436,
        0.8776805400848389,
        0.8746070861816406,
        0.8762295246124268,
        0.8759400844573975,
        0.8772380352020264,
        0.8759872913360596,
        0.881493091583252,
        0.8791544437408447,
        0.87310791015625,
        0.8757467269897461
    ],
    "prefill_percentiles": {
        "10": 0.8731240034103394,
        "25": 0.8742725253105164,
        "50": 0.8759636878967285,
        "75": 0.8773486614227295,
        "90": 0.8790070533752441
    },
    "avg_decode_latency": 0.13509377241134643,
    "decode_latencies": [
        0.1447596788406372,
        0.13434062004089356,
        0.13371739387512208,
        0.13324375152587892,
        0.13286957740783692,
        0.13300068378448487,
        0.13317549228668213,
        0.13952422142028809,
        0.1331993818283081,
        0.13329052925109863,
        0.13491442203521728,
        0.13508951663970947
    ],
    "decode_percentiles": {
        "10": 0.1330181646347046,
        "25": 0.1331934094429016,
        "50": 0.13350396156311034,
        "75": 0.13495819568634032,
        "90": 0.1390807509422302
    }
}