{
    "avg_prefill_latency": 0.03864556550979614,
    "prefill_latencies": [
        0.038495779037475586,
        0.0386500358581543,
        0.038591861724853516,
        0.0387420654296875,
        0.03863167762756348,
        0.03847765922546387,
        0.038428544998168945,
        0.038669586181640625,
        0.038736820220947266,
        0.03883481025695801,
        0.03875303268432617,
        0.03873491287231445
    ],
    "prefill_percentiles": {
        "10": 0.03847947120666504,
        "25": 0.03856784105300903,
        "50": 0.03865981101989746,
        "75": 0.038738131523132324,
        "90": 0.0387519359588623
    },
    "avg_decode_latency": 0.033093774760210956,
    "decode_latencies": [
        0.032907724380493164,
        0.033075041241115995,
        0.03306783570183648,
        0.032975355784098305,
        0.03293659951951769,
        0.03280019760131836,
        0.0328827699025472,
        0.03319780031840006,
        0.03325793478224012,
        0.03344504038492838,
        0.03333279821607801,
        0.03324619928995768
    ],
    "decode_percentiles": {
        "10": 0.0328852653503418,
        "25": 0.03292938073476156,
        "50": 0.03307143847147624,
        "75": 0.03324913316302829,
        "90": 0.033325311872694226
    }
}