{
    "avg_prefill_latency": 0.043333073457082115,
    "prefill_latencies": [
        0.04431319236755371,
        0.04296088218688965,
        0.04440593719482422,
        0.04371356964111328,
        0.04382896423339844,
        0.042946577072143555,
        0.04289650917053223,
        0.042923927307128906,
        0.04286837577819824,
        0.04301738739013672,
        0.0430753231048584,
        0.04304623603820801
    ],
    "prefill_percentiles": {
        "10": 0.042899250984191895,
        "25": 0.04294091463088989,
        "50": 0.04303181171417236,
        "75": 0.04374241828918457,
        "90": 0.04426476955413818
    },
    "avg_decode_latency": 0.025258675769523342,
    "decode_latencies": [
        0.027480522791544598,
        0.02620281113518609,
        0.027780612309773762,
        0.027334875530666776,
        0.026353253258599177,
        0.023529079225328233,
        0.02333553632100423,
        0.02364500363667806,
        0.023303985595703125,
        0.02366487185160319,
        0.024803770913018122,
        0.025669786665174697
    ],
    "decode_percentiles": {
        "10": 0.02335489061143663,
        "25": 0.023616022533840604,
        "50": 0.025236778789096408,
        "75": 0.02659865882661608,
        "90": 0.027465958065456816
    }
}