{
    "avg_prefill_latency": 0.027550220489501953,
    "prefill_latencies": [
        0.027246475219726562,
        0.02706003189086914,
        0.029915809631347656,
        0.02688312530517578,
        0.02689337730407715,
        0.0278475284576416,
        0.029795408248901367,
        0.027445554733276367,
        0.026575088500976562,
        0.027014970779418945,
        0.027042150497436523,
        0.02688312530517578
    ],
    "prefill_percentiles": {
        "10": 0.02688312530517578,
        "25": 0.026890814304351807,
        "50": 0.027051091194152832,
        "75": 0.027546048164367676,
        "90": 0.02960062026977539
    },
    "avg_decode_latency": 0.025998210465466538,
    "decode_latencies": [
        0.025595903396606445,
        0.024465322494506836,
        0.026734934912787542,
        0.02480898963080512,
        0.02601321538289388,
        0.02660369873046875,
        0.02620212237040202,
        0.02627730369567871,
        0.02693380249871148,
        0.027286741468641493,
        0.025974167717827693,
        0.025082323286268447
    ],
    "decode_percentiles": {
        "10": 0.024836322996351454,
        "25": 0.025467508369021945,
        "50": 0.02610766887664795,
        "75": 0.026636507776048448,
        "90": 0.026913915740119088
    }
}