{
    "avg_prefill_latency": 0.12392451365788777,
    "prefill_latencies": [
        0.12433266639709473,
        0.12428927421569824,
        0.1232612133026123,
        0.12422537803649902,
        0.12393069267272949,
        0.12346768379211426,
        0.12436485290527344,
        0.1241302490234375,
        0.1239476203918457,
        0.12409496307373047,
        0.12347626686096191,
        0.12357330322265625
    ],
    "prefill_percentiles": {
        "10": 0.12346854209899902,
        "25": 0.12354904413223267,
        "50": 0.12402129173278809,
        "75": 0.12424135208129883,
        "90": 0.12432832717895508
    },
    "avg_decode_latency": 0.03293179074923197,
    "decode_latencies": [
        0.03539621829986572,
        0.034462594985961915,
        0.03247878551483154,
        0.03249809741973877,
        0.03263370990753174,
        0.03250911235809326,
        0.03253772258758545,
        0.032527589797973634,
        0.03250741958618164,
        0.03253364562988281,
        0.03244171142578125,
        0.03265488147735596
    ],
    "decode_percentiles": {
        "10": 0.032480716705322266,
        "25": 0.032505089044570924,
        "50": 0.03253061771392822,
        "75": 0.0326390027999878,
        "90": 0.03428182363510132
    }
}