{
    "avg_prefill_latency": 0.11626921097437541,
    "prefill_latencies": [
        0.11577606201171875,
        0.11575031280517578,
        0.11621904373168945,
        0.1159660816192627,
        0.11658024787902832,
        0.11662030220031738,
        0.11651182174682617,
        0.1163032054901123,
        0.11656928062438965,
        0.11606144905090332,
        0.1163792610168457,
        0.11649346351623535
    ],
    "prefill_percentiles": {
        "10": 0.11579506397247315,
        "25": 0.11603760719299316,
        "50": 0.116341233253479,
        "75": 0.11652618646621704,
        "90": 0.11657915115356446
    },
    "avg_decode_latency": 0.02625488351892542,
    "decode_latencies": [
        0.02598868476019965,
        0.025635931226942275,
        0.025450785954793293,
        0.025652647018432617,
        0.02687811851501465,
        0.02706003189086914,
        0.02703441513909234,
        0.026965194278293185,
        0.02639219495985243,
        0.026168187459309895,
        0.026054196887546115,
        0.02577821413675944
    ],
    "decode_percentiles": {
        "10": 0.02563760280609131,
        "25": 0.025746822357177734,
        "50": 0.026111192173428006,
        "75": 0.026899887455834284,
        "90": 0.027027493053012424
    }
}