{
    "avg_prefill_latency": 0.08206019798914592,
    "prefill_latencies": [
        0.08186483383178711,
        0.08269810676574707,
        0.08278989791870117,
        0.08214163780212402,
        0.0821690559387207,
        0.08212637901306152,
        0.08190059661865234,
        0.08184814453125,
        0.08143305778503418,
        0.0813448429107666,
        0.08245635032653809,
        0.08194947242736816
    ],
    "prefill_percentiles": {
        "10": 0.08147456645965576,
        "25": 0.08186066150665283,
        "50": 0.08203792572021484,
        "75": 0.08224087953567505,
        "90": 0.08267393112182617
    },
    "avg_decode_latency": 0.042473910031495275,
    "decode_latencies": [
        0.04211478763156467,
        0.05448746681213379,
        0.042284753587510854,
        0.04212718539767795,
        0.04766888088650174,
        0.039224863052368164,
        0.039356231689453125,
        0.03882421387566461,
        0.04669846428765191,
        0.03891393873426649,
        0.03885221481323242,
        0.039133919609917536
    ],
    "decode_percentiles": {
        "10": 0.038858387205335826,
        "25": 0.03907892439100477,
        "50": 0.0407355096605089,
        "75": 0.04338818126254612,
        "90": 0.04757183922661676
    }
}