{
    "avg_prefill_latency": 0.02794190247853597,
    "prefill_latencies": [
        0.026087522506713867,
        0.0258638858795166,
        0.027405738830566406,
        0.029388904571533203,
        0.027211666107177734,
        0.03212094306945801,
        0.030701398849487305,
        0.028757572174072266,
        0.02613210678100586,
        0.025894641876220703,
        0.027923107147216797,
        0.02781534194946289
    ],
    "prefill_percentiles": {
        "10": 0.025913929939270018,
        "25": 0.02612096071243286,
        "50": 0.02761054039001465,
        "75": 0.0289154052734375,
        "90": 0.030570149421691895
    },
    "avg_decode_latency": 0.026732497745090057,
    "decode_latencies": [
        0.025246222813924152,
        0.025440533955891926,
        0.02577254507276747,
        0.026487006081475153,
        0.02919271257188585,
        0.027644342846340604,
        0.028121021058824327,
        0.027468893263075087,
        0.026438474655151367,
        0.026364644368489582,
        0.026405387454562716,
        0.02620818879869249
    ],
    "decode_percentiles": {
        "10": 0.02547373506757948,
        "25": 0.026099277867211237,
        "50": 0.02642193105485704,
        "75": 0.027512755658891466,
        "90": 0.028073353237575954
    }
}