{
    "avg_prefill_latency": 0.04018131891886393,
    "prefill_latencies": [
        0.04050326347351074,
        0.03998541831970215,
        0.0400850772857666,
        0.04010510444641113,
        0.040216684341430664,
        0.04014873504638672,
        0.040233612060546875,
        0.0402371883392334,
        0.04010605812072754,
        0.04012894630432129,
        0.04026031494140625,
        0.04016542434692383
    ],
    "prefill_percentiles": {
        "10": 0.04008708000183105,
        "25": 0.04010581970214844,
        "50": 0.04015707969665527,
        "75": 0.040234506130218506,
        "90": 0.04025800228118896
    },
    "avg_decode_latency": 0.029172733977988908,
    "decode_latencies": [
        0.028650866614447698,
        0.028621117273966473,
        0.029234594768948026,
        0.029277192221747503,
        0.02879410319858127,
        0.028942399554782443,
        0.028947167926364474,
        0.029097027248806424,
        0.02866204579671224,
        0.029743485980563693,
        0.030007203420003254,
        0.030095603730943467
    ],
    "decode_percentiles": {
        "10": 0.028651984532674153,
        "25": 0.028761088848114014,
        "50": 0.02902209758758545,
        "75": 0.02939376566145155,
        "90": 0.0299808316760593
    }
}