{
    "avg_prefill_latency": 0.12345423301060994,
    "prefill_latencies": [
        0.12386703491210938,
        0.12391114234924316,
        0.1237192153930664,
        0.12351584434509277,
        0.12283921241760254,
        0.12313675880432129,
        0.12315201759338379,
        0.12324929237365723,
        0.12321758270263672,
        0.12390971183776855,
        0.1230013370513916,
        0.1239316463470459
    ],
    "prefill_percentiles": {
        "10": 0.12301487922668457,
        "25": 0.12314820289611816,
        "50": 0.123382568359375,
        "75": 0.12387770414352417,
        "90": 0.12391099929809571
    },
    "avg_decode_latency": 0.02523062847278736,
    "decode_latencies": [
        0.02553370263841417,
        0.025274780061509874,
        0.025288290447658963,
        0.02517737282647027,
        0.025189452701144747,
        0.02512510617574056,
        0.0253196292453342,
        0.025251441531711154,
        0.025135596593221027,
        0.025156603919135198,
        0.02528177367316352,
        0.02503379185994466
    ],
    "decode_percentiles": {
        "10": 0.025126155217488604,
        "25": 0.025151352087656655,
        "50": 0.02522044711642795,
        "75": 0.02528340286678738,
        "90": 0.025316495365566676
    }
}