{
    "avg_prefill_latency": 0.04335659742355347,
    "prefill_latencies": [
        0.043106794357299805,
        0.04322195053100586,
        0.044535160064697266,
        0.04328584671020508,
        0.04289889335632324,
        0.04286384582519531,
        0.04310870170593262,
        0.04336094856262207,
        0.04329371452331543,
        0.043709516525268555,
        0.043906211853027344,
        0.04298758506774902
    ],
    "prefill_percentiles": {
        "10": 0.04290776252746582,
        "25": 0.04307699203491211,
        "50": 0.04325389862060547,
        "75": 0.04344809055328369,
        "90": 0.043886542320251465
    },
    "avg_decode_latency": 0.02673053741455078,
    "decode_latencies": [
        0.02559275097317166,
        0.025546948115030926,
        0.02519922786288791,
        0.02532074186537001,
        0.02490438355339898,
        0.025086720784505207,
        0.02788718541463216,
        0.028575685289171007,
        0.027571227815416124,
        0.028130372365315754,
        0.027883503172132704,
        0.029067701763576932
    ],
    "decode_percentiles": {
        "10": 0.02509797149234348,
        "25": 0.025290363364749484,
        "50": 0.02658198939429389,
        "75": 0.02794798215230306,
        "90": 0.02853115399678548
    }
}