{
    "avg_prefill_latency": 0.06645256280899048,
    "prefill_latencies": [
        0.0660550594329834,
        0.0666656494140625,
        0.0664205551147461,
        0.0666654109954834,
        0.06624078750610352,
        0.06621432304382324,
        0.06665825843811035,
        0.06598377227783203,
        0.06644296646118164,
        0.06661176681518555,
        0.0664217472076416,
        0.06705045700073242
    ],
    "prefill_percentiles": {
        "10": 0.06607098579406738,
        "25": 0.06623417139053345,
        "50": 0.06643235683441162,
        "75": 0.06666004657745361,
        "90": 0.0666656255722046
    },
    "avg_decode_latency": 0.02635950070840341,
    "decode_latencies": [
        0.025500377019246418,
        0.02631409962972005,
        0.02630872196621365,
        0.026384433110555012,
        0.02616307470533583,
        0.026211261749267578,
        0.026007228427463107,
        0.02647103203667535,
        0.02671800719367133,
        0.026772048738267686,
        0.02794692251417372,
        0.025516801410251193
    ],
    "decode_percentiles": {
        "10": 0.025565844111972384,
        "25": 0.026124113135867648,
        "50": 0.026311410797966853,
        "75": 0.026532775825924344,
        "90": 0.02676664458380805
    }
}