{
    "avg_prefill_latency": 0.10327603419621785,
    "prefill_latencies": [
        0.10336828231811523,
        0.10320186614990234,
        0.10635042190551758,
        0.10246706008911133,
        0.10183405876159668,
        0.10224485397338867,
        0.10380101203918457,
        0.10317611694335938,
        0.10387086868286133,
        0.10245060920715332,
        0.10301780700683594,
        0.10352945327758789
    ],
    "prefill_percentiles": {
        "10": 0.10226542949676513,
        "25": 0.10246294736862183,
        "50": 0.10318899154663086,
        "75": 0.10359734296798706,
        "90": 0.10386388301849366
    },
    "avg_decode_latency": 0.03704065305215341,
    "decode_latencies": [
        0.03602014647589789,
        0.03429932064480252,
        0.03652800454033746,
        0.0328978697458903,
        0.03237745496961805,
        0.03746679094102648,
        0.0357462035285102,
        0.03869946797688802,
        0.04832055833604601,
        0.03870495160420736,
        0.03879168298509386,
        0.03463538487752279
    ],
    "decode_percentiles": {
        "10": 0.03303801483578152,
        "25": 0.03455136881934272,
        "50": 0.036274075508117676,
        "75": 0.03870083888371786,
        "90": 0.03878300984700521
    }
}