{
    "avg_prefill_latency": 0.13000339269638062,
    "prefill_latencies": [
        0.1310415267944336,
        0.12945342063903809,
        0.12997674942016602,
        0.12942981719970703,
        0.1290421485900879,
        0.12953829765319824,
        0.13008713722229004,
        0.12988829612731934,
        0.13006258010864258,
        0.1310572624206543,
        0.1308131217956543,
        0.12965035438537598
    ],
    "prefill_percentiles": {
        "10": 0.12943217754364014,
        "25": 0.1295170783996582,
        "50": 0.12993252277374268,
        "75": 0.1302686333656311,
        "90": 0.13101868629455565
    },
    "avg_decode_latency": 0.045660962661107383,
    "decode_latencies": [
        0.05430793762207031,
        0.043707966804504395,
        0.042801618576049805,
        0.05255584716796875,
        0.04254434108734131,
        0.042463040351867674,
        0.05371048450469971,
        0.04385263919830322,
        0.043581795692443845,
        0.042990469932556154,
        0.04316911697387695,
        0.04224629402160644
    ],
    "decode_percentiles": {
        "10": 0.04247117042541504,
        "25": 0.04273729920387268,
        "50": 0.043375456333160395,
        "75": 0.0460284411907196,
        "90": 0.05359502077102661
    }
}