{
    "avg_prefill_latency": 0.11442973216374715,
    "prefill_latencies": [
        0.11552023887634277,
        0.11544942855834961,
        0.11459112167358398,
        0.11431431770324707,
        0.11513113975524902,
        0.11412549018859863,
        0.11367177963256836,
        0.11360597610473633,
        0.11393332481384277,
        0.11424946784973145,
        0.11431312561035156,
        0.11425137519836426
    ],
    "prefill_percentiles": {
        "10": 0.1136979341506958,
        "25": 0.11407744884490967,
        "50": 0.11428225040435791,
        "75": 0.11472612619400024,
        "90": 0.11541759967803955
    },
    "avg_decode_latency": 0.0354284335065771,
    "decode_latencies": [
        0.03773318396674262,
        0.036252498626708984,
        0.03401266203986274,
        0.03409171104431152,
        0.03451387087504069,
        0.03327512741088867,
        0.03332983122931586,
        0.03353950712415907,
        0.044710636138916016,
        0.035621431138780385,
        0.03432944085862902,
        0.033731301625569664
    ],
    "decode_percentiles": {
        "10": 0.03335079881880018,
        "25": 0.03368335300021701,
        "50": 0.03421057595147027,
        "75": 0.035779198010762535,
        "90": 0.037585115432739256
    }
}