{
    "avg_prefill_latency": 0.032164553801218666,
    "prefill_latencies": [
        0.03294181823730469,
        0.032729387283325195,
        0.03263235092163086,
        0.032998085021972656,
        0.03258013725280762,
        0.031937599182128906,
        0.031774282455444336,
        0.031772613525390625,
        0.03196072578430176,
        0.03154468536376953,
        0.0315706729888916,
        0.03153228759765625
    ],
    "prefill_percentiles": {
        "10": 0.03154728412628174,
        "25": 0.03172212839126587,
        "50": 0.03194916248321533,
        "75": 0.03265661001205444,
        "90": 0.03292057514190674
    },
    "avg_decode_latency": 0.02398705703240854,
    "decode_latencies": [
        0.025069236755371094,
        0.02534280882941352,
        0.025384638044569228,
        0.024070448345608182,
        0.023656818601820204,
        0.023485634062025283,
        0.023515489366319444,
        0.02340841293334961,
        0.023471858766343858,
        0.023604763878716364,
        0.02340886327955458,
        0.02342571152581109
    ],
    "decode_percentiles": {
        "10": 0.02341054810418023,
        "25": 0.023460321956210665,
        "50": 0.023560126622517906,
        "75": 0.024320145448048912,
        "90": 0.025315451622009277
    }
}