{
    "avg_prefill_latency": 0.06632717450459798,
    "prefill_latencies": [
        0.06618881225585938,
        0.06580185890197754,
        0.06619668006896973,
        0.06618571281433105,
        0.06637144088745117,
        0.06637763977050781,
        0.06636452674865723,
        0.06632733345031738,
        0.06632852554321289,
        0.06645035743713379,
        0.06689643859863281,
        0.066436767578125
    ],
    "prefill_percentiles": {
        "10": 0.06618602275848388,
        "25": 0.06619471311569214,
        "50": 0.06634652614593506,
        "75": 0.06639242172241211,
        "90": 0.06644899845123291
    },
    "avg_decode_latency": 0.024266432832788537,
    "decode_latencies": [
        0.02421900961134169,
        0.024150927861531574,
        0.023742410871717665,
        0.023943503697713215,
        0.02394368913438585,
        0.024142530229356553,
        0.024019691679212783,
        0.02524680561489529,
        0.02443618244594998,
        0.024653275807698567,
        0.02466053432888455,
        0.02403863271077474
    ],
    "decode_percentiles": {
        "10": 0.02394352224138048,
        "25": 0.024000691043006048,
        "50": 0.024146729045444064,
        "75": 0.024490455786387127,
        "90": 0.02465980847676595
    }
}