{
    "avg_prefill_latency": 0.1235923965771993,
    "prefill_latencies": [
        0.12256979942321777,
        0.12363815307617188,
        0.12317466735839844,
        0.12392830848693848,
        0.12468147277832031,
        0.12358498573303223,
        0.12374544143676758,
        0.12389492988586426,
        0.12324929237365723,
        0.1236412525177002,
        0.1232762336730957,
        0.12372422218322754
    ],
    "prefill_percentiles": {
        "10": 0.12318212985992431,
        "25": 0.12326949834823608,
        "50": 0.12363970279693604,
        "75": 0.12378281354904175,
        "90": 0.12392497062683105
    },
    "avg_decode_latency": 0.02486729621887207,
    "decode_latencies": [
        0.024748669730292425,
        0.02483918931749132,
        0.024697542190551758,
        0.025259521272447374,
        0.024923748440212674,
        0.024899986055162217,
        0.024697515699598525,
        0.024721754921807185,
        0.024845812055799697,
        0.02499278386433919,
        0.024716880586412217,
        0.02506415049235026
    ],
    "decode_percentiles": {
        "10": 0.024699476030137803,
        "25": 0.024720536337958444,
        "50": 0.024842500686645508,
        "75": 0.024941007296244305,
        "90": 0.025057013829549155
    }
}