{
    "avg_prefill_latency": 0.1260650952657064,
    "prefill_latencies": [
        0.12498831748962402,
        0.12495660781860352,
        0.12569332122802734,
        0.12648749351501465,
        0.1253664493560791,
        0.1255507469177246,
        0.12598252296447754,
        0.1270427703857422,
        0.12831425666809082,
        0.12640094757080078,
        0.12575864791870117,
        0.12623906135559082
    ],
    "prefill_percentiles": {
        "10": 0.12502613067626953,
        "25": 0.12550467252731323,
        "50": 0.12587058544158936,
        "75": 0.12642258405685425,
        "90": 0.12698724269866943
    },
    "avg_decode_latency": 0.048119558890660614,
    "decode_latencies": [
        0.04329006671905518,
        0.04348201751708984,
        0.043866324424743655,
        0.04398331642150879,
        0.054552674293518066,
        0.04624419212341309,
        0.0512995719909668,
        0.045708870887756346,
        0.04664709568023682,
        0.04505255222320557,
        0.04463176727294922,
        0.06867625713348388
    ],
    "decode_percentiles": {
        "10": 0.04352044820785522,
        "25": 0.043954068422317506,
        "50": 0.04538071155548096,
        "75": 0.047810214757919314,
        "90": 0.054227364063262944
    }
}