{
    "avg_prefill_latency": 0.02639712889989217,
    "prefill_latencies": [
        0.02563786506652832,
        0.02604532241821289,
        0.02583789825439453,
        0.027002334594726562,
        0.027755022048950195,
        0.027741432189941406,
        0.02843165397644043,
        0.025647401809692383,
        0.025557756423950195,
        0.025629520416259766,
        0.025600433349609375,
        0.02587890625
    ],
    "prefill_percentiles": {
        "10": 0.025603342056274413,
        "25": 0.02563577890396118,
        "50": 0.025858402252197266,
        "75": 0.027187108993530273,
        "90": 0.027753663063049317
    },
    "avg_decode_latency": 0.024720236107155128,
    "decode_latencies": [
        0.024213314056396484,
        0.02536683612399631,
        0.02583577897813585,
        0.025668356153700087,
        0.025732623206244573,
        0.025597863727145724,
        0.024946477678087022,
        0.023787260055541992,
        0.023763630125257704,
        0.02389881345960829,
        0.023850440979003906,
        0.023981438742743597
    ],
    "decode_percentiles": {
        "10": 0.023793578147888184,
        "25": 0.023886720339457195,
        "50": 0.024579895867241755,
        "75": 0.025615486833784316,
        "90": 0.025726196500990124
    }
}