{
    "avg_prefill_latency": 0.12647473812103271,
    "prefill_latencies": [
        0.12826037406921387,
        0.12816786766052246,
        0.12667512893676758,
        0.1252763271331787,
        0.12513327598571777,
        0.12638354301452637,
        0.1276719570159912,
        0.1268932819366455,
        0.12554526329040527,
        0.1261425018310547,
        0.125654935836792,
        0.12589240074157715
    ],
    "prefill_percentiles": {
        "10": 0.12530322074890138,
        "25": 0.1256275177001953,
        "50": 0.12626302242279053,
        "75": 0.12708795070648193,
        "90": 0.12811827659606934
    },
    "avg_decode_latency": 0.04288276036580404,
    "decode_latencies": [
        0.0430279016494751,
        0.046576428413391116,
        0.041388964653015135,
        0.040040779113769534,
        0.04178740978240967,
        0.04376463890075684,
        0.04227979183197021,
        0.05289380550384522,
        0.04050593376159668,
        0.0415231466293335,
        0.04058701992034912,
        0.04021730422973633
    ],
    "decode_percentiles": {
        "10": 0.040246167182922364,
        "25": 0.04056674838066101,
        "50": 0.04165527820587159,
        "75": 0.04321208596229553,
        "90": 0.04629524946212769
    }
}