{
    "avg_prefill_latency": 0.21746522188186646,
    "prefill_latencies": [
        0.2170240879058838,
        0.21729350090026855,
        0.2171461582183838,
        0.21723008155822754,
        0.21823930740356445,
        0.21719145774841309,
        0.21760916709899902,
        0.21744871139526367,
        0.21760821342468262,
        0.2176837921142578,
        0.21716904640197754,
        0.21793913841247559
    ],
    "prefill_percentiles": {
        "10": 0.21714844703674316,
        "25": 0.2171858549118042,
        "50": 0.2173711061477661,
        "75": 0.21762782335281372,
        "90": 0.21791360378265381
    },
    "avg_decode_latency": 0.032757456655855534,
    "decode_latencies": [
        0.032769203186035156,
        0.032625145382351346,
        0.03244241078694662,
        0.033779912524753146,
        0.03293686442905002,
        0.03274758656819662,
        0.03250712818569607,
        0.032791694005330406,
        0.03258048163519965,
        0.03302812576293945,
        0.03237952126397027,
        0.032501406139797635
    ],
    "decode_percentiles": {
        "10": 0.03244831032223172,
        "25": 0.03250569767422146,
        "50": 0.03268636597527398,
        "75": 0.03282798661126031,
        "90": 0.03301899962955051
    }
}