{
    "avg_prefill_latency": 0.8156319657961527,
    "prefill_latencies": [
        0.8090038299560547,
        0.8126342296600342,
        0.8180098533630371,
        0.8211612701416016,
        0.8197269439697266,
        0.8151931762695312,
        0.8109180927276611,
        0.8126294612884521,
        0.812021017074585,
        0.8170208930969238,
        0.8146207332611084,
        0.8246440887451172
    ],
    "prefill_percentiles": {
        "10": 0.8110283851623535,
        "25": 0.8124773502349854,
        "50": 0.8149069547653198,
        "75": 0.8184391260147095,
        "90": 0.821017837524414
    },
    "avg_decode_latency": 0.03372525065033524,
    "decode_latencies": [
        0.03420154253641764,
        0.03394513660007053,
        0.03329573737250434,
        0.034188270568847656,
        0.03413608339097765,
        0.03365908728705512,
        0.03313914934794108,
        0.03314834170871311,
        0.03542844454447428,
        0.03301223119099935,
        0.03322087393866645,
        0.033328109317355685
    ],
    "decode_percentiles": {
        "10": 0.03314006858401828,
        "25": 0.03320274088117811,
        "50": 0.0334935983022054,
        "75": 0.03414913018544515,
        "90": 0.034200215339660646
    }
}