{
    "avg_prefill_latency": 0.1397923231124878,
    "prefill_latencies": [
        0.1393437385559082,
        0.13965058326721191,
        0.139939546585083,
        0.14088940620422363,
        0.1408977508544922,
        0.14098143577575684,
        0.14032649993896484,
        0.1403203010559082,
        0.13986659049987793,
        0.13506531715393066,
        0.13980889320373535,
        0.14041781425476074
    ],
    "prefill_percentiles": {
        "10": 0.13937442302703856,
        "25": 0.1397693157196045,
        "50": 0.1401299238204956,
        "75": 0.14053571224212646,
        "90": 0.14089691638946533
    },
    "avg_decode_latency": 0.04289592416198165,
    "decode_latencies": [
        0.045181486341688365,
        0.04340211550394694,
        0.04668397373623318,
        0.046693748897976346,
        0.046443170971340604,
        0.041377517912122935,
        0.0406142340766059,
        0.04253072208828396,
        0.04119118054707845,
        0.04003349939982096,
        0.04043698310852051,
        0.04016245736016168
    ],
    "decode_percentiles": {
        "10": 0.04018990993499756,
        "25": 0.04056992133458455,
        "50": 0.041954120000203446,
        "75": 0.04549690749910142,
        "90": 0.046659893459743924
    }
}