{
    "avg_prefill_latency": 0.05342010656992594,
    "prefill_latencies": [
        0.052606821060180664,
        0.05274653434753418,
        0.05285477638244629,
        0.053052425384521484,
        0.052564144134521484,
        0.05346512794494629,
        0.05298209190368652,
        0.0531926155090332,
        0.05288839340209961,
        0.053290605545043945,
        0.05266976356506348,
        0.05872797966003418
    ],
    "prefill_percentiles": {
        "10": 0.052613115310668944,
        "25": 0.052727341651916504,
        "50": 0.052935242652893066,
        "75": 0.05321711301803589,
        "90": 0.05344767570495605
    },
    "avg_decode_latency": 0.04060894692385638,
    "decode_latencies": [
        0.03960106107923719,
        0.039475599924723305,
        0.039818922678629555,
        0.039245420032077365,
        0.04029130935668945,
        0.03984239366319445,
        0.03970389895968967,
        0.040692408879597984,
        0.04004640049404568,
        0.0401513311598036,
        0.04267756144205729,
        0.045761055416531034
    ],
    "decode_percentiles": {
        "10": 0.03948814604017469,
        "25": 0.03967818948957655,
        "50": 0.03994439707862006,
        "75": 0.04039158423741659,
        "90": 0.04247904618581136
    }
}