{
    "avg_prefill_latency": 0.05935788154602051,
    "prefill_latencies": [
        0.07030320167541504,
        0.07408738136291504,
        0.05349302291870117,
        0.05382800102233887,
        0.07626867294311523,
        0.05341291427612305,
        0.05279111862182617,
        0.060854434967041016,
        0.05863785743713379,
        0.05337882041931152,
        0.05315828323364258,
        0.05208086967468262
    ],
    "prefill_percentiles": {
        "10": 0.05282783508300781,
        "25": 0.05332368612289429,
        "50": 0.05366051197052002,
        "75": 0.06321662664413452,
        "90": 0.07370896339416504
    },
    "avg_decode_latency": 0.04273608658048841,
    "decode_latencies": [
        0.045475376976860896,
        0.03983863194783529,
        0.03998608059353299,
        0.04068136215209961,
        0.04554065068562826,
        0.0402418507470025,
        0.04837661319308811,
        0.048205826017591685,
        0.044932153489854604,
        0.039959854549831815,
        0.039844009611341685,
        0.039750629001193576
    ],
    "decode_percentiles": {
        "10": 0.039839169714185926,
        "25": 0.039930893315209284,
        "50": 0.04046160644955105,
        "75": 0.045491695404052734,
        "90": 0.04793930848439534
    }
}