{
    "avg_prefill_latency": 0.059439897537231445,
    "prefill_latencies": [
        0.05785727500915527,
        0.05798029899597168,
        0.07105827331542969,
        0.05871176719665527,
        0.058371782302856445,
        0.058016300201416016,
        0.05858349800109863,
        0.05795025825500488,
        0.058526039123535156,
        0.05769681930541992,
        0.05908346176147461,
        0.059442996978759766
    ],
    "prefill_percentiles": {
        "10": 0.057866573333740234,
        "25": 0.05797278881072998,
        "50": 0.0584489107131958,
        "75": 0.05880469083786011,
        "90": 0.05940704345703125
    },
    "avg_decode_latency": 0.04397104846106636,
    "decode_latencies": [
        0.043257183498806424,
        0.0461218621995714,
        0.043565485212537974,
        0.04320446650187174,
        0.04347968101501465,
        0.043358696831597224,
        0.043411069446139865,
        0.04325644175211588,
        0.04349637031555176,
        0.04337830013699002,
        0.04688782162136502,
        0.04423520300123426
    ],
    "decode_percentiles": {
        "10": 0.043256515926784936,
        "25": 0.043333318498399526,
        "50": 0.04344537523057726,
        "75": 0.04373291465971205,
        "90": 0.04593319627973769
    }
}