{
    "avg_prefill_latency": 0.20931029319763184,
    "prefill_latencies": [
        0.20886826515197754,
        0.20901989936828613,
        0.2087724208831787,
        0.20942449569702148,
        0.2089221477508545,
        0.20937442779541016,
        0.2090167999267578,
        0.20937347412109375,
        0.20973491668701172,
        0.20949459075927734,
        0.2097926139831543,
        0.2099294662475586
    ],
    "prefill_percentiles": {
        "10": 0.20887365341186523,
        "25": 0.20899313688278198,
        "50": 0.20937395095825195,
        "75": 0.20955467224121094,
        "90": 0.20978684425354005
    },
    "avg_decode_latency": 0.031827913390265576,
    "decode_latencies": [
        0.031724267535739474,
        0.03217421637641059,
        0.031799872716267906,
        0.03172371122572157,
        0.0318862067328559,
        0.03240243593851725,
        0.031756454043918185,
        0.031545903947618276,
        0.03176654709710015,
        0.032040940390692815,
        0.03168148464626736,
        0.031432920032077365
    ],
    "decode_percentiles": {
        "10": 0.031559462017483185,
        "25": 0.031713154580858015,
        "50": 0.031761500570509166,
        "75": 0.03192489014731513,
        "90": 0.03216088877783881
    }
}