{
    "avg_prefill_latency": 0.20466846227645874,
    "prefill_latencies": [
        0.19039297103881836,
        0.18952250480651855,
        0.18961596488952637,
        0.1901867389678955,
        0.1904301643371582,
        0.19099998474121094,
        0.19005680084228516,
        0.19000720977783203,
        0.19008231163024902,
        0.1900043487548828,
        0.3649725914001465,
        0.18974995613098145
    ],
    "prefill_percentiles": {
        "10": 0.18962936401367186,
        "25": 0.18994075059890747,
        "50": 0.1900695562362671,
        "75": 0.19040226936340332,
        "90": 0.19094300270080566
    },
    "avg_decode_latency": 0.059312098556094706,
    "decode_latencies": [
        0.054986159006754555,
        0.0556329091389974,
        0.07569458749559191,
        0.0563915835486518,
        0.05572615729437934,
        0.055041525099012584,
        0.07455298635694715,
        0.05979598893059625,
        0.05569537480672201,
        0.05460951063368055,
        0.05855459637112088,
        0.05506380399068197
    ],
    "decode_percentiles": {
        "10": 0.05499169561598036,
        "25": 0.05505823426776462,
        "50": 0.05571076605055067,
        "75": 0.05886494451098972,
        "90": 0.07307728661431206
    }
}