{
    "avg_prefill_latency": 0.09134278694788615,
    "prefill_latencies": [
        0.09112262725830078,
        0.09199142456054688,
        0.09114718437194824,
        0.09102058410644531,
        0.09128522872924805,
        0.09138941764831543,
        0.09121322631835938,
        0.09111166000366211,
        0.09084606170654297,
        0.09138369560241699,
        0.09249734878540039,
        0.09110498428344727
    ],
    "prefill_percentiles": {
        "10": 0.09102902412414551,
        "25": 0.0911099910736084,
        "50": 0.09118020534515381,
        "75": 0.0913851261138916,
        "90": 0.09193122386932373
    },
    "avg_decode_latency": 0.04306667822378652,
    "decode_latencies": [
        0.042391432656182185,
        0.042405260933770075,
        0.04196627934773763,
        0.04217998186747233,
        0.04402123557196723,
        0.04571848445468479,
        0.04192948341369629,
        0.043207248051961265,
        0.04518440034654406,
        0.04258394241333008,
        0.042070865631103516,
        0.04314152399698893
    ],
    "decode_percentiles": {
        "10": 0.04197673797607422,
        "25": 0.04215270280838013,
        "50": 0.04249460167355008,
        "75": 0.04341074493196276,
        "90": 0.045068083869086374
    }
}