{
    "avg_prefill_latency": 0.04398238658905029,
    "prefill_latencies": [
        0.0436244010925293,
        0.044609785079956055,
        0.045355796813964844,
        0.04434847831726074,
        0.04398846626281738,
        0.04417276382446289,
        0.044768333435058594,
        0.043230295181274414,
        0.04348254203796387,
        0.043088436126708984,
        0.04340529441833496,
        0.043714046478271484
    ],
    "prefill_percentiles": {
        "10": 0.04324779510498047,
        "25": 0.04346323013305664,
        "50": 0.043851256370544434,
        "75": 0.04441380500793457,
        "90": 0.04475247859954834
    },
    "avg_decode_latency": 0.03184671534432305,
    "decode_latencies": [
        0.03175881173875597,
        0.03184625837537977,
        0.03205553690592448,
        0.032151116265190974,
        0.03228788905673557,
        0.03222242991129557,
        0.03222860230339898,
        0.031564791997273765,
        0.031580474641588,
        0.031548659006754555,
        0.03143379423353407,
        0.03148221969604492
    ],
    "decode_percentiles": {
        "10": 0.031488863627115886,
        "25": 0.031560758749643966,
        "50": 0.03180253505706787,
        "75": 0.032168944676717125,
        "90": 0.03222798506418864
    }
}