{
    "avg_prefill_latency": 0.18617484966913858,
    "prefill_latencies": [
        0.18584585189819336,
        0.18601655960083008,
        0.18596100807189941,
        0.18599677085876465,
        0.18652701377868652,
        0.18622612953186035,
        0.18678593635559082,
        0.18604373931884766,
        0.18618273735046387,
        0.18677139282226562,
        0.18603134155273438,
        0.18570971488952637
    ],
    "prefill_percentiles": {
        "10": 0.18585736751556398,
        "25": 0.18598783016204834,
        "50": 0.18603754043579102,
        "75": 0.1863013505935669,
        "90": 0.18674695491790771
    },
    "avg_decode_latency": 0.04670417529565316,
    "decode_latencies": [
        0.04498518837822808,
        0.04516975084940592,
        0.04510455661349826,
        0.044912629657321505,
        0.044893503189086914,
        0.06493684980604383,
        0.04517947302924262,
        0.04495954513549805,
        0.04525023036532932,
        0.045059416029188365,
        0.04497257868448893,
        0.04502638181050619
    ],
    "decode_percentiles": {
        "10": 0.04491732120513916,
        "25": 0.04496932029724121,
        "50": 0.04504289891984728,
        "75": 0.045172181394365095,
        "90": 0.04524315463172065
    }
}