{
    "avg_prefill_latency": 0.04362150033315023,
    "prefill_latencies": [
        0.04382586479187012,
        0.04216456413269043,
        0.04415273666381836,
        0.04325079917907715,
        0.04381299018859863,
        0.04469799995422363,
        0.043645381927490234,
        0.04340386390686035,
        0.043251991271972656,
        0.04342293739318848,
        0.04450821876525879,
        0.043320655822753906
    ],
    "prefill_percentiles": {
        "10": 0.0432509183883667,
        "25": 0.043303489685058594,
        "50": 0.043534159660339355,
        "75": 0.04390758275985718,
        "90": 0.044472670555114745
    },
    "avg_decode_latency": 0.031900277844181764,
    "decode_latencies": [
        0.03192181057400174,
        0.03156717618306478,
        0.032553407880995006,
        0.03180800543891059,
        0.0318140983581543,
        0.03197746806674533,
        0.031722439659966364,
        0.03169563081529406,
        0.0316003163655599,
        0.032332128948635526,
        0.0320887565612793,
        0.03172209527757433
    ],
    "decode_percentiles": {
        "10": 0.03160984781053332,
        "25": 0.03171547916200426,
        "50": 0.03181105189853244,
        "75": 0.03200529019037882,
        "90": 0.032307791709899905
    }
}