{
    "avg_prefill_latency": 0.21008849143981934,
    "prefill_latencies": [
        0.2081911563873291,
        0.2098703384399414,
        0.2094898223876953,
        0.20979642868041992,
        0.21092987060546875,
        0.21034932136535645,
        0.2103123664855957,
        0.21023869514465332,
        0.20986127853393555,
        0.2109215259552002,
        0.2096693515777588,
        0.21143174171447754
    ],
    "prefill_percentiles": {
        "10": 0.20950777530670167,
        "25": 0.20976465940475464,
        "50": 0.21005451679229736,
        "75": 0.21049237251281738,
        "90": 0.2109290361404419
    },
    "avg_decode_latency": 0.05268101338986997,
    "decode_latencies": [
        0.04904985427856445,
        0.04909642537434896,
        0.06908477677239312,
        0.04922101232740614,
        0.04965729183620877,
        0.0492909484439426,
        0.0496427747938368,
        0.04906826549106174,
        0.04936205016242133,
        0.04936557345920139,
        0.0698195563422309,
        0.04951363139682346
    ],
    "decode_percentiles": {
        "10": 0.04907108147939046,
        "25": 0.049189865589141846,
        "50": 0.049363811810811356,
        "75": 0.04964640405442979,
        "90": 0.06714202827877469
    }
}