{
    "avg_prefill_latency": 0.1682989796002706,
    "prefill_latencies": [
        0.16838359832763672,
        0.1686084270477295,
        0.1678769588470459,
        0.16846942901611328,
        0.16786813735961914,
        0.16814970970153809,
        0.1683504581451416,
        0.168349027633667,
        0.16907238960266113,
        0.16781878471374512,
        0.16846561431884766,
        0.16817522048950195
    ],
    "prefill_percentiles": {
        "10": 0.1678690195083618,
        "25": 0.16808152198791504,
        "50": 0.1683497428894043,
        "75": 0.16846656799316406,
        "90": 0.16859452724456786
    },
    "avg_decode_latency": 0.05894917028921622,
    "decode_latencies": [
        0.05344684918721517,
        0.05283874935574002,
        0.0534066359202067,
        0.07313346862792969,
        0.05314400460984972,
        0.053949832916259766,
        0.057559437221950956,
        0.07912389437357585,
        0.05364354451497396,
        0.059013684590657554,
        0.05779282251993815,
        0.06033711963229709
    ],
    "decode_percentiles": {
        "10": 0.05317026774088542,
        "25": 0.05343679587046306,
        "50": 0.05575463506910536,
        "75": 0.05934454335106744,
        "90": 0.07185383372836643
    }
}