{
    "avg_prefill_latency": 0.12822840611139932,
    "prefill_latencies": [
        0.12767386436462402,
        0.12772345542907715,
        0.12764763832092285,
        0.12747406959533691,
        0.12947392463684082,
        0.12824201583862305,
        0.1289684772491455,
        0.12883901596069336,
        0.12835073471069336,
        0.12804388999938965,
        0.12798190116882324,
        0.12832188606262207
    ],
    "prefill_percentiles": {
        "10": 0.12765026092529297,
        "25": 0.12771105766296387,
        "50": 0.12814295291900635,
        "75": 0.12847280502319336,
        "90": 0.12895553112030028
    },
    "avg_decode_latency": 0.050848660645661535,
    "decode_latencies": [
        0.05092141363355848,
        0.04649959670172797,
        0.048773633109198675,
        0.07046212090386285,
        0.04901528358459473,
        0.04744675424363878,
        0.04850938585069445,
        0.04921605851915148,
        0.0513206058078342,
        0.05209533373514811,
        0.04903096622890896,
        0.046892775429619685
    ],
    "decode_percentiles": {
        "10": 0.04694817331102159,
        "25": 0.04824372794893053,
        "50": 0.04902312490675184,
        "75": 0.051021211677127414,
        "90": 0.05201786094241672
    }
}