{
    "avg_prefill_latency": 0.1133239467938741,
    "prefill_latencies": [
        0.11311578750610352,
        0.11298799514770508,
        0.11414480209350586,
        0.11320638656616211,
        0.11340737342834473,
        0.11378908157348633,
        0.11393117904663086,
        0.11294245719909668,
        0.11296606063842773,
        0.11307001113891602,
        0.11289620399475098,
        0.11343002319335938
    ],
    "prefill_percentiles": {
        "10": 0.11294481754302979,
        "25": 0.11298251152038574,
        "50": 0.11316108703613281,
        "75": 0.11351978778839111,
        "90": 0.11391696929931641
    },
    "avg_decode_latency": 0.04781990801846539,
    "decode_latencies": [
        0.04449348979526096,
        0.050222449832492404,
        0.04802290598551432,
        0.045865270826551646,
        0.06675532129075792,
        0.04619481828477648,
        0.04589078161451551,
        0.04573127958509657,
        0.046187506781684026,
        0.04492523935106066,
        0.0442246331108941,
        0.04532519976298014
    ],
    "decode_percentiles": {
        "10": 0.04453666475084093,
        "25": 0.04522520966000027,
        "50": 0.04587802622053358,
        "75": 0.04665184020996094,
        "90": 0.050002495447794594
    }
}