{
    "avg_prefill_latency": 0.05512964725494385,
    "prefill_latencies": [
        0.051030635833740234,
        0.052057504653930664,
        0.07415199279785156,
        0.050556182861328125,
        0.05080246925354004,
        0.05066418647766113,
        0.0713200569152832,
        0.055115461349487305,
        0.05472421646118164,
        0.04983997344970703,
        0.05088448524475098,
        0.05040860176086426
    ],
    "prefill_percentiles": {
        "10": 0.05042335987091064,
        "25": 0.05063718557357788,
        "50": 0.050957560539245605,
        "75": 0.05482202768325806,
        "90": 0.06969959735870362
    },
    "avg_decode_latency": 0.04351871322702478,
    "decode_latencies": [
        0.0410255061255561,
        0.04571639166937934,
        0.04163556628757053,
        0.04133672184414334,
        0.046865224838256836,
        0.050118075476752386,
        0.044098615646362305,
        0.04454763730367025,
        0.04448363516065809,
        0.040280315611097545,
        0.04071680704752604,
        0.04140006171332465
    ],
    "decode_percentiles": {
        "10": 0.04074767695532905,
        "25": 0.041258917914496526,
        "50": 0.04286709096696642,
        "75": 0.044839825895097524,
        "90": 0.04675034152136909
    }
}