{
    "avg_prefill_latency": 0.8416723807652792,
    "prefill_latencies": [
        0.8421409130096436,
        0.8415255546569824,
        0.8380424976348877,
        0.8427526950836182,
        0.8386478424072266,
        0.8437397480010986,
        0.8436875343322754,
        0.8432281017303467,
        0.8378200531005859,
        0.8392071723937988,
        0.8455266952514648,
        0.8437497615814209
    ],
    "prefill_percentiles": {
        "10": 0.8381030321121216,
        "25": 0.8390673398971558,
        "50": 0.8424468040466309,
        "75": 0.8437005877494812,
        "90": 0.8437487602233886
    },
    "avg_decode_latency": 0.03298777341842652,
    "decode_latencies": [
        0.03263145022922092,
        0.03362316555447049,
        0.032748646206325956,
        0.03262715869479709,
        0.03270763821072049,
        0.032875908745659724,
        0.03303662935892741,
        0.03363259633382162,
        0.03286160363091363,
        0.03300070762634277,
        0.03330842653910319,
        0.032799349890814886
    ],
    "decode_percentiles": {
        "10": 0.032639069027370876,
        "25": 0.03273839420742459,
        "50": 0.03286875618828668,
        "75": 0.03310457865397135,
        "90": 0.033591691652933756
    }
}