{
    "avg_prefill_latency": 0.25639889637629193,
    "prefill_latencies": [
        0.25572681427001953,
        0.25586390495300293,
        0.2569117546081543,
        0.2557373046875,
        0.25600481033325195,
        0.25604844093322754,
        0.2600719928741455,
        0.25620269775390625,
        0.2560873031616211,
        0.25626373291015625,
        0.2553286552429199,
        0.25653934478759766
    ],
    "prefill_percentiles": {
        "10": 0.25572786331176756,
        "25": 0.2558322548866272,
        "50": 0.2560678720474243,
        "75": 0.2563326358795166,
        "90": 0.25687451362609864
    },
    "avg_decode_latency": 0.04339673784044054,
    "decode_latencies": [
        0.043247964647081166,
        0.03990242216322157,
        0.04129340913560656,
        0.041757159762912326,
        0.040565676159328885,
        0.05241521199544271,
        0.04438122113545736,
        0.04243628184000651,
        0.04240976439581977,
        0.045747703976101346,
        0.04581989182366265,
        0.04078414705064562
    ],
    "decode_percentiles": {
        "10": 0.04058752324846056,
        "25": 0.04116609361436632,
        "50": 0.04242302311791314,
        "75": 0.04472284184561835,
        "90": 0.04581267303890652
    }
}