{
    "avg_prefill_latency": 0.4836191733678182,
    "prefill_latencies": [
        0.482374906539917,
        0.48335909843444824,
        0.4830479621887207,
        0.48497915267944336,
        0.48319315910339355,
        0.4833991527557373,
        0.48316407203674316,
        0.48302364349365234,
        0.48409247398376465,
        0.4844932556152344,
        0.4839818477630615,
        0.48432135581970215
    ],
    "prefill_percentiles": {
        "10": 0.48302607536315917,
        "25": 0.48313504457473755,
        "50": 0.4833791255950928,
        "75": 0.484149694442749,
        "90": 0.48447606563568113
    },
    "avg_decode_latency": 0.04154171325542308,
    "decode_latencies": [
        0.04148761431376139,
        0.040467792087131076,
        0.04589147037929959,
        0.04062406222025553,
        0.04217735926310221,
        0.04059714741177029,
        0.040790160497029625,
        0.04046477211846246,
        0.04076459672715929,
        0.04070324367947049,
        0.04374249776204427,
        0.04078984260559082
    ],
    "decode_percentiles": {
        "10": 0.040480727619594994,
        "25": 0.04061733351813422,
        "50": 0.040777219666375056,
        "75": 0.041660050551096596,
        "90": 0.043585983912150066
    }
}