{
    "avg_prefill_latency": 0.06857756773630778,
    "prefill_latencies": [
        0.0685734748840332,
        0.06849408149719238,
        0.06876587867736816,
        0.0683431625366211,
        0.06851673126220703,
        0.06840848922729492,
        0.06856942176818848,
        0.06845974922180176,
        0.06855201721191406,
        0.06865882873535156,
        0.0686197280883789,
        0.0689692497253418
    ],
    "prefill_percentiles": {
        "10": 0.0684136152267456,
        "25": 0.06848549842834473,
        "50": 0.06856071949005127,
        "75": 0.06862950325012207,
        "90": 0.0687551736831665
    },
    "avg_decode_latency": 0.03217547911184805,
    "decode_latencies": [
        0.03255902396308051,
        0.03408209482828776,
        0.03251618809170193,
        0.031171109941270616,
        0.03087594774034288,
        0.03246437178717719,
        0.03209140565660265,
        0.03218362066480848,
        0.03242845005459256,
        0.0322014225853814,
        0.03232163853115506,
        0.031210475497775607
    ],
    "decode_percentiles": {
        "10": 0.031175046496921117,
        "25": 0.03187117311689589,
        "50": 0.032261530558268234,
        "75": 0.03247732586330838,
        "90": 0.03255474037594265
    }
}