{
    "avg_prefill_latency": 0.21168979008992514,
    "prefill_latencies": [
        0.21069812774658203,
        0.21181726455688477,
        0.21166706085205078,
        0.21143579483032227,
        0.21114301681518555,
        0.21187376976013184,
        0.2115459442138672,
        0.21149659156799316,
        0.21265888214111328,
        0.21189594268798828,
        0.21219134330749512,
        0.2118537425994873
    ],
    "prefill_percentiles": {
        "10": 0.21117229461669923,
        "25": 0.21148139238357544,
        "50": 0.21174216270446777,
        "75": 0.21187931299209595,
        "90": 0.21216180324554443
    },
    "avg_decode_latency": 0.03268707460827298,
    "decode_latencies": [
        0.03181884023878309,
        0.031965308719211154,
        0.03175573878818088,
        0.03162826432122125,
        0.03227204746670193,
        0.03200946913825141,
        0.03205842441982693,
        0.03268334600660536,
        0.03193444675869412,
        0.031927903493245445,
        0.03601913981967502,
        0.03617196612887912
    ],
    "decode_percentiles": {
        "10": 0.031762048933241104,
        "25": 0.031900637679629855,
        "50": 0.03198738892873128,
        "75": 0.03237487210167779,
        "90": 0.035685560438368055
    }
}