{
    "avg_prefill_latency": 0.15389605363210043,
    "prefill_latencies": [
        0.153045654296875,
        0.15314292907714844,
        0.15350627899169922,
        0.15431952476501465,
        0.15498733520507812,
        0.1552574634552002,
        0.15462946891784668,
        0.1536850929260254,
        0.15399909019470215,
        0.15360283851623535,
        0.1533966064453125,
        0.15318036079406738
    ],
    "prefill_percentiles": {
        "10": 0.15314667224884032,
        "25": 0.15334254503250122,
        "50": 0.15364396572113037,
        "75": 0.15439701080322266,
        "90": 0.15495154857635499
    },
    "avg_decode_latency": 0.04720062679714627,
    "decode_latencies": [
        0.04221463203430176,
        0.05045451058281793,
        0.046600341796875,
        0.044582896762424044,
        0.04974524180094401,
        0.04355544514126248,
        0.04360214869181315,
        0.044599586062961154,
        0.0462502638498942,
        0.06659224298265246,
        0.04573978318108453,
        0.0424704286787245
    ],
    "decode_percentiles": {
        "10": 0.042578930324978295,
        "25": 0.04359047280417548,
        "50": 0.04516968462202284,
        "75": 0.04738656679789225,
        "90": 0.05038358370463054
    }
}