{
    "avg_prefill_latency": 0.04406448205312093,
    "prefill_latencies": [
        0.043828725814819336,
        0.044989585876464844,
        0.04393911361694336,
        0.04274392127990723,
        0.044306039810180664,
        0.04425764083862305,
        0.04425358772277832,
        0.04432821273803711,
        0.043830156326293945,
        0.04420661926269531,
        0.044007301330566406,
        0.0440828800201416
    ],
    "prefill_percentiles": {
        "10": 0.0438288688659668,
        "25": 0.043911874294281006,
        "50": 0.04414474964141846,
        "75": 0.04426974058151245,
        "90": 0.04432599544525147
    },
    "avg_decode_latency": 0.031998411372855855,
    "decode_latencies": [
        0.032022449705335826,
        0.03209294213189019,
        0.03181325064765082,
        0.03246784210205078,
        0.032086345884535045,
        0.03197349442376031,
        0.031964513990614146,
        0.03201296594407824,
        0.031869464450412326,
        0.03189253807067871,
        0.03187033865186903,
        0.03191479047139486
    ],
    "decode_percentiles": {
        "10": 0.031869551870558,
        "25": 0.03188698821597629,
        "50": 0.03196900420718723,
        "75": 0.03203842375013563,
        "90": 0.03209228250715468
    }
}