{
    "avg_prefill_latency": 0.3793589472770691,
    "prefill_latencies": [
        0.3784966468811035,
        0.3794071674346924,
        0.3788487911224365,
        0.3786494731903076,
        0.38024306297302246,
        0.3798513412475586,
        0.3795301914215088,
        0.37909841537475586,
        0.37918710708618164,
        0.37921142578125,
        0.38005781173706055,
        0.37972593307495117
    ],
    "prefill_percentiles": {
        "10": 0.37866940498352053,
        "25": 0.379036009311676,
        "50": 0.3793092966079712,
        "75": 0.379757285118103,
        "90": 0.38003716468811033
    },
    "avg_decode_latency": 0.06840755100603456,
    "decode_latencies": [
        0.07925672001308864,
        0.06581282615661621,
        0.06288072797987196,
        0.0845334529876709,
        0.06261112954881456,
        0.05912990040249295,
        0.08160516950819227,
        0.06258898311191136,
        0.06116716066996256,
        0.07866255442301433,
        0.06126983960469564,
        0.06137214766608344
    ],
    "decode_percentiles": {
        "10": 0.06117742856343587,
        "25": 0.06134657065073649,
        "50": 0.06274592876434326,
        "75": 0.0788110958205329,
        "90": 0.08137032455868191
    }
}