{
    "avg_prefill_latency": 0.21795334418614706,
    "prefill_latencies": [
        0.21925640106201172,
        0.21855902671813965,
        0.21809673309326172,
        0.21774077415466309,
        0.21764826774597168,
        0.2182610034942627,
        0.21772170066833496,
        0.2177870273590088,
        0.2178478240966797,
        0.21762466430664062,
        0.21781659126281738,
        0.21708011627197266
    ],
    "prefill_percentiles": {
        "10": 0.21762702465057374,
        "25": 0.21770334243774414,
        "50": 0.21780180931091309,
        "75": 0.21813780069351196,
        "90": 0.21852922439575195
    },
    "avg_decode_latency": 0.05219200363865605,
    "decode_latencies": [
        0.05586356586880154,
        0.047738234202067055,
        0.06631925370958117,
        0.048045714696248375,
        0.04907809363471137,
        0.05026637183295356,
        0.04634361796908908,
        0.05040815141465929,
        0.048115518358018666,
        0.04611139827304416,
        0.06900257534450954,
        0.049011548360188804
    ],
    "decode_percentiles": {
        "10": 0.04648307959238688,
        "25": 0.04796884457270305,
        "50": 0.049044820997450084,
        "75": 0.05177200502819485,
        "90": 0.06527368492550321
    }
}