{
    "avg_prefill_latency": 0.34878488381703693,
    "prefill_latencies": [
        0.34776902198791504,
        0.34928131103515625,
        0.3487968444824219,
        0.3495197296142578,
        0.3482706546783447,
        0.34867119789123535,
        0.34998583793640137,
        0.34752774238586426,
        0.3479583263397217,
        0.34900736808776855,
        0.3483250141143799,
        0.35030555725097656
    ],
    "prefill_percentiles": {
        "10": 0.3477879524230957,
        "25": 0.34819257259368896,
        "50": 0.3487340211868286,
        "75": 0.34934091567993164,
        "90": 0.349939227104187
    },
    "avg_decode_latency": 0.061631416832959224,
    "decode_latencies": [
        0.05648530854119195,
        0.05536937713623047,
        0.0747793780432807,
        0.05812745624118381,
        0.054658836788601346,
        0.0752353933122423,
        0.05514886644151476,
        0.05968284606933594,
        0.05649937523735894,
        0.07491146193610297,
        0.05835170216030545,
        0.06032700008816189
    ],
    "decode_percentiles": {
        "10": 0.05517091751098633,
        "25": 0.05620632568995158,
        "50": 0.05823957920074463,
        "75": 0.0639400945769416,
        "90": 0.07489825354682074
    }
}