{
    "avg_prefill_latency": 0.046960910161336265,
    "prefill_latencies": [
        0.04672408103942871,
        0.04724740982055664,
        0.04717206954956055,
        0.04713249206542969,
        0.04694986343383789,
        0.046982526779174805,
        0.04706382751464844,
        0.0468137264251709,
        0.046916961669921875,
        0.046875,
        0.04679560661315918,
        0.046857357025146484
    ],
    "prefill_percentiles": {
        "10": 0.04679741859436035,
        "25": 0.04684644937515259,
        "50": 0.04693341255187988,
        "75": 0.04708099365234375,
        "90": 0.04716811180114746
    },
    "avg_decode_latency": 0.03199769170195969,
    "decode_latencies": [
        0.03232169151306152,
        0.03276128239101834,
        0.032399654388427734,
        0.03222542338901096,
        0.032307571834988065,
        0.03221027056376139,
        0.03180940945943197,
        0.03160338931613498,
        0.031704478793674044,
        0.03154717551337348,
        0.03153000937567817,
        0.03155194388495551
    ],
    "decode_percentiles": {
        "10": 0.03154765235053168,
        "25": 0.031590527958340116,
        "50": 0.03200984001159668,
        "75": 0.03231110175450643,
        "90": 0.03239185810089111
    }
}