{
    "avg_prefill_latency": 0.2988732655843099,
    "prefill_latencies": [
        0.2981109619140625,
        0.29874110221862793,
        0.29845738410949707,
        0.29795408248901367,
        0.29898786544799805,
        0.298198938369751,
        0.29921507835388184,
        0.2996385097503662,
        0.29805922508239746,
        0.2991020679473877,
        0.2992112636566162,
        0.30080270767211914
    ],
    "prefill_percentiles": {
        "10": 0.29806439876556395,
        "25": 0.29817694425582886,
        "50": 0.298864483833313,
        "75": 0.2992122173309326,
        "90": 0.29959616661071775
    },
    "avg_decode_latency": 0.0460697059278135,
    "decode_latencies": [
        0.04436175028483073,
        0.04393633206685384,
        0.044328239228990346,
        0.04413302739461263,
        0.044314569897121854,
        0.06411547131008571,
        0.04520948727925619,
        0.04436659812927246,
        0.04405938254462348,
        0.044192896948920354,
        0.04498428768581814,
        0.04483442836337619
    ],
    "decode_percentiles": {
        "10": 0.0440667470296224,
        "25": 0.04417792956034342,
        "50": 0.04434499475691053,
        "75": 0.044871893193986684,
        "90": 0.04518696731991238
    }
}