{
    "avg_prefill_latency": 0.1630577246348063,
    "prefill_latencies": [
        0.16373944282531738,
        0.16292738914489746,
        0.16272425651550293,
        0.1627788543701172,
        0.16310334205627441,
        0.16393613815307617,
        0.16331911087036133,
        0.1628267765045166,
        0.16228294372558594,
        0.16263175010681152,
        0.16313600540161133,
        0.16328668594360352
    ],
    "prefill_percentiles": {
        "10": 0.16264100074768068,
        "25": 0.16276520490646362,
        "50": 0.16301536560058594,
        "75": 0.16329479217529297,
        "90": 0.16369740962982177
    },
    "avg_decode_latency": 0.04731243186526828,
    "decode_latencies": [
        0.05025596088833279,
        0.04563834932115343,
        0.04664368099636502,
        0.04330232408311632,
        0.04454625977410211,
        0.04439547326829699,
        0.04457354545593262,
        0.04317047860887316,
        0.06266522407531738,
        0.044388903511895075,
        0.04962052239312066,
        0.04854846000671387
    ],
    "decode_percentiles": {
        "10": 0.0434109820259942,
        "25": 0.04439383082919651,
        "50": 0.045105947388543025,
        "75": 0.04881647560331556,
        "90": 0.05019241703881158
    }
}