{
    "avg_prefill_latency": 0.22104660669962564,
    "prefill_latencies": [
        0.20668721199035645,
        0.20604658126831055,
        0.20661473274230957,
        0.20610475540161133,
        0.38141369819641113,
        0.20765018463134766,
        0.20718693733215332,
        0.20636940002441406,
        0.20680475234985352,
        0.20661234855651855,
        0.20514941215515137,
        0.2059192657470703
    ],
    "prefill_percentiles": {
        "10": 0.20593199729919434,
        "25": 0.20609021186828613,
        "50": 0.20661354064941406,
        "75": 0.20690029859542847,
        "90": 0.2076038599014282
    },
    "avg_decode_latency": 0.05097215484689784,
    "decode_latencies": [
        0.05125366316901313,
        0.05190457238091363,
        0.05167892244127062,
        0.05347487661573622,
        0.05167751842074924,
        0.05382310019599067,
        0.05183990796407064,
        0.05643272399902344,
        0.05190126101175944,
        0.04609473546346029,
        0.045752233929104276,
        0.0458323425716824
    ],
    "decode_percentiles": {
        "10": 0.04585858186086019,
        "25": 0.049963931242624916,
        "50": 0.05175941520267063,
        "75": 0.05229714843961927,
        "90": 0.05378827783796522
    }
}