{
    "avg_prefill_latency": 0.25863416989644367,
    "prefill_latencies": [
        0.25884056091308594,
        0.2588045597076416,
        0.2586367130279541,
        0.25797438621520996,
        0.25824618339538574,
        0.25872039794921875,
        0.2585623264312744,
        0.2583804130554199,
        0.2588615417480469,
        0.2587265968322754,
        0.25931763648986816,
        0.25853872299194336
    ],
    "prefill_percentiles": {
        "10": 0.25825960636138917,
        "25": 0.2584991455078125,
        "50": 0.2586785554885864,
        "75": 0.2588135600090027,
        "90": 0.25885944366455077
    },
    "avg_decode_latency": 0.05283999443054199,
    "decode_latencies": [
        0.06923831833733453,
        0.04925269550747342,
        0.049116293589274086,
        0.0488026671939426,
        0.049311558405558266,
        0.04931937323676215,
        0.06831441985236274,
        0.0495452880859375,
        0.04879403114318848,
        0.049257914225260414,
        0.05350844065348307,
        0.049618932935926646
    ],
    "decode_percentiles": {
        "10": 0.04883402983347575,
        "25": 0.049218595027923584,
        "50": 0.04931546582116021,
        "75": 0.05059130986531575,
        "90": 0.06683382193247478
    }
}