{
    "avg_prefill_latency": 0.05813882748285929,
    "prefill_latencies": [
        0.05781674385070801,
        0.058218955993652344,
        0.05746936798095703,
        0.07483911514282227,
        0.05290818214416504,
        0.05269432067871094,
        0.07454752922058105,
        0.05951237678527832,
        0.05225253105163574,
        0.05203533172607422,
        0.05267477035522461,
        0.05269670486450195
    ],
    "prefill_percentiles": {
        "10": 0.05229475498199463,
        "25": 0.052689433097839355,
        "50": 0.055188775062561035,
        "75": 0.05854231119155884,
        "90": 0.07304401397705079
    },
    "avg_decode_latency": 0.04421735251391375,
    "decode_latencies": [
        0.044546180301242404,
        0.04426492585076226,
        0.044425249099731445,
        0.046267933315700956,
        0.04780981275770399,
        0.04719103707207574,
        0.04867026540968153,
        0.048626687791612416,
        0.03979754447937012,
        0.03950238227844238,
        0.03977216614617242,
        0.0397340456644694
    ],
    "decode_percentiles": {
        "10": 0.0397378577126397,
        "25": 0.03979119989607069,
        "50": 0.04448571470048693,
        "75": 0.0473457309934828,
        "90": 0.048545000288221576
    }
}