{
    "avg_prefill_latency": 0.8967534899711609,
    "prefill_latencies": [
        0.8931007385253906,
        0.8961901664733887,
        0.895216703414917,
        0.8966464996337891,
        0.8999521732330322,
        0.895294189453125,
        0.9014773368835449,
        0.8953406810760498,
        0.8939614295959473,
        0.8999025821685791,
        0.8963582515716553,
        0.8976011276245117
    ],
    "prefill_percentiles": {
        "10": 0.8940869569778442,
        "25": 0.895274817943573,
        "50": 0.896274209022522,
        "75": 0.8981764912605286,
        "90": 0.899947214126587
    },
    "avg_decode_latency": 0.037121070755852595,
    "decode_latencies": [
        0.03324410650465223,
        0.03444041146172418,
        0.03436308436923557,
        0.049889326095581055,
        0.03415605756971571,
        0.03469819492763943,
        0.03324299388461643,
        0.033684492111206055,
        0.0396777523888482,
        0.03689501020643446,
        0.0340219603644477,
        0.0471394591861301
    ],
    "decode_percentiles": {
        "10": 0.03328814506530761,
        "25": 0.033937593301137284,
        "50": 0.03440174791547987,
        "75": 0.0375906957520379,
        "90": 0.04639328850640191
    }
}