{
    "avg_prefill_latency": 0.27084962526957196,
    "prefill_latencies": [
        0.27136969566345215,
        0.2708010673522949,
        0.27111220359802246,
        0.2708933353424072,
        0.2704033851623535,
        0.2707178592681885,
        0.2715890407562256,
        0.2719283103942871,
        0.2717704772949219,
        0.2703547477722168,
        0.27161288261413574,
        0.2676424980163574
    ],
    "prefill_percentiles": {
        "10": 0.27035961151123045,
        "25": 0.27063924074172974,
        "50": 0.27100276947021484,
        "75": 0.2715950012207031,
        "90": 0.27175471782684324
    },
    "avg_decode_latency": 0.040956594325878,
    "decode_latencies": [
        0.03964683744642469,
        0.04427337646484375,
        0.03989243507385254,
        0.03960442543029785,
        0.042895767423841685,
        0.039854500028822154,
        0.046799421310424805,
        0.0400749577416314,
        0.03960302140977648,
        0.03927988476223416,
        0.04019215371873644,
        0.03936235109965006
    ],
    "decode_percentiles": {
        "10": 0.0393864181306627,
        "25": 0.03960407442516751,
        "50": 0.03987346755133735,
        "75": 0.04086805714501275,
        "90": 0.044135615560743545
    }
}