{
    "avg_prefill_latency": 0.45440012216567993,
    "prefill_latencies": [
        0.45424675941467285,
        0.4544856548309326,
        0.4546022415161133,
        0.4529733657836914,
        0.4542250633239746,
        0.4550778865814209,
        0.45394229888916016,
        0.4536275863647461,
        0.45508313179016113,
        0.455735445022583,
        0.4550011157989502,
        0.45380091667175293
    ],
    "prefill_percentiles": {
        "10": 0.45364491939544677,
        "25": 0.45390695333480835,
        "50": 0.45436620712280273,
        "75": 0.45502030849456787,
        "90": 0.4550826072692871
    },
    "avg_decode_latency": 0.03350380173435918,
    "decode_latencies": [
        0.034843630260891385,
        0.0324395497639974,
        0.03627660539415148,
        0.03309488296508789,
        0.03426512082417806,
        0.038363642162746854,
        0.032467948065863714,
        0.032211701075236,
        0.03251692983839247,
        0.0318397945827908,
        0.031747526592678495,
        0.03197828928629557
    ],
    "decode_percentiles": {
        "10": 0.031853644053141277,
        "25": 0.03215334812800089,
        "50": 0.03249243895212809,
        "75": 0.03440974818335639,
        "90": 0.03613330788082547
    }
}