{
    "avg_prefill_latency": 0.5101156036059061,
    "prefill_latencies": [
        0.508446455001831,
        0.5128879547119141,
        0.5085442066192627,
        0.5095441341400146,
        0.5091705322265625,
        0.5099537372589111,
        0.5095832347869873,
        0.5095303058624268,
        0.5102441310882568,
        0.5104753971099854,
        0.5114040374755859,
        0.5116031169891357
    ],
    "prefill_percentiles": {
        "10": 0.5086068391799927,
        "25": 0.5094403624534607,
        "50": 0.5097684860229492,
        "75": 0.5107075572013855,
        "90": 0.5115832090377808
    },
    "avg_decode_latency": 0.04378535129405834,
    "decode_latencies": [
        0.0437219672732883,
        0.04077484872606066,
        0.0415956974029541,
        0.04200331370035807,
        0.04758016268412272,
        0.04179353184170193,
        0.040584166844685875,
        0.04209982024298774,
        0.04311296674940321,
        0.04654913478427463,
        0.04662436909145779,
        0.04898423618740506
    ],
    "decode_percentiles": {
        "10": 0.040856933593750006,
        "25": 0.041744073232014976,
        "50": 0.04260639349619547,
        "75": 0.046567943361070424,
        "90": 0.04748458332485623
    }
}