{
    "avg_prefill_latency": 0.08303954203923543,
    "prefill_latencies": [
        0.08344101905822754,
        0.08323836326599121,
        0.0777127742767334,
        0.08363127708435059,
        0.08310294151306152,
        0.08327150344848633,
        0.08306097984313965,
        0.08337903022766113,
        0.08323812484741211,
        0.08349919319152832,
        0.08466982841491699,
        0.0842294692993164
    ],
    "prefill_percentiles": {
        "10": 0.08306517601013183,
        "25": 0.08320432901382446,
        "50": 0.08332526683807373,
        "75": 0.08353221416473389,
        "90": 0.08416965007781982
    },
    "avg_decode_latency": 0.041846350387290676,
    "decode_latencies": [
        0.04037292798360189,
        0.04079826672871908,
        0.0399466355641683,
        0.03961046536763509,
        0.03994451628790961,
        0.04235739178127713,
        0.042281256781684026,
        0.04165334171719021,
        0.044477356804741755,
        0.04592503441704644,
        0.04330703947279188,
        0.041481971740722656
    ],
    "decode_percentiles": {
        "10": 0.039944728215535484,
        "25": 0.04026635487874349,
        "50": 0.04156765672895643,
        "75": 0.04259480370415582,
        "90": 0.04436032507154677
    }
}