{
    "avg_prefill_latency": 0.13775022824605307,
    "prefill_latencies": [
        0.13716959953308105,
        0.13756799697875977,
        0.13772821426391602,
        0.13794422149658203,
        0.1380140781402588,
        0.13759589195251465,
        0.13786697387695312,
        0.13781332969665527,
        0.13756275177001953,
        0.13847780227661133,
        0.13761043548583984,
        0.1376514434814453
    ],
    "prefill_percentiles": {
        "10": 0.13756327629089354,
        "25": 0.13758891820907593,
        "50": 0.13768982887268066,
        "75": 0.13788628578186035,
        "90": 0.1380070924758911
    },
    "avg_decode_latency": 0.04073819407710323,
    "decode_latencies": [
        0.04037271605597602,
        0.04026166598002116,
        0.04435549841986762,
        0.04044569863213433,
        0.04029509756300184,
        0.040287415186564125,
        0.040302117665608726,
        0.04015959633721246,
        0.03993407885233561,
        0.04076372252570258,
        0.041352775361802846,
        0.04032794634501139
    ],
    "decode_percentiles": {
        "10": 0.04016980330149333,
        "25": 0.04028097788492838,
        "50": 0.04031503200531006,
        "75": 0.040525204605526395,
        "90": 0.04129387007819282
    }
}