{
    "avg_prefill_latency": 0.08095510800679524,
    "prefill_latencies": [
        0.08095359802246094,
        0.0811765193939209,
        0.08113741874694824,
        0.08153080940246582,
        0.08056235313415527,
        0.08094978332519531,
        0.0805668830871582,
        0.08131670951843262,
        0.08085036277770996,
        0.08059978485107422,
        0.08092975616455078,
        0.0808873176574707
    ],
    "prefill_percentiles": {
        "10": 0.0805701732635498,
        "25": 0.08078771829605103,
        "50": 0.08093976974487305,
        "75": 0.0811471939086914,
        "90": 0.08130269050598145
    },
    "avg_decode_latency": 0.04324560253708451,
    "decode_latencies": [
        0.04053001933627658,
        0.04012831052144369,
        0.04469166861640082,
        0.04487238989935981,
        0.039838314056396484,
        0.03925842709011502,
        0.043746603859795466,
        0.04464308420817057,
        0.04684943623012967,
        0.044736756218804255,
        0.044851329591539174,
        0.044800890816582575
    ],
    "decode_percentiles": {
        "10": 0.039867313702901204,
        "25": 0.04042959213256836,
        "50": 0.0446673764122857,
        "75": 0.04481350051032172,
        "90": 0.04487028386857774
    }
}