{
    "avg_prefill_latency": 0.33015020688374835,
    "prefill_latencies": [
        0.3293747901916504,
        0.33065080642700195,
        0.32971644401550293,
        0.3316233158111572,
        0.3300185203552246,
        0.33098721504211426,
        0.3303499221801758,
        0.3297443389892578,
        0.3300940990447998,
        0.3298773765563965,
        0.3304319381713867,
        0.3289337158203125
    ],
    "prefill_percentiles": {
        "10": 0.32940895557403566,
        "25": 0.3297373652458191,
        "50": 0.3300563097000122,
        "75": 0.3304866552352905,
        "90": 0.330953574180603
    },
    "avg_decode_latency": 0.033608725777378785,
    "decode_latencies": [
        0.0338796509636773,
        0.03384023242526584,
        0.03369466463724772,
        0.03351071145799425,
        0.0335230827331543,
        0.03452761967976888,
        0.03354255358378092,
        0.033011833826700844,
        0.03357553482055664,
        0.033734665976630315,
        0.03335126241048177,
        0.03311289681328668
    ],
    "decode_percentiles": {
        "10": 0.03313673337300619,
        "25": 0.033470849196116134,
        "50": 0.03355904420216878,
        "75": 0.033761057588789195,
        "90": 0.03387570910983616
    }
}