{
    "avg_prefill_latency": 0.257035772005717,
    "prefill_latencies": [
        0.25676894187927246,
        0.2567331790924072,
        0.257082462310791,
        0.25679516792297363,
        0.2566978931427002,
        0.2571980953216553,
        0.25749897956848145,
        0.2571384906768799,
        0.25713086128234863,
        0.2572615146636963,
        0.25751781463623047,
        0.256605863571167
    ],
    "prefill_percentiles": {
        "10": 0.2567014217376709,
        "25": 0.25676000118255615,
        "50": 0.2571066617965698,
        "75": 0.2572139501571655,
        "90": 0.2574752330780029
    },
    "avg_decode_latency": 0.032950666215684675,
    "decode_latencies": [
        0.03290406862894694,
        0.03351216846042209,
        0.03293508953518338,
        0.03286417325337728,
        0.03332710266113281,
        0.03330442640516493,
        0.03269293573167589,
        0.03256132867601183,
        0.03297246827019586,
        0.03272287050882975,
        0.03300245602925619,
        0.0326089064280192
    ],
    "decode_percentiles": {
        "10": 0.032617309358384874,
        "25": 0.03271538681454129,
        "50": 0.03291957908206516,
        "75": 0.03307794862323337,
        "90": 0.03332483503553602
    }
}