{
    "avg_prefill_latency": 0.06943988800048828,
    "prefill_latencies": [
        0.06917285919189453,
        0.06937313079833984,
        0.0695044994354248,
        0.06947827339172363,
        0.07112884521484375,
        0.06912422180175781,
        0.06928730010986328,
        0.06941413879394531,
        0.06926393508911133,
        0.06913614273071289,
        0.06941533088684082,
        0.06897997856140137
    ],
    "prefill_percentiles": {
        "10": 0.06912541389465332,
        "25": 0.06916368007659912,
        "50": 0.06933021545410156,
        "75": 0.06943106651306152,
        "90": 0.06950187683105469
    },
    "avg_decode_latency": 0.012860839013700132,
    "decode_latencies": [
        0.013254192140367296,
        0.013239463170369467,
        0.012991189956665039,
        0.01295704311794705,
        0.012833224402533637,
        0.012695391972859701,
        0.012756400638156466,
        0.012760983573065864,
        0.012695948282877604,
        0.012696345647176107,
        0.012726598315768771,
        0.012723286946614584
    ],
    "decode_percentiles": {
        "10": 0.012695988019307453,
        "25": 0.012716551621754965,
        "50": 0.012758692105611164,
        "75": 0.012965579827626547,
        "90": 0.013214635848999024
    }
}