{
    "avg_prefill_latency": 0.015923182169596355,
    "prefill_latencies": [
        0.01575160026550293,
        0.017014265060424805,
        0.015954971313476562,
        0.01572251319885254,
        0.015702486038208008,
        0.015718698501586914,
        0.01580047607421875,
        0.01576519012451172,
        0.01573944091796875,
        0.01572561264038086,
        0.01573944091796875,
        0.016443490982055664
    ],
    "prefill_percentiles": {
        "10": 0.015719079971313478,
        "25": 0.01572483777999878,
        "50": 0.01574552059173584,
        "75": 0.015839099884033203,
        "90": 0.016394639015197755
    },
    "avg_decode_latency": 0.012407746579911975,
    "decode_latencies": [
        0.012539068857828775,
        0.012730863359239366,
        0.012442509333292643,
        0.012229442596435547,
        0.012467516793145074,
        0.012327485614352755,
        0.012407991621229384,
        0.012633959452311197,
        0.012237681282891167,
        0.012266582912868924,
        0.01225431760152181,
        0.01235553953382704
    ],
    "decode_percentiles": {
        "10": 0.012239344914754232,
        "25": 0.012263516585032146,
        "50": 0.012381765577528212,
        "75": 0.012485404809315998,
        "90": 0.012624470392862954
    }
}