{
    "avg_prefill_latency": 0.105582594871521,
    "prefill_latencies": [
        0.09775519371032715,
        0.09746742248535156,
        0.19248604774475098,
        0.09778952598571777,
        0.0973358154296875,
        0.09735226631164551,
        0.09791898727416992,
        0.09823727607727051,
        0.09747624397277832,
        0.09772372245788574,
        0.09801316261291504,
        0.09743547439575195
    ],
    "prefill_percentiles": {
        "10": 0.09736058712005616,
        "25": 0.09745943546295166,
        "50": 0.09773945808410645,
        "75": 0.0979425311088562,
        "90": 0.09821486473083496
    },
    "avg_decode_latency": 0.02492072405638518,
    "decode_latencies": [
        0.024892330169677734,
        0.024903880225287542,
        0.024889071782430012,
        0.024664587444729276,
        0.02467791239420573,
        0.02471560902065701,
        0.025528669357299805,
        0.025548670026991103,
        0.024783929189046223,
        0.02478946579827203,
        0.024815373950534396,
        0.02483918931749132
    ],
    "decode_percentiles": {
        "10": 0.024681682056850857,
        "25": 0.02476684914694892,
        "50": 0.024827281634012856,
        "75": 0.024895217683580186,
        "90": 0.025466190444098577
    }
}