{
    "avg_prefill_latency": 0.16452536980311075,
    "prefill_latencies": [
        0.16418719291687012,
        0.16383743286132812,
        0.16534996032714844,
        0.1667022705078125,
        0.16421818733215332,
        0.16489434242248535,
        0.1640007495880127,
        0.16446709632873535,
        0.16382145881652832,
        0.16473007202148438,
        0.16417431831359863,
        0.16392135620117188
    ],
    "prefill_percentiles": {
        "10": 0.1638458251953125,
        "25": 0.1639809012413025,
        "50": 0.16420269012451172,
        "75": 0.16477113962173462,
        "90": 0.16530439853668213
    },
    "avg_decode_latency": 0.04307676023907131,
    "decode_latencies": [
        0.03908946779039171,
        0.053109831280178495,
        0.04048572646247016,
        0.04084353976779514,
        0.04931394259134928,
        0.03994075457255045,
        0.038268327713012695,
        0.04914013544718424,
        0.038795418209499784,
        0.03940611415439182,
        0.049434502919514976,
        0.039093361960517034
    ],
    "decode_percentiles": {
        "10": 0.03882482316758898,
        "25": 0.03909238841798571,
        "50": 0.04021324051751031,
        "75": 0.0491835872332255,
        "90": 0.049422446886698404
    }
}