{
    "avg_prefill_latency": 0.15626327196756998,
    "prefill_latencies": [
        0.1504061222076416,
        0.14969372749328613,
        0.14962291717529297,
        0.15001749992370605,
        0.1504058837890625,
        0.14978718757629395,
        0.15222930908203125,
        0.1495048999786377,
        0.22071456909179688,
        0.15060877799987793,
        0.1502687931060791,
        0.1518995761871338
    ],
    "prefill_percentiles": {
        "10": 0.14962999820709227,
        "25": 0.149763822555542,
        "50": 0.1503373384475708,
        "75": 0.1509314775466919,
        "90": 0.1521963357925415
    },
    "avg_decode_latency": 0.03741327480033592,
    "decode_latencies": [
        0.03639846377902561,
        0.03662082884046766,
        0.03726869159274631,
        0.04774920145670573,
        0.03737203280131022,
        0.03681227895948622,
        0.036824941635131836,
        0.03583722644382053,
        0.03558900621202257,
        0.0355279975467258,
        0.0366211732228597,
        0.03633745511372884
    ],
    "decode_percentiles": {
        "10": 0.03561382823520237,
        "25": 0.036212397946251765,
        "50": 0.036621001031663686,
        "75": 0.036935879124535456,
        "90": 0.03736169868045383
    }
}