{
    "avg_prefill_latency": 0.2395971417427063,
    "prefill_latencies": [
        0.2380070686340332,
        0.23916244506835938,
        0.23961853981018066,
        0.23992586135864258,
        0.23875832557678223,
        0.23908209800720215,
        0.24106550216674805,
        0.2402634620666504,
        0.23953604698181152,
        0.24051237106323242,
        0.24106621742248535,
        0.23816776275634766
    ],
    "prefill_percentiles": {
        "10": 0.2382268190383911,
        "25": 0.23900115489959717,
        "50": 0.2395772933959961,
        "75": 0.2403256893157959,
        "90": 0.24101018905639648
    },
    "avg_decode_latency": 0.03066464044429638,
    "decode_latencies": [
        0.029122193654378254,
        0.029071728388468426,
        0.028731664021809895,
        0.028875086042616103,
        0.028743055131700303,
        0.03780224588182238,
        0.02915501594543457,
        0.029676702287462022,
        0.029428031709459092,
        0.029052919811672635,
        0.03913659519619412,
        0.029180447260538738
    ],
    "decode_percentiles": {
        "10": 0.028756258222791882,
        "25": 0.029008461369408503,
        "50": 0.02913860479990641,
        "75": 0.029490199353959825,
        "90": 0.03698969152238635
    }
}