{
    "avg_prefill_latency": 0.015665451685587566,
    "prefill_latencies": [
        0.01573967933654785,
        0.015703201293945312,
        0.01567244529724121,
        0.015638113021850586,
        0.01569223403930664,
        0.015636920928955078,
        0.015603065490722656,
        0.015648365020751953,
        0.01566791534423828,
        0.015718698501586914,
        0.015651226043701172,
        0.015613555908203125
    ],
    "prefill_percentiles": {
        "10": 0.015615892410278321,
        "25": 0.01563781499862671,
        "50": 0.015659570693969727,
        "75": 0.01569497585296631,
        "90": 0.015717148780822754
    },
    "avg_decode_latency": 0.01220928077344541,
    "decode_latencies": [
        0.012239985995822482,
        0.012245522605048286,
        0.012216726938883463,
        0.012171109517415365,
        0.012296305762396919,
        0.01217794418334961,
        0.01218210326300727,
        0.012237177954779731,
        0.01218875249226888,
        0.012205574247572158,
        0.012190898259480795,
        0.012159268061319986
    ],
    "decode_percentiles": {
        "10": 0.01217179298400879,
        "25": 0.012181063493092855,
        "50": 0.012198236253526475,
        "75": 0.01223787996504042,
        "90": 0.012244968944125705
    }
}