{
    "avg_prefill_latency": 0.036781768004099526,
    "prefill_latencies": [
        0.036728620529174805,
        0.036437273025512695,
        0.037120819091796875,
        0.037810564041137695,
        0.03673982620239258,
        0.03674721717834473,
        0.03653979301452637,
        0.036902427673339844,
        0.03625822067260742,
        0.03660988807678223,
        0.036602020263671875,
        0.03688454627990723
    ],
    "prefill_percentiles": {
        "10": 0.03644752502441406,
        "25": 0.0365864634513855,
        "50": 0.03673422336578369,
        "75": 0.03688901662826538,
        "90": 0.03709897994995117
    },
    "avg_decode_latency": 0.012861194433989349,
    "decode_latencies": [
        0.012778308656480577,
        0.012971692615085177,
        0.012732240888807509,
        0.012766069836086698,
        0.012887424892849393,
        0.012933174769083658,
        0.012832350201076932,
        0.012676848305596245,
        0.013159884346856011,
        0.012684265772501627,
        0.01286270883348253,
        0.01304936408996582
    ],
    "decode_percentiles": {
        "10": 0.012689063284132215,
        "25": 0.012757612599266901,
        "50": 0.012847529517279731,
        "75": 0.012942804230584038,
        "90": 0.013041596942477756
    }
}