{
    "avg_prefill_latency": 0.25289756059646606,
    "prefill_latencies": [
        0.25162649154663086,
        0.25260138511657715,
        0.2525441646575928,
        0.25220608711242676,
        0.2537078857421875,
        0.25186634063720703,
        0.2538750171661377,
        0.25369977951049805,
        0.2539494037628174,
        0.2526726722717285,
        0.2527902126312256,
        0.2532312870025635
    ],
    "prefill_percentiles": {
        "10": 0.251900315284729,
        "25": 0.25245964527130127,
        "50": 0.25273144245147705,
        "75": 0.2537018060684204,
        "90": 0.25385830402374265
    },
    "avg_decode_latency": 0.03925236860911051,
    "decode_latencies": [
        0.03819260597229004,
        0.04731836318969727,
        0.038403892517089845,
        0.038243675231933595,
        0.03854327201843262,
        0.03841729164123535,
        0.038445234298706055,
        0.03879990577697754,
        0.038557696342468264,
        0.038649487495422366,
        0.038815975189208984,
        0.03864102363586426
    ],
    "decode_percentiles": {
        "10": 0.03825969696044922,
        "25": 0.038413941860198975,
        "50": 0.03855048418045044,
        "75": 0.03868709206581116,
        "90": 0.03881436824798584
    }
}