{
    "avg_prefill_latency": 0.2528225779533386,
    "prefill_latencies": [
        0.2518608570098877,
        0.2521495819091797,
        0.25310182571411133,
        0.2531611919403076,
        0.25361180305480957,
        0.252532958984375,
        0.25254178047180176,
        0.25345802307128906,
        0.25298571586608887,
        0.25296974182128906,
        0.2522439956665039,
        0.2532534599304199
    ],
    "prefill_percentiles": {
        "10": 0.25215902328491213,
        "25": 0.2524607181549072,
        "50": 0.25297772884368896,
        "75": 0.2531842589378357,
        "90": 0.25343756675720214
    },
    "avg_decode_latency": 0.023515236377716065,
    "decode_latencies": [
        0.022350382804870606,
        0.023671555519104003,
        0.02429044246673584,
        0.02334434986114502,
        0.02241997718811035,
        0.02269444465637207,
        0.022397232055664063,
        0.03144075870513916,
        0.022342848777770995,
        0.02237513065338135,
        0.02232394218444824,
        0.022531771659851076
    ],
    "decode_percentiles": {
        "10": 0.022343602180480957,
        "25": 0.022368943691253664,
        "50": 0.02247587442398071,
        "75": 0.023426151275634764,
        "90": 0.024228553771972656
    }
}