{
    "avg_prefill_latency": 0.23541043202082315,
    "prefill_latencies": [
        0.23428702354431152,
        0.23513436317443848,
        0.23569393157958984,
        0.23578286170959473,
        0.23610520362854004,
        0.23561882972717285,
        0.23518943786621094,
        0.23642992973327637,
        0.23614954948425293,
        0.23572707176208496,
        0.23462152481079102,
        0.23418545722961426
    ],
    "prefill_percentiles": {
        "10": 0.23432047367095948,
        "25": 0.2350061535835266,
        "50": 0.23565638065338135,
        "75": 0.23586344718933105,
        "90": 0.23614511489868165
    },
    "avg_decode_latency": 0.02046720849143134,
    "decode_latencies": [
        0.019590669208102755,
        0.01948645379808214,
        0.019308752483791776,
        0.01964108149210612,
        0.01941114001803928,
        0.019579940372043185,
        0.01930350727505154,
        0.030487643347846136,
        0.019656525717841253,
        0.01960057682461209,
        0.019682010014851887,
        0.01985820134480794
    ],
    "decode_percentiles": {
        "10": 0.019318991237216525,
        "25": 0.019467625353071425,
        "50": 0.019595623016357422,
        "75": 0.01966289679209391,
        "90": 0.019840582211812337
    }
}