{
    "avg_prefill_latency": 0.047580997149149575,
    "prefill_latencies": [
        0.04746508598327637,
        0.0472257137298584,
        0.047980308532714844,
        0.04782509803771973,
        0.04720902442932129,
        0.04735898971557617,
        0.04732656478881836,
        0.04769420623779297,
        0.04760575294494629,
        0.04796338081359863,
        0.04816150665283203,
        0.047156333923339844
    ],
    "prefill_percentiles": {
        "10": 0.047210693359375,
        "25": 0.04730135202407837,
        "50": 0.04753541946411133,
        "75": 0.04785966873168945,
        "90": 0.04797861576080322
    },
    "avg_decode_latency": 0.00882919187898989,
    "decode_latencies": [
        0.00862929556104872,
        0.008713351355658637,
        0.008875290552775065,
        0.008878866831461588,
        0.009178638458251953,
        0.00892080201043023,
        0.008999321195814345,
        0.008923318650987413,
        0.008630620108710395,
        0.008640289306640625,
        0.008904271655612521,
        0.008656236860487197
    ],
    "decode_percentiles": {
        "10": 0.008631587028503418,
        "25": 0.008652249972025555,
        "50": 0.008877078692118326,
        "75": 0.008921431170569526,
        "90": 0.008991720941331651
    }
}