{
    "avg_prefill_latency": 0.09611729780832927,
    "prefill_latencies": [
        0.09695839881896973,
        0.0948495864868164,
        0.09912538528442383,
        0.09647202491760254,
        0.0975809097290039,
        0.09839677810668945,
        0.09538888931274414,
        0.0960226058959961,
        0.09684181213378906,
        0.09372901916503906,
        0.09396576881408691,
        0.09407639503479004
    ],
    "prefill_percentiles": {
        "10": 0.09397683143615723,
        "25": 0.09465628862380981,
        "50": 0.09624731540679932,
        "75": 0.09711402654647827,
        "90": 0.0983151912689209
    },
    "avg_decode_latency": 0.020877981185913084,
    "decode_latencies": [
        0.023981475830078126,
        0.0260373592376709,
        0.024800968170166016,
        0.02064249515533447,
        0.020266962051391602,
        0.019878911972045898,
        0.018898892402648925,
        0.019676613807678222,
        0.019256591796875,
        0.018969511985778807,
        0.0192457914352417,
        0.018880200386047364
    ],
    "decode_percentiles": {
        "10": 0.018905954360961912,
        "25": 0.019176721572875977,
        "50": 0.01977776288986206,
        "75": 0.021477240324020385,
        "90": 0.024719018936157227
    }
}