{
    "avg_prefill_latency": 0.012192308902740479,
    "prefill_latencies": [
        0.011427879333496094,
        0.010886907577514648,
        0.011404037475585938,
        0.010572433471679688,
        0.010690927505493164,
        0.0111236572265625,
        0.011656999588012695,
        0.023009300231933594,
        0.011050701141357422,
        0.011257410049438477,
        0.01117396354675293,
        0.012053489685058594
    ],
    "prefill_percentiles": {
        "10": 0.010710525512695312,
        "25": 0.011009752750396729,
        "50": 0.011215686798095703,
        "75": 0.011485159397125244,
        "90": 0.012013840675354003
    },
    "avg_decode_latency": 0.01146365757341738,
    "decode_latencies": [
        0.010473171869913736,
        0.010690132776896158,
        0.010589679082234701,
        0.010499874750773111,
        0.011676708857218424,
        0.012668768564860025,
        0.011835760540432401,
        0.012903557883368598,
        0.01228144433763292,
        0.010400136311848959,
        0.010974592632717557,
        0.012570063273111979
    ],
    "decode_percentiles": {
        "10": 0.010475842157999673,
        "25": 0.010567227999369305,
        "50": 0.01132565074496799,
        "75": 0.012353599071502686,
        "90": 0.01265889803568522
    }
}