{
    "avg_prefill_latency": 0.08213200171788533,
    "prefill_latencies": [
        0.0828092098236084,
        0.08126330375671387,
        0.08284854888916016,
        0.08259892463684082,
        0.08344578742980957,
        0.08249926567077637,
        0.08231973648071289,
        0.0835881233215332,
        0.0819556713104248,
        0.08022618293762207,
        0.08172273635864258,
        0.0803065299987793
    ],
    "prefill_percentiles": {
        "10": 0.08040220737457275,
        "25": 0.0816078782081604,
        "50": 0.08240950107574463,
        "75": 0.08281904458999634,
        "90": 0.08338606357574463
    },
    "avg_decode_latency": 0.03645966671131275,
    "decode_latencies": [
        0.03300189971923828,
        0.03214534123738607,
        0.046183771557278104,
        0.03223729133605957,
        0.047213448418511286,
        0.033067014482286244,
        0.04274106025695801,
        0.029621786541408963,
        0.02969601419236925,
        0.04178606139289008,
        0.029792282316419814,
        0.04003002908494738
    ],
    "decode_percentiles": {
        "10": 0.029705641004774304,
        "25": 0.0315570765071445,
        "50": 0.03303445710076226,
        "75": 0.04202481110890706,
        "90": 0.0458395004272461
    }
}