{
    "avg_prefill_latency": 0.025036136309305828,
    "prefill_latencies": [
        0.024710655212402344,
        0.024765491485595703,
        0.02473592758178711,
        0.025317907333374023,
        0.02493762969970703,
        0.025114774703979492,
        0.025211095809936523,
        0.025319814682006836,
        0.024982690811157227,
        0.024997711181640625,
        0.025307416915893555,
        0.025032520294189453
    ],
    "prefill_percentiles": {
        "10": 0.024738883972167967,
        "25": 0.0248945951461792,
        "50": 0.02501511573791504,
        "75": 0.02523517608642578,
        "90": 0.025316858291625978
    },
    "avg_decode_latency": 0.011061988495014335,
    "decode_latencies": [
        0.009736061096191406,
        0.010188235176934136,
        0.010876072777642144,
        0.011085404290093316,
        0.01092762417263455,
        0.012153042687310113,
        0.011798434787326388,
        0.011618852615356445,
        0.011087947421603732,
        0.011001242531670464,
        0.011285569932725694,
        0.010985374450683594
    ],
    "decode_percentiles": {
        "10": 0.010257018937004937,
        "25": 0.010914736323886448,
        "50": 0.01104332341088189,
        "75": 0.011368890603383381,
        "90": 0.011780476570129393
    }
}