{
    "avg_prefill_latency": 0.046208123366038,
    "prefill_latencies": [
        0.04610109329223633,
        0.04674077033996582,
        0.04628610610961914,
        0.046001434326171875,
        0.04649066925048828,
        0.04594159126281738,
        0.045688629150390625,
        0.04571700096130371,
        0.04591083526611328,
        0.04672050476074219,
        0.046320199966430664,
        0.04657864570617676
    ],
    "prefill_percentiles": {
        "10": 0.045736384391784665,
        "25": 0.04593390226364136,
        "50": 0.046193599700927734,
        "75": 0.0465126633644104,
        "90": 0.046706318855285645
    },
    "avg_decode_latency": 0.00950794087515937,
    "decode_latencies": [
        0.009074581993950738,
        0.009110450744628906,
        0.009071270624796549,
        0.010128153695000542,
        0.009753068288167318,
        0.010810931523640951,
        0.009034554163614908,
        0.010425143771701388,
        0.00910761621263292,
        0.009117311901516385,
        0.00927673445807563,
        0.009185473124186197
    ],
    "decode_percentiles": {
        "10": 0.009071601761711968,
        "25": 0.009099357657962374,
        "50": 0.00915139251285129,
        "75": 0.009846839639875624,
        "90": 0.010395444764031304
    }
}