{
    "avg_prefill_latency": 0.015385369459788004,
    "prefill_latencies": [
        0.015251398086547852,
        0.015203714370727539,
        0.01533961296081543,
        0.015300989151000977,
        0.015383243560791016,
        0.015357732772827148,
        0.015342950820922852,
        0.01549077033996582,
        0.015345573425292969,
        0.015448570251464844,
        0.015642404556274414,
        0.015517473220825195
    ],
    "prefill_percentiles": {
        "10": 0.015256357192993165,
        "25": 0.015329957008361816,
        "50": 0.015351653099060059,
        "75": 0.015459120273590088,
        "90": 0.015514802932739259
    },
    "avg_decode_latency": 0.009857294736085114,
    "decode_latencies": [
        0.009424289067586264,
        0.009621090359157987,
        0.009529458151923286,
        0.009741412268744575,
        0.009976863861083984,
        0.010261217753092447,
        0.010209454430474175,
        0.009812672932942709,
        0.009917338689168295,
        0.009722709655761719,
        0.01005493270026313,
        0.010016096962822808
    ],
    "decode_percentiles": {
        "10": 0.009538621372646756,
        "25": 0.009697304831610786,
        "50": 0.009865005811055502,
        "75": 0.01002580589718289,
        "90": 0.01019400225745307
    }
}