{
    "avg_prefill_latency": 0.2267067035039266,
    "prefill_latencies": [
        0.22657203674316406,
        0.22634363174438477,
        0.2266387939453125,
        0.22652721405029297,
        0.22596240043640137,
        0.2272942066192627,
        0.2264399528503418,
        0.22669243812561035,
        0.22575688362121582,
        0.22595763206481934,
        0.22861599922180176,
        0.22767925262451172
    ],
    "prefill_percentiles": {
        "10": 0.22595810890197754,
        "25": 0.22624832391738892,
        "50": 0.22654962539672852,
        "75": 0.22684288024902344,
        "90": 0.22764074802398682
    },
    "avg_decode_latency": 0.048252734873029925,
    "decode_latencies": [
        0.05057679282294379,
        0.04328531689114041,
        0.04350667529635959,
        0.05222606658935547,
        0.04309240976969401,
        0.054309686024983726,
        0.04338606198628744,
        0.042730384402804904,
        0.052854802873399526,
        0.04642555448744032,
        0.04692218038770887,
        0.059716886944240995
    ],
    "decode_percentiles": {
        "10": 0.04311170048183865,
        "25": 0.04336087571250068,
        "50": 0.046673867437574595,
        "75": 0.05238325066036648,
        "90": 0.05416419770982531
    }
}