{
    "avg_prefill_latency": 0.16565010945002237,
    "prefill_latencies": [
        0.16529369354248047,
        0.16471505165100098,
        0.167435884475708,
        0.16489529609680176,
        0.16520905494689941,
        0.16547632217407227,
        0.16710233688354492,
        0.16672444343566895,
        0.16716217994689941,
        0.1649644374847412,
        0.16430091857910156,
        0.1645216941833496
    ],
    "prefill_percentiles": {
        "10": 0.16454102993011474,
        "25": 0.16485023498535156,
        "50": 0.16525137424468994,
        "75": 0.16681891679763794,
        "90": 0.16715619564056397
    },
    "avg_decode_latency": 0.02486010834022805,
    "decode_latencies": [
        0.02437583605448405,
        0.02431464195251465,
        0.023790147569444444,
        0.02395478884379069,
        0.023970392015245225,
        0.033935493893093534,
        0.025180339813232422,
        0.02508385976155599,
        0.0243527094523112,
        0.02373994721306695,
        0.02280865775214301,
        0.022814485761854384
    ],
    "decode_percentiles": {
        "10": 0.02290703190697564,
        "25": 0.02377759748035007,
        "50": 0.02414251698387994,
        "75": 0.024552841981252037,
        "90": 0.02517069180806478
    }
}