{
    "avg_prefill_latency": 0.25293360153834027,
    "prefill_latencies": [
        0.25360727310180664,
        0.25339436531066895,
        0.25495171546936035,
        0.2531571388244629,
        0.2524874210357666,
        0.2526419162750244,
        0.25261449813842773,
        0.25230956077575684,
        0.25209760665893555,
        0.2524144649505615,
        0.25286054611206055,
        0.252666711807251
    ],
    "prefill_percentiles": {
        "10": 0.2523200511932373,
        "25": 0.25246918201446533,
        "50": 0.2526543140411377,
        "75": 0.2532164454460144,
        "90": 0.25358598232269286
    },
    "avg_decode_latency": 0.03144540389378866,
    "decode_latencies": [
        0.044849395751953125,
        0.03060571352640788,
        0.029871543248494465,
        0.02958046065436469,
        0.030311399035983615,
        0.030046012666490342,
        0.02981644206576877,
        0.02809815936618381,
        0.0374760627746582,
        0.0286609861585829,
        0.028874741660224065,
        0.029153929816351995
    ],
    "decode_percentiles": {
        "10": 0.028682361708747016,
        "25": 0.029084132777320013,
        "50": 0.02984399265713162,
        "75": 0.03038497765858968,
        "90": 0.03678902784983317
    }
}