{
    "avg_prefill_latency": 0.01319791873296102,
    "prefill_latencies": [
        0.014477252960205078,
        0.013044595718383789,
        0.014960050582885742,
        0.014295816421508789,
        0.013000965118408203,
        0.01268458366394043,
        0.012684822082519531,
        0.012628555297851562,
        0.012596368789672852,
        0.012654304504394531,
        0.012654304504394531,
        0.012693405151367188
    ],
    "prefill_percentiles": {
        "10": 0.01263113021850586,
        "25": 0.012654304504394531,
        "50": 0.01268911361694336,
        "75": 0.013357400894165039,
        "90": 0.01445910930633545
    },
    "avg_decode_latency": 0.012474492744163228,
    "decode_latencies": [
        0.013136413362291124,
        0.012840006086561415,
        0.012965785132514106,
        0.012559811274210611,
        0.013476371765136719,
        0.012069649166531034,
        0.012116723590426974,
        0.012046045727199979,
        0.012073384390936958,
        0.012106710010104708,
        0.012118471993340386,
        0.012184540430704752
    ],
    "decode_percentiles": {
        "10": 0.012070022688971626,
        "25": 0.01209837860531277,
        "50": 0.012151506212022569,
        "75": 0.012871450848049588,
        "90": 0.013119350539313422
    }
}