{
    "avg_prefill_latency": 0.263788640499115,
    "prefill_latencies": [
        0.26324963569641113,
        0.26451802253723145,
        0.26308631896972656,
        0.26377415657043457,
        0.26319026947021484,
        0.2650003433227539,
        0.26514196395874023,
        0.26531362533569336,
        0.26424074172973633,
        0.2623014450073242,
        0.26261210441589355,
        0.2630350589752197
    ],
    "prefill_percentiles": {
        "10": 0.26265439987182615,
        "25": 0.26307350397109985,
        "50": 0.26351189613342285,
        "75": 0.26463860273361206,
        "90": 0.2651278018951416
    },
    "avg_decode_latency": 0.023722725885885736,
    "decode_latencies": [
        0.021567291683620878,
        0.022075520621405706,
        0.021442943149142794,
        0.022284746170043945,
        0.023137648900349934,
        0.023090653949313693,
        0.045183420181274414,
        0.025054057439168293,
        0.019452412923177082,
        0.01946788363986545,
        0.02073558171590169,
        0.02118055025736491
    ],
    "decode_percentiles": {
        "10": 0.019594653447469076,
        "25": 0.021069308121999107,
        "50": 0.02182140615251329,
        "75": 0.023102402687072754,
        "90": 0.024862416585286456
    }
}