{
    "avg_prefill_latency": 0.03950554132461548,
    "prefill_latencies": [
        0.03816938400268555,
        0.03939962387084961,
        0.03828597068786621,
        0.038362979888916016,
        0.04346418380737305,
        0.03812909126281738,
        0.0379941463470459,
        0.03820490837097168,
        0.03855133056640625,
        0.047028541564941406,
        0.03822636604309082,
        0.038249969482421875
    ],
    "prefill_percentiles": {
        "10": 0.0381331205368042,
        "25": 0.038196027278900146,
        "50": 0.03826797008514404,
        "75": 0.03876340389251709,
        "90": 0.043057727813720706
    },
    "avg_decode_latency": 0.015900150493339257,
    "decode_latencies": [
        0.014311048719618056,
        0.018688652250501845,
        0.014139943652682833,
        0.014582130644056533,
        0.01805808809068468,
        0.014451742172241211,
        0.019006729125976562,
        0.014512936274210611,
        0.014875332514444986,
        0.014456219143337674,
        0.014410601721869575,
        0.019308381610446505
    ],
    "decode_percentiles": {
        "10": 0.014321004019843209,
        "25": 0.014441457059648301,
        "50": 0.014547533459133573,
        "75": 0.018215729130638972,
        "90": 0.01897492143842909
    }
}