{
    "avg_prefill_latency": 0.10932435592015584,
    "prefill_latencies": [
        0.10857272148132324,
        0.1039419174194336,
        0.10388374328613281,
        0.11402606964111328,
        0.10395574569702148,
        0.13878417015075684,
        0.10419082641601562,
        0.10422611236572266,
        0.10650515556335449,
        0.10424995422363281,
        0.10583281517028809,
        0.1137230396270752
    ],
    "prefill_percentiles": {
        "10": 0.10394330024719238,
        "25": 0.10413205623626709,
        "50": 0.10504138469696045,
        "75": 0.10986030101776123,
        "90": 0.11399576663970948
    },
    "avg_decode_latency": 0.016407856234797725,
    "decode_latencies": [
        0.01859715249803331,
        0.014652305179172091,
        0.014715989430745443,
        0.01527820693122016,
        0.014918380313449435,
        0.019729004965888128,
        0.02053944269816081,
        0.018632147047254775,
        0.014866722954644097,
        0.01497075292799208,
        0.014793475468953451,
        0.01520069440205892
    ],
    "decode_percentiles": {
        "10": 0.014723738034566244,
        "25": 0.014848411083221436,
        "50": 0.015085723665025499,
        "75": 0.01860590113533868,
        "90": 0.019619319174024794
    }
}