{
    "avg_prefill_latency": 0.026573439439137776,
    "prefill_latencies": [
        0.021292448043823242,
        0.0213015079498291,
        0.02186441421508789,
        0.021623849868774414,
        0.022700786590576172,
        0.022069692611694336,
        0.021957874298095703,
        0.021886825561523438,
        0.06959056854248047,
        0.027756452560424805,
        0.023696184158325195,
        0.023140668869018555
    ],
    "prefill_percentiles": {
        "10": 0.021333742141723632,
        "25": 0.02180427312850952,
        "50": 0.02201378345489502,
        "75": 0.023279547691345215,
        "90": 0.027350425720214844
    },
    "avg_decode_latency": 0.017443932868816233,
    "decode_latencies": [
        0.01894818411933051,
        0.019678963555230036,
        0.015048477384779189,
        0.014459000693427192,
        0.018298202090793185,
        0.018731435139973957,
        0.019915077421400283,
        0.015145725674099393,
        0.014764202965630425,
        0.01954205830891927,
        0.020545403162638348,
        0.014250463909573026
    ],
    "decode_percentiles": {
        "10": 0.014489520920647515,
        "25": 0.014977408779991997,
        "50": 0.018514818615383573,
        "75": 0.019576284620496962,
        "90": 0.01989146603478326
    }
}