{
    "avg_prefill_latency": 0.10993955532709758,
    "prefill_latencies": [
        0.10780668258666992,
        0.1251685619354248,
        0.10829520225524902,
        0.10823321342468262,
        0.10797286033630371,
        0.11185121536254883,
        0.10847759246826172,
        0.10820674896240234,
        0.1080322265625,
        0.10841679573059082,
        0.10859060287475586,
        0.10822296142578125
    ],
    "prefill_percentiles": {
        "10": 0.10797879695892335,
        "25": 0.10816311836242676,
        "50": 0.10826420783996582,
        "75": 0.10850584506988525,
        "90": 0.11152515411376954
    },
    "avg_decode_latency": 0.01972282374346698,
    "decode_latencies": [
        0.0168255435095893,
        0.01715193854437934,
        0.021717627843221027,
        0.016844616995917425,
        0.027587095896402996,
        0.021529118220011394,
        0.021910455491807725,
        0.01816945605807834,
        0.019947608311971027,
        0.01966934733920627,
        0.017399814393785264,
        0.017921262317233615
    ],
    "decode_percentiles": {
        "10": 0.016875349150763615,
        "25": 0.017337845431433782,
        "50": 0.018919401698642306,
        "75": 0.021576245625813804,
        "90": 0.021891172726949057
    }
}