{
    "avg_prefill_latency": 0.08315020799636841,
    "prefill_latencies": [
        0.08282780647277832,
        0.08281493186950684,
        0.08463239669799805,
        0.08329653739929199,
        0.0836639404296875,
        0.0827488899230957,
        0.0826575756072998,
        0.08298611640930176,
        0.08311581611633301,
        0.0833432674407959,
        0.08283829689025879,
        0.08287692070007324
    ],
    "prefill_percentiles": {
        "10": 0.08275549411773682,
        "25": 0.08282458782196045,
        "50": 0.0829315185546875,
        "75": 0.08330821990966797,
        "90": 0.08363187313079834
    },
    "avg_decode_latency": 0.01799262011492694,
    "decode_latencies": [
        0.01758371459113227,
        0.026617421044243708,
        0.017542415195041232,
        0.017276446024576824,
        0.016917811499701604,
        0.0168607234954834,
        0.016668531629774306,
        0.017932415008544922,
        0.017060359319051106,
        0.017074558469984267,
        0.017340607113308378,
        0.01703643798828125
    ],
    "decode_percentiles": {
        "10": 0.016866432295905218,
        "25": 0.01700678136613634,
        "50": 0.017175502247280545,
        "75": 0.017552740044063993,
        "90": 0.017897544966803656
    }
}