{
    "avg_prefill_latency": 0.01592173178990682,
    "prefill_latencies": [
        0.014221668243408203,
        0.023003578186035156,
        0.014302492141723633,
        0.015974044799804688,
        0.01703190803527832,
        0.014285087585449219,
        0.01626300811767578,
        0.015662670135498047,
        0.016302824020385742,
        0.01450657844543457,
        0.015242338180541992,
        0.014264583587646484
    ],
    "prefill_percentiles": {
        "10": 0.014266633987426757,
        "25": 0.01429814100265503,
        "50": 0.01545250415802002,
        "75": 0.01627296209335327,
        "90": 0.016958999633789062
    },
    "avg_decode_latency": 0.017540472525137445,
    "decode_latencies": [
        0.016839981079101562,
        0.019419352213541668,
        0.01638815138075087,
        0.016807158788045246,
        0.01933100488450792,
        0.015894651412963867,
        0.02003735966152615,
        0.016914976967705622,
        0.01640907923380534,
        0.020134475496080186,
        0.01621898015340169,
        0.016090499030219182
    ],
    "decode_percentiles": {
        "10": 0.016103347142537434,
        "25": 0.016345858573913574,
        "50": 0.016823569933573403,
        "75": 0.019353091716766357,
        "90": 0.0199755589167277
    }
}