{
    "avg_prefill_latency": 0.06613411506017049,
    "prefill_latencies": [
        0.06559085845947266,
        0.06635594367980957,
        0.06568002700805664,
        0.06577682495117188,
        0.06615042686462402,
        0.06553769111633301,
        0.06530213356018066,
        0.06659770011901855,
        0.06662487983703613,
        0.06601333618164062,
        0.06705403327941895,
        0.0669255256652832
    ],
    "prefill_percentiles": {
        "10": 0.06554300785064697,
        "25": 0.06565773487091064,
        "50": 0.06608188152313232,
        "75": 0.06660449504852295,
        "90": 0.0668954610824585
    },
    "avg_decode_latency": 0.03454303520697134,
    "decode_latencies": [
        0.03879613346523709,
        0.030312061309814453,
        0.0300799740685357,
        0.03786418173048231,
        0.030187500847710505,
        0.03836006588406033,
        0.03210576375325521,
        0.03945692380269369,
        0.030971897972954646,
        0.045535643895467125,
        0.030491616990831163,
        0.030354658762613933
    ],
    "decode_percentiles": {
        "10": 0.0301999568939209,
        "25": 0.030344009399414062,
        "50": 0.031538830863104925,
        "75": 0.03846908277935452,
        "90": 0.039390844768948025
    }
}