{
    "avg_prefill_latency": 0.04269800583521525,
    "prefill_latencies": [
        0.03773832321166992,
        0.062338829040527344,
        0.037962913513183594,
        0.03759646415710449,
        0.06612825393676758,
        0.03882789611816406,
        0.03751826286315918,
        0.03778791427612305,
        0.04365801811218262,
        0.03756093978881836,
        0.03775334358215332,
        0.03750491142272949
    ],
    "prefill_percentiles": {
        "10": 0.037522530555725096,
        "25": 0.03758758306503296,
        "50": 0.037770628929138184,
        "75": 0.0400354266166687,
        "90": 0.06047074794769288
    },
    "avg_decode_latency": 0.0268889135784573,
    "decode_latencies": [
        0.02992595566643609,
        0.023226102193196613,
        0.02326210339864095,
        0.025760809580485027,
        0.026269250445895724,
        0.023663467831081815,
        0.038310103946261935,
        0.026200824313693576,
        0.0253293514251709,
        0.025726583268907335,
        0.029966274897257488,
        0.025026135974460177
    ],
    "decode_percentiles": {
        "10": 0.023302239841885036,
        "25": 0.024685468938615587,
        "50": 0.02574369642469618,
        "75": 0.027183426751030818,
        "90": 0.029962242974175348
    }
}