{
    "avg_prefill_latency": 0.03166085481643677,
    "prefill_latencies": [
        0.033057451248168945,
        0.031200408935546875,
        0.030853986740112305,
        0.030874967575073242,
        0.03159308433532715,
        0.03115081787109375,
        0.03232097625732422,
        0.031095266342163086,
        0.032689809799194336,
        0.03101372718811035,
        0.031821250915527344,
        0.03225851058959961
    ],
    "prefill_percentiles": {
        "10": 0.030888843536376952,
        "25": 0.031074881553649902,
        "50": 0.03139674663543701,
        "75": 0.03227412700653076,
        "90": 0.03265292644500732
    },
    "avg_decode_latency": 0.02014051322583799,
    "decode_latencies": [
        0.020177920659383137,
        0.019744051827324763,
        0.019687652587890625,
        0.019563701417711046,
        0.019574085871378582,
        0.01959395408630371,
        0.020028193791707356,
        0.021141873465643987,
        0.02066712909274631,
        0.02164981100294325,
        0.020483016967773438,
        0.019374767939249676
    ],
    "decode_percentiles": {
        "10": 0.019564739863077798,
        "25": 0.01958898703257243,
        "50": 0.019886122809516057,
        "75": 0.020529044999016657,
        "90": 0.021094399028354218
    }
}