{
    "avg_prefill_latency": 0.021400590737660725,
    "prefill_latencies": [
        0.05796313285827637,
        0.018701791763305664,
        0.013685941696166992,
        0.01646280288696289,
        0.014371633529663086,
        0.04355359077453613,
        0.02468109130859375,
        0.013811826705932617,
        0.014235734939575195,
        0.01307988166809082,
        0.01322793960571289,
        0.013031721115112305
    ],
    "prefill_percentiles": {
        "10": 0.013094687461853027,
        "25": 0.013571441173553467,
        "50": 0.01430368423461914,
        "75": 0.020196616649627686,
        "90": 0.0416663408279419
    },
    "avg_decode_latency": 0.017468030805940983,
    "decode_latencies": [
        0.020440763897365995,
        0.016100194719102647,
        0.018245538075764973,
        0.014673312505086264,
        0.01417888535393609,
        0.026735650168524847,
        0.01612136099073622,
        0.019120719697740342,
        0.01517706447177463,
        0.019624286227756076,
        0.014704810248480903,
        0.014493783315022787
    ],
    "decode_percentiles": {
        "10": 0.014511736234029135,
        "25": 0.014696935812632244,
        "50": 0.016110777854919434,
        "75": 0.019246611330244277,
        "90": 0.020359116130405003
    }
}