{
    "avg_prefill_latency": 0.025352676709493,
    "prefill_latencies": [
        0.018397092819213867,
        0.029464006423950195,
        0.02019214630126953,
        0.02473592758178711,
        0.03082418441772461,
        0.01739048957824707,
        0.01704859733581543,
        0.0165250301361084,
        0.06388425827026367,
        0.03147268295288086,
        0.017810821533203125,
        0.01648688316345215
    ],
    "prefill_percentiles": {
        "10": 0.016577386856079103,
        "25": 0.01730501651763916,
        "50": 0.0192946195602417,
        "75": 0.0298040509223938,
        "90": 0.031407833099365234
    },
    "avg_decode_latency": 0.017567049573968957,
    "decode_latencies": [
        0.01453346676296658,
        0.01985952589246962,
        0.016391515731811523,
        0.018423292371961806,
        0.014373858769734701,
        0.01839272181193034,
        0.018385754691229925,
        0.014483107460869683,
        0.014430390463935005,
        0.017695638868543837,
        0.024316496319240995,
        0.019518825742933486
    ],
    "decode_percentiles": {
        "10": 0.014435662163628472,
        "25": 0.014520876937442357,
        "50": 0.01804069677988688,
        "75": 0.018697175714704726,
        "90": 0.019825455877516007
    }
}