{
    "avg_prefill_latency": 0.031826555728912354,
    "prefill_latencies": [
        0.025745868682861328,
        0.026286840438842773,
        0.025365114212036133,
        0.02555394172668457,
        0.051471710205078125,
        0.02524113655090332,
        0.061890363693237305,
        0.025348186492919922,
        0.02661609649658203,
        0.028815746307373047,
        0.03335690498352051,
        0.02622675895690918
    ],
    "prefill_percentiles": {
        "10": 0.025349879264831544,
        "25": 0.02550673484802246,
        "50": 0.026256799697875977,
        "75": 0.029951035976409912,
        "90": 0.04966022968292237
    },
    "avg_decode_latency": 0.024478563555964717,
    "decode_latencies": [
        0.025944126976860896,
        0.02108997768825955,
        0.026365412606133357,
        0.021377987331814237,
        0.02050381236606174,
        0.020976278516981337,
        0.021038876639472112,
        0.027094893985324435,
        0.02198804749382867,
        0.0326691468556722,
        0.032391654120551214,
        0.022302548090616863
    ],
    "decode_percentiles": {
        "10": 0.020982538329230416,
        "25": 0.02107720242606269,
        "50": 0.022145297792222768,
        "75": 0.026547782950931124,
        "90": 0.03186197810702854
    }
}