{
    "avg_prefill_latency": 0.009763975938161215,
    "prefill_latencies": [
        0.009380578994750977,
        0.009416580200195312,
        0.009260892868041992,
        0.009478569030761719,
        0.009469270706176758,
        0.009452104568481445,
        0.009476661682128906,
        0.009786605834960938,
        0.010458230972290039,
        0.010713815689086914,
        0.009386062622070312,
        0.010888338088989258
    ],
    "prefill_percentiles": {
        "10": 0.00938112735748291,
        "25": 0.009408950805664062,
        "50": 0.009472966194152832,
        "75": 0.009954512119293213,
        "90": 0.010688257217407227
    },
    "avg_decode_latency": 0.00876770196137605,
    "decode_latencies": [
        0.008290370305379232,
        0.008247587415907118,
        0.008502880732218424,
        0.00835712750752767,
        0.00843207041422526,
        0.008389525943332247,
        0.008854866027832031,
        0.010922484927707247,
        0.008616182539198134,
        0.00898440678914388,
        0.008773591783311632,
        0.008841329150729708
    ],
    "decode_percentiles": {
        "10": 0.008297046025594076,
        "25": 0.008381426334381104,
        "50": 0.00855953163570828,
        "75": 0.00884471337000529,
        "90": 0.008971452713012695
    }
}