{
    "avg_prefill_latency": 0.04606709877649943,
    "prefill_latencies": [
        0.0640268325805664,
        0.03954195976257324,
        0.039858341217041016,
        0.0563356876373291,
        0.03924918174743652,
        0.06460452079772949,
        0.039932966232299805,
        0.05036759376525879,
        0.03982663154602051,
        0.039453744888305664,
        0.039978742599487305,
        0.03962898254394531
    ],
    "prefill_percentiles": {
        "10": 0.03946256637573242,
        "25": 0.039607226848602295,
        "50": 0.03989565372467041,
        "75": 0.05185961723327637,
        "90": 0.06325771808624268
    },
    "avg_decode_latency": 0.036717631198741774,
    "decode_latencies": [
        0.031074259016248915,
        0.04379585054185656,
        0.03131463792588976,
        0.03527818785773383,
        0.03963353898790148,
        0.03297956784566244,
        0.04413504070705838,
        0.03495465384589301,
        0.03106016582912869,
        0.04502455393473307,
        0.032246934043036565,
        0.03911418384975857
    ],
    "decode_percentiles": {
        "10": 0.031098296907213,
        "25": 0.03201386001374987,
        "50": 0.03511642085181342,
        "75": 0.04067411687639025,
        "90": 0.044101121690538196
    }
}