{
    "avg_prefill_latency": 0.02684730291366577,
    "prefill_latencies": [
        0.02344202995300293,
        0.023328304290771484,
        0.0233306884765625,
        0.02310657501220703,
        0.06616330146789551,
        0.023340940475463867,
        0.023284912109375,
        0.023030519485473633,
        0.02329397201538086,
        0.023085355758666992,
        0.023516178131103516,
        0.023244857788085938
    ],
    "prefill_percentiles": {
        "10": 0.023087477684020995,
        "25": 0.02321028709411621,
        "50": 0.023311138153076172,
        "75": 0.023366212844848633,
        "90": 0.023508763313293456
    },
    "avg_decode_latency": 0.019689513577355277,
    "decode_latencies": [
        0.017078929477267794,
        0.02218280898200141,
        0.01682456334431966,
        0.017062160703870986,
        0.02969262335035536,
        0.020923482047186956,
        0.016222450468275283,
        0.022109508514404297,
        0.016827106475830078,
        0.017599741617838543,
        0.01778586705525716,
        0.021964920891655818
    ],
    "decode_percentiles": {
        "10": 0.016824817657470702,
        "25": 0.01700339714686076,
        "50": 0.01769280433654785,
        "75": 0.022001067797342937,
        "90": 0.0221754789352417
    }
}