{
    "avg_prefill_latency": 0.015750110149383545,
    "prefill_latencies": [
        0.016321897506713867,
        0.015739917755126953,
        0.017656803131103516,
        0.015335321426391602,
        0.017269134521484375,
        0.016002178192138672,
        0.01653003692626953,
        0.013860225677490234,
        0.015017032623291016,
        0.014527320861816406,
        0.01376199722290039,
        0.016979455947875977
    ],
    "prefill_percentiles": {
        "10": 0.013926935195922852,
        "25": 0.014894604682922363,
        "50": 0.015871047973632812,
        "75": 0.016642391681671143,
        "90": 0.017240166664123535
    },
    "avg_decode_latency": 0.01724652228532014,
    "decode_latencies": [
        0.018436961703830294,
        0.015905353758070204,
        0.015795389811197918,
        0.019926283094618056,
        0.017606947157118056,
        0.01917552947998047,
        0.01548367076449924,
        0.015199899673461914,
        0.019170390235053167,
        0.01491946644253201,
        0.014870458179050021,
        0.02046791712443034
    ],
    "decode_percentiles": {
        "10": 0.014947509765625,
        "25": 0.015412727991739908,
        "50": 0.01675615045759413,
        "75": 0.019171675046284992,
        "90": 0.019851207733154297
    }
}