{
    "avg_prefill_latency": 0.029970606168111164,
    "prefill_latencies": [
        0.029885053634643555,
        0.028720855712890625,
        0.02815532684326172,
        0.028688430786132812,
        0.028319597244262695,
        0.028667449951171875,
        0.029096364974975586,
        0.028434038162231445,
        0.04438018798828125,
        0.028571605682373047,
        0.028690814971923828,
        0.028037548065185547
    ],
    "prefill_percentiles": {
        "10": 0.028171753883361815,
        "25": 0.028405427932739258,
        "50": 0.028677940368652344,
        "75": 0.028814733028411865,
        "90": 0.029806184768676757
    },
    "avg_decode_latency": 0.025424542250456632,
    "decode_latencies": [
        0.025961134168836806,
        0.021568907631768122,
        0.025823593139648438,
        0.026394950018988714,
        0.02086586422390408,
        0.02694813410441081,
        0.021417617797851562,
        0.027114762200249568,
        0.021046347088283963,
        0.038567543029785156,
        0.024585300021701388,
        0.024800353580050997
    ],
    "decode_percentiles": {
        "10": 0.021083474159240723,
        "25": 0.021531085173288982,
        "50": 0.025311973359849717,
        "75": 0.02653324604034424,
        "90": 0.02709809939066569
    }
}