{
    "avg_prefill_latency": 0.04728353023529053,
    "prefill_latencies": [
        0.046526432037353516,
        0.046791791915893555,
        0.0471649169921875,
        0.04794716835021973,
        0.04777884483337402,
        0.04700303077697754,
        0.04693245887756348,
        0.04710721969604492,
        0.047295570373535156,
        0.04851388931274414,
        0.04731297492980957,
        0.0470280647277832
    ],
    "prefill_percentiles": {
        "10": 0.04680585861206055,
        "25": 0.04698538780212402,
        "50": 0.04713606834411621,
        "75": 0.047429442405700684,
        "90": 0.047930335998535155
    },
    "avg_decode_latency": 0.023279973754176383,
    "decode_latencies": [
        0.03027555677625868,
        0.02089238166809082,
        0.021028227276272245,
        0.021016597747802734,
        0.022292349073621962,
        0.02157659000820584,
        0.021201531092325848,
        0.022548251681857638,
        0.03496191236707899,
        0.02133223745557997,
        0.02118351724412706,
        0.021050532658894856
    ],
    "decode_percentiles": {
        "10": 0.021017760700649684,
        "25": 0.021044956313239202,
        "50": 0.02126688427395291,
        "75": 0.02235632472568088,
        "90": 0.02950282626681858
    }
}