{
    "avg_prefill_latency": 0.0426487922668457,
    "prefill_latencies": [
        0.036040306091308594,
        0.03515625,
        0.035334110260009766,
        0.035541534423828125,
        0.12404131889343262,
        0.03501081466674805,
        0.03504800796508789,
        0.03503727912902832,
        0.0350644588470459,
        0.03506970405578613,
        0.03509998321533203,
        0.035341739654541016
    ],
    "prefill_percentiles": {
        "10": 0.03503835201263428,
        "25": 0.035060346126556396,
        "50": 0.035128116607666016,
        "75": 0.03539168834686279,
        "90": 0.035990428924560544
    },
    "avg_decode_latency": 0.017402602566613093,
    "decode_latencies": [
        0.01739350954691569,
        0.017701148986816406,
        0.01747947269015842,
        0.017093049155341253,
        0.01735740237765842,
        0.017134798897637263,
        0.017089737786187068,
        0.016972409354315862,
        0.01697209146287706,
        0.01797077390882704,
        0.017240179909600153,
        0.01842665672302246
    ],
    "decode_percentiles": {
        "10": 0.016984142197502983,
        "25": 0.017092221313052706,
        "50": 0.017298791143629286,
        "75": 0.017534891764322914,
        "90": 0.017943811416625977
    }
}