{
    "avg_prefill_latency": 0.020974477132161457,
    "prefill_latencies": [
        0.020975828170776367,
        0.020854949951171875,
        0.022317171096801758,
        0.020830392837524414,
        0.02082037925720215,
        0.020822763442993164,
        0.020859956741333008,
        0.020760297775268555,
        0.020788192749023438,
        0.021032094955444336,
        0.02096247673034668,
        0.020669221878051758
    ],
    "prefill_percentiles": {
        "10": 0.020763087272644042,
        "25": 0.02081233263015747,
        "50": 0.020842671394348145,
        "75": 0.0209658145904541,
        "90": 0.021026468276977538
    },
    "avg_decode_latency": 0.01647379884013423,
    "decode_latencies": [
        0.017172389560275607,
        0.01649716165330675,
        0.01629728741115994,
        0.016516473558213975,
        0.016476737128363714,
        0.01620226436191135,
        0.01638385984632704,
        0.01650389035542806,
        0.016528209050496418,
        0.01622658305697971,
        0.016401873694525823,
        0.016478856404622395
    ],
    "decode_percentiles": {
        "10": 0.01623365349239773,
        "25": 0.016362216737535264,
        "50": 0.016477796766493052,
        "75": 0.01650703615612454,
        "90": 0.016527035501268175
    }
}