{
    "avg_prefill_latency": 0.011777281761169434,
    "prefill_latencies": [
        0.010684967041015625,
        0.014533042907714844,
        0.012140035629272461,
        0.01156306266784668,
        0.011693954467773438,
        0.011018991470336914,
        0.011400222778320312,
        0.009857416152954102,
        0.013521909713745117,
        0.012349367141723633,
        0.011754751205444336,
        0.010809659957885742
    ],
    "prefill_percentiles": {
        "10": 0.010697436332702637,
        "25": 0.010966658592224121,
        "50": 0.011628508567810059,
        "75": 0.012192368507385254,
        "90": 0.01340465545654297
    },
    "avg_decode_latency": 0.010974325515605786,
    "decode_latencies": [
        0.010994593302408854,
        0.010680304633246528,
        0.010137505001491971,
        0.010052680969238281,
        0.012308438618977865,
        0.010754055447048612,
        0.01194326082865397,
        0.010975837707519531,
        0.01093390252855089,
        0.010291337966918945,
        0.011290311813354492,
        0.011329677369859483
    ],
    "decode_percentiles": {
        "10": 0.010152888298034669,
        "25": 0.010583062966664633,
        "50": 0.01095487011803521,
        "75": 0.01130015320248074,
        "90": 0.011881902482774521
    }
}