{
    "avg_prefill_latency": 0.2043880025545756,
    "prefill_latencies": [
        0.20539450645446777,
        0.20878171920776367,
        0.20405173301696777,
        0.20291495323181152,
        0.20498275756835938,
        0.2046520709991455,
        0.20432782173156738,
        0.2036592960357666,
        0.20146584510803223,
        0.20409178733825684,
        0.20441412925720215,
        0.2039194107055664
    ],
    "prefill_percentiles": {
        "10": 0.20298938751220702,
        "25": 0.20385438203811646,
        "50": 0.2042098045349121,
        "75": 0.20473474264144897,
        "90": 0.20535333156585694
    },
    "avg_decode_latency": 0.011176919495617901,
    "decode_latencies": [
        0.010872549480862088,
        0.010820945103963217,
        0.011067681842380099,
        0.01083607143825955,
        0.011653476291232638,
        0.010954433017306857,
        0.010764307445949979,
        0.010673575931125216,
        0.011447588602701822,
        0.011254045698377822,
        0.012326849831475152,
        0.011451509263780382
    ],
    "decode_percentiles": {
        "10": 0.010769971211751304,
        "25": 0.010832289854685467,
        "50": 0.011011057429843478,
        "75": 0.011448568767971462,
        "90": 0.011633279588487413
    }
}