{
    "avg_prefill_latency": 0.03973207871119181,
    "prefill_latencies": [
        0.03789663314819336,
        0.037770748138427734,
        0.04002523422241211,
        0.038004398345947266,
        0.037544965744018555,
        0.03753376007080078,
        0.037767887115478516,
        0.037806034088134766,
        0.0521848201751709,
        0.04457521438598633,
        0.03774666786193848,
        0.03792858123779297
    ],
    "prefill_percentiles": {
        "10": 0.03756513595581055,
        "25": 0.037762582302093506,
        "50": 0.03785133361816406,
        "75": 0.03850960731506348,
        "90": 0.04412021636962891
    },
    "avg_decode_latency": 0.019688131632628267,
    "decode_latencies": [
        0.02030846807691786,
        0.02093264791700575,
        0.021181292004055448,
        0.02129462030198839,
        0.02038529184129503,
        0.020274506674872503,
        0.02032515737745497,
        0.02145054605272081,
        0.017785655127631292,
        0.021030267079671223,
        0.015214628643459745,
        0.016074498494466145
    ],
    "decode_percentiles": {
        "10": 0.01624561415778266,
        "25": 0.0196522937880622,
        "50": 0.020355224609375,
        "75": 0.021068023310767278,
        "90": 0.021283287472195097
    }
}