{
    "avg_prefill_latency": 0.04950020710627238,
    "prefill_latencies": [
        0.046361446380615234,
        0.04708433151245117,
        0.04635214805603027,
        0.04792356491088867,
        0.05170011520385742,
        0.04621624946594238,
        0.04585862159729004,
        0.045815467834472656,
        0.0800621509552002,
        0.04588460922241211,
        0.045196533203125,
        0.0455472469329834
    ],
    "prefill_percentiles": {
        "10": 0.045574069023132324,
        "25": 0.04584783315658569,
        "50": 0.04628419876098633,
        "75": 0.04729413986206055,
        "90": 0.05132246017456055
    },
    "avg_decode_latency": 0.021518095775886818,
    "decode_latencies": [
        0.020967589484320745,
        0.023354662789238825,
        0.020987378226386175,
        0.020640426211886935,
        0.026050594117906358,
        0.02144985728793674,
        0.02326377232869466,
        0.018515215979682073,
        0.018624226252237957,
        0.019112798902723525,
        0.025205453236897785,
        0.020045174492730036
    ],
    "decode_percentiles": {
        "10": 0.018673083517286512,
        "25": 0.019812080595228408,
        "50": 0.02097748385535346,
        "75": 0.023286494943830702,
        "90": 0.025020374192131888
    }
}