{
    "avg_prefill_latency": 0.021896859010060627,
    "prefill_latencies": [
        0.019929170608520508,
        0.016437530517578125,
        0.023084163665771484,
        0.01653122901916504,
        0.018523693084716797,
        0.018105745315551758,
        0.01932358741760254,
        0.01769733428955078,
        0.05861377716064453,
        0.0178067684173584,
        0.01849985122680664,
        0.018209457397460938
    ],
    "prefill_percentiles": {
        "10": 0.016647839546203615,
        "25": 0.017779409885406494,
        "50": 0.01835465431213379,
        "75": 0.01947498321533203,
        "90": 0.02276866436004639
    },
    "avg_decode_latency": 0.0161632740939105,
    "decode_latencies": [
        0.015583117802937826,
        0.015130864249335395,
        0.018938064575195312,
        0.018331342273288302,
        0.019319401846991643,
        0.014545308219061958,
        0.014603243933783637,
        0.01464549700419108,
        0.01449147860209147,
        0.014372401767306857,
        0.01936642328898112,
        0.014632145563761393
    ],
    "decode_percentiles": {
        "10": 0.014496861563788519,
        "25": 0.014588760005103217,
        "50": 0.014888180626763238,
        "75": 0.018483022848765053,
        "90": 0.01928126811981201
    }
}