{
    "avg_prefill_latency": 0.017522176106770832,
    "prefill_latencies": [
        0.017282724380493164,
        0.016669273376464844,
        0.016370296478271484,
        0.01650214195251465,
        0.017550230026245117,
        0.016582727432250977,
        0.02301812171936035,
        0.016567707061767578,
        0.017452001571655273,
        0.016849994659423828,
        0.018519878387451172,
        0.016901016235351562
    ],
    "prefill_percentiles": {
        "10": 0.01650869846343994,
        "25": 0.016578972339630127,
        "50": 0.016875505447387695,
        "75": 0.017476558685302734,
        "90": 0.018422913551330567
    },
    "avg_decode_latency": 0.012882760277500857,
    "decode_latencies": [
        0.012935850355360243,
        0.012684557172987197,
        0.012506379021538628,
        0.012795607248942057,
        0.013764831754896376,
        0.011040555106268989,
        0.013056702084011503,
        0.012616581386990018,
        0.01337848769293891,
        0.013104120890299479,
        0.013611528608534072,
        0.013097922007242838
    ],
    "decode_percentiles": {
        "10": 0.012517399258083768,
        "25": 0.012667563226487901,
        "50": 0.012996276219685873,
        "75": 0.013172712590959337,
        "90": 0.013588224516974556
    }
}