{
    "avg_prefill_latency": 0.11039211352666219,
    "prefill_latencies": [
        0.10509634017944336,
        0.12843775749206543,
        0.11980390548706055,
        0.10578441619873047,
        0.10774874687194824,
        0.1069180965423584,
        0.1075589656829834,
        0.1061549186706543,
        0.10589218139648438,
        0.10633087158203125,
        0.11128592491149902,
        0.1136932373046875
    ],
    "prefill_percentiles": {
        "10": 0.10579519271850586,
        "25": 0.10608923435211182,
        "50": 0.1072385311126709,
        "75": 0.11188775300979614,
        "90": 0.11919283866882324
    },
    "avg_decode_latency": 0.03936726517147488,
    "decode_latencies": [
        0.0337577395968967,
        0.033752255969577365,
        0.04734696282280816,
        0.03478018442789713,
        0.05120057529873318,
        0.03224282794528537,
        0.03403306007385254,
        0.04600932863023546,
        0.03588231404622396,
        0.037089135911729604,
        0.048972871568467885,
        0.03733992576599121
    ],
    "decode_percentiles": {
        "10": 0.033752804332309295,
        "25": 0.03396422995461358,
        "50": 0.036485724978976786,
        "75": 0.04634373717837864,
        "90": 0.04881028069390191
    }
}