{
    "avg_prefill_latency": 0.03805136680603027,
    "prefill_latencies": [
        0.039202213287353516,
        0.03794598579406738,
        0.03792715072631836,
        0.03791403770446777,
        0.03786945343017578,
        0.03785514831542969,
        0.03797268867492676,
        0.03802824020385742,
        0.03798818588256836,
        0.037926435470581055,
        0.0379033088684082,
        0.038083553314208984
    ],
    "prefill_percentiles": {
        "10": 0.037872838973999026,
        "25": 0.03791135549545288,
        "50": 0.03793656826019287,
        "75": 0.037998199462890625,
        "90": 0.038078022003173825
    },
    "avg_decode_latency": 0.017900802471019606,
    "decode_latencies": [
        0.01979086134168837,
        0.017618735631306965,
        0.017584509319729276,
        0.01756506496005588,
        0.017832967970106337,
        0.01749542024400499,
        0.01785368389553494,
        0.01803127924601237,
        0.017757654190063477,
        0.017847061157226562,
        0.017798662185668945,
        0.01763372951083713
    ],
    "decode_percentiles": {
        "10": 0.01756700939602322,
        "25": 0.017610179053412542,
        "50": 0.01777815818786621,
        "75": 0.017848716841803655,
        "90": 0.01801351971096463
    }
}