{
    "avg_prefill_latency": 0.13868180910746256,
    "prefill_latencies": [
        0.1322338581085205,
        0.1260213851928711,
        0.24918866157531738,
        0.13561749458312988,
        0.11151552200317383,
        0.1110539436340332,
        0.11066937446594238,
        0.11125898361206055,
        0.13332033157348633,
        0.12307858467102051,
        0.2041325569152832,
        0.11609101295471191
    ],
    "prefill_percentiles": {
        "10": 0.11107444763183594,
        "25": 0.11145138740539551,
        "50": 0.1245499849319458,
        "75": 0.13389462232589722,
        "90": 0.1972810506820679
    },
    "avg_decode_latency": 0.03813379782217521,
    "decode_latencies": [
        0.03491150008307563,
        0.038060002856784396,
        0.03499648306104872,
        0.03511651357014974,
        0.05075910356309679,
        0.03583123948838976,
        0.040576193067762584,
        0.04411149024963379,
        0.03548781077067057,
        0.035200145509507924,
        0.03468023406134711,
        0.037874857584635414
    ],
    "decode_percentiles": {
        "10": 0.03491999838087294,
        "25": 0.035086505942874484,
        "50": 0.03565952512953016,
        "75": 0.03868905040952894,
        "90": 0.04375796053144667
    }
}