{
    "avg_prefill_latency": 0.038868228594462075,
    "prefill_latencies": [
        0.037687063217163086,
        0.03629159927368164,
        0.03580212593078613,
        0.035826921463012695,
        0.03650927543640137,
        0.06658339500427246,
        0.0364840030670166,
        0.036861419677734375,
        0.036403656005859375,
        0.03618574142456055,
        0.03588533401489258,
        0.03589820861816406
    ],
    "prefill_percentiles": {
        "10": 0.035832762718200684,
        "25": 0.03589498996734619,
        "50": 0.03634762763977051,
        "75": 0.03659731149673462,
        "90": 0.03760449886322022
    },
    "avg_decode_latency": 0.0226235345557884,
    "decode_latencies": [
        0.023355589972601995,
        0.02007860607571072,
        0.026065349578857422,
        0.019811471303304035,
        0.020172092649671767,
        0.020075029797024198,
        0.0247145758734809,
        0.021271361245049372,
        0.025230884552001953,
        0.025611930423312716,
        0.024977180692884658,
        0.02011834250556098
    ],
    "decode_percentiles": {
        "10": 0.02007538742489285,
        "25": 0.020108408398098417,
        "50": 0.022313475608825684,
        "75": 0.025040606657663982,
        "90": 0.02557382583618164
    }
}