{
    "avg_prefill_latency": 0.025541106859842937,
    "prefill_latencies": [
        0.02382636070251465,
        0.023411273956298828,
        0.02457261085510254,
        0.023327350616455078,
        0.02798008918762207,
        0.02346181869506836,
        0.024069547653198242,
        0.023205995559692383,
        0.023291349411010742,
        0.024056673049926758,
        0.023829221725463867,
        0.04146099090576172
    ],
    "prefill_percentiles": {
        "10": 0.023294949531555177,
        "25": 0.02339029312133789,
        "50": 0.023827791213989258,
        "75": 0.024195313453674316,
        "90": 0.027639341354370118
    },
    "avg_decode_latency": 0.01809998132564403,
    "decode_latencies": [
        0.018677579032050237,
        0.014877690209282769,
        0.01837709214952257,
        0.02106059922112359,
        0.020712402131822374,
        0.01947940720452203,
        0.018336057662963867,
        0.014572911792331271,
        0.01940221256679959,
        0.019327772988213435,
        0.01611691051059299,
        0.01625914043850369
    ],
    "decode_percentiles": {
        "10": 0.015001612239413792,
        "25": 0.016223582956526015,
        "50": 0.018527335590786405,
        "75": 0.019421511226230197,
        "90": 0.02058910263909234
    }
}