{
    "avg_prefill_latency": 0.01065377394358317,
    "prefill_latencies": [
        0.009876251220703125,
        0.009449958801269531,
        0.016893625259399414,
        0.01107168197631836,
        0.010531902313232422,
        0.009483575820922852,
        0.009824275970458984,
        0.009485483169555664,
        0.009579658508300781,
        0.012254953384399414,
        0.009612321853637695,
        0.009781599044799805
    ],
    "prefill_percentiles": {
        "10": 0.009483766555786134,
        "25": 0.009556114673614502,
        "50": 0.009802937507629395,
        "75": 0.010666847229003906,
        "90": 0.01213662624359131
    },
    "avg_decode_latency": 0.00952183758770978,
    "decode_latencies": [
        0.008999851014879014,
        0.009014421039157443,
        0.008845249811808268,
        0.009388738208346896,
        0.009822977913750542,
        0.009682178497314453,
        0.009948174158732096,
        0.009884648852878146,
        0.010074615478515625,
        0.009047799640231662,
        0.009796513451470269,
        0.009756882985432943
    ],
    "decode_percentiles": {
        "10": 0.009001308017306857,
        "25": 0.009039454989963107,
        "50": 0.009719530741373699,
        "75": 0.009838395648532443,
        "90": 0.009941821628146701
    }
}