{
    "avg_prefill_latency": 0.020401259263356526,
    "prefill_latencies": [
        0.01633596420288086,
        0.017400503158569336,
        0.019543170928955078,
        0.026871681213378906,
        0.015872716903686523,
        0.01700448989868164,
        0.055390357971191406,
        0.01681375503540039,
        0.014436006546020508,
        0.014481544494628906,
        0.015579700469970703,
        0.015085220336914062
    ],
    "prefill_percentiles": {
        "10": 0.014541912078857421,
        "25": 0.015456080436706543,
        "50": 0.016574859619140625,
        "75": 0.01793617010116577,
        "90": 0.026138830184936526
    },
    "avg_decode_latency": 0.018035021093156602,
    "decode_latencies": [
        0.01666471693250868,
        0.016683207617865667,
        0.019076638751559787,
        0.01596490542093913,
        0.02037117216322157,
        0.017766581641303167,
        0.01490036646525065,
        0.019539303249782987,
        0.019576205147637263,
        0.020942582024468318,
        0.019530296325683594,
        0.01540427737765842
    ],
    "decode_percentiles": {
        "10": 0.01546034018198649,
        "25": 0.016489764054616295,
        "50": 0.018421610196431477,
        "75": 0.019548528724246554,
        "90": 0.02029167546166314
    }
}