{
    "avg_prefill_latency": 0.03059430917104085,
    "prefill_latencies": [
        0.031227588653564453,
        0.023619890213012695,
        0.02112579345703125,
        0.020800352096557617,
        0.021040678024291992,
        0.02274298667907715,
        0.06973767280578613,
        0.021116256713867188,
        0.021691083908081055,
        0.022220849990844727,
        0.021121740341186523,
        0.07068681716918945
    ],
    "prefill_percentiles": {
        "10": 0.02104823589324951,
        "25": 0.02112036943435669,
        "50": 0.02195596694946289,
        "75": 0.025521814823150635,
        "90": 0.06588666439056398
    },
    "avg_decode_latency": 0.01599000559912787,
    "decode_latencies": [
        0.021194034152560763,
        0.014903545379638672,
        0.014266464445326064,
        0.019611517588297527,
        0.014164368311564127,
        0.015155951182047525,
        0.015074729919433594,
        0.014655272165934244,
        0.01805559794108073,
        0.014365116755167643,
        0.014053715599907769,
        0.016379753748575848
    ],
    "decode_percentiles": {
        "10": 0.014174577924940321,
        "25": 0.014340453677707247,
        "50": 0.014989137649536133,
        "75": 0.016798714796702068,
        "90": 0.01945592562357585
    }
}