{
    "avg_prefill_latency": 0.04803995291392008,
    "prefill_latencies": [
        0.04789423942565918,
        0.04712319374084473,
        0.04707455635070801,
        0.04710888862609863,
        0.04756784439086914,
        0.04834175109863281,
        0.04768037796020508,
        0.04787182807922363,
        0.04782986640930176,
        0.05232858657836914,
        0.048277854919433594,
        0.04738044738769531
    ],
    "prefill_percentiles": {
        "10": 0.04711031913757324,
        "25": 0.047316133975982666,
        "50": 0.04775512218475342,
        "75": 0.04799014329910278,
        "90": 0.04833536148071289
    },
    "avg_decode_latency": 0.010857308352435075,
    "decode_latencies": [
        0.0103049808078342,
        0.011018143759833442,
        0.010614156723022461,
        0.011450078752305772,
        0.010714954800075956,
        0.010459952884250216,
        0.010355234146118164,
        0.01140223609076606,
        0.011322498321533203,
        0.011160585615370009,
        0.011077483495076498,
        0.01040739483303494
    ],
    "decode_percentiles": {
        "10": 0.010360450214809842,
        "25": 0.010446813371446397,
        "50": 0.010866549279954698,
        "75": 0.011201063791910808,
        "90": 0.011394262313842773
    }
}