{
    "avg_prefill_latency": 0.06257822116216023,
    "prefill_latencies": [
        0.07633686065673828,
        0.0614011287689209,
        0.06122899055480957,
        0.06174206733703613,
        0.06156516075134277,
        0.06118583679199219,
        0.06127595901489258,
        0.061194419860839844,
        0.061150550842285156,
        0.06109309196472168,
        0.06148409843444824,
        0.06128048896789551
    ],
    "prefill_percentiles": {
        "10": 0.06115407943725586,
        "25": 0.06119227409362793,
        "50": 0.06127822399139404,
        "75": 0.061504364013671875,
        "90": 0.061724376678466794
    },
    "avg_decode_latency": 0.023687967547663936,
    "decode_latencies": [
        0.020092036989000108,
        0.024804804060194228,
        0.020653062396579318,
        0.025418069627549913,
        0.0251517825656467,
        0.0199433167775472,
        0.0260519716474745,
        0.024584611256917317,
        0.0193942387898763,
        0.019457896550496418,
        0.02442532115512424,
        0.03427849875556098
    ],
    "decode_percentiles": {
        "10": 0.019506438573201498,
        "25": 0.02005485693613688,
        "50": 0.02450496620602078,
        "75": 0.025218354331122503,
        "90": 0.025988581445482044
    }
}