{
    "avg_prefill_latency": 0.06171653668085734,
    "prefill_latencies": [
        0.058820486068725586,
        0.05801963806152344,
        0.0684363842010498,
        0.060295820236206055,
        0.05931568145751953,
        0.06112551689147949,
        0.059472084045410156,
        0.05833148956298828,
        0.06257438659667969,
        0.057755231857299805,
        0.05774569511413574,
        0.07870602607727051
    ],
    "prefill_percentiles": {
        "10": 0.05778167247772217,
        "25": 0.05825352668762207,
        "50": 0.059393882751464844,
        "75": 0.06148773431777954,
        "90": 0.06785018444061279
    },
    "avg_decode_latency": 0.02024999150523433,
    "decode_latencies": [
        0.019801484213935003,
        0.016916089587741427,
        0.020382748709784612,
        0.020527574751112197,
        0.032409853405422635,
        0.01986143324110243,
        0.023198710547553167,
        0.017229080200195312,
        0.019979662365383573,
        0.020464473300509982,
        0.015997807184855144,
        0.016230980555216473
    ],
    "decode_percentiles": {
        "10": 0.016299491458468967,
        "25": 0.017150832547081843,
        "50": 0.019920547803243004,
        "75": 0.020480248663160536,
        "90": 0.02293159696790907
    }
}