{
    "avg_prefill_latency": 0.1282762885093689,
    "prefill_latencies": [
        0.14979004859924316,
        0.13267731666564941,
        0.12141633033752441,
        0.12097883224487305,
        0.13232088088989258,
        0.13743805885314941,
        0.12111949920654297,
        0.12120747566223145,
        0.12476587295532227,
        0.12778973579406738,
        0.1275801658630371,
        0.12223124504089355
    ],
    "prefill_percentiles": {
        "10": 0.12112829685211182,
        "25": 0.12136411666870117,
        "50": 0.1261730194091797,
        "75": 0.1324099898338318,
        "90": 0.1369619846343994
    },
    "avg_decode_latency": 0.02963940964804755,
    "decode_latencies": [
        0.026908159255981445,
        0.023310555352105036,
        0.026780207951863606,
        0.025961505042182073,
        0.03575179311964247,
        0.04053356912400988,
        0.026199632220798068,
        0.03219408459133572,
        0.029795408248901367,
        0.030889352162679035,
        0.02950951788160536,
        0.02783913082546658
    ],
    "decode_percentiles": {
        "10": 0.02598531776004367,
        "25": 0.02663506401909722,
        "50": 0.028674324353535972,
        "75": 0.031215535269843206,
        "90": 0.035396022266811794
    }
}