{
    "avg_prefill_latency": 0.1086470087369283,
    "prefill_latencies": [
        0.10935521125793457,
        0.10622024536132812,
        0.10709953308105469,
        0.10856270790100098,
        0.1078193187713623,
        0.10744357109069824,
        0.10625505447387695,
        0.11085939407348633,
        0.11033439636230469,
        0.1094975471496582,
        0.11119961738586426,
        0.10911750793457031
    ],
    "prefill_percentiles": {
        "10": 0.10633950233459473,
        "25": 0.10735756158828735,
        "50": 0.10884010791778564,
        "75": 0.10970675945281982,
        "90": 0.11080689430236816
    },
    "avg_decode_latency": 0.01748535147419682,
    "decode_latencies": [
        0.016499042510986328,
        0.01616970698038737,
        0.016148275799221463,
        0.01621421178181966,
        0.02611019876268175,
        0.01619741651746962,
        0.016100830501980253,
        0.017091698116726346,
        0.016767130957709417,
        0.017302195231119793,
        0.017804914050632052,
        0.01741859647962782
    ],
    "decode_percentiles": {
        "10": 0.016150418917338056,
        "25": 0.01619048913319906,
        "50": 0.016633086734347872,
        "75": 0.0173312955432468,
        "90": 0.01776628229353163
    }
}