{
    "avg_prefill_latency": 0.02143794298171997,
    "prefill_latencies": [
        0.017037630081176758,
        0.016948461532592773,
        0.06359267234802246,
        0.014905452728271484,
        0.015881776809692383,
        0.014808416366577148,
        0.016786813735961914,
        0.016475677490234375,
        0.01863884925842285,
        0.020609140396118164,
        0.0203094482421875,
        0.021260976791381836
    ],
    "prefill_percentiles": {
        "10": 0.015003085136413574,
        "25": 0.016327202320098877,
        "50": 0.016993045806884766,
        "75": 0.020384371280670166,
        "90": 0.02119579315185547
    },
    "avg_decode_latency": 0.01797325081295437,
    "decode_latencies": [
        0.019440730412801106,
        0.014413568708631728,
        0.014313485887315538,
        0.020112090640597872,
        0.01924888292948405,
        0.014637470245361328,
        0.019322845670912,
        0.019480678770277236,
        0.019281334347195096,
        0.02007301648457845,
        0.014920632044474283,
        0.020434273613823786
    ],
    "decode_percentiles": {
        "10": 0.014435958862304688,
        "25": 0.014849841594696045,
        "50": 0.01930209000905355,
        "75": 0.01962876319885254,
        "90": 0.02010818322499593
    }
}