{
    "avg_prefill_latency": 0.037046452363332115,
    "prefill_latencies": [
        0.036673545837402344,
        0.03634953498840332,
        0.04364347457885742,
        0.0363616943359375,
        0.03638052940368652,
        0.03626871109008789,
        0.036397457122802734,
        0.03680610656738281,
        0.03647279739379883,
        0.03622746467590332,
        0.03639554977416992,
        0.036580562591552734
    ],
    "prefill_percentiles": {
        "10": 0.03627679347991943,
        "25": 0.036358654499053955,
        "50": 0.03639650344848633,
        "75": 0.03660380840301514,
        "90": 0.036792850494384764
    },
    "avg_decode_latency": 0.017477856742011178,
    "decode_latencies": [
        0.015556732813517252,
        0.015533473756578233,
        0.017262114418877497,
        0.015312963061862521,
        0.02028934160868327,
        0.015519195132785372,
        0.020221683714124892,
        0.01754707760281033,
        0.016062047746446397,
        0.01956653594970703,
        0.01587775018480089,
        0.02098536491394043
    ],
    "decode_percentiles": {
        "10": 0.015520622995164659,
        "25": 0.015550918049282497,
        "50": 0.01666208108266195,
        "75": 0.019730322890811496,
        "90": 0.020282575819227433
    }
}