{
    "avg_prefill_latency": 0.10006813208262126,
    "prefill_latencies": [
        0.09168100357055664,
        0.09270715713500977,
        0.09279561042785645,
        0.092620849609375,
        0.18206477165222168,
        0.09077000617980957,
        0.09204816818237305,
        0.09337019920349121,
        0.09145236015319824,
        0.09550070762634277,
        0.0928034782409668,
        0.0930032730102539
    ],
    "prefill_percentiles": {
        "10": 0.09147522449493409,
        "25": 0.09195637702941895,
        "50": 0.0927513837814331,
        "75": 0.09309500455856323,
        "90": 0.09528765678405762
    },
    "avg_decode_latency": 0.015726369840127454,
    "decode_latencies": [
        0.01538228988647461,
        0.015300591786702475,
        0.014986700481838651,
        0.01532851325141059,
        0.015246311823527018,
        0.0151670773824056,
        0.015014515982733833,
        0.015003734164767794,
        0.01557702488369412,
        0.016762601004706487,
        0.017802582846747503,
        0.017144494586520724
    ],
    "decode_percentiles": {
        "10": 0.015004812346564398,
        "25": 0.015128937032487657,
        "50": 0.015314552519056533,
        "75": 0.01587341891394721,
        "90": 0.0171063052283393
    }
}