{
    "avg_prefill_latency": 0.09724175930023193,
    "prefill_latencies": [
        0.10141372680664062,
        0.09340691566467285,
        0.10733222961425781,
        0.09369897842407227,
        0.09345054626464844,
        0.09501147270202637,
        0.1074669361114502,
        0.09386873245239258,
        0.0939795970916748,
        0.09798574447631836,
        0.09345245361328125,
        0.09583377838134766
    ],
    "prefill_percentiles": {
        "10": 0.09345073699951172,
        "25": 0.09363734722137451,
        "50": 0.09449553489685059,
        "75": 0.09884274005889893,
        "90": 0.1067403793334961
    },
    "avg_decode_latency": 0.031810734007093645,
    "decode_latencies": [
        0.032081286112467446,
        0.028791692521837022,
        0.0250698725382487,
        0.04073887401156955,
        0.028543949127197266,
        0.042028453614976674,
        0.024567153718736436,
        0.02978356679280599,
        0.03784441947937012,
        0.03671415646870931,
        0.027279059092203777,
        0.02828632460700141
    ],
    "decode_percentiles": {
        "10": 0.02529079119364421,
        "25": 0.028034508228302002,
        "50": 0.029287629657321505,
        "75": 0.03699672222137451,
        "90": 0.04044942855834961
    }
}