{
    "avg_prefill_latency": 0.060160557428995766,
    "prefill_latencies": [
        0.06015610694885254,
        0.05986332893371582,
        0.06058239936828613,
        0.060272932052612305,
        0.060776710510253906,
        0.05919313430786133,
        0.06033754348754883,
        0.05926060676574707,
        0.0604243278503418,
        0.060132741928100586,
        0.06012248992919922,
        0.06080436706542969
    ],
    "prefill_percentiles": {
        "10": 0.05932087898254394,
        "25": 0.06005769968032837,
        "50": 0.06021451950073242,
        "75": 0.06046384572982788,
        "90": 0.06075727939605713
    },
    "avg_decode_latency": 0.012773928818879307,
    "decode_latencies": [
        0.012763102849324545,
        0.01263162824842665,
        0.012655231687757704,
        0.01263790660434299,
        0.012691868676079644,
        0.012691789203219943,
        0.01272008154127333,
        0.012652132246229384,
        0.012727472517225478,
        0.01292811499701606,
        0.013419734107123481,
        0.012768083148532443
    ],
    "decode_percentiles": {
        "10": 0.012639329168531629,
        "25": 0.012654456827375624,
        "50": 0.012705975108676486,
        "75": 0.012764347924126519,
        "90": 0.012912111812167698
    }
}