{
    "avg_prefill_latency": 0.07737642526626587,
    "prefill_latencies": [
        0.07838869094848633,
        0.07745790481567383,
        0.07682490348815918,
        0.0769813060760498,
        0.07681131362915039,
        0.0786890983581543,
        0.0769195556640625,
        0.07718968391418457,
        0.07819557189941406,
        0.07718467712402344,
        0.07664322853088379,
        0.07723116874694824
    ],
    "prefill_percentiles": {
        "10": 0.07681267261505127,
        "25": 0.07689589262008667,
        "50": 0.077187180519104,
        "75": 0.07764232158660889,
        "90": 0.0783693790435791
    },
    "avg_decode_latency": 0.02297958400514391,
    "decode_latencies": [
        0.02157865630255805,
        0.02202627393934462,
        0.02217215961880154,
        0.021150165134006076,
        0.021433512369791668,
        0.02192356851365831,
        0.021818452411227755,
        0.022034512625800237,
        0.022368510564168293,
        0.03313419553968641,
        0.022707144419352215,
        0.023407856623331707
    ],
    "decode_percentiles": {
        "10": 0.021448026763068305,
        "25": 0.02175850338406033,
        "50": 0.022030393282572426,
        "75": 0.022453169027964272,
        "90": 0.02333778540293376
    }
}