{
    "avg_prefill_latency": 0.1503594915072123,
    "prefill_latencies": [
        0.15026545524597168,
        0.1503610610961914,
        0.15043067932128906,
        0.1503150463104248,
        0.15032720565795898,
        0.1504220962524414,
        0.15036725997924805,
        0.15022802352905273,
        0.15031123161315918,
        0.15041828155517578,
        0.1504533290863037,
        0.15041422843933105
    ],
    "prefill_percentiles": {
        "10": 0.15027003288269042,
        "25": 0.1503140926361084,
        "50": 0.15036416053771973,
        "75": 0.1504192352294922,
        "90": 0.1504298210144043
    },
    "avg_decode_latency": 0.016347024175855845,
    "decode_latencies": [
        0.016361527972751193,
        0.01634073257446289,
        0.016327328152126737,
        0.016361660427517362,
        0.016340706083509658,
        0.016332520378960505,
        0.016357898712158203,
        0.016342269049750432,
        0.01633477210998535,
        0.016389793819851346,
        0.016310320960150823,
        0.016364759869045682
    ],
    "decode_percentiles": {
        "10": 0.016327847374810113,
        "25": 0.01633420917722914,
        "50": 0.01634150081210666,
        "75": 0.016361561086442735,
        "90": 0.01636444992489285
    }
}