{
    "avg_prefill_latency": 0.5391017397244772,
    "prefill_latencies": [
        0.539146900177002,
        0.5390622615814209,
        0.5393481254577637,
        0.5392169952392578,
        0.53926682472229,
        0.5391101837158203,
        0.5390524864196777,
        0.539050817489624,
        0.5388333797454834,
        0.5389745235443115,
        0.5389342308044434,
        0.5392241477966309
    ],
    "prefill_percentiles": {
        "10": 0.5389382600784302,
        "25": 0.5390317440032959,
        "50": 0.5390862226486206,
        "75": 0.5392187833786011,
        "90": 0.5392625570297241
    },
    "avg_decode_latency": 0.06793061097462973,
    "decode_latencies": [
        0.06796078681945801,
        0.06797580718994141,
        0.0678717851638794,
        0.06787002086639404,
        0.06786525249481201,
        0.06788620948791504,
        0.0678863763809204,
        0.0681675910949707,
        0.06803276538848876,
        0.06790249347686768,
        0.0678774356842041,
        0.06787080764770508
    ],
    "decode_percentiles": {
        "10": 0.06787009954452515,
        "25": 0.06787154078483582,
        "50": 0.06788629293441772,
        "75": 0.06796454191207886,
        "90": 0.06802706956863402
    }
}