{
    "avg_prefill_latency": 0.2659088770548503,
    "prefill_latencies": [
        0.2659316062927246,
        0.2657179832458496,
        0.2660329341888428,
        0.2657618522644043,
        0.2658052444458008,
        0.2658519744873047,
        0.2658843994140625,
        0.2659876346588135,
        0.26593542098999023,
        0.2659480571746826,
        0.26607370376586914,
        0.2659757137298584
    ],
    "prefill_percentiles": {
        "10": 0.26576619148254393,
        "25": 0.2658402919769287,
        "50": 0.2659335136413574,
        "75": 0.26597869396209717,
        "90": 0.26602840423583984
    },
    "avg_decode_latency": 0.015653155468128347,
    "decode_latencies": [
        0.015690962473551433,
        0.01577803823682997,
        0.01571239365471734,
        0.015660206476847332,
        0.015583250257703993,
        0.01549832026163737,
        0.015549182891845703,
        0.015486505296495225,
        0.015623675452338325,
        0.015490267011854384,
        0.015835576587253146,
        0.01592948701646593
    ],
    "decode_percentiles": {
        "10": 0.015491072336832683,
        "25": 0.01553646723429362,
        "50": 0.01564194096459283,
        "75": 0.015728804800245497,
        "90": 0.01582982275221083
    }
}