{
    "avg_prefill_latency": 0.48853596051534015,
    "prefill_latencies": [
        0.488311767578125,
        0.4885995388031006,
        0.48887062072753906,
        0.488692045211792,
        0.48862433433532715,
        0.48853135108947754,
        0.48794078826904297,
        0.4886620044708252,
        0.48872995376586914,
        0.4886753559112549,
        0.48842406272888184,
        0.4883697032928467
    ],
    "prefill_percentiles": {
        "10": 0.4883175611495972,
        "25": 0.48841047286987305,
        "50": 0.48861193656921387,
        "75": 0.48867952823638916,
        "90": 0.48872616291046145
    },
    "avg_decode_latency": 0.01625679819672196,
    "decode_latencies": [
        0.016276995340983074,
        0.01629940668741862,
        0.016627258724636503,
        0.016264677047729492,
        0.016306082407633465,
        0.016255643632676866,
        0.016144540574815538,
        0.016149785783555772,
        0.01622221204969618,
        0.01616350809733073,
        0.01620377434624566,
        0.016167693667941622
    ],
    "decode_percentiles": {
        "10": 0.01615115801493327,
        "25": 0.0161666472752889,
        "50": 0.016238927841186523,
        "75": 0.01628259817759196,
        "90": 0.01630541483561198
    }
}