{
    "avg_prefill_latency": 0.09954609473546346,
    "prefill_latencies": [
        0.09965729713439941,
        0.09959077835083008,
        0.09942913055419922,
        0.09932088851928711,
        0.09986209869384766,
        0.0995635986328125,
        0.09927725791931152,
        0.09985923767089844,
        0.0993185043334961,
        0.0995485782623291,
        0.09968161582946777,
        0.09944415092468262
    ],
    "prefill_percentiles": {
        "10": 0.0993187427520752,
        "25": 0.09940207004547119,
        "50": 0.0995560884475708,
        "75": 0.0996633768081665,
        "90": 0.09984147548675537
    },
    "avg_decode_latency": 0.016759201332374855,
    "decode_latencies": [
        0.016421609454684787,
        0.01707315444946289,
        0.01649634043375651,
        0.016805648803710938,
        0.01697736316257053,
        0.017362356185913086,
        0.016709195242987737,
        0.01677327685885959,
        0.01672212282816569,
        0.01656998528374566,
        0.01656272676255968,
        0.016636636522081163
    ],
    "decode_percentiles": {
        "10": 0.01650297906663683,
        "25": 0.016568170653449166,
        "50": 0.016715659035576716,
        "75": 0.016848577393425837,
        "90": 0.017063575320773655
    }
}