{
    "avg_prefill_latency": 0.16926658153533936,
    "prefill_latencies": [
        0.15716004371643066,
        0.15712833404541016,
        0.15717291831970215,
        0.15717363357543945,
        0.1570737361907959,
        0.15732932090759277,
        0.15714025497436523,
        0.15725350379943848,
        0.1571667194366455,
        0.15720772743225098,
        0.3019418716430664,
        0.15745091438293457
    ],
    "prefill_percentiles": {
        "10": 0.15712952613830566,
        "25": 0.1571550965309143,
        "50": 0.1571732759475708,
        "75": 0.15727245807647705,
        "90": 0.1574387550354004
    },
    "avg_decode_latency": 0.029644297228919137,
    "decode_latencies": [
        0.029598236083984375,
        0.029588434431287978,
        0.029596328735351562,
        0.029574897554185655,
        0.02955696317884657,
        0.0296170711517334,
        0.02960975964864095,
        0.02971617380777995,
        0.029675086339314777,
        0.029745976130167644,
        0.029798163308037653,
        0.02965447637769911
    ],
    "decode_percentiles": {
        "10": 0.029576251241895887,
        "25": 0.029594355159335665,
        "50": 0.029613415400187172,
        "75": 0.02968535820643107,
        "90": 0.029742995897928875
    }
}