{
    "avg_prefill_latency": 0.015097538630167643,
    "prefill_latencies": [
        0.015156030654907227,
        0.015120983123779297,
        0.015258550643920898,
        0.015069246292114258,
        0.015039682388305664,
        0.015042543411254883,
        0.015027999877929688,
        0.015094280242919922,
        0.015123128890991211,
        0.015020132064819336,
        0.015162229537963867,
        0.015055656433105469
    ],
    "prefill_percentiles": {
        "10": 0.015029168128967286,
        "25": 0.015041828155517578,
        "50": 0.01508176326751709,
        "75": 0.015131354331970215,
        "90": 0.015161609649658203
    },
    "avg_decode_latency": 0.016634192731645372,
    "decode_latencies": [
        0.016588555441962347,
        0.01663337813483344,
        0.016888327068752713,
        0.01662113931443956,
        0.01659430397881402,
        0.01662513944837782,
        0.016629775365193684,
        0.01659380065070258,
        0.01661425166659885,
        0.016609668731689453,
        0.016595416598849826,
        0.016616556379530165
    ],
    "decode_percentiles": {
        "10": 0.016593850983513726,
        "25": 0.016595138443840876,
        "50": 0.01661540402306451,
        "75": 0.016626298427581787,
        "90": 0.016633017857869466
    }
}