{
    "avg_prefill_latency": 0.40452349185943604,
    "prefill_latencies": [
        0.3968527317047119,
        0.3965878486633301,
        0.3966033458709717,
        0.39708852767944336,
        0.3972504138946533,
        0.39726710319519043,
        0.4885096549987793,
        0.3964099884033203,
        0.3970520496368408,
        0.39655351638793945,
        0.39644455909729004,
        0.3976621627807617
    ],
    "prefill_percentiles": {
        "10": 0.39645545482635497,
        "25": 0.3965792655944824,
        "50": 0.39695239067077637,
        "75": 0.3972545862197876,
        "90": 0.3976226568222046
    },
    "avg_decode_latency": 0.053063668586589674,
    "decode_latencies": [
        0.05132807625664605,
        0.051338407728407115,
        0.062317106458875865,
        0.05120645629035102,
        0.05248374409145779,
        0.051249292161729604,
        0.051190164354112416,
        0.051180760065714516,
        0.05114608340793186,
        0.060586902830335826,
        0.051351308822631836,
        0.051385720570882164
    ],
    "decode_percentiles": {
        "10": 0.051181700494554304,
        "25": 0.05120238330629137,
        "50": 0.05133324199252658,
        "75": 0.05166022645102607,
        "90": 0.059776586956448025
    }
}