{
    "avg_prefill_latency": 0.14434627691904703,
    "prefill_latencies": [
        0.14434814453125,
        0.14440274238586426,
        0.14441704750061035,
        0.14424538612365723,
        0.14434242248535156,
        0.14437150955200195,
        0.14441204071044922,
        0.14434003829956055,
        0.1443793773651123,
        0.14437031745910645,
        0.14415621757507324,
        0.14437007904052734
    ],
    "prefill_percentiles": {
        "10": 0.14425485134124755,
        "25": 0.1443418264389038,
        "50": 0.1443701982498169,
        "75": 0.1443852186203003,
        "90": 0.14441111087799072
    },
    "avg_decode_latency": 0.016843382959012634,
    "decode_latencies": [
        0.016944461398654513,
        0.01681934462653266,
        0.016834364997016057,
        0.016820669174194336,
        0.01681706640455458,
        0.01695121659172906,
        0.01681860287984212,
        0.016814311345418293,
        0.016824351416693792,
        0.016840881771511503,
        0.016809489991929796,
        0.01682583491007487
    ],
    "decode_percentiles": {
        "10": 0.01681458685133192,
        "25": 0.016818218761020236,
        "50": 0.016822510295444064,
        "75": 0.01683599419063992,
        "90": 0.016934103435940213
    }
}