{
    "avg_prefill_latency": 0.044027249018351235,
    "prefill_latencies": [
        0.043909549713134766,
        0.04390859603881836,
        0.04393649101257324,
        0.04394960403442383,
        0.043974876403808594,
        0.044028282165527344,
        0.04407072067260742,
        0.04409050941467285,
        0.04411816596984863,
        0.04411005973815918,
        0.04410862922668457,
        0.044121503829956055
    ],
    "prefill_percentiles": {
        "10": 0.04391224384307861,
        "25": 0.04394632577896118,
        "50": 0.04404950141906738,
        "75": 0.04410898685455322,
        "90": 0.04411735534667969
    },
    "avg_decode_latency": 0.016183956905647563,
    "decode_latencies": [
        0.016194396548800997,
        0.01618671417236328,
        0.016187402937147353,
        0.01617818408542209,
        0.016177150938245986,
        0.016179773542616103,
        0.016171190473768447,
        0.016180223888821073,
        0.016173574659559462,
        0.01617076661851671,
        0.016169150670369465,
        0.016238954332139757
    ],
    "decode_percentiles": {
        "10": 0.016170809004041883,
        "25": 0.01617297861311171,
        "50": 0.0161789788140191,
        "75": 0.0161868863635593,
        "90": 0.016193697187635633
    }
}