{
    "avg_prefill_latency": 0.5401357213656107,
    "prefill_latencies": [
        0.529881477355957,
        0.5296571254730225,
        0.5299272537231445,
        0.529888391494751,
        0.5296096801757812,
        0.5303206443786621,
        0.5301523208618164,
        0.6521456241607666,
        0.5299665927886963,
        0.5295548439025879,
        0.5299243927001953,
        0.5306003093719482
    ],
    "prefill_percentiles": {
        "10": 0.5296144247055053,
        "25": 0.5298253893852234,
        "50": 0.5299258232116699,
        "75": 0.5301944017410278,
        "90": 0.5305723428726197
    },
    "avg_decode_latency": 0.04564106265703837,
    "decode_latencies": [
        0.05603024959564209,
        0.04454195499420166,
        0.04435560703277588,
        0.04434401988983154,
        0.04443459510803223,
        0.044479537010192874,
        0.04509501457214356,
        0.044949579238891604,
        0.04517130851745606,
        0.04441170692443848,
        0.0448383092880249,
        0.04504086971282959
    ],
    "decode_percentiles": {
        "10": 0.04436121702194214,
        "25": 0.04442887306213379,
        "50": 0.04469013214111328,
        "75": 0.04505440592765808,
        "90": 0.04516367912292481
    }
}