{
    "avg_prefill_latency": 0.5299805204073588,
    "prefill_latencies": [
        0.5297446250915527,
        0.5297446250915527,
        0.5298442840576172,
        0.530132532119751,
        0.5300264358520508,
        0.5298843383789062,
        0.5297985076904297,
        0.5296039581298828,
        0.5303800106048584,
        0.5298669338226318,
        0.5305216312408447,
        0.5302183628082275
    ],
    "prefill_percentiles": {
        "10": 0.5297446250915527,
        "25": 0.5297850370407104,
        "50": 0.529875636100769,
        "75": 0.5301539897918701,
        "90": 0.5303638458251954
    },
    "avg_decode_latency": 0.08357674876848857,
    "decode_latencies": [
        0.08109636306762695,
        0.0900360107421875,
        0.08134846687316895,
        0.0812056303024292,
        0.0898367166519165,
        0.08106036186218261,
        0.08146660327911377,
        0.08221418857574463,
        0.08132092952728272,
        0.08115670680999756,
        0.0904611349105835,
        0.0817178726196289
    ],
    "decode_percentiles": {
        "10": 0.08110239744186401,
        "25": 0.08119339942932129,
        "50": 0.08140753507614136,
        "75": 0.08411982059478759,
        "90": 0.0900160813331604
    }
}