{
    "avg_prefill_latency": 0.026110331217447918,
    "prefill_latencies": [
        0.026124238967895508,
        0.02609395980834961,
        0.026103973388671875,
        0.0261077880859375,
        0.026093006134033203,
        0.02609872817993164,
        0.026128053665161133,
        0.02611517906188965,
        0.026128768920898438,
        0.026103973388671875,
        0.026096343994140625,
        0.026129961013793945
    ],
    "prefill_percentiles": {
        "10": 0.02609419822692871,
        "25": 0.026098132133483887,
        "50": 0.026105880737304688,
        "75": 0.026125192642211914,
        "90": 0.026128697395324706
    },
    "avg_decode_latency": 0.016496141751607258,
    "decode_latencies": [
        0.01646974351671007,
        0.0164797306060791,
        0.016586886511908636,
        0.016495704650878906,
        0.016505002975463867,
        0.016499492857191298,
        0.016481876373291016,
        0.016477505366007488,
        0.016501135296291776,
        0.016489638222588435,
        0.01648129357231988,
        0.01648569107055664
    ],
    "decode_percentiles": {
        "10": 0.01647772789001465,
        "25": 0.016480902830759685,
        "50": 0.016487664646572538,
        "75": 0.016499903466966417,
        "90": 0.016504616207546657
    }
}