{
    "avg_prefill_latency": 0.1450502077738444,
    "prefill_latencies": [
        0.14503836631774902,
        0.14519977569580078,
        0.14481067657470703,
        0.14493370056152344,
        0.14500141143798828,
        0.14490890502929688,
        0.14509272575378418,
        0.14490580558776855,
        0.14512014389038086,
        0.14533185958862305,
        0.14524555206298828,
        0.14501357078552246
    ],
    "prefill_percentiles": {
        "10": 0.1449061155319214,
        "25": 0.1449275016784668,
        "50": 0.14502596855163574,
        "75": 0.14514005184173584,
        "90": 0.14524097442626954
    },
    "avg_decode_latency": 0.016093225390822797,
    "decode_latencies": [
        0.016506804360283747,
        0.016035901175604925,
        0.015984164343939886,
        0.016018682056003146,
        0.01620340347290039,
        0.01624494128757053,
        0.015963845782809787,
        0.01594196425543891,
        0.015965832604302302,
        0.015982707341512043,
        0.016207827462090388,
        0.016062630547417536
    ],
    "decode_percentiles": {
        "10": 0.015964044464959037,
        "25": 0.01597848865720961,
        "50": 0.016027291615804035,
        "75": 0.01620450947019789,
        "90": 0.016241229905022515
    }
}