{
    "avg_prefill_latency": 0.015152215957641602,
    "prefill_latencies": [
        0.015288591384887695,
        0.015336275100708008,
        0.015470027923583984,
        0.015128374099731445,
        0.015177249908447266,
        0.015095233917236328,
        0.01541590690612793,
        0.014764070510864258,
        0.015187263488769531,
        0.014978408813476562,
        0.01492929458618164,
        0.01505589485168457
    ],
    "prefill_percentiles": {
        "10": 0.014934206008911132,
        "25": 0.015036523342132568,
        "50": 0.015152812004089355,
        "75": 0.015300512313842773,
        "90": 0.015407943725585937
    },
    "avg_decode_latency": 0.01609379494631732,
    "decode_latencies": [
        0.016099956300523546,
        0.01605391502380371,
        0.016309367285834417,
        0.01604408688015408,
        0.016087770462036133,
        0.016068220138549805,
        0.01605865690443251,
        0.016063319312201604,
        0.01612740092807346,
        0.016061200035942927,
        0.016074180603027344,
        0.0160774654812283
    ],
    "decode_percentiles": {
        "10": 0.016054389211866592,
        "25": 0.01606056425306532,
        "50": 0.016071200370788574,
        "75": 0.016090816921657987,
        "90": 0.01612465646531847
    }
}