{
    "avg_prefill_latency": 0.4340461889902751,
    "prefill_latencies": [
        0.4231545925140381,
        0.42290687561035156,
        0.4230661392211914,
        0.42301058769226074,
        0.42333483695983887,
        0.5545570850372314,
        0.4239218235015869,
        0.4227879047393799,
        0.422776460647583,
        0.42338085174560547,
        0.42293667793273926,
        0.42272043228149414
    ],
    "prefill_percentiles": {
        "10": 0.4227776050567627,
        "25": 0.42287713289260864,
        "50": 0.4230383634567261,
        "75": 0.4233463406562805,
        "90": 0.4238677263259888
    },
    "avg_decode_latency": 0.03225290333783185,
    "decode_latencies": [
        0.032011297014024526,
        0.03213593694898817,
        0.032668855455186635,
        0.03267653783162435,
        0.032447497049967446,
        0.03257581922743055,
        0.03195434146457248,
        0.032033284505208336,
        0.032233635584513344,
        0.032262166341145836,
        0.03205513954162598,
        0.03198032908969455
    ],
    "decode_percentiles": {
        "10": 0.03198342588212755,
        "25": 0.03202778763241238,
        "50": 0.03218478626675075,
        "75": 0.032479577594333224,
        "90": 0.032659551832411024
    }
}