{
    "avg_prefill_latency": 0.07705181837081909,
    "prefill_latencies": [
        0.07688212394714355,
        0.07699394226074219,
        0.07704663276672363,
        0.07710862159729004,
        0.07737612724304199,
        0.07728338241577148,
        0.0771028995513916,
        0.07732892036437988,
        0.0769195556640625,
        0.07690310478210449,
        0.07681965827941895,
        0.07685685157775879
    ],
    "prefill_percentiles": {
        "10": 0.07685937881469726,
        "25": 0.07689785957336426,
        "50": 0.07702028751373291,
        "75": 0.0771523118019104,
        "90": 0.07732436656951905
    },
    "avg_decode_latency": 0.01523037309999819,
    "decode_latencies": [
        0.015558030870225694,
        0.015527195400661893,
        0.01559742291768392,
        0.015117353863186307,
        0.014912234412299262,
        0.01506185531616211,
        0.015029615826076932,
        0.015411138534545898,
        0.015102333492702909,
        0.015029112497965494,
        0.015374263127644857,
        0.015043920940823026
    ],
    "decode_percentiles": {
        "10": 0.015029162830776639,
        "25": 0.015040344662136503,
        "50": 0.015109843677944608,
        "75": 0.015440152751074897,
        "90": 0.015554947323269314
    }
}