{
    "avg_prefill_latency": 0.3866557876269023,
    "prefill_latencies": [
        0.38648223876953125,
        0.386340856552124,
        0.3866598606109619,
        0.38660383224487305,
        0.38674068450927734,
        0.38672733306884766,
        0.3868091106414795,
        0.3865940570831299,
        0.38644981384277344,
        0.38718461990356445,
        0.3867769241333008,
        0.38650012016296387
    ],
    "prefill_percentiles": {
        "10": 0.38645305633544924,
        "25": 0.3864956498146057,
        "50": 0.3866318464279175,
        "75": 0.3867497444152832,
        "90": 0.3868058919906616
    },
    "avg_decode_latency": 0.03174611153425994,
    "decode_latencies": [
        0.030942969852023654,
        0.030924214257134333,
        0.030889166726006403,
        0.03094066513909234,
        0.030928187900119357,
        0.031011475457085505,
        0.030855655670166016,
        0.040599293178982206,
        0.03098683887057834,
        0.030965990490383573,
        0.03095168537563748,
        0.030957195493910048
    ],
    "decode_percentiles": {
        "10": 0.030892671479119196,
        "25": 0.030927194489373103,
        "50": 0.030947327613830566,
        "75": 0.030971202585432265,
        "90": 0.03100901179843479
    }
}