{
    "avg_prefill_latency": 0.6014511585235596,
    "prefill_latencies": [
        0.6013014316558838,
        0.6016130447387695,
        0.6014137268066406,
        0.6011960506439209,
        0.6013331413269043,
        0.6015791893005371,
        0.6016168594360352,
        0.6017401218414307,
        0.6016843318939209,
        0.6013166904449463,
        0.6014089584350586,
        0.601210355758667
    ],
    "prefill_percentiles": {
        "10": 0.6012194633483887,
        "25": 0.6013128757476807,
        "50": 0.6014113426208496,
        "75": 0.6016139984130859,
        "90": 0.6016775846481324
    },
    "avg_decode_latency": 0.0003606081008911133,
    "decode_latencies": [
        0.0003590583801269531,
        0.0003552436828613281,
        0.00035691261291503906,
        0.0003495216369628906,
        0.0003616809844970703,
        0.0003600120544433594,
        0.0003540515899658203,
        0.0003638267517089844,
        0.0003685951232910156,
        0.000362396240234375,
        0.0003662109375,
        0.00036978721618652344
    ],
    "decode_percentiles": {
        "10": 0.0003541707992553711,
        "25": 0.00035649538040161133,
        "50": 0.00036084651947021484,
        "75": 0.0003644227981567383,
        "90": 0.00036835670471191406
    }
}