{
    "avg_prefill_latency": 0.5227877497673035,
    "prefill_latencies": [
        0.5227007865905762,
        0.5232069492340088,
        0.5225329399108887,
        0.522601842880249,
        0.5225627422332764,
        0.5224618911743164,
        0.5226397514343262,
        0.5225038528442383,
        0.5226936340332031,
        0.5240299701690674,
        0.5226700305938721,
        0.5228486061096191
    ],
    "prefill_percentiles": {
        "10": 0.5225067615509034,
        "25": 0.5225552916526794,
        "50": 0.5226548910140991,
        "75": 0.5227377414703369,
        "90": 0.5231711149215699
    },
    "avg_decode_latency": 0.04356239438056947,
    "decode_latencies": [
        0.042495131492614746,
        0.04247086048126221,
        0.04248495101928711,
        0.04222991466522217,
        0.04224565029144287,
        0.04219632148742676,
        0.04219543933868408,
        0.04270179271697998,
        0.04293766021728516,
        0.042313766479492185,
        0.05625326633453369,
        0.04222397804260254
    ],
    "decode_percentiles": {
        "10": 0.04219908714294434,
        "25": 0.04222843050956726,
        "50": 0.0423923134803772,
        "75": 0.04254679679870606,
        "90": 0.04291407346725464
    }
}