{
    "avg_prefill_latency": 0.1440205772717794,
    "prefill_latencies": [
        0.1440410614013672,
        0.14413142204284668,
        0.14409780502319336,
        0.1441202163696289,
        0.14399194717407227,
        0.1439666748046875,
        0.1440129280090332,
        0.144073486328125,
        0.14408159255981445,
        0.14385461807250977,
        0.14381146430969238,
        0.14406371116638184
    ],
    "prefill_percentiles": {
        "10": 0.14386582374572754,
        "25": 0.14398562908172607,
        "50": 0.1440523862838745,
        "75": 0.14408564567565918,
        "90": 0.14411797523498535
    },
    "avg_decode_latency": 0.014951156245337592,
    "decode_latencies": [
        0.014933612611558702,
        0.014906379911634658,
        0.014954540464613173,
        0.014955335193210177,
        0.014912393358018663,
        0.015241437488132052,
        0.014885875913831923,
        0.01487437884012858,
        0.014866193135579428,
        0.015009747611151801,
        0.01489461792839898,
        0.014979362487792969
    ],
    "decode_percentiles": {
        "10": 0.014875528547498915,
        "25": 0.014892432424757216,
        "50": 0.014923002984788682,
        "75": 0.014961342016855875,
        "90": 0.015006709098815919
    }
}