{
    "avg_prefill_latency": 0.5227255821228027,
    "prefill_latencies": [
        0.522357702255249,
        0.5233392715454102,
        0.5227675437927246,
        0.522777795791626,
        0.5230975151062012,
        0.5225932598114014,
        0.5225479602813721,
        0.5230448246002197,
        0.5222783088684082,
        0.5223538875579834,
        0.5225234031677246,
        0.5230255126953125
    ],
    "prefill_percentiles": {
        "10": 0.52235426902771,
        "25": 0.5224819779396057,
        "50": 0.522680401802063,
        "75": 0.5230303406715393,
        "90": 0.523092246055603
    },
    "avg_decode_latency": 0.07703197797139485,
    "decode_latencies": [
        0.07590575218200683,
        0.07584023475646973,
        0.07579355239868164,
        0.075797438621521,
        0.07610044479370118,
        0.07616951465606689,
        0.07596008777618408,
        0.07587008476257324,
        0.07582805156707764,
        0.08946616649627685,
        0.07581582069396972,
        0.07583658695220948
    ],
    "decode_percentiles": {
        "10": 0.07579927682876587,
        "25": 0.07582499384880066,
        "50": 0.07585515975952148,
        "75": 0.07599517703056335,
        "90": 0.07616260766983032
    }
}