{
    "avg_prefill_latency": 0.5225412448247274,
    "prefill_latencies": [
        0.5225181579589844,
        0.5223212242126465,
        0.5225334167480469,
        0.5224266052246094,
        0.5225205421447754,
        0.5226843357086182,
        0.5224201679229736,
        0.5226864814758301,
        0.5227499008178711,
        0.5225405693054199,
        0.5223779678344727,
        0.5227155685424805
    ],
    "prefill_percentiles": {
        "10": 0.5223821878433228,
        "25": 0.5224249958992004,
        "50": 0.5225269794464111,
        "75": 0.5226848721504211,
        "90": 0.5227126598358154
    },
    "avg_decode_latency": 0.05119525790214538,
    "decode_latencies": [
        0.05006003379821777,
        0.05035679340362549,
        0.050313043594360354,
        0.05023610591888428,
        0.050234293937683104,
        0.06008832454681397,
        0.05012519359588623,
        0.05022385120391846,
        0.05136351585388184,
        0.05028731822967529,
        0.050199699401855466,
        0.05085492134094238
    ],
    "decode_percentiles": {
        "10": 0.05013264417648315,
        "25": 0.05021781325340271,
        "50": 0.050261712074279784,
        "75": 0.05048132538795472,
        "90": 0.05131265640258789
    }
}