{
    "avg_prefill_latency": 0.2546181281407674,
    "prefill_latencies": [
        0.2547011375427246,
        0.25473666191101074,
        0.2546107769012451,
        0.25464677810668945,
        0.25460076332092285,
        0.25454187393188477,
        0.2544271945953369,
        0.2546215057373047,
        0.254483699798584,
        0.25492095947265625,
        0.25450754165649414,
        0.25461864471435547
    ],
    "prefill_percentiles": {
        "10": 0.254486083984375,
        "25": 0.2545332908630371,
        "50": 0.2546147108078003,
        "75": 0.25466036796569824,
        "90": 0.25473310947418215
    },
    "avg_decode_latency": 0.01582033987398501,
    "decode_latencies": [
        0.016100327173868816,
        0.015784634484185114,
        0.015793350007798936,
        0.01579729715983073,
        0.015808688269721136,
        0.01583091417948405,
        0.01580577426486545,
        0.015740262137518987,
        0.015729665756225586,
        0.01573907004462348,
        0.01575122939215766,
        0.015962865617540147
    ],
    "decode_percentiles": {
        "10": 0.01573918925391303,
        "25": 0.01574848757849799,
        "50": 0.015795323583814833,
        "75": 0.015814244747161865,
        "90": 0.015949670473734537
    }
}