{
    "avg_prefill_latency": 0.0763516624768575,
    "prefill_latencies": [
        0.07641482353210449,
        0.07660746574401855,
        0.07658100128173828,
        0.07641148567199707,
        0.07642316818237305,
        0.07645773887634277,
        0.07635664939880371,
        0.07632637023925781,
        0.07622265815734863,
        0.07620000839233398,
        0.07612466812133789,
        0.07609391212463379
    ],
    "prefill_percentiles": {
        "10": 0.0761322021484375,
        "25": 0.07621699571609497,
        "50": 0.07638406753540039,
        "75": 0.07643181085586548,
        "90": 0.07656867504119873
    },
    "avg_decode_latency": 0.014975055500313085,
    "decode_latencies": [
        0.01563276184929742,
        0.015142599741617838,
        0.015170998043484159,
        0.015041563245985243,
        0.01477299796210395,
        0.015010224448310005,
        0.015146070056491427,
        0.014873027801513672,
        0.014811462826199003,
        0.014687962002224393,
        0.014685180452134874,
        0.014725817574395074
    ],
    "decode_percentiles": {
        "10": 0.014691747559441462,
        "25": 0.01476120286517673,
        "50": 0.014941626124911837,
        "75": 0.015143467320336236,
        "90": 0.015168505244784886
    }
}