{
    "avg_prefill_latency": 0.2786678075790405,
    "prefill_latencies": [
        0.27747225761413574,
        0.2793147563934326,
        0.2786445617675781,
        0.2797534465789795,
        0.2788374423980713,
        0.27846503257751465,
        0.27779507637023926,
        0.2789607048034668,
        0.2784252166748047,
        0.27797722816467285,
        0.27947545051574707,
        0.27889251708984375
    ],
    "prefill_percentiles": {
        "10": 0.2778132915496826,
        "25": 0.27831321954727173,
        "50": 0.2787410020828247,
        "75": 0.27904921770095825,
        "90": 0.27945938110351565
    },
    "avg_decode_latency": 0.03533860930690059,
    "decode_latencies": [
        0.03552873929341634,
        0.035679472817315,
        0.03536375363667806,
        0.03579391373528375,
        0.03535085254245334,
        0.03461917241414388,
        0.03661666976081,
        0.03514202435811361,
        0.03464084201388889,
        0.034767707188924156,
        0.03524433241950141,
        0.03531583150227865
    ],
    "decode_percentiles": {
        "10": 0.03465352853139241,
        "25": 0.035048445065816246,
        "50": 0.035333342022365995,
        "75": 0.03556642267439101,
        "90": 0.03578246964348687
    }
}