{
    "avg_prefill_latency": 0.8332950472831726,
    "prefill_latencies": [
        0.8316254615783691,
        0.8304758071899414,
        0.8298757076263428,
        0.8315844535827637,
        0.8334245681762695,
        0.8287417888641357,
        0.8407742977142334,
        0.8308663368225098,
        0.8300657272338867,
        0.835594654083252,
        0.8342692852020264,
        0.8422424793243408
    ],
    "prefill_percentiles": {
        "10": 0.8298947095870972,
        "25": 0.8303732872009277,
        "50": 0.8316049575805664,
        "75": 0.8346006274223328,
        "90": 0.8402563333511353
    },
    "avg_decode_latency": 0.03898403379652235,
    "decode_latencies": [
        0.029150009155273438,
        0.02883524364895291,
        0.029066218270195857,
        0.028969155417548284,
        0.029628753662109375,
        0.10860255029466417,
        0.03045866224500868,
        0.029018534554375544,
        0.029357804192437068,
        0.029927571614583332,
        0.06392055087619358,
        0.030873351626925997
    ],
    "decode_percentiles": {
        "10": 0.02897409333123101,
        "25": 0.02905429734124078,
        "50": 0.02949327892727322,
        "75": 0.03056233459048801,
        "90": 0.06061583095126684
    }
}