{
    "avg_prefill_latency": 0.060619473457336426,
    "prefill_latencies": [
        0.05808305740356445,
        0.05986499786376953,
        0.05975198745727539,
        0.059214115142822266,
        0.05915641784667969,
        0.059121131896972656,
        0.07510900497436523,
        0.05927777290344238,
        0.059572458267211914,
        0.05943107604980469,
        0.059270381927490234,
        0.05958127975463867
    ],
    "prefill_percentiles": {
        "10": 0.05912466049194336,
        "25": 0.05919969081878662,
        "50": 0.059354424476623535,
        "75": 0.05962395668029785,
        "90": 0.05985369682312012
    },
    "avg_decode_latency": 0.03514442841211955,
    "decode_latencies": [
        0.03561851713392469,
        0.036228020985921226,
        0.03350769148932563,
        0.033672703637017146,
        0.03348912133110894,
        0.039911879433525935,
        0.04015710618760851,
        0.03354244761996799,
        0.033818059497409396,
        0.03386312060885959,
        0.033823119269476995,
        0.03410135375128852
    ],
    "decode_percentiles": {
        "10": 0.03351116710238986,
        "25": 0.033640139632754855,
        "50": 0.03384311993916829,
        "75": 0.03577089309692383,
        "90": 0.039543493588765466
    }
}