{
    "avg_prefill_latency": 0.14348538716634116,
    "prefill_latencies": [
        0.14092111587524414,
        0.14156579971313477,
        0.1406993865966797,
        0.16900324821472168,
        0.14103412628173828,
        0.14200234413146973,
        0.1416318416595459,
        0.1418163776397705,
        0.14038467407226562,
        0.142167329788208,
        0.14023709297180176,
        0.14036130905151367
    ],
    "prefill_percentiles": {
        "10": 0.14036364555358888,
        "25": 0.14062070846557617,
        "50": 0.14129996299743652,
        "75": 0.1418628692626953,
        "90": 0.1421508312225342
    },
    "avg_decode_latency": 0.033840676148732506,
    "decode_latencies": [
        0.04207640224032932,
        0.030562321345011394,
        0.04076631863911947,
        0.04017461670769586,
        0.03264607323540582,
        0.03588694996303982,
        0.03019502427842882,
        0.03009221288892958,
        0.030300007926093206,
        0.030007335874769423,
        0.03039129575093587,
        0.032989554935031466
    ],
    "decode_percentiles": {
        "10": 0.030102494027879505,
        "25": 0.03027376201417711,
        "50": 0.03160419729020861,
        "75": 0.03695886664920383,
        "90": 0.04070714844597711
    }
}