{
    "avg_prefill_latency": 0.08347441752751668,
    "prefill_latencies": [
        0.08256649971008301,
        0.08283114433288574,
        0.0828254222869873,
        0.0832979679107666,
        0.08252382278442383,
        0.08314776420593262,
        0.08290624618530273,
        0.0830988883972168,
        0.08755183219909668,
        0.0831148624420166,
        0.08450150489807129,
        0.08332705497741699
    ],
    "prefill_percentiles": {
        "10": 0.08259239196777343,
        "25": 0.08282971382141113,
        "50": 0.0831068754196167,
        "75": 0.0833052396774292,
        "90": 0.08438405990600586
    },
    "avg_decode_latency": 0.028752455004939326,
    "decode_latencies": [
        0.02760036786397298,
        0.02767483393351237,
        0.02790106667412652,
        0.027399990293714736,
        0.027327405081854925,
        0.02815026707119412,
        0.027504973941379122,
        0.03524070315890842,
        0.028492424223158095,
        0.03072434001498752,
        0.028117232852511935,
        0.028895854949951172
    ],
    "decode_percentiles": {
        "10": 0.027410488658481176,
        "25": 0.027576519383324515,
        "50": 0.028009149763319228,
        "75": 0.028593281904856365,
        "90": 0.030541491508483887
    }
}