{
    "avg_prefill_latency": 0.05554014444351196,
    "prefill_latencies": [
        0.05550670623779297,
        0.0513913631439209,
        0.05613374710083008,
        0.05640125274658203,
        0.05594015121459961,
        0.056189537048339844,
        0.05567526817321777,
        0.055587053298950195,
        0.05581831932067871,
        0.05589127540588379,
        0.05636119842529297,
        0.05558586120605469
    ],
    "prefill_percentiles": {
        "10": 0.05551462173461914,
        "25": 0.05558675527572632,
        "50": 0.05585479736328125,
        "75": 0.05614769458770752,
        "90": 0.056344032287597656
    },
    "avg_decode_latency": 0.03636576290483828,
    "decode_latencies": [
        0.03321592013041178,
        0.036661227544148765,
        0.03660919931199816,
        0.03656326399909125,
        0.036635239919026695,
        0.03686112827724881,
        0.03666819466484918,
        0.03663131925794813,
        0.036810583538479276,
        0.036640034781561956,
        0.03665571742587619,
        0.03643732600741916
    ],
    "decode_percentiles": {
        "10": 0.03644991980658637,
        "25": 0.03659771548377143,
        "50": 0.03663763735029432,
        "75": 0.03666296932432387,
        "90": 0.03679634465111627
    }
}