{
    "avg_prefill_latency": 0.287971297899882,
    "prefill_latencies": [
        0.2881183624267578,
        0.28826141357421875,
        0.2878987789154053,
        0.28778839111328125,
        0.28743553161621094,
        0.2874486446380615,
        0.2878406047821045,
        0.2873702049255371,
        0.2878732681274414,
        0.28842997550964355,
        0.2881431579589844,
        0.2890472412109375
    ],
    "prefill_percentiles": {
        "10": 0.287436842918396,
        "25": 0.2877034544944763,
        "50": 0.28788602352142334,
        "75": 0.28817272186279297,
        "90": 0.2884131193161011
    },
    "avg_decode_latency": 0.03176052702797784,
    "decode_latencies": [
        0.029628064897325303,
        0.02957969241672092,
        0.028780990176730685,
        0.029833979076809354,
        0.028896755642361112,
        0.029547188017103408,
        0.029194699393378362,
        0.03038718965318468,
        0.05367106861538357,
        0.029984341727362737,
        0.030314789877997503,
        0.03130756484137641
    ],
    "decode_percentiles": {
        "10": 0.028926550017462836,
        "25": 0.029459065861172147,
        "50": 0.029731021987067327,
        "75": 0.030332889821794298,
        "90": 0.031215527322557238
    }
}