{
    "avg_prefill_latency": 0.05481177568435669,
    "prefill_latencies": [
        0.05898332595825195,
        0.053132057189941406,
        0.052123308181762695,
        0.05263400077819824,
        0.0518949031829834,
        0.05102705955505371,
        0.0525209903717041,
        0.06078338623046875,
        0.05975008010864258,
        0.05774712562561035,
        0.054383277893066406,
        0.05276179313659668
    ],
    "prefill_percentiles": {
        "10": 0.051917743682861325,
        "25": 0.05242156982421875,
        "50": 0.05294692516326904,
        "75": 0.05805617570877075,
        "90": 0.059673404693603514
    },
    "avg_decode_latency": 0.029980372499536587,
    "decode_latencies": [
        0.02921385235256619,
        0.02938357988993327,
        0.028702418009440105,
        0.028855323791503906,
        0.02904187308417426,
        0.028403520584106445,
        0.029857741461859807,
        0.033396641413370766,
        0.033569124009874135,
        0.029805766211615667,
        0.02982791264851888,
        0.029706716537475586
    ],
    "decode_percentiles": {
        "10": 0.028717708587646485,
        "25": 0.028995235761006672,
        "50": 0.02954514821370443,
        "75": 0.029835369851854112,
        "90": 0.03304275141821967
    }
}