{
    "avg_prefill_latency": 0.06389592091242473,
    "prefill_latencies": [
        0.06214022636413574,
        0.06412005424499512,
        0.06479692459106445,
        0.06704092025756836,
        0.06401920318603516,
        0.06501555442810059,
        0.062436580657958984,
        0.0629425048828125,
        0.06353282928466797,
        0.06449675559997559,
        0.06249880790710449,
        0.06371068954467773
    ],
    "prefill_percentiles": {
        "10": 0.06244280338287354,
        "25": 0.0628315806388855,
        "50": 0.06386494636535645,
        "75": 0.0645717978477478,
        "90": 0.06499369144439697
    },
    "avg_decode_latency": 0.028232203589545354,
    "decode_latencies": [
        0.02893996238708496,
        0.028007030487060547,
        0.02884636984931098,
        0.027997626198662653,
        0.028160280651516385,
        0.02804631657070584,
        0.028077655368381076,
        0.0278576480017768,
        0.0290118588341607,
        0.02762799792819553,
        0.027775234646267362,
        0.028438462151421443
    ],
    "decode_percentiles": {
        "10": 0.027783475981818306,
        "25": 0.02796263164944119,
        "50": 0.028061985969543457,
        "75": 0.028540439075893827,
        "90": 0.028930603133307562
    }
}