{
    "avg_prefill_latency": 0.2133468190828959,
    "prefill_latencies": [
        0.2129373550415039,
        0.21296906471252441,
        0.212813138961792,
        0.213515043258667,
        0.21329402923583984,
        0.21321535110473633,
        0.21454596519470215,
        0.21289515495300293,
        0.2132580280303955,
        0.2132859230041504,
        0.21366310119628906,
        0.21376967430114746
    ],
    "prefill_percentiles": {
        "10": 0.21289937496185302,
        "25": 0.2129611372947693,
        "50": 0.21327197551727295,
        "75": 0.2135520577430725,
        "90": 0.21375901699066163
    },
    "avg_decode_latency": 0.036558056319201435,
    "decode_latencies": [
        0.03514356083340115,
        0.03577065467834473,
        0.03548934724595812,
        0.03560667567782932,
        0.03511150677998861,
        0.03485515382554796,
        0.04101339975992838,
        0.03872113757663303,
        0.03537450896369086,
        0.03591103023952908,
        0.03863411479526096,
        0.037065585454305015
    ],
    "decode_percentiles": {
        "10": 0.03511471218532986,
        "25": 0.035316771931118436,
        "50": 0.035688665178087026,
        "75": 0.037457717789544,
        "90": 0.03871243529849582
    }
}