{
    "avg_prefill_latency": 0.327351172765096,
    "prefill_latencies": [
        0.31133460998535156,
        0.31064414978027344,
        0.506030797958374,
        0.3096933364868164,
        0.3137824535369873,
        0.3109724521636963,
        0.3098421096801758,
        0.3117082118988037,
        0.310305118560791,
        0.31128549575805664,
        0.3123667240142822,
        0.31024861335754395
    ],
    "prefill_percentiles": {
        "10": 0.3098827600479126,
        "25": 0.31029099225997925,
        "50": 0.31112897396087646,
        "75": 0.31187283992767334,
        "90": 0.3136408805847168
    },
    "avg_decode_latency": 0.06575497874507197,
    "decode_latencies": [
        0.06234145164489746,
        0.06065016322665744,
        0.059943834940592446,
        0.061564127604166664,
        0.06442631615532769,
        0.08201342158847386,
        0.06038604842291938,
        0.06126250161064996,
        0.06127468744913737,
        0.08384264840020074,
        0.07163858413696289,
        0.05971595976087782
    ],
    "decode_percentiles": {
        "10": 0.05998805628882514,
        "25": 0.06058413452572293,
        "50": 0.061419407526652016,
        "75": 0.0662293831507365,
        "90": 0.08097593784332276
    }
}