{
    "avg_prefill_latency": 0.13999060789744058,
    "prefill_latencies": [
        0.12250614166259766,
        0.1231224536895752,
        0.12271451950073242,
        0.12348151206970215,
        0.12282133102416992,
        0.1233365535736084,
        0.12254548072814941,
        0.12346482276916504,
        0.3258628845214844,
        0.12336468696594238,
        0.1234891414642334,
        0.12317776679992676
    ],
    "prefill_percentiles": {
        "10": 0.12256238460540772,
        "25": 0.12279462814331055,
        "50": 0.12325716018676758,
        "75": 0.12346899509429932,
        "90": 0.12348837852478027
    },
    "avg_decode_latency": 0.05165669432392827,
    "decode_latencies": [
        0.04933023452758789,
        0.04801257451375326,
        0.048581600189208984,
        0.07161980205112034,
        0.049893193774753146,
        0.048950539694892034,
        0.04839324951171875,
        0.04862319098578559,
        0.05340112580193414,
        0.0514674186706543,
        0.052513837814331055,
        0.04909356435139974
    ],
    "decode_percentiles": {
        "10": 0.04841208457946777,
        "25": 0.048612793286641434,
        "50": 0.04921189943949382,
        "75": 0.051729023456573486,
        "90": 0.05331239700317383
    }
}