{
    "avg_prefill_latency": 0.051267385482788086,
    "prefill_latencies": [
        0.07156848907470703,
        0.049491167068481445,
        0.04867911338806152,
        0.055091142654418945,
        0.04901456832885742,
        0.04903435707092285,
        0.0493311882019043,
        0.04810214042663574,
        0.04879903793334961,
        0.04860115051269531,
        0.04867100715637207,
        0.04882526397705078
    ],
    "prefill_percentiles": {
        "10": 0.048608136177062986,
        "25": 0.04867708683013916,
        "50": 0.0489199161529541,
        "75": 0.049371182918548584,
        "90": 0.0545311450958252
    },
    "avg_decode_latency": 0.03426656016597042,
    "decode_latencies": [
        0.03683137893676758,
        0.03394097752041287,
        0.03386171658833822,
        0.03515179951985677,
        0.03394656711154514,
        0.034320698844061956,
        0.03387533293830024,
        0.033544037077162,
        0.034130493799845375,
        0.03353659311930338,
        0.034170309702555336,
        0.033888816833496094
    ],
    "decode_percentiles": {
        "10": 0.03357580502827962,
        "25": 0.03387192885080973,
        "50": 0.033943772315979004,
        "75": 0.03420790698793199,
        "90": 0.03506868945227729
    }
}