{
    "avg_prefill_latency": 0.0544311006863912,
    "prefill_latencies": [
        0.05415201187133789,
        0.05402541160583496,
        0.05573749542236328,
        0.054090023040771484,
        0.05391430854797363,
        0.05412411689758301,
        0.05566763877868652,
        0.05492806434631348,
        0.05434989929199219,
        0.05401015281677246,
        0.05416989326477051,
        0.05400419235229492
    ],
    "prefill_percentiles": {
        "10": 0.054004788398742676,
        "25": 0.054021596908569336,
        "50": 0.05413806438446045,
        "75": 0.05449444055557251,
        "90": 0.055593681335449216
    },
    "avg_decode_latency": 0.03608372476365831,
    "decode_latencies": [
        0.03575396537780762,
        0.036721918318006724,
        0.03586204846700033,
        0.03509563869900174,
        0.03658432430691189,
        0.03554397159152561,
        0.038830836613972984,
        0.0370026429494222,
        0.03547835350036621,
        0.03548953268263075,
        0.0352882014380561,
        0.03535326321919759
    ],
    "decode_percentiles": {
        "10": 0.03529470761617025,
        "25": 0.03544708093007406,
        "50": 0.035648968484666615,
        "75": 0.0366187228096856,
        "90": 0.03697457048628065
    }
}