{
    "avg_prefill_latency": 0.05191999673843384,
    "prefill_latencies": [
        0.05163693428039551,
        0.050757646560668945,
        0.05094289779663086,
        0.05136561393737793,
        0.05168604850769043,
        0.05778956413269043,
        0.05216097831726074,
        0.05134868621826172,
        0.05167818069458008,
        0.05166006088256836,
        0.050971269607543945,
        0.05104207992553711
    ],
    "prefill_percentiles": {
        "10": 0.05094573497772217,
        "25": 0.05102437734603882,
        "50": 0.05150127410888672,
        "75": 0.051680147647857666,
        "90": 0.05211348533630371
    },
    "avg_decode_latency": 0.027791184407693365,
    "decode_latencies": [
        0.02722816997104221,
        0.02735733985900879,
        0.027319086922539607,
        0.027496364381578233,
        0.027811050415039062,
        0.0286663638220893,
        0.02798499001397027,
        0.028106212615966797,
        0.02788445684644911,
        0.027698649300469294,
        0.027893251842922635,
        0.028048276901245117
    ],
    "decode_percentiles": {
        "10": 0.027322912216186525,
        "25": 0.02746160825093587,
        "50": 0.027847753630744085,
        "75": 0.028000811735788982,
        "90": 0.028100419044494628
    }
}