{
    "avg_prefill_latency": 0.07258518536885579,
    "prefill_latencies": [
        0.06153678894042969,
        0.07430601119995117,
        0.06345796585083008,
        0.06347441673278809,
        0.07294559478759766,
        0.07282757759094238,
        0.08766031265258789,
        0.07986164093017578,
        0.08028268814086914,
        0.06769800186157227,
        0.07485842704772949,
        0.0721127986907959
    ],
    "prefill_percentiles": {
        "10": 0.06345961093902588,
        "25": 0.06664210557937622,
        "50": 0.07288658618927002,
        "75": 0.07610923051834106,
        "90": 0.08024058341979981
    },
    "avg_decode_latency": 0.03200598337032177,
    "decode_latencies": [
        0.030308326085408527,
        0.027935849295722112,
        0.028547181023491755,
        0.030901220109727647,
        0.03134489059448242,
        0.03686449262830946,
        0.031494352552625865,
        0.03360880745781793,
        0.03531270556979709,
        0.03556195894877116,
        0.03096959326002333,
        0.031222422917683918
    ],
    "decode_percentiles": {
        "10": 0.028723295529683432,
        "25": 0.030752996603647866,
        "50": 0.03128365675608317,
        "75": 0.034034781985812716,
        "90": 0.03553703361087375
    }
}