{
    "avg_prefill_latency": 0.1178579330444336,
    "prefill_latencies": [
        0.11743807792663574,
        0.1174769401550293,
        0.11750173568725586,
        0.11762189865112305,
        0.11825990676879883,
        0.11880183219909668,
        0.11733627319335938,
        0.11729812622070312,
        0.1182711124420166,
        0.1179513931274414,
        0.1187283992767334,
        0.11760950088500977
    ],
    "prefill_percentiles": {
        "10": 0.11734645366668701,
        "25": 0.11746722459793091,
        "50": 0.1176156997680664,
        "75": 0.11826270818710327,
        "90": 0.11868267059326172
    },
    "avg_decode_latency": 0.036388136722423414,
    "decode_latencies": [
        0.03442006640964084,
        0.03352983792622884,
        0.03334485159979926,
        0.036695241928100586,
        0.033729500240749784,
        0.036825444963243276,
        0.03322153621249729,
        0.0351002746158176,
        0.037634717093573675,
        0.03371074464586046,
        0.05444110764397515,
        0.03400431738959418
    ],
    "decode_percentiles": {
        "10": 0.03336335023244222,
        "25": 0.03366551796595256,
        "50": 0.03421219189961751,
        "75": 0.03672779268688626,
        "90": 0.03755378988054064
    }
}