{
    "avg_prefill_latency": 0.08982602755228679,
    "prefill_latencies": [
        0.09021162986755371,
        0.09075331687927246,
        0.09005856513977051,
        0.08965587615966797,
        0.08937263488769531,
        0.08946990966796875,
        0.08989238739013672,
        0.08928537368774414,
        0.09007072448730469,
        0.08943724632263184,
        0.09028816223144531,
        0.08941650390625
    ],
    "prefill_percentiles": {
        "10": 0.08937702178955079,
        "25": 0.08943206071853638,
        "50": 0.08977413177490234,
        "75": 0.09010595083236694,
        "90": 0.09028050899505616
    },
    "avg_decode_latency": 0.03385536317472105,
    "decode_latencies": [
        0.031452020009358726,
        0.03165838453504774,
        0.05219088660346137,
        0.031650914086235896,
        0.030431191126505535,
        0.03068730566236708,
        0.030639833874172635,
        0.031297021441989474,
        0.03432194391886393,
        0.034969329833984375,
        0.03312685754564074,
        0.03383866945902506
    ],
    "decode_percentiles": {
        "10": 0.03064458105299208,
        "25": 0.031144592497083876,
        "50": 0.03165464931064182,
        "75": 0.03395948807398478,
        "90": 0.03490459124247233
    }
}