{
    "avg_prefill_latency": 0.19303540388743082,
    "prefill_latencies": [
        0.19272446632385254,
        0.19488811492919922,
        0.19281458854675293,
        0.19314217567443848,
        0.19251561164855957,
        0.19479799270629883,
        0.19376897811889648,
        0.19265079498291016,
        0.1921219825744629,
        0.19199180603027344,
        0.1921999454498291,
        0.1928083896636963
    ],
    "prefill_percentiles": {
        "10": 0.1921297788619995,
        "25": 0.19243669509887695,
        "50": 0.19276642799377441,
        "75": 0.19329887628555298,
        "90": 0.1946950912475586
    },
    "avg_decode_latency": 0.04508868632493196,
    "decode_latencies": [
        0.042286819881863065,
        0.043635050455729164,
        0.06568280855814616,
        0.04274362987942166,
        0.04285584555731879,
        0.04253943761189779,
        0.04643742243448893,
        0.04285258717007107,
        0.04220618142022027,
        0.04256399472554525,
        0.04281036059061686,
        0.044450097613864474
    ],
    "decode_percentiles": {
        "10": 0.04231208165486654,
        "25": 0.042557855447133384,
        "50": 0.042831473880343966,
        "75": 0.043838812245262995,
        "90": 0.046238689952426484
    }
}