{
    "avg_prefill_latency": 0.13951116800308228,
    "prefill_latencies": [
        0.13942551612854004,
        0.1410229206085205,
        0.13895344734191895,
        0.13852238655090332,
        0.13936352729797363,
        0.13918471336364746,
        0.14070653915405273,
        0.13896846771240234,
        0.14065766334533691,
        0.1388998031616211,
        0.13917136192321777,
        0.13925766944885254
    ],
    "prefill_percentiles": {
        "10": 0.13890516757965088,
        "25": 0.1389647126197815,
        "50": 0.13922119140625,
        "75": 0.13973355293273926,
        "90": 0.14070165157318115
    },
    "avg_decode_latency": 0.04659121566348606,
    "decode_latencies": [
        0.0437630812327067,
        0.04546896616617838,
        0.04228324360317654,
        0.04252354303995768,
        0.042416387134128146,
        0.0636505815717909,
        0.04270964198642307,
        0.04678561952379015,
        0.04248497221204969,
        0.04260060522291395,
        0.04237577650282118,
        0.06203216976589627
    ],
    "decode_percentiles": {
        "10": 0.04237983756595187,
        "25": 0.04246782594256931,
        "50": 0.04265512360466851,
        "75": 0.04579812950558133,
        "90": 0.06050751474168566
    }
}