{
    "avg_prefill_latency": 0.050270418326059975,
    "prefill_latencies": [
        0.05007433891296387,
        0.04978370666503906,
        0.050459861755371094,
        0.050405025482177734,
        0.054445743560791016,
        0.051079511642456055,
        0.048349857330322266,
        0.04995584487915039,
        0.050158023834228516,
        0.049732208251953125,
        0.04897880554199219,
        0.049822092056274414
    ],
    "prefill_percentiles": {
        "10": 0.04905414581298828,
        "25": 0.04977083206176758,
        "50": 0.05001509189605713,
        "75": 0.050418734550476074,
        "90": 0.05101754665374756
    },
    "avg_decode_latency": 0.03383300039503309,
    "decode_latencies": [
        0.03411322169833713,
        0.03375230895148383,
        0.03389128049214681,
        0.03498829735649957,
        0.03385059038798014,
        0.033842749065823026,
        0.033904314041137695,
        0.034227318233913846,
        0.033416032791137695,
        0.03307769033643934,
        0.033168951670328774,
        0.03376324971516927
    ],
    "decode_percentiles": {
        "10": 0.033193659782409665,
        "25": 0.033668239911397294,
        "50": 0.03384666972690158,
        "75": 0.033956540955437556,
        "90": 0.034215908580356176
    }
}