{
    "avg_prefill_latency": 0.141711155573527,
    "prefill_latencies": [
        0.14299321174621582,
        0.14178013801574707,
        0.14160513877868652,
        0.1417231559753418,
        0.1418473720550537,
        0.1415550708770752,
        0.14171600341796875,
        0.14122629165649414,
        0.14218783378601074,
        0.14110302925109863,
        0.14073419570922852,
        0.14206242561340332
    ],
    "prefill_percentiles": {
        "10": 0.14111535549163817,
        "25": 0.14147287607192993,
        "50": 0.14171957969665527,
        "75": 0.1419011354446411,
        "90": 0.14217529296875
    },
    "avg_decode_latency": 0.04856780723289208,
    "decode_latencies": [
        0.04824029074774848,
        0.048526022169325084,
        0.046072271135118276,
        0.046138763427734375,
        0.04625749588012695,
        0.045956426196628146,
        0.04578775829739041,
        0.046084324518839516,
        0.07039131058586968,
        0.04637493027581109,
        0.04616620805528429,
        0.04681788550482856
    ],
    "decode_percentiles": {
        "10": 0.04596801069047716,
        "25": 0.04608131117290921,
        "50": 0.04621185196770562,
        "75": 0.04717348681555854,
        "90": 0.048497449027167426
    }
}