{
    "avg_prefill_latency": 0.05127491553624471,
    "prefill_latencies": [
        0.05085158348083496,
        0.04991936683654785,
        0.050330162048339844,
        0.05742049217224121,
        0.05066728591918945,
        0.050994157791137695,
        0.05118131637573242,
        0.050220489501953125,
        0.050638675689697266,
        0.05089116096496582,
        0.051249027252197266,
        0.05093526840209961
    ],
    "prefill_percentiles": {
        "10": 0.0502314567565918,
        "25": 0.05056154727935791,
        "50": 0.05087137222290039,
        "75": 0.05104094743728638,
        "90": 0.05124225616455078
    },
    "avg_decode_latency": 0.030471962911111334,
    "decode_latencies": [
        0.03202104568481445,
        0.029442416297064886,
        0.034039470884535045,
        0.03078762690226237,
        0.029368877410888672,
        0.029690795474582247,
        0.030081431070963543,
        0.029842588636610243,
        0.02983835008409288,
        0.029523611068725586,
        0.030324220657348633,
        0.030703120761447482
    ],
    "decode_percentiles": {
        "10": 0.029450535774230957,
        "25": 0.02964899937311808,
        "50": 0.029962009853786893,
        "75": 0.030724247296651203,
        "90": 0.03189770380655924
    }
}