{
    "avg_prefill_latency": 0.1451132893562317,
    "prefill_latencies": [
        0.12905335426330566,
        0.12879061698913574,
        0.12932443618774414,
        0.12875699996948242,
        0.12868285179138184,
        0.12806248664855957,
        0.1292862892150879,
        0.12822604179382324,
        0.12855243682861328,
        0.32514238357543945,
        0.1287214756011963,
        0.12876009941101074
    ],
    "prefill_percentiles": {
        "10": 0.12825868129730225,
        "25": 0.1286502480506897,
        "50": 0.12875854969024658,
        "75": 0.12911158800125122,
        "90": 0.12932062149047852
    },
    "avg_decode_latency": 0.05406318108240763,
    "decode_latencies": [
        0.0508265495300293,
        0.05178610483805338,
        0.07132832209269206,
        0.05081086688571506,
        0.04998421669006348,
        0.07063976923624675,
        0.04950896898905436,
        0.049984110726250544,
        0.0500794251759847,
        0.0507206122080485,
        0.05312479866875543,
        0.04996442794799805
    ],
    "decode_percentiles": {
        "10": 0.049966396225823294,
        "25": 0.04998419019911024,
        "50": 0.05076573954688178,
        "75": 0.05212077829572889,
        "90": 0.06888827217949763
    }
}