{
    "avg_prefill_latency": 0.0574798583984375,
    "prefill_latencies": [
        0.05768227577209473,
        0.057588815689086914,
        0.05783700942993164,
        0.057381391525268555,
        0.057401418685913086,
        0.057624101638793945,
        0.05768418312072754,
        0.05753803253173828,
        0.05718803405761719,
        0.057117462158203125,
        0.05744051933288574,
        0.05727505683898926
    ],
    "prefill_percentiles": {
        "10": 0.057196736335754395,
        "25": 0.05735480785369873,
        "50": 0.05748927593231201,
        "75": 0.05763864517211914,
        "90": 0.05768399238586426
    },
    "avg_decode_latency": 0.03915338163022642,
    "decode_latencies": [
        0.040005498462253146,
        0.03800058364868164,
        0.036169105105929904,
        0.039213842815823026,
        0.03643928633795844,
        0.041390048133002386,
        0.03553875287373861,
        0.03618976804945204,
        0.035803635915120445,
        0.03656625747680664,
        0.03755876753065321,
        0.056965033213297524
    ],
    "decode_percentiles": {
        "10": 0.035840182834201394,
        "25": 0.036184602313571505,
        "50": 0.037062512503729925,
        "75": 0.03941175672743055,
        "90": 0.04125159316592746
    }
}