{
    "avg_prefill_latency": 0.4908580382664998,
    "prefill_latencies": [
        0.4969513416290283,
        0.49152517318725586,
        0.4913313388824463,
        0.48949265480041504,
        0.49150514602661133,
        0.4892568588256836,
        0.48920154571533203,
        0.4893157482147217,
        0.49158692359924316,
        0.49116969108581543,
        0.4892137050628662,
        0.4897463321685791
    ],
    "prefill_percentiles": {
        "10": 0.48921802043914797,
        "25": 0.48930102586746216,
        "50": 0.49045801162719727,
        "75": 0.49151015281677246,
        "90": 0.49158074855804446
    },
    "avg_decode_latency": 0.031915214326646596,
    "decode_latencies": [
        0.03169329961140951,
        0.03976088100009494,
        0.03492927551269531,
        0.034249464670817055,
        0.03387247191535102,
        0.03340278731452094,
        0.029285801781548396,
        0.029254992802937824,
        0.029796494377983943,
        0.02911233901977539,
        0.0287983152601454,
        0.028826448652479384
    ],
    "decode_percentiles": {
        "10": 0.028855037689208985,
        "25": 0.029219329357147217,
        "50": 0.030744896994696725,
        "75": 0.03396672010421753,
        "90": 0.03486129442850749
    }
}