{
    "avg_prefill_latency": 0.2542599638303121,
    "prefill_latencies": [
        0.2539401054382324,
        0.25418639183044434,
        0.25463032722473145,
        0.25398969650268555,
        0.25407886505126953,
        0.25540637969970703,
        0.2543165683746338,
        0.2543482780456543,
        0.2537224292755127,
        0.2537848949432373,
        0.2548058032989502,
        0.2539098262786865
    ],
    "prefill_percentiles": {
        "10": 0.2537973880767822,
        "25": 0.25393253564834595,
        "50": 0.25413262844085693,
        "75": 0.2544187903404236,
        "90": 0.2547882556915283
    },
    "avg_decode_latency": 0.037323594093322754,
    "decode_latencies": [
        0.03413274553087023,
        0.03494013680352105,
        0.03601474232143826,
        0.03865014182196723,
        0.035887188381618924,
        0.03425953123304579,
        0.03786995675828722,
        0.04204042752583822,
        0.03843310144212511,
        0.038560072580973305,
        0.03851901160346137,
        0.038576073116726346
    ],
    "decode_percentiles": {
        "10": 0.034327591790093315,
        "25": 0.035650425487094455,
        "50": 0.038151529100206166,
        "75": 0.038564072714911565,
        "90": 0.038642734951443145
    }
}