{
    "avg_prefill_latency": 0.08813546101252238,
    "prefill_latencies": [
        0.08386802673339844,
        0.08890724182128906,
        0.0883324146270752,
        0.08798909187316895,
        0.08804631233215332,
        0.0881659984588623,
        0.0891873836517334,
        0.08843159675598145,
        0.0882420539855957,
        0.08869624137878418,
        0.08886313438415527,
        0.08889603614807129
    ],
    "prefill_percentiles": {
        "10": 0.08799481391906738,
        "25": 0.08813607692718506,
        "50": 0.08838200569152832,
        "75": 0.08887135982513428,
        "90": 0.08890612125396728
    },
    "avg_decode_latency": 0.033212639667369696,
    "decode_latencies": [
        0.033752097023857966,
        0.03400831752353244,
        0.03277948167588976,
        0.03310312165154351,
        0.033017476399739586,
        0.0328015751308865,
        0.03303750356038412,
        0.0328922536638048,
        0.03279338942633735,
        0.03386730617947049,
        0.0333555539449056,
        0.03314359982808431
    ],
    "decode_percentiles": {
        "10": 0.032794207996792266,
        "25": 0.03286958403057522,
        "50": 0.03307031260596381,
        "75": 0.033454689714643694,
        "90": 0.033855785263909234
    }
}