{
    "avg_prefill_latency": 0.6405053734779358,
    "prefill_latencies": [
        0.6362655162811279,
        0.6374022960662842,
        0.638603687286377,
        0.6424517631530762,
        0.6378817558288574,
        0.6416254043579102,
        0.6421940326690674,
        0.6463816165924072,
        0.6441202163696289,
        0.6387333869934082,
        0.6382100582122803,
        0.6421947479248047
    ],
    "prefill_percentiles": {
        "10": 0.6374502420425415,
        "25": 0.6381279826164246,
        "50": 0.6401793956756592,
        "75": 0.6422590017318726,
        "90": 0.6439533710479737
    },
    "avg_decode_latency": 0.07619233263863458,
    "decode_latencies": [
        0.083922545115153,
        0.06852314207288954,
        0.068386263317532,
        0.08665688832600911,
        0.06545726458231609,
        0.08895089891221789,
        0.0948147243923611,
        0.06481748157077366,
        0.07224215401543511,
        0.0871005588107639,
        0.06494797600640191,
        0.06848809454176161
    ],
    "decode_percentiles": {
        "10": 0.06499890486399333,
        "25": 0.06765401363372803,
        "50": 0.07038264804416233,
        "75": 0.08676780594719781,
        "90": 0.08876586490207249
    }
}