{
    "avg_prefill_latency": 0.5067368944485983,
    "prefill_latencies": [
        0.5087461471557617,
        0.507157564163208,
        0.5055534839630127,
        0.5059845447540283,
        0.5062956809997559,
        0.5051126480102539,
        0.5071606636047363,
        0.5057954788208008,
        0.5055880546569824,
        0.5081267356872559,
        0.5083589553833008,
        0.506962776184082
    ],
    "prefill_percentiles": {
        "10": 0.5055569410324097,
        "25": 0.5057436227798462,
        "50": 0.506629228591919,
        "75": 0.5074021816253662,
        "90": 0.5083357334136963
    },
    "avg_decode_latency": 0.06221641434563532,
    "decode_latencies": [
        0.06262911690606011,
        0.0628307925330268,
        0.05952151616414388,
        0.08023566669887966,
        0.057325283686319985,
        0.05725502967834473,
        0.057331985897488065,
        0.05750412411159939,
        0.08007325066460504,
        0.05734809239705404,
        0.057184828652275935,
        0.05735728475782606
    ],
    "decode_percentiles": {
        "10": 0.057262055079142254,
        "25": 0.057330310344696045,
        "50": 0.05743070443471272,
        "75": 0.06267953581280178,
        "90": 0.07834900485144722
    }
}