{
    "avg_prefill_latency": 0.0666044553120931,
    "prefill_latencies": [
        0.06582474708557129,
        0.06442642211914062,
        0.06452727317810059,
        0.07235455513000488,
        0.06397724151611328,
        0.06672143936157227,
        0.06434297561645508,
        0.06589555740356445,
        0.06701350212097168,
        0.06583070755004883,
        0.06416893005371094,
        0.07417011260986328
    ],
    "prefill_percentiles": {
        "10": 0.06418633460998535,
        "25": 0.06440556049346924,
        "50": 0.06582772731781006,
        "75": 0.06679445505142212,
        "90": 0.07182044982910156
    },
    "avg_decode_latency": 0.030347751246558297,
    "decode_latencies": [
        0.0284526613023546,
        0.028995222515530057,
        0.029760254753960505,
        0.028658231099446613,
        0.031300359302096896,
        0.02827363544040256,
        0.029067648781670466,
        0.029029660754733615,
        0.03276205062866211,
        0.029494815402560763,
        0.03310804896884494,
        0.03527042600843641
    ],
    "decode_percentiles": {
        "10": 0.0284732182820638,
        "25": 0.028910974661509197,
        "50": 0.029281232092115615,
        "75": 0.0316657821337382,
        "90": 0.03307344913482666
    }
}