{
    "avg_prefill_latency": 0.33921098709106445,
    "prefill_latencies": [
        0.3223094940185547,
        0.3223562240600586,
        0.32172441482543945,
        0.3204810619354248,
        0.32122063636779785,
        0.32129478454589844,
        0.3226783275604248,
        0.3226134777069092,
        0.3221476078033447,
        0.32179951667785645,
        0.5294520854949951,
        0.32245421409606934
    ],
    "prefill_percentiles": {
        "10": 0.32122805118560793,
        "25": 0.3216170072555542,
        "50": 0.3222285509109497,
        "75": 0.3224940299987793,
        "90": 0.32267184257507325
    },
    "avg_decode_latency": 0.0487027057894954,
    "decode_latencies": [
        0.044866853290134005,
        0.0652729935116238,
        0.04386075337727865,
        0.044728623496161565,
        0.04472520616319445,
        0.06606894069247776,
        0.044144921832614474,
        0.046145121256510414,
        0.044990592532687716,
        0.04455447196960449,
        0.048879543940226235,
        0.04619444741143121
    ],
    "decode_percentiles": {
        "10": 0.04418587684631348,
        "25": 0.04468252261479696,
        "50": 0.04492872291141086,
        "75": 0.046865721543629967,
        "90": 0.06363364855448404
    }
}