{
    "avg_prefill_latency": 0.215303103129069,
    "prefill_latencies": [
        0.2155616283416748,
        0.2148425579071045,
        0.2144160270690918,
        0.2149946689605713,
        0.21505498886108398,
        0.2147374153137207,
        0.21535611152648926,
        0.21573734283447266,
        0.21506881713867188,
        0.21630263328552246,
        0.21522784233093262,
        0.2163372039794922
    ],
    "prefill_percentiles": {
        "10": 0.21474792957305908,
        "25": 0.2149566411972046,
        "50": 0.21514832973480225,
        "75": 0.21560555696487427,
        "90": 0.21624610424041749
    },
    "avg_decode_latency": 0.05366146122967757,
    "decode_latencies": [
        0.049206309848361544,
        0.048540062374538846,
        0.04896500375535753,
        0.07130972544352214,
        0.05340186754862467,
        0.05217689938015408,
        0.05212850040859646,
        0.0700983206431071,
        0.04872515466478136,
        0.04815946684943305,
        0.051739639706081815,
        0.04948658413357205
    ],
    "decode_percentiles": {
        "10": 0.0485585716035631,
        "25": 0.04890504148271349,
        "50": 0.05061311191982693,
        "75": 0.05248314142227173,
        "90": 0.06842867533365886
    }
}