{
    "avg_prefill_latency": 0.08808531363805135,
    "prefill_latencies": [
        0.08557271957397461,
        0.0866696834564209,
        0.08594536781311035,
        0.08615255355834961,
        0.08628273010253906,
        0.11052083969116211,
        0.08576583862304688,
        0.08626651763916016,
        0.08562636375427246,
        0.08565187454223633,
        0.08584237098693848,
        0.08672690391540527
    ],
    "prefill_percentiles": {
        "10": 0.08562891483306885,
        "25": 0.08573734760284424,
        "50": 0.08604896068572998,
        "75": 0.08637946844100952,
        "90": 0.08672118186950684
    },
    "avg_decode_latency": 0.04062330943566781,
    "decode_latencies": [
        0.034876849916246205,
        0.029654608832465276,
        0.028928809695773654,
        0.02875110838148329,
        0.136220826043023,
        0.0324499077267117,
        0.028376632266574435,
        0.029776970545450848,
        0.02842137548658583,
        0.027936299641927082,
        0.049791283077663846,
        0.032295041614108615
    ],
    "decode_percentiles": {
        "10": 0.028381106588575573,
        "25": 0.028668675157758925,
        "50": 0.029715789688958064,
        "75": 0.033056643274095326,
        "90": 0.048299839761522086
    }
}