{
    "avg_prefill_latency": 0.05754019816716512,
    "prefill_latencies": [
        0.057256221771240234,
        0.05720376968383789,
        0.0568850040435791,
        0.056874990463256836,
        0.05745244026184082,
        0.057515859603881836,
        0.05743288993835449,
        0.05749654769897461,
        0.05766558647155762,
        0.057775259017944336,
        0.05723142623901367,
        0.0596923828125
    ],
    "prefill_percentiles": {
        "10": 0.05691688060760498,
        "25": 0.05722451210021973,
        "50": 0.057442665100097656,
        "75": 0.05755329132080078,
        "90": 0.057764291763305664
    },
    "avg_decode_latency": 0.037387187834139225,
    "decode_latencies": [
        0.03468195597330729,
        0.034752448399861656,
        0.03503290812174479,
        0.03426490889655219,
        0.0391438537173801,
        0.0386451350318061,
        0.0388087961408827,
        0.04033753607008192,
        0.03859167628818088,
        0.034634802076551646,
        0.03817698690626356,
        0.04157524638705783
    ],
    "decode_percentiles": {
        "10": 0.03463951746622721,
        "25": 0.03473482529322307,
        "50": 0.038384331597222224,
        "75": 0.03889256053500705,
        "90": 0.04021816783481174
    }
}