{
    "avg_prefill_latency": 0.4659271240234375,
    "prefill_latencies": [
        0.4480173587799072,
        0.44754624366760254,
        0.44475626945495605,
        0.4482865333557129,
        0.448256254196167,
        0.6528949737548828,
        0.4544198513031006,
        0.44736433029174805,
        0.44833803176879883,
        0.44745373725891113,
        0.4551386833190918,
        0.4486532211303711
    ],
    "prefill_percentiles": {
        "10": 0.44737327098846436,
        "25": 0.4475231170654297,
        "50": 0.44827139377593994,
        "75": 0.45009487867355347,
        "90": 0.4550668001174927
    },
    "avg_decode_latency": 0.0554343373687179,
    "decode_latencies": [
        0.052331871456570096,
        0.054200702243381076,
        0.053721083535088435,
        0.05396262804667155,
        0.05401468276977539,
        0.05412692493862576,
        0.05472411049736871,
        0.05369581116570367,
        0.05327961179945204,
        0.05327773094177246,
        0.07367571194966634,
        0.05420117908053928
    ],
    "decode_percentiles": {
        "10": 0.05327791902754042,
        "25": 0.05359176132414076,
        "50": 0.053988655408223465,
        "75": 0.054200821452670626,
        "90": 0.05467181735568576
    }
}