{
    "avg_prefill_latency": 0.2399120330810547,
    "prefill_latencies": [
        0.24074220657348633,
        0.24029970169067383,
        0.23958253860473633,
        0.2385716438293457,
        0.23934340476989746,
        0.2395784854888916,
        0.2421567440032959,
        0.23958396911621094,
        0.2403721809387207,
        0.23877716064453125,
        0.2391510009765625,
        0.2407853603363037
    ],
    "prefill_percentiles": {
        "10": 0.23881454467773439,
        "25": 0.23929530382156372,
        "50": 0.23958325386047363,
        "75": 0.2404646873474121,
        "90": 0.24078104496002198
    },
    "avg_decode_latency": 0.048629184563954674,
    "decode_latencies": [
        0.04708941777547201,
        0.04586402575174967,
        0.050291087892320424,
        0.04907653066847059,
        0.045932637320624456,
        0.046227349175347224,
        0.04703858163621691,
        0.04739305708143446,
        0.06787636544969347,
        0.04502105712890625,
        0.04594005478752984,
        0.04580005009969076
    ],
    "decode_percentiles": {
        "10": 0.04580644766489665,
        "25": 0.04591548442840576,
        "50": 0.046632965405782066,
        "75": 0.04781392547819349,
        "90": 0.05016963216993544
    }
}