{
    "avg_prefill_latency": 0.1381454865137736,
    "prefill_latencies": [
        0.14046883583068848,
        0.14947271347045898,
        0.1387932300567627,
        0.1366121768951416,
        0.13555240631103516,
        0.13733196258544922,
        0.1361238956451416,
        0.135972261428833,
        0.1359255313873291,
        0.13612031936645508,
        0.13611054420471191,
        0.13926196098327637
    ],
    "prefill_percentiles": {
        "10": 0.1359302043914795,
        "25": 0.1360759735107422,
        "50": 0.1363680362701416,
        "75": 0.1389104127883911,
        "90": 0.14034814834594728
    },
    "avg_decode_latency": 0.03426762642683806,
    "decode_latencies": [
        0.0355627801683214,
        0.03419963518778483,
        0.036170615090264216,
        0.03591291109720866,
        0.035547759797838,
        0.03218256102667914,
        0.031608634524875216,
        0.03166961669921875,
        0.03212571144104004,
        0.03740225897894965,
        0.03447039922078451,
        0.03435863388909234
    ],
    "decode_percentiles": {
        "10": 0.031715226173400876,
        "25": 0.032168348630269364,
        "50": 0.03441451655493842,
        "75": 0.03565031290054321,
        "90": 0.03614484469095866
    }
}