{
    "avg_prefill_latency": 0.5252042611440023,
    "prefill_latencies": [
        0.5227336883544922,
        0.5311203002929688,
        0.525747537612915,
        0.5227422714233398,
        0.5314927101135254,
        0.5225536823272705,
        0.5229027271270752,
        0.5237588882446289,
        0.5248074531555176,
        0.5219793319702148,
        0.5269429683685303,
        0.5256695747375488
    ],
    "prefill_percentiles": {
        "10": 0.5225716829299927,
        "25": 0.5227401256561279,
        "50": 0.5242831707000732,
        "75": 0.5260463953018188,
        "90": 0.5307025671005249
    },
    "avg_decode_latency": 0.03378394356480351,
    "decode_latencies": [
        0.0405573844909668,
        0.0309853818681505,
        0.029105981190999348,
        0.02954827414618598,
        0.04921616448296441,
        0.03234725528293186,
        0.03975584771898058,
        0.03331319491068522,
        0.029730823304918077,
        0.03106244405110677,
        0.03020090527004666,
        0.029583666059705947
    ],
    "decode_percentiles": {
        "10": 0.029551813337537976,
        "25": 0.029694033993615046,
        "50": 0.031023912959628634,
        "75": 0.03492385811275906,
        "90": 0.040477230813768174
    }
}