{
    "avg_prefill_latency": 0.2782214085261027,
    "prefill_latencies": [
        0.2787656784057617,
        0.2798459529876709,
        0.27990293502807617,
        0.27982401847839355,
        0.27920961380004883,
        0.2796440124511719,
        0.27944016456604004,
        0.2803483009338379,
        0.2748737335205078,
        0.27585458755493164,
        0.2753024101257324,
        0.27564549446105957
    ],
    "prefill_percentiles": {
        "10": 0.2753367185592651,
        "25": 0.2758023142814636,
        "50": 0.27932488918304443,
        "75": 0.2798295021057129,
        "90": 0.27989723682403567
    },
    "avg_decode_latency": 0.032923870616488986,
    "decode_latencies": [
        0.030109167098999023,
        0.03633207745022244,
        0.030088265736897785,
        0.029713153839111328,
        0.034862889183892146,
        0.03849416308932834,
        0.035716851552327476,
        0.02992293569776747,
        0.030079815122816298,
        0.030537764231363933,
        0.0372927188873291,
        0.0319366455078125
    ],
    "decode_percentiles": {
        "10": 0.029938623640272354,
        "25": 0.030086153083377414,
        "50": 0.03123720486958822,
        "75": 0.035870658026801214,
        "90": 0.03719665474361843
    }
}