{
    "avg_prefill_latency": 0.24449104070663452,
    "prefill_latencies": [
        0.2438042163848877,
        0.2451941967010498,
        0.24233222007751465,
        0.24401235580444336,
        0.24342012405395508,
        0.24419879913330078,
        0.24434757232666016,
        0.24470829963684082,
        0.24125123023986816,
        0.2452394962310791,
        0.24523282051086426,
        0.2501511573791504
    ],
    "prefill_percentiles": {
        "10": 0.2424410104751587,
        "25": 0.24370819330215454,
        "50": 0.24427318572998047,
        "75": 0.24520385265350342,
        "90": 0.2452388286590576
    },
    "avg_decode_latency": 0.030040546699806495,
    "decode_latencies": [
        0.03263354301452637,
        0.041555431154039174,
        0.029057211346096463,
        0.027878363927205402,
        0.028138531578911677,
        0.02833880318535699,
        0.027815050548977323,
        0.029070536295572918,
        0.02880663341946072,
        0.02941033575269911,
        0.029104126824273005,
        0.02867799335055881
    ],
    "decode_percentiles": {
        "10": 0.02790438069237603,
        "25": 0.02828873528374566,
        "50": 0.028931922382778592,
        "75": 0.02918067905637953,
        "90": 0.03231122228834364
    }
}