{
    "avg_prefill_latency": 0.5670731663703918,
    "prefill_latencies": [
        0.5656616687774658,
        0.5721993446350098,
        0.5647413730621338,
        0.5653367042541504,
        0.565119743347168,
        0.5672132968902588,
        0.5660667419433594,
        0.5654351711273193,
        0.5716614723205566,
        0.5671646595001221,
        0.5669591426849365,
        0.5673186779022217
    ],
    "prefill_percentiles": {
        "10": 0.5651414394378662,
        "25": 0.5654105544090271,
        "50": 0.566512942314148,
        "75": 0.5672396421432495,
        "90": 0.5712271928787231
    },
    "avg_decode_latency": 0.050504876507653125,
    "decode_latencies": [
        0.04809792836507162,
        0.0482841067843967,
        0.0486801995171441,
        0.0691888067457411,
        0.04926583502027723,
        0.04895808961656359,
        0.04907406700981988,
        0.050187799665662974,
        0.0481261412302653,
        0.048581335279676646,
        0.04802099863688151,
        0.049593210220336914
    ],
    "decode_percentiles": {
        "10": 0.04810074965159099,
        "25": 0.048244615395863846,
        "50": 0.04881914456685384,
        "75": 0.04934767882029215,
        "90": 0.05012834072113037
    }
}