{
    "avg_prefill_latency": 0.16004725297292074,
    "prefill_latencies": [
        0.15980911254882812,
        0.15962743759155273,
        0.16068148612976074,
        0.1596846580505371,
        0.15995383262634277,
        0.1601560115814209,
        0.16034340858459473,
        0.16038203239440918,
        0.15993404388427734,
        0.1597578525543213,
        0.1600053310394287,
        0.1602318286895752
    ],
    "prefill_percentiles": {
        "10": 0.15969197750091552,
        "25": 0.15979629755020142,
        "50": 0.15997958183288574,
        "75": 0.16025972366333008,
        "90": 0.16037817001342775
    },
    "avg_decode_latency": 0.03787113119054724,
    "decode_latencies": [
        0.03583659066094293,
        0.036524428261650935,
        0.035848644044664174,
        0.03563676940070258,
        0.03662032551235623,
        0.036342991722954646,
        0.036082188288370766,
        0.03560908635457357,
        0.03638360235426161,
        0.05676950348748101,
        0.036297347810533315,
        0.036502096388075084
    ],
    "decode_percentiles": {
        "10": 0.035656751526726614,
        "25": 0.035845630698733866,
        "50": 0.03632016976674398,
        "75": 0.03650767935646905,
        "90": 0.0366107357872857
    }
}