{
    "avg_prefill_latency": 0.1534027854601542,
    "prefill_latencies": [
        0.15375781059265137,
        0.1533336639404297,
        0.15308070182800293,
        0.15343737602233887,
        0.15426111221313477,
        0.1535048484802246,
        0.1534881591796875,
        0.15363812446594238,
        0.1528151035308838,
        0.15308475494384766,
        0.15334057807922363,
        0.1530911922454834
    ],
    "prefill_percentiles": {
        "10": 0.1530811071395874,
        "25": 0.15308958292007446,
        "50": 0.15338897705078125,
        "75": 0.15353816747665405,
        "90": 0.15374584197998048
    },
    "avg_decode_latency": 0.03174702988730536,
    "decode_latencies": [
        0.028670390446980793,
        0.029090404510498047,
        0.02874414126078288,
        0.029230647616916232,
        0.03800204065110949,
        0.0284270445505778,
        0.028359863493177626,
        0.028128412034776475,
        0.02841427591111925,
        0.04951527383592394,
        0.02840378549363878,
        0.035978078842163086
    ],
    "decode_percentiles": {
        "10": 0.02836425569322374,
        "25": 0.02841165330674913,
        "50": 0.028707265853881836,
        "75": 0.030917505423227944,
        "90": 0.037799644470214847
    }
}