{
    "avg_prefill_latency": 0.08070385456085205,
    "prefill_latencies": [
        0.07915997505187988,
        0.08225631713867188,
        0.08051156997680664,
        0.08047103881835938,
        0.08122563362121582,
        0.08070659637451172,
        0.08466339111328125,
        0.07972979545593262,
        0.08048677444458008,
        0.08025884628295898,
        0.07950663566589355,
        0.07946968078613281
    ],
    "prefill_percentiles": {
        "10": 0.07947337627410889,
        "25": 0.07967400550842285,
        "50": 0.08047890663146973,
        "75": 0.08083635568618774,
        "90": 0.08215324878692627
    },
    "avg_decode_latency": 0.036214980814192034,
    "decode_latencies": [
        0.03578665521409777,
        0.03521042399936252,
        0.035924037297566734,
        0.034932480918036565,
        0.034356276194254555,
        0.040834532843695745,
        0.034226179122924805,
        0.039498858981662326,
        0.03593055407206217,
        0.037749899758232966,
        0.03435126940409342,
        0.03577860196431478
    ],
    "decode_percentiles": {
        "10": 0.03435177008310954,
        "25": 0.034788429737091064,
        "50": 0.03578262858920628,
        "75": 0.03638539049360487,
        "90": 0.03932396305931939
    }
}