{
    "avg_prefill_latency": 0.10895832379659016,
    "prefill_latencies": [
        0.10876917839050293,
        0.10911297798156738,
        0.10907769203186035,
        0.10872006416320801,
        0.10899066925048828,
        0.10909581184387207,
        0.10883545875549316,
        0.10924077033996582,
        0.1089925765991211,
        0.10900282859802246,
        0.10898137092590332,
        0.10868048667907715
    ],
    "prefill_percentiles": {
        "10": 0.1087249755859375,
        "25": 0.1088188886642456,
        "50": 0.10899162292480469,
        "75": 0.10908222198486328,
        "90": 0.10911126136779785
    },
    "avg_decode_latency": 0.01393053266737196,
    "decode_latencies": [
        0.013926717970106337,
        0.013926612006293403,
        0.013945394092135958,
        0.013918108410305448,
        0.013930506176418729,
        0.013946056365966797,
        0.013915830188327365,
        0.013918532265557183,
        0.013931486341688368,
        0.013911671108669706,
        0.013961288664076064,
        0.013934188418918185
    ],
    "decode_percentiles": {
        "10": 0.013916058010525173,
        "25": 0.013918426301744249,
        "50": 0.013928612073262533,
        "75": 0.013936989837222628,
        "90": 0.013945990138583712
    }
}