{
    "avg_prefill_latency": 0.37495090564092,
    "prefill_latencies": [
        0.37521862983703613,
        0.3745245933532715,
        0.3758678436279297,
        0.37560606002807617,
        0.37526392936706543,
        0.3746664524078369,
        0.3744502067565918,
        0.374891996383667,
        0.3746154308319092,
        0.37460851669311523,
        0.3748776912689209,
        0.3748195171356201
    ],
    "prefill_percentiles": {
        "10": 0.37453298568725585,
        "25": 0.3746137022972107,
        "50": 0.3748486042022705,
        "75": 0.37522995471954346,
        "90": 0.3755718469619751
    },
    "avg_decode_latency": 0.01350606150097317,
    "decode_latencies": [
        0.01338738865322537,
        0.013775799009535048,
        0.01366787486606174,
        0.013940307829115126,
        0.013859907786051432,
        0.013278219434950087,
        0.01333271132575141,
        0.013323307037353516,
        0.013309319814046225,
        0.013568666246202257,
        0.013291173511081271,
        0.01333806249830458
    ],
    "decode_percentiles": {
        "10": 0.013292988141377766,
        "25": 0.013319810231526693,
        "50": 0.013362725575764975,
        "75": 0.013694855901930068,
        "90": 0.013851496908399794
    }
}