{
    "avg_prefill_latency": 0.40340272585550946,
    "prefill_latencies": [
        0.40358805656433105,
        0.4035313129425049,
        0.4035971164703369,
        0.4040040969848633,
        0.4030146598815918,
        0.4033229351043701,
        0.4031550884246826,
        0.40297651290893555,
        0.4039907455444336,
        0.4034552574157715,
        0.4032304286956787,
        0.4029664993286133
    ],
    "prefill_percentiles": {
        "10": 0.40298032760620117,
        "25": 0.4031199812889099,
        "50": 0.4033890962600708,
        "75": 0.4035903215408325,
        "90": 0.4039513826370239
    },
    "avg_decode_latency": 0.03847171465555827,
    "decode_latencies": [
        0.038738799095153806,
        0.03842840194702148,
        0.038831663131713864,
        0.03845732212066651,
        0.03838908672332764,
        0.03832767009735107,
        0.03839309215545654,
        0.03846662044525147,
        0.03841068744659424,
        0.03836467266082764,
        0.038384103775024415,
        0.038468456268310545
    ],
    "decode_percentiles": {
        "10": 0.038366615772247314,
        "25": 0.03838784098625183,
        "50": 0.03841954469680786,
        "75": 0.038467079401016235,
        "90": 0.03871176481246948
    }
}