{
    "avg_prefill_latency": 0.1058162252108256,
    "prefill_latencies": [
        0.10601067543029785,
        0.10593056678771973,
        0.10599303245544434,
        0.10580778121948242,
        0.10573387145996094,
        0.1057589054107666,
        0.10569453239440918,
        0.10548067092895508,
        0.10591769218444824,
        0.1055903434753418,
        0.10587382316589355,
        0.1060028076171875
    ],
    "prefill_percentiles": {
        "10": 0.10560076236724854,
        "25": 0.105724036693573,
        "50": 0.10584080219268799,
        "75": 0.10594618320465088,
        "90": 0.10600183010101319
    },
    "avg_decode_latency": 0.012703824926305703,
    "decode_latencies": [
        0.012715657552083334,
        0.012672503789265951,
        0.012698968251546225,
        0.012738174862331815,
        0.012738572226630317,
        0.012823899586995443,
        0.012718545065985786,
        0.012714968787299262,
        0.012653880649142794,
        0.012639628516303169,
        0.01265096664428711,
        0.012680133183797201
    ],
    "decode_percentiles": {
        "10": 0.012651258044772677,
        "25": 0.012667848004235161,
        "50": 0.012706968519422743,
        "75": 0.012723452515072294,
        "90": 0.012738532490200467
    }
}