{
    "avg_prefill_latency": 0.10939274231592815,
    "prefill_latencies": [
        0.10937643051147461,
        0.10931611061096191,
        0.10944604873657227,
        0.10939431190490723,
        0.10938525199890137,
        0.10934209823608398,
        0.1093904972076416,
        0.10942935943603516,
        0.1092841625213623,
        0.10943436622619629,
        0.1093442440032959,
        0.10957002639770508
    ],
    "prefill_percentiles": {
        "10": 0.10931870937347413,
        "25": 0.10934370756149292,
        "50": 0.10938787460327148,
        "75": 0.10943061113357544,
        "90": 0.10944488048553466
    },
    "avg_decode_latency": 0.016994264390733507,
    "decode_latencies": [
        0.016912592781914607,
        0.01689057879977756,
        0.016972515318128798,
        0.016894764370388456,
        0.016888724433051214,
        0.016863584518432617,
        0.016860140694512263,
        0.016892724566989474,
        0.0168658627404107,
        0.017380343543158636,
        0.01735589239332411,
        0.01715344852871365
    ],
    "decode_percentiles": {
        "10": 0.016863812340630426,
        "25": 0.016883009009891085,
        "50": 0.016893744468688965,
        "75": 0.01701774862077501,
        "90": 0.017335648006863064
    }
}