{
    "avg_prefill_latency": 0.2708328167597453,
    "prefill_latencies": [
        0.2705528736114502,
        0.27105212211608887,
        0.27051520347595215,
        0.2724282741546631,
        0.2704489231109619,
        0.2705507278442383,
        0.27089953422546387,
        0.2705678939819336,
        0.2709205150604248,
        0.27055954933166504,
        0.2709846496582031,
        0.27051353454589844
    ],
    "prefill_percentiles": {
        "10": 0.2705137014389038,
        "25": 0.27054184675216675,
        "50": 0.2705637216567993,
        "75": 0.2709365487098694,
        "90": 0.2710453748703003
    },
    "avg_decode_latency": 0.0478304249268991,
    "decode_latencies": [
        0.0601141717698839,
        0.04336365063985189,
        0.044262965520222984,
        0.04348399904039171,
        0.060541258917914495,
        0.04320849312676324,
        0.04361422856648763,
        0.04497957229614258,
        0.043242825402153864,
        0.06058737966749403,
        0.0433358351389567,
        0.04323071903652615
    ],
    "decode_percentiles": {
        "10": 0.04323192967308892,
        "25": 0.04331258270475599,
        "50": 0.043549113803439676,
        "75": 0.04876322216457791,
        "90": 0.060498550203111436
    }
}