{
    "avg_prefill_latency": 0.06279553969701131,
    "prefill_latencies": [
        0.06281447410583496,
        0.06292104721069336,
        0.06282424926757812,
        0.06275725364685059,
        0.06269454956054688,
        0.06273698806762695,
        0.06280851364135742,
        0.06284737586975098,
        0.06282162666320801,
        0.06265449523925781,
        0.06295895576477051,
        0.06270694732666016
    ],
    "prefill_percentiles": {
        "10": 0.0626957893371582,
        "25": 0.06272947788238525,
        "50": 0.06281149387359619,
        "75": 0.06283003091812134,
        "90": 0.06291368007659912
    },
    "avg_decode_latency": 0.013057145807478162,
    "decode_latencies": [
        0.013164652718438042,
        0.013067139519585503,
        0.013066424263848199,
        0.013087722990247939,
        0.013038529290093316,
        0.013052887386745878,
        0.013078133265177408,
        0.013040542602539062,
        0.01302133666144477,
        0.013053655624389648,
        0.0130359861585829,
        0.012978739208645292
    ],
    "decode_percentiles": {
        "10": 0.013022801611158583,
        "25": 0.013037893507215712,
        "50": 0.013053271505567763,
        "75": 0.013069887955983479,
        "90": 0.013086764017740886
    }
}