{
    "avg_prefill_latency": 0.13805333773295084,
    "prefill_latencies": [
        0.13822674751281738,
        0.13830852508544922,
        0.13789772987365723,
        0.13826632499694824,
        0.1379101276397705,
        0.13787531852722168,
        0.13795018196105957,
        0.13798093795776367,
        0.13813304901123047,
        0.13830780982971191,
        0.13792014122009277,
        0.1378631591796875
    ],
    "prefill_percentiles": {
        "10": 0.13787755966186524,
        "25": 0.1379070281982422,
        "50": 0.13796555995941162,
        "75": 0.1382366418838501,
        "90": 0.13830366134643554
    },
    "avg_decode_latency": 0.023479004700978592,
    "decode_latencies": [
        0.023433367411295574,
        0.023484124077690974,
        0.023590591218736436,
        0.02346446779039171,
        0.023447063234117296,
        0.02344655990600586,
        0.023472759458753798,
        0.02347887886895074,
        0.023496097988552518,
        0.02340878380669488,
        0.023419406678941514,
        0.023605955971611872
    ],
    "decode_percentiles": {
        "10": 0.02342080275217692,
        "25": 0.02344326178232829,
        "50": 0.023468613624572754,
        "75": 0.02348711755540636,
        "90": 0.023581141895718045
    }
}