{
    "avg_prefill_latency": 0.012365877628326416,
    "prefill_latencies": [
        0.011854410171508789,
        0.011828899383544922,
        0.011794090270996094,
        0.011971712112426758,
        0.011923074722290039,
        0.0119781494140625,
        0.014840364456176758,
        0.01395416259765625,
        0.012768268585205078,
        0.011827468872070312,
        0.011808633804321289,
        0.011841297149658203
    ],
    "prefill_percentiles": {
        "10": 0.011810517311096192,
        "25": 0.01182854175567627,
        "50": 0.011888742446899414,
        "75": 0.012175679206848145,
        "90": 0.013835573196411132
    },
    "avg_decode_latency": 0.012401009047472919,
    "decode_latencies": [
        0.012313180499606662,
        0.012181176079644097,
        0.012467808193630643,
        0.012347194883558486,
        0.012516498565673828,
        0.01288694805569119,
        0.012536499235365126,
        0.01258662011888292,
        0.012228621376885308,
        0.012300650278727213,
        0.012166738510131836,
        0.012280172771877713
    ],
    "decode_percentiles": {
        "10": 0.012185920609368218,
        "25": 0.012267284923129613,
        "50": 0.012330187691582574,
        "75": 0.012521498733096652,
        "90": 0.012581608030531141
    }
}