{
    "avg_prefill_latency": 0.33464101950327557,
    "prefill_latencies": [
        0.3344600200653076,
        0.3345315456390381,
        0.3341379165649414,
        0.3345949649810791,
        0.3352799415588379,
        0.33437252044677734,
        0.33533501625061035,
        0.3345315456390381,
        0.33448100090026855,
        0.33466649055480957,
        0.33543968200683594,
        0.3338615894317627
    ],
    "prefill_percentiles": {
        "10": 0.334161376953125,
        "25": 0.33443814516067505,
        "50": 0.3345315456390381,
        "75": 0.33481985330581665,
        "90": 0.3353295087814331
    },
    "avg_decode_latency": 0.050196080296127876,
    "decode_latencies": [
        0.04610488149854872,
        0.0461017025841607,
        0.06286467446221246,
        0.04636875788370768,
        0.045900450812445745,
        0.04596127404106988,
        0.0623785654703776,
        0.04624239603678385,
        0.04596771134270562,
        0.062373187806871205,
        0.045950094858805336,
        0.046139266755845815
    ],
    "decode_percentiles": {
        "10": 0.04595121277703179,
        "25": 0.04596610201729669,
        "50": 0.046122074127197266,
        "75": 0.05036986536449856,
        "90": 0.062378027704026964
    }
}