{
    "avg_prefill_latency": 0.19735982020696005,
    "prefill_latencies": [
        0.19752931594848633,
        0.19805383682250977,
        0.1973733901977539,
        0.1973557472229004,
        0.1974177360534668,
        0.19703173637390137,
        0.1969606876373291,
        0.19721508026123047,
        0.19710230827331543,
        0.19734573364257812,
        0.19717860221862793,
        0.1977536678314209
    ],
    "prefill_percentiles": {
        "10": 0.19703879356384277,
        "25": 0.1971595287322998,
        "50": 0.19735074043273926,
        "75": 0.19744563102722168,
        "90": 0.19773123264312745
    },
    "avg_decode_latency": 0.02646135621600681,
    "decode_latencies": [
        0.025477674272325303,
        0.025514761606852215,
        0.02545611063639323,
        0.025530417760213215,
        0.02545211050245497,
        0.025426520241631403,
        0.025433142979939777,
        0.036976363923814565,
        0.025568856133355036,
        0.025624195734659832,
        0.02557690938313802,
        0.025499211417304143
    ],
    "decode_percentiles": {
        "10": 0.025435039732191297,
        "25": 0.025455110602908664,
        "50": 0.02550698651207818,
        "75": 0.02557086944580078,
        "90": 0.025619467099507652
    }
}