{
    "avg_prefill_latency": 0.409790575504303,
    "prefill_latencies": [
        0.4093012809753418,
        0.40975117683410645,
        0.40995192527770996,
        0.41111278533935547,
        0.4102058410644531,
        0.41004228591918945,
        0.4102787971496582,
        0.4088916778564453,
        0.4095172882080078,
        0.40910792350769043,
        0.41009092330932617,
        0.40923500061035156
    ],
    "prefill_percentiles": {
        "10": 0.40912063121795655,
        "25": 0.40928471088409424,
        "50": 0.4098515510559082,
        "75": 0.4101196527481079,
        "90": 0.4102715015411377
    },
    "avg_decode_latency": 0.04910723765691121,
    "decode_latencies": [
        0.046976661682128905,
        0.05687015056610108,
        0.04792919158935547,
        0.04796733856201172,
        0.04825847148895264,
        0.047612762451171874,
        0.046320128440856936,
        0.06177554130554199,
        0.04664182662963867,
        0.0462874174118042,
        0.04618368148803711,
        0.04646368026733398
    ],
    "decode_percentiles": {
        "10": 0.04629068851470947,
        "25": 0.04642779231071472,
        "50": 0.04729471206665039,
        "75": 0.04804012179374695,
        "90": 0.05600898265838623
    }
}