{
    "avg_prefill_latency": 0.19824173053105673,
    "prefill_latencies": [
        0.19939160346984863,
        0.19942855834960938,
        0.19927763938903809,
        0.19917798042297363,
        0.19759178161621094,
        0.19755101203918457,
        0.19756102561950684,
        0.19808745384216309,
        0.19745111465454102,
        0.19753241539001465,
        0.1979081630706787,
        0.19794201850891113
    ],
    "prefill_percentiles": {
        "10": 0.19753427505493165,
        "25": 0.19755852222442627,
        "50": 0.19792509078979492,
        "75": 0.19920289516448975,
        "90": 0.19938020706176757
    },
    "avg_decode_latency": 0.01696601399668941,
    "decode_latencies": [
        0.016957680384318035,
        0.01697042253282335,
        0.01696112420823839,
        0.01687471071879069,
        0.016853491465250652,
        0.016871399349636503,
        0.016938977771335177,
        0.016780535380045574,
        0.01680148972405328,
        0.016768905851576064,
        0.017165184020996094,
        0.017648246553209092
    ],
    "decode_percentiles": {
        "10": 0.016782630814446343,
        "25": 0.016840491029951308,
        "50": 0.016906844245062932,
        "75": 0.01696344878938463,
        "90": 0.01714570787217882
    }
}