{
    "avg_prefill_latency": 0.38089412450790405,
    "prefill_latencies": [
        0.3801231384277344,
        0.3805549144744873,
        0.38070011138916016,
        0.38092589378356934,
        0.38126444816589355,
        0.3810887336730957,
        0.3803117275238037,
        0.3804812431335449,
        0.3798363208770752,
        0.38163328170776367,
        0.3817732334136963,
        0.3820364475250244
    ],
    "prefill_percentiles": {
        "10": 0.38014199733734133,
        "25": 0.3804388642311096,
        "50": 0.38081300258636475,
        "75": 0.3813566565513611,
        "90": 0.38175923824310304
    },
    "avg_decode_latency": 0.026954809824625652,
    "decode_latencies": [
        0.025641388363308378,
        0.0257309807671441,
        0.02635624673631456,
        0.025934033923678927,
        0.03686144616868761,
        0.025937954584757488,
        0.025905821058485243,
        0.0257007810804579,
        0.025622394349839952,
        0.026630693011813693,
        0.026227474212646484,
        0.02690850363837348
    ],
    "decode_percentiles": {
        "10": 0.02564732763502333,
        "25": 0.025723430845472548,
        "50": 0.025935994254218206,
        "75": 0.026424858305189345,
        "90": 0.0268807225757175
    }
}