{
    "avg_prefill_latency": 0.40965131918589276,
    "prefill_latencies": [
        0.40851593017578125,
        0.4093623161315918,
        0.41106700897216797,
        0.4101872444152832,
        0.4097154140472412,
        0.40953540802001953,
        0.40975522994995117,
        0.41015028953552246,
        0.40991783142089844,
        0.4095175266265869,
        0.409210205078125,
        0.40888142585754395
    ],
    "prefill_percentiles": {
        "10": 0.40891430377960203,
        "25": 0.4093242883682251,
        "50": 0.40962541103363037,
        "75": 0.40997594594955444,
        "90": 0.41018354892730713
    },
    "avg_decode_latency": 0.04461363951365153,
    "decode_latencies": [
        0.04291248321533203,
        0.04278063774108887,
        0.05357820987701416,
        0.042968153953552246,
        0.042839670181274415,
        0.04294428825378418,
        0.0430072546005249,
        0.04290032386779785,
        0.04295954704284668,
        0.04283342361450195,
        0.05275700092315674,
        0.042882680892944336
    ],
    "decode_percentiles": {
        "10": 0.0428340482711792,
        "25": 0.042871928215026854,
        "50": 0.04292838573455811,
        "75": 0.04297792911529541,
        "90": 0.051782026290893554
    }
}