{
    "avg_prefill_latency": 0.10716766119003296,
    "prefill_latencies": [
        0.10726809501647949,
        0.10733771324157715,
        0.10713934898376465,
        0.10722923278808594,
        0.1071324348449707,
        0.10702633857727051,
        0.10725522041320801,
        0.1072688102722168,
        0.1072242259979248,
        0.1070866584777832,
        0.1069037914276123,
        0.10714006423950195
    ],
    "prefill_percentiles": {
        "10": 0.10703237056732177,
        "25": 0.10712099075317383,
        "50": 0.10718214511871338,
        "75": 0.10725843906402588,
        "90": 0.10726873874664307
    },
    "avg_decode_latency": 0.01228283069751881,
    "decode_latencies": [
        0.012352095709906684,
        0.012334956063164605,
        0.012246820661756728,
        0.012261920505099826,
        0.012304809358384874,
        0.01228144433763292,
        0.012233866585625542,
        0.01224313841925727,
        0.012237416373358833,
        0.012278291914198134,
        0.012272357940673828,
        0.01234685050116645
    ],
    "decode_percentiles": {
        "10": 0.012237988577948677,
        "25": 0.012245900101131864,
        "50": 0.012275324927435981,
        "75": 0.012312346034579806,
        "90": 0.012345661057366265
    }
}