{
    "avg_prefill_latency": 0.4042244752248128,
    "prefill_latencies": [
        0.4048738479614258,
        0.40392327308654785,
        0.4040086269378662,
        0.4035367965698242,
        0.40460920333862305,
        0.404083251953125,
        0.40454602241516113,
        0.40447282791137695,
        0.4040493965148926,
        0.4040393829345703,
        0.40427160263061523,
        0.4042794704437256
    ],
    "prefill_percentiles": {
        "10": 0.4039318084716797,
        "25": 0.4040316939353943,
        "50": 0.4041774272918701,
        "75": 0.404491126537323,
        "90": 0.40460288524627686
    },
    "avg_decode_latency": 0.03984290758768717,
    "decode_latencies": [
        0.03905045986175537,
        0.03849360942840576,
        0.038503718376159665,
        0.038689255714416504,
        0.03850531578063965,
        0.0385761022567749,
        0.038591837882995604,
        0.03856117725372314,
        0.05341789722442627,
        0.038559913635253906,
        0.03859655857086182,
        0.03856904506683349
    ],
    "decode_percentiles": {
        "10": 0.038503878116607666,
        "25": 0.03854626417160034,
        "50": 0.038572573661804194,
        "75": 0.038619732856750494,
        "90": 0.039014339447021484
    }
}