{
    "avg_prefill_latency": 0.40434853235880536,
    "prefill_latencies": [
        0.4047696590423584,
        0.4047262668609619,
        0.4040186405181885,
        0.404097318649292,
        0.4045538902282715,
        0.40450620651245117,
        0.4041118621826172,
        0.4042975902557373,
        0.40467095375061035,
        0.40441441535949707,
        0.40401196479797363,
        0.4040036201477051
    ],
    "prefill_percentiles": {
        "10": 0.40401263236999513,
        "25": 0.4040776491165161,
        "50": 0.4043560028076172,
        "75": 0.4045831561088562,
        "90": 0.40472073554992677
    },
    "avg_decode_latency": 0.04591584006945293,
    "decode_latencies": [
        0.04564282894134521,
        0.04561567306518555,
        0.04578070640563965,
        0.045649385452270506,
        0.04587309360504151,
        0.04567112922668457,
        0.04587357044219971,
        0.046021342277526855,
        0.04605095386505127,
        0.04670758247375488,
        0.045825409889221194,
        0.04627840518951416
    ],
    "decode_percentiles": {
        "10": 0.04564348459243774,
        "25": 0.04566569328308105,
        "50": 0.04584925174713135,
        "75": 0.046028745174407956,
        "90": 0.046255660057067875
    }
}