{
    "avg_prefill_latency": 0.32244733969370526,
    "prefill_latencies": [
        0.3222768306732178,
        0.32203197479248047,
        0.3221395015716553,
        0.32204246520996094,
        0.32308387756347656,
        0.32193779945373535,
        0.32216930389404297,
        0.3219921588897705,
        0.32242584228515625,
        0.32300567626953125,
        0.3226327896118164,
        0.32362985610961914
    ],
    "prefill_percentiles": {
        "10": 0.3219961404800415,
        "25": 0.3220398426055908,
        "50": 0.32222306728363037,
        "75": 0.3227260112762451,
        "90": 0.323076057434082
    },
    "avg_decode_latency": 0.016292792779427984,
    "decode_latencies": [
        0.01653297742207845,
        0.016187058554755315,
        0.016111373901367188,
        0.016191509034898546,
        0.016140540440877277,
        0.01613963974846734,
        0.016127612855699327,
        0.01612024837070041,
        0.01622165573967828,
        0.016921122868855793,
        0.016512711842854817,
        0.016307062572903104
    ],
    "decode_percentiles": {
        "10": 0.016120984819200303,
        "25": 0.01613663302527534,
        "50": 0.016189283794826932,
        "75": 0.016358474890391033,
        "90": 0.016530950864156086
    }
}