{
    "avg_prefill_latency": 0.2626320918401082,
    "prefill_latencies": [
        0.2625734806060791,
        0.2648477554321289,
        0.2629384994506836,
        0.2652757167816162,
        0.2616000175476074,
        0.2617490291595459,
        0.26171255111694336,
        0.26189541816711426,
        0.26267218589782715,
        0.2623710632324219,
        0.2620084285736084,
        0.26194095611572266
    ],
    "prefill_percentiles": {
        "10": 0.2617161989212036,
        "25": 0.26185882091522217,
        "50": 0.26218974590301514,
        "75": 0.26273876428604126,
        "90": 0.26465682983398436
    },
    "avg_decode_latency": 0.017519242233700227,
    "decode_latencies": [
        0.01861752404106988,
        0.018906381395128038,
        0.018014934327867296,
        0.017545912000868056,
        0.017096095614963107,
        0.01697108480665419,
        0.01736585299173991,
        0.01735798517862956,
        0.017371654510498047,
        0.017022212346394856,
        0.01677613788180881,
        0.017185131708780926
    ],
    "decode_percentiles": {
        "10": 0.016976197560628254,
        "25": 0.017077624797821045,
        "50": 0.017361919085184734,
        "75": 0.017663167582617864,
        "90": 0.018557265069749623
    }
}