{
    "avg_prefill_latency": 0.013024389743804932,
    "prefill_latencies": [
        0.012837648391723633,
        0.012884855270385742,
        0.012837409973144531,
        0.01281595230102539,
        0.014947652816772461,
        0.013171672821044922,
        0.012802362442016602,
        0.012824058532714844,
        0.012776613235473633,
        0.012805700302124023,
        0.012794971466064453,
        0.012793779373168945
    ],
    "prefill_percentiles": {
        "10": 0.012793898582458496,
        "25": 0.012800514698028564,
        "50": 0.012820005416870117,
        "75": 0.01284945011138916,
        "90": 0.013142991065979003
    },
    "avg_decode_latency": 0.012252690615477383,
    "decode_latencies": [
        0.012123081419203017,
        0.012222369511922201,
        0.012067741817898221,
        0.01277266608344184,
        0.012924883100721572,
        0.012124300003051758,
        0.01211894883049859,
        0.012090788947211372,
        0.012089225980970595,
        0.012115769916110568,
        0.012068510055541992,
        0.0123140017191569
    ],
    "decode_percentiles": {
        "10": 0.012070581648084852,
        "25": 0.012090398205651177,
        "50": 0.012121015124850802,
        "75": 0.012245277563730877,
        "90": 0.012726799647013346
    }
}