{
    "avg_prefill_latency": 0.09254721800486247,
    "prefill_latencies": [
        0.09163141250610352,
        0.09143805503845215,
        0.09153270721435547,
        0.09411740303039551,
        0.09167194366455078,
        0.09211564064025879,
        0.09299540519714355,
        0.09273982048034668,
        0.09232616424560547,
        0.0931401252746582,
        0.09241390228271484,
        0.09444403648376465
    ],
    "prefill_percentiles": {
        "10": 0.09154257774353028,
        "25": 0.09166181087493896,
        "50": 0.09237003326416016,
        "75": 0.09303158521652222,
        "90": 0.09401967525482177
    },
    "avg_decode_latency": 0.02711788813273112,
    "decode_latencies": [
        0.024128066168891057,
        0.023996459113226995,
        0.024200280507405598,
        0.026015943951076932,
        0.04315805435180664,
        0.02652642461988661,
        0.025536510679456923,
        0.026683701409233943,
        0.026079098383585613,
        0.0263720883263482,
        0.026219818327162,
        0.026498211754692927
    ],
    "decode_percentiles": {
        "10": 0.02413528760274251,
        "25": 0.025202453136444092,
        "50": 0.026149458355373807,
        "75": 0.026505264970991347,
        "90": 0.02666797373029921
    }
}