{
    "avg_prefill_latency": 0.1779773235321045,
    "prefill_latencies": [
        0.17040038108825684,
        0.17011404037475586,
        0.16987991333007812,
        0.25879669189453125,
        0.1698005199432373,
        0.16948962211608887,
        0.16977810859680176,
        0.169572114944458,
        0.17225432395935059,
        0.17145490646362305,
        0.17121577262878418,
        0.17297148704528809
    ],
    "prefill_percentiles": {
        "10": 0.1695927143096924,
        "25": 0.16979491710662842,
        "50": 0.17025721073150635,
        "75": 0.17165476083755493,
        "90": 0.17289977073669432
    },
    "avg_decode_latency": 0.040813141398959696,
    "decode_latencies": [
        0.03913916481865777,
        0.039164755079481334,
        0.03876312573750814,
        0.038746807310316295,
        0.038487646314832896,
        0.03858688142564562,
        0.03869562678866916,
        0.05236103799608019,
        0.04190235667758518,
        0.041358735826280385,
        0.04189162784152561,
        0.040659930970933705
    ],
    "decode_percentiles": {
        "10": 0.03859775596194798,
        "25": 0.03873401217990451,
        "50": 0.03915195994906955,
        "75": 0.04149195883009169,
        "90": 0.04190128379397922
    }
}