{
    "avg_prefill_latency": 0.13384207089742026,
    "prefill_latencies": [
        0.1340947151184082,
        0.13294434547424316,
        0.13299131393432617,
        0.13256454467773438,
        0.13255000114440918,
        0.13269710540771484,
        0.13687396049499512,
        0.1332075595855713,
        0.13507485389709473,
        0.13382244110107422,
        0.13524913787841797,
        0.1340348720550537
    ],
    "prefill_percentiles": {
        "10": 0.13257780075073242,
        "25": 0.13288253545761108,
        "50": 0.13351500034332275,
        "75": 0.13433974981307983,
        "90": 0.13523170948028565
    },
    "avg_decode_latency": 0.031243937986868395,
    "decode_latencies": [
        0.0382486449347602,
        0.02809211942884657,
        0.028391917546590168,
        0.028429667154947918,
        0.028005652957492404,
        0.029022773106892902,
        0.03023407194349501,
        0.02978438801235623,
        0.041511721081203885,
        0.03096718258327908,
        0.030952109230889216,
        0.03128700786166721
    ],
    "decode_percentiles": {
        "10": 0.02812209924062093,
        "25": 0.028420229752858482,
        "50": 0.03000922997792562,
        "75": 0.031047138902876113,
        "90": 0.037552481227450904
    }
}