{
    "avg_prefill_latency": 0.012592752774556478,
    "prefill_latencies": [
        0.012236356735229492,
        0.01228642463684082,
        0.012789011001586914,
        0.013805150985717773,
        0.012415409088134766,
        0.013119697570800781,
        0.01230764389038086,
        0.01226043701171875,
        0.012929201126098633,
        0.012365102767944336,
        0.012288331985473633,
        0.012310266494750977
    ],
    "prefill_percentiles": {
        "10": 0.012263035774230957,
        "25": 0.01228785514831543,
        "50": 0.012337684631347656,
        "75": 0.012824058532714844,
        "90": 0.013100647926330566
    },
    "avg_decode_latency": 0.012113635186795835,
    "decode_latencies": [
        0.011986467573377822,
        0.012062178717719184,
        0.012161890665690104,
        0.01208406024509006,
        0.01209712028503418,
        0.012536578708224826,
        0.012020932303534614,
        0.012006547715928819,
        0.012192726135253906,
        0.01200103759765625,
        0.012033171123928495,
        0.012180911170111762
    ],
    "decode_percentiles": {
        "10": 0.012001588609483508,
        "25": 0.012017336156633165,
        "50": 0.012073119481404621,
        "75": 0.012166645791795518,
        "90": 0.012191544638739692
    }
}