{
    "avg_prefill_latency": 0.12565751870473227,
    "prefill_latencies": [
        0.12705230712890625,
        0.12718868255615234,
        0.1257648468017578,
        0.12258648872375488,
        0.12523317337036133,
        0.12758946418762207,
        0.12482595443725586,
        0.12410759925842285,
        0.1262974739074707,
        0.12664008140563965,
        0.12514305114746094,
        0.12546110153198242
    ],
    "prefill_percentiles": {
        "10": 0.12417943477630615,
        "25": 0.12506377696990967,
        "50": 0.12561297416687012,
        "75": 0.1267431378364563,
        "90": 0.12717504501342775
    },
    "avg_decode_latency": 0.0259314755598704,
    "decode_latencies": [
        0.02581467628479004,
        0.03732733726501465,
        0.02975456714630127,
        0.024182057380676268,
        0.025354647636413576,
        0.02424178123474121,
        0.02418055534362793,
        0.024154138565063477,
        0.024074339866638185,
        0.023926329612731934,
        0.02401554584503174,
        0.02415173053741455
    ],
    "decode_percentiles": {
        "10": 0.024021425247192384,
        "25": 0.02413238286972046,
        "50": 0.0241813063621521,
        "75": 0.025469654798507692,
        "90": 0.029360578060150147
    }
}