{
    "avg_prefill_latency": 0.03288036584854126,
    "prefill_latencies": [
        0.0326991081237793,
        0.03295588493347168,
        0.03282451629638672,
        0.03260445594787598,
        0.03435659408569336,
        0.032767295837402344,
        0.0325627326965332,
        0.03268790245056152,
        0.032533884048461914,
        0.032630205154418945,
        0.03248786926269531,
        0.033453941345214844
    ],
    "prefill_percentiles": {
        "10": 0.032536768913269044,
        "25": 0.03259402513504028,
        "50": 0.03269350528717041,
        "75": 0.03285735845565796,
        "90": 0.03340413570404053
    },
    "avg_decode_latency": 0.011885470814175075,
    "decode_latencies": [
        0.011941803826226128,
        0.011822382609049479,
        0.011883603201972114,
        0.01207370228237576,
        0.011739916271633573,
        0.011788633134629991,
        0.011974043316311307,
        0.012082285351223417,
        0.011831866370307075,
        0.01186831792195638,
        0.01179912355211046,
        0.01181997193230523
    ],
    "decode_percentiles": {
        "10": 0.011789682176378038,
        "25": 0.011814759837256538,
        "50": 0.011850092146131728,
        "75": 0.011949863698747423,
        "90": 0.012063736385769314
    }
}