{
    "avg_prefill_latency": 0.1222804586092631,
    "prefill_latencies": [
        0.12075352668762207,
        0.12198853492736816,
        0.12386155128479004,
        0.12079811096191406,
        0.12038135528564453,
        0.12244486808776855,
        0.1282973289489746,
        0.12057924270629883,
        0.12023544311523438,
        0.12165999412536621,
        0.12171387672424316,
        0.12465167045593262
    ],
    "prefill_percentiles": {
        "10": 0.12040114402770996,
        "25": 0.12070995569229126,
        "50": 0.12168693542480469,
        "75": 0.12279903888702393,
        "90": 0.12457265853881835
    },
    "avg_decode_latency": 0.02805250883102417,
    "decode_latencies": [
        0.028624463081359863,
        0.027791333198547364,
        0.027409839630126952,
        0.027409458160400392,
        0.028113126754760742,
        0.028623366355895997,
        0.02896852493286133,
        0.030594348907470703,
        0.02705521583557129,
        0.027618932723999023,
        0.027054738998413087,
        0.0273667573928833
    ],
    "decode_percentiles": {
        "10": 0.02708636999130249,
        "25": 0.02739878296852112,
        "50": 0.027705132961273193,
        "75": 0.028623640537261963,
        "90": 0.028934118747711183
    }
}