{
    "avg_prefill_latency": 0.11601463953653972,
    "prefill_latencies": [
        0.11580133438110352,
        0.11658573150634766,
        0.11444401741027832,
        0.11631608009338379,
        0.11662602424621582,
        0.11396026611328125,
        0.11642980575561523,
        0.11635375022888184,
        0.1162726879119873,
        0.11690449714660645,
        0.11770510673522949,
        0.1147763729095459
    ],
    "prefill_percentiles": {
        "10": 0.11447725296020508,
        "25": 0.11554509401321411,
        "50": 0.11633491516113281,
        "75": 0.1165958046913147,
        "90": 0.11687664985656739
    },
    "avg_decode_latency": 0.015261049623842594,
    "decode_latencies": [
        0.014610926310221354,
        0.015271743138631185,
        0.015503856870863173,
        0.014938169055514865,
        0.016420841217041016,
        0.015045748816596137,
        0.014754295349121094,
        0.014975680245293511,
        0.015132771597968208,
        0.016169733471340604,
        0.015050252278645834,
        0.015258577134874132
    ],
    "decode_percentiles": {
        "10": 0.01477268271976047,
        "25": 0.014966302447848849,
        "50": 0.01509151193830702,
        "75": 0.015329771571689183,
        "90": 0.016103145811292862
    }
}