{
    "avg_prefill_latency": 0.07642765839894612,
    "prefill_latencies": [
        0.07619118690490723,
        0.07681894302368164,
        0.07515382766723633,
        0.0763845443725586,
        0.07586812973022461,
        0.07686233520507812,
        0.07772564888000488,
        0.0755608081817627,
        0.07679581642150879,
        0.07614803314208984,
        0.07642698287963867,
        0.07719564437866211
    ],
    "prefill_percentiles": {
        "10": 0.07559154033660889,
        "25": 0.07607805728912354,
        "50": 0.07640576362609863,
        "75": 0.07682979106903076,
        "90": 0.07716231346130371
    },
    "avg_decode_latency": 0.028387396423904986,
    "decode_latencies": [
        0.025783326890733507,
        0.03819155693054199,
        0.025786717732747395,
        0.025764067967732746,
        0.02572562959459093,
        0.02579898304409451,
        0.033509916729397245,
        0.026093377007378474,
        0.0257872740427653,
        0.02596063084072537,
        0.025855435265435114,
        0.03639184104071723
    ],
    "decode_percentiles": {
        "10": 0.025765993860032824,
        "25": 0.025785870022243924,
        "50": 0.025827209154764812,
        "75": 0.027947511937883168,
        "90": 0.03610364860958523
    }
}