{
    "avg_prefill_latency": 0.016530513763427734,
    "prefill_latencies": [
        0.0171506404876709,
        0.017185449600219727,
        0.016289472579956055,
        0.016676902770996094,
        0.016607999801635742,
        0.016458749771118164,
        0.016323328018188477,
        0.016269683837890625,
        0.016274452209472656,
        0.016369104385375977,
        0.0163114070892334,
        0.016448974609375
    ],
    "prefill_percentiles": {
        "10": 0.016275954246520997,
        "25": 0.016305923461914062,
        "50": 0.01640903949737549,
        "75": 0.01662522554397583,
        "90": 0.01710326671600342
    },
    "avg_decode_latency": 0.013997011714511448,
    "decode_latencies": [
        0.014711247550116645,
        0.014038854175143771,
        0.014617337120903863,
        0.01439976692199707,
        0.014761606852213541,
        0.014502737257215712,
        0.013619687822129991,
        0.013396051194932725,
        0.01366053687201606,
        0.013392315970526801,
        0.013483100467258029,
        0.01338089836968316
    ],
    "decode_percentiles": {
        "10": 0.013392689492967394,
        "25": 0.013461338149176702,
        "50": 0.013849695523579914,
        "75": 0.01453138722313775,
        "90": 0.014701856507195367
    }
}