{
    "avg_prefill_latency": 0.06326866149902344,
    "prefill_latencies": [
        0.06271862983703613,
        0.06348109245300293,
        0.06217336654663086,
        0.0632474422454834,
        0.06400108337402344,
        0.06359148025512695,
        0.06221628189086914,
        0.06309890747070312,
        0.06367087364196777,
        0.0636129379272461,
        0.0638279914855957,
        0.0635838508605957
    ],
    "prefill_percentiles": {
        "10": 0.06226651668548584,
        "25": 0.06300383806228638,
        "50": 0.06353247165679932,
        "75": 0.06362742185592651,
        "90": 0.0638122797012329
    },
    "avg_decode_latency": 0.023635120303542523,
    "decode_latencies": [
        0.022087679968939886,
        0.02241108152601454,
        0.03271553251478407,
        0.021883646647135418,
        0.022148927052815754,
        0.02187813652886285,
        0.021918402777777776,
        0.021918508741590712,
        0.022253857718573675,
        0.03055702315436469,
        0.021900547875298396,
        0.02194809913635254
    ],
    "decode_percentiles": {
        "10": 0.021885336769951715,
        "25": 0.02191393905215793,
        "50": 0.022017889552646212,
        "75": 0.02229316367043389,
        "90": 0.02974242899152968
    }
}