{
    "avg_prefill_latency": 0.09839000304539998,
    "prefill_latencies": [
        0.09572052955627441,
        0.09862828254699707,
        0.10147428512573242,
        0.09804534912109375,
        0.09764480590820312,
        0.09835529327392578,
        0.09766030311584473,
        0.09996867179870605,
        0.09766912460327148,
        0.09961771965026855,
        0.09900689125061035,
        0.09688878059387207
    ],
    "prefill_percentiles": {
        "10": 0.09696438312530517,
        "25": 0.09765642881393433,
        "50": 0.09820032119750977,
        "75": 0.0991595983505249,
        "90": 0.0999335765838623
    },
    "avg_decode_latency": 0.03108610047234429,
    "decode_latencies": [
        0.027778016196356878,
        0.02796128061082628,
        0.041622320810953774,
        0.02883625030517578,
        0.02919692463344998,
        0.03842465082804362,
        0.02918418248494466,
        0.029090854856703017,
        0.02852561738755968,
        0.03662260373433431,
        0.02796287006802029,
        0.02782763375176324
    ],
    "decode_percentiles": {
        "10": 0.027840998437669545,
        "25": 0.027962472703721788,
        "50": 0.028963552580939397,
        "75": 0.031053344408671062,
        "90": 0.038244446118672684
    }
}