{
    "avg_prefill_latency": 0.015747169653574627,
    "prefill_latencies": [
        0.015791654586791992,
        0.015732765197753906,
        0.015720129013061523,
        0.015735864639282227,
        0.015729427337646484,
        0.015820741653442383,
        0.015784740447998047,
        0.01572394371032715,
        0.015743732452392578,
        0.015735387802124023,
        0.015738487243652344,
        0.01570916175842285
    ],
    "prefill_percentiles": {
        "10": 0.015720510482788087,
        "25": 0.01572805643081665,
        "50": 0.015735626220703125,
        "75": 0.015753984451293945,
        "90": 0.0157909631729126
    },
    "avg_decode_latency": 0.01133484089816058,
    "decode_latencies": [
        0.011323849360148111,
        0.011316061019897461,
        0.01133259137471517,
        0.011332697338528104,
        0.011309517754448785,
        0.011393096711900499,
        0.011331823137071397,
        0.011316325929429796,
        0.011338075002034506,
        0.011354366938273111,
        0.0113319820827908,
        0.011337704128689237
    ],
    "decode_percentiles": {
        "10": 0.011316087510850694,
        "25": 0.011321968502468532,
        "50": 0.011332286728752985,
        "75": 0.011337796847025555,
        "90": 0.01135273774464925
    }
}