{
    "avg_prefill_latency": 0.04189703861872355,
    "prefill_latencies": [
        0.04203200340270996,
        0.04204154014587402,
        0.04172945022583008,
        0.0423583984375,
        0.04204082489013672,
        0.04174494743347168,
        0.04179668426513672,
        0.04170870780944824,
        0.04190397262573242,
        0.04166054725646973,
        0.041758060455322266,
        0.04198932647705078
    ],
    "prefill_percentiles": {
        "10": 0.04171078205108643,
        "25": 0.04174107313156128,
        "50": 0.04185032844543457,
        "75": 0.04203420877456665,
        "90": 0.042041468620300296
    },
    "avg_decode_latency": 0.014959862938633673,
    "decode_latencies": [
        0.014835278193155924,
        0.015732288360595703,
        0.014862563874986436,
        0.015025854110717773,
        0.015071630477905273,
        0.015052292082044814,
        0.014698796802096896,
        0.014705869886610243,
        0.014795780181884766,
        0.01499085956149631,
        0.01476128896077474,
        0.014985852771335177
    ],
    "decode_percentiles": {
        "10": 0.014711411794026694,
        "25": 0.01478715737660726,
        "50": 0.014924208323160807,
        "75": 0.015032463603549533,
        "90": 0.015069696638319228
    }
}