{
    "avg_prefill_latency": 0.13486538330713907,
    "prefill_latencies": [
        0.12597966194152832,
        0.12772917747497559,
        0.12706875801086426,
        0.12717127799987793,
        0.1264176368713379,
        0.12618708610534668,
        0.12865424156188965,
        0.21769094467163086,
        0.12794184684753418,
        0.1282801628112793,
        0.12807679176330566,
        0.12718701362609863
    ],
    "prefill_percentiles": {
        "10": 0.1262101411819458,
        "25": 0.12690597772598267,
        "50": 0.1274580955505371,
        "75": 0.12812763452529907,
        "90": 0.1286168336868286
    },
    "avg_decode_latency": 0.039112720886866244,
    "decode_latencies": [
        0.03711190223693848,
        0.04636960029602051,
        0.037380003929138185,
        0.03734002113342285,
        0.04654800891876221,
        0.03701663017272949,
        0.03705294132232666,
        0.03678963184356689,
        0.03916201591491699,
        0.03805921077728271,
        0.03853111267089844,
        0.037991571426391604
    ],
    "decode_percentiles": {
        "10": 0.03702026128768921,
        "25": 0.03709716200828552,
        "50": 0.0376857876777649,
        "75": 0.038688838481903076,
        "90": 0.04564884185791016
    }
}