{
    "avg_prefill_latency": 0.12630136807759604,
    "prefill_latencies": [
        0.12316536903381348,
        0.12429475784301758,
        0.12584137916564941,
        0.12612199783325195,
        0.12505888938903809,
        0.12806010246276855,
        0.12880873680114746,
        0.12705707550048828,
        0.125715970993042,
        0.12656331062316895,
        0.12728166580200195,
        0.12764716148376465
    ],
    "prefill_percentiles": {
        "10": 0.12437117099761963,
        "25": 0.12555170059204102,
        "50": 0.12634265422821045,
        "75": 0.12737303972244263,
        "90": 0.12801880836486818
    },
    "avg_decode_latency": 0.027903962135314944,
    "decode_latencies": [
        0.027135801315307618,
        0.026965761184692384,
        0.027040839195251465,
        0.03407485485076904,
        0.02717320919036865,
        0.027572488784790038,
        0.027715229988098146,
        0.027686333656311034,
        0.027779364585876466,
        0.027109956741333006,
        0.02726879119873047,
        0.027324914932250977
    ],
    "decode_percentiles": {
        "10": 0.02704775094985962,
        "25": 0.027129340171813964,
        "50": 0.027296853065490723,
        "75": 0.027693557739257812,
        "90": 0.027772951126098636
    }
}