{
    "avg_prefill_latency": 0.055423895517985024,
    "prefill_latencies": [
        0.05522894859313965,
        0.054450035095214844,
        0.05464816093444824,
        0.05547952651977539,
        0.055667877197265625,
        0.05501818656921387,
        0.05617499351501465,
        0.0563204288482666,
        0.0560307502746582,
        0.05522871017456055,
        0.0556337833404541,
        0.055205345153808594
    ],
    "prefill_percentiles": {
        "10": 0.05468516349792481,
        "25": 0.05515855550765991,
        "50": 0.05535423755645752,
        "75": 0.05575859546661377,
        "90": 0.056160569190979004
    },
    "avg_decode_latency": 0.01689448842295894,
    "decode_latencies": [
        0.01708123419019911,
        0.017502678765190974,
        0.01672294404771593,
        0.017280870013766818,
        0.01738195949130588,
        0.017153342564900715,
        0.016292651494344074,
        0.01792033513387044,
        0.01762713326348199,
        0.01595237520005968,
        0.015918307834201388,
        0.01590002907647027
    ],
    "decode_percentiles": {
        "10": 0.015921714570787216,
        "25": 0.016207582420772977,
        "50": 0.017117288377549913,
        "75": 0.017412139309777155,
        "90": 0.01761468781365289
    }
}