{
    "avg_prefill_latency": 0.12337611118952434,
    "prefill_latencies": [
        0.12392306327819824,
        0.12290811538696289,
        0.12236166000366211,
        0.12445974349975586,
        0.1227576732635498,
        0.12157964706420898,
        0.12516164779663086,
        0.12464618682861328,
        0.12377762794494629,
        0.12385678291320801,
        0.11923551559448242,
        0.12584567070007324
    ],
    "prefill_percentiles": {
        "10": 0.1216578483581543,
        "25": 0.12265866994857788,
        "50": 0.12381720542907715,
        "75": 0.12450635433197021,
        "90": 0.1251101016998291
    },
    "avg_decode_latency": 0.025602380434672042,
    "decode_latencies": [
        0.025914955139160156,
        0.0267437219619751,
        0.026634025573730468,
        0.02537491321563721,
        0.025328612327575682,
        0.025302648544311523,
        0.025434184074401855,
        0.025072622299194335,
        0.025437092781066893,
        0.02552933692932129,
        0.025037670135498048,
        0.025418782234191896
    ],
    "decode_percentiles": {
        "10": 0.025095624923706053,
        "25": 0.02532212138175964,
        "50": 0.025426483154296874,
        "75": 0.025625741481781004,
        "90": 0.026562118530273435
    }
}