{
    "avg_prefill_latency": 0.07722171147664388,
    "prefill_latencies": [
        0.07845044136047363,
        0.07669758796691895,
        0.07490324974060059,
        0.0769047737121582,
        0.07618522644042969,
        0.07782626152038574,
        0.07807326316833496,
        0.07763004302978516,
        0.07632327079772949,
        0.07744932174682617,
        0.07795858383178711,
        0.07825851440429688
    ],
    "prefill_percentiles": {
        "10": 0.07619903087615967,
        "25": 0.07660400867462158,
        "50": 0.07753968238830566,
        "75": 0.07798725366592407,
        "90": 0.07823998928070068
    },
    "avg_decode_latency": 0.01569476392534044,
    "decode_latencies": [
        0.015682697296142578,
        0.015239079793294271,
        0.015218072467380099,
        0.01525788837009006,
        0.01524005995856391,
        0.015475723478529189,
        0.01641058921813965,
        0.01607974370320638,
        0.0159657531314426,
        0.015544679429796007,
        0.016141706042819552,
        0.01608117421468099
    ],
    "decode_percentiles": {
        "10": 0.015239177809821236,
        "25": 0.015253431267208522,
        "50": 0.015613688362969292,
        "75": 0.01608010133107503,
        "90": 0.016135652860005695
    }
}