{
    "avg_prefill_latency": 0.12257071336110432,
    "prefill_latencies": [
        0.12219905853271484,
        0.12186884880065918,
        0.12229633331298828,
        0.12286949157714844,
        0.1229867935180664,
        0.1222238540649414,
        0.12386059761047363,
        0.12128043174743652,
        0.12282896041870117,
        0.12148237228393555,
        0.12360286712646484,
        0.12334895133972168
    ],
    "prefill_percentiles": {
        "10": 0.1215210199356079,
        "25": 0.12211650609970093,
        "50": 0.12256264686584473,
        "75": 0.12307733297348022,
        "90": 0.12357747554779053
    },
    "avg_decode_latency": 0.033423713843027746,
    "decode_latencies": [
        0.03168864250183105,
        0.03201968669891357,
        0.03143124580383301,
        0.031860065460205075,
        0.031436729431152347,
        0.041480731964111325,
        0.03213202953338623,
        0.03178696632385254,
        0.0330620527267456,
        0.03182001113891601,
        0.03163609504699707,
        0.04073030948638916
    ],
    "decode_percentiles": {
        "10": 0.03145666599273682,
        "25": 0.031675505638122554,
        "50": 0.031840038299560544,
        "75": 0.03236453533172608,
        "90": 0.039963483810424805
    }
}