{
    "avg_prefill_latency": 0.05845646063486735,
    "prefill_latencies": [
        0.07203865051269531,
        0.05324959754943848,
        0.07517504692077637,
        0.05249309539794922,
        0.07232093811035156,
        0.05721020698547363,
        0.05273914337158203,
        0.05304551124572754,
        0.0527040958404541,
        0.05283522605895996,
        0.052195072174072266,
        0.055470943450927734
    ],
    "prefill_percentiles": {
        "10": 0.05251419544219971,
        "25": 0.05273038148880005,
        "50": 0.05314755439758301,
        "75": 0.06091731786727905,
        "90": 0.07229270935058593
    },
    "avg_decode_latency": 0.04008747471703423,
    "decode_latencies": [
        0.040435791015625,
        0.039569457372029625,
        0.03952095243665907,
        0.04193319214714898,
        0.042656527625189886,
        0.03900713390774197,
        0.03950497839185926,
        0.03975362247890896,
        0.03950948185390896,
        0.039513481987847224,
        0.0399987432691786,
        0.03964633411831326
    ],
    "decode_percentiles": {
        "10": 0.03950542873806424,
        "25": 0.03951248195436266,
        "50": 0.03960789574517144,
        "75": 0.0401080052057902,
        "90": 0.04178345203399658
    }
}