{
    "avg_prefill_latency": 0.21039080619812012,
    "prefill_latencies": [
        0.20920729637145996,
        0.2102646827697754,
        0.20809531211853027,
        0.20894598960876465,
        0.21065807342529297,
        0.21017718315124512,
        0.21056103706359863,
        0.2101445198059082,
        0.209808349609375,
        0.21062016487121582,
        0.21535229682922363,
        0.21085476875305176
    ],
    "prefill_percentiles": {
        "10": 0.20897212028503417,
        "25": 0.20965808629989624,
        "50": 0.21022093296051025,
        "75": 0.2106296420097351,
        "90": 0.21083509922027588
    },
    "avg_decode_latency": 0.03479226209499218,
    "decode_latencies": [
        0.03267317348056369,
        0.033442391289605036,
        0.032006422678629555,
        0.03224621878729926,
        0.03238691223992242,
        0.03599103291829427,
        0.03213408258226183,
        0.033207972844441734,
        0.03391922844780816,
        0.03394701745775011,
        0.047746207978990346,
        0.03780648443433973
    ],
    "decode_percentiles": {
        "10": 0.03214529620276557,
        "25": 0.03235173887676663,
        "50": 0.03332518206702338,
        "75": 0.034458021322886154,
        "90": 0.037624939282735186
    }
}