{
    "avg_prefill_latency": 0.30035404364267987,
    "prefill_latencies": [
        0.2998518943786621,
        0.3004741668701172,
        0.30013036727905273,
        0.2995598316192627,
        0.29990530014038086,
        0.30097103118896484,
        0.3001260757446289,
        0.29970240592956543,
        0.30097174644470215,
        0.2999074459075928,
        0.2998781204223633,
        0.30277013778686523
    ],
    "prefill_percentiles": {
        "10": 0.2997173547744751,
        "25": 0.299871563911438,
        "50": 0.30001676082611084,
        "75": 0.3005983829498291,
        "90": 0.3009716749191284
    },
    "avg_decode_latency": 0.06861625556592588,
    "decode_latencies": [
        0.0621541870964898,
        0.0623067749871148,
        0.06264898512098524,
        0.08210078875223796,
        0.06243726942274305,
        0.06223856078253852,
        0.06235980987548828,
        0.08284642961290148,
        0.062426355150010854,
        0.0627242194281684,
        0.07593003908793132,
        0.08322164747450086
    ],
    "decode_percentiles": {
        "10": 0.06224538220299615,
        "25": 0.06234655115339491,
        "50": 0.06254312727186415,
        "75": 0.07747272650400798,
        "90": 0.08277186552683513
    }
}