{
    "avg_prefill_latency": 0.13645080725351968,
    "prefill_latencies": [
        0.13568687438964844,
        0.13590192794799805,
        0.13657188415527344,
        0.13621306419372559,
        0.13696527481079102,
        0.1358654499053955,
        0.13613128662109375,
        0.13648343086242676,
        0.13563895225524902,
        0.1385054588317871,
        0.1370534896850586,
        0.13639259338378906
    ],
    "prefill_percentiles": {
        "10": 0.13570473194122315,
        "25": 0.1358928084373474,
        "50": 0.13630282878875732,
        "75": 0.13667023181915283,
        "90": 0.13704466819763184
    },
    "avg_decode_latency": 0.05112300316492716,
    "decode_latencies": [
        0.04838265313042535,
        0.06700915760464138,
        0.04777473873562283,
        0.04783548249138726,
        0.048302279578314886,
        0.047825362947252065,
        0.048776176240709096,
        0.05402586195203993,
        0.050171984566582575,
        0.0549012025197347,
        0.04882200558980306,
        0.04964913262261285
    ],
    "decode_percentiles": {
        "10": 0.04782637490166559,
        "25": 0.04818558030658298,
        "50": 0.04879909091525608,
        "75": 0.05113545391294691,
        "90": 0.054813668462965225
    }
}