{
    "avg_prefill_latency": 0.2047059933344523,
    "prefill_latencies": [
        0.1899089813232422,
        0.19087934494018555,
        0.19002938270568848,
        0.19130992889404297,
        0.1899738311767578,
        0.1901085376739502,
        0.36266136169433594,
        0.18989872932434082,
        0.19071245193481445,
        0.19015216827392578,
        0.19019460678100586,
        0.1906425952911377
    ],
    "prefill_percentiles": {
        "10": 0.18991546630859374,
        "25": 0.1900154948234558,
        "50": 0.19017338752746582,
        "75": 0.19075417518615723,
        "90": 0.19126687049865723
    },
    "avg_decode_latency": 0.06032479913146407,
    "decode_latencies": [
        0.05606232749091254,
        0.05635963545905219,
        0.07717937893337673,
        0.05739204088846842,
        0.06075737211439344,
        0.05607401000128852,
        0.0547534359825982,
        0.05529718928866916,
        0.05929438273111979,
        0.08018782403733996,
        0.05563728014628092,
        0.05490271250406901
    ],
    "decode_percentiles": {
        "10": 0.05494216018252902,
        "25": 0.055552257431877985,
        "50": 0.056216822730170354,
        "75": 0.059660130076938205,
        "90": 0.0755371782514784
    }
}