{
    "avg_prefill_latency": 0.07100027799606323,
    "prefill_latencies": [
        0.07050395011901855,
        0.07065200805664062,
        0.07039618492126465,
        0.07027983665466309,
        0.07026124000549316,
        0.07075357437133789,
        0.07152271270751953,
        0.07090449333190918,
        0.0708765983581543,
        0.07121944427490234,
        0.07059955596923828,
        0.07403373718261719
    ],
    "prefill_percentiles": {
        "10": 0.07029147148132324,
        "25": 0.07047700881958008,
        "50": 0.07070279121398926,
        "75": 0.07098323106765747,
        "90": 0.07149238586425781
    },
    "avg_decode_latency": 0.043611676604659456,
    "decode_latencies": [
        0.04207240210639106,
        0.04218888282775879,
        0.04161058531867133,
        0.04192426469590929,
        0.04199714130825467,
        0.04456782341003418,
        0.04538546668158637,
        0.04539190398322211,
        0.045261886384752065,
        0.042257573869493276,
        0.0467273129357232,
        0.0439548757341173
    ],
    "decode_percentiles": {
        "10": 0.04193155235714383,
        "25": 0.04205358690685696,
        "50": 0.04310622480180529,
        "75": 0.04529278145896064,
        "90": 0.045391260253058535
    }
}