{
    "avg_prefill_latency": 0.21040725708007812,
    "prefill_latencies": [
        0.2096548080444336,
        0.20990514755249023,
        0.21048831939697266,
        0.21009206771850586,
        0.21036291122436523,
        0.21040773391723633,
        0.21046924591064453,
        0.2101137638092041,
        0.21028852462768555,
        0.21077942848205566,
        0.2116246223449707,
        0.21070051193237305
    ],
    "prefill_percentiles": {
        "10": 0.2099238395690918,
        "25": 0.21010833978652954,
        "50": 0.21038532257080078,
        "75": 0.21054136753082275,
        "90": 0.2107715368270874
    },
    "avg_decode_latency": 0.053894124649189135,
    "decode_latencies": [
        0.05042690700954861,
        0.05012959904140896,
        0.07266497611999512,
        0.05060524410671658,
        0.05052510897318522,
        0.0500432915157742,
        0.05025076866149902,
        0.050134632322523326,
        0.05013820860120985,
        0.05016819636027018,
        0.07180974218580458,
        0.049832820892333984
    ],
    "decode_percentiles": {
        "10": 0.05005192226833768,
        "25": 0.050133374002244734,
        "50": 0.0502094825108846,
        "75": 0.05054514275656806,
        "90": 0.06968929237789578
    }
}