{
    "avg_prefill_latency": 0.045699735482533775,
    "prefill_latencies": [
        0.04751443862915039,
        0.050801992416381836,
        0.046240806579589844,
        0.04546093940734863,
        0.04510068893432617,
        0.04513406753540039,
        0.04429149627685547,
        0.044080257415771484,
        0.04614853858947754,
        0.044454097747802734,
        0.04425358772277832,
        0.04491591453552246
    ],
    "prefill_percentiles": {
        "10": 0.044257378578186034,
        "25": 0.04441344738006592,
        "50": 0.04511737823486328,
        "75": 0.046171605587005615,
        "90": 0.04738707542419433
    },
    "avg_decode_latency": 0.03459126640249181,
    "decode_latencies": [
        0.04040180312262641,
        0.044251733356051974,
        0.034280353122287326,
        0.03404119279649523,
        0.033314916822645396,
        0.03397295210096571,
        0.032898664474487305,
        0.032576031155056424,
        0.032529883914523654,
        0.03230126698811849,
        0.03197577264573839,
        0.03255062633090549
    ],
    "decode_percentiles": {
        "10": 0.032324128680759005,
        "25": 0.03254544072681003,
        "50": 0.03310679064856635,
        "75": 0.034100982877943255,
        "90": 0.039789658122592504
    }
}