{
    "avg_prefill_latency": 0.11504832903544109,
    "prefill_latencies": [
        0.11490488052368164,
        0.11526131629943848,
        0.11506819725036621,
        0.11478185653686523,
        0.114898681640625,
        0.11496949195861816,
        0.11513185501098633,
        0.11503767967224121,
        0.11538910865783691,
        0.11513495445251465,
        0.11486315727233887,
        0.11513876914978027
    ],
    "prefill_percentiles": {
        "10": 0.11486670970916749,
        "25": 0.11490333080291748,
        "50": 0.11505293846130371,
        "75": 0.11513590812683105,
        "90": 0.11524906158447265
    },
    "avg_decode_latency": 0.035893760345600274,
    "decode_latencies": [
        0.03663282924228244,
        0.03465029928419325,
        0.03348257806566027,
        0.03428249888949924,
        0.033745368321736656,
        0.0348970890045166,
        0.03347365061442057,
        0.03410169813368055,
        0.03464553091261122,
        0.04845362239413791,
        0.03635583983527289,
        0.03600411944919162
    ],
    "decode_percentiles": {
        "10": 0.033508857091267906,
        "25": 0.03401261568069458,
        "50": 0.03464791509840223,
        "75": 0.03609204954571194,
        "90": 0.03660513030158149
    }
}