{
    "avg_prefill_latency": 0.34291805823644,
    "prefill_latencies": [
        0.3481175899505615,
        0.3413541316986084,
        0.3428056240081787,
        0.3428072929382324,
        0.34258198738098145,
        0.3428611755371094,
        0.3417067527770996,
        0.3422112464904785,
        0.34291601181030273,
        0.3437771797180176,
        0.34088659286499023,
        0.3429911136627197
    ],
    "prefill_percentiles": {
        "10": 0.3413893938064575,
        "25": 0.3420851230621338,
        "50": 0.34280645847320557,
        "75": 0.342934787273407,
        "90": 0.3436985731124878
    },
    "avg_decode_latency": 0.07441188450212832,
    "decode_latencies": [
        0.06686968273586696,
        0.08729049894544813,
        0.0661874877081977,
        0.08680918481614855,
        0.06756451394822863,
        0.06707268291049534,
        0.08816586600409614,
        0.06669049792819554,
        0.06668586201137966,
        0.09738964504665798,
        0.06633305549621582,
        0.06588363647460938
    ],
    "decode_percentiles": {
        "10": 0.06620204448699951,
        "25": 0.0665976603825887,
        "50": 0.06697118282318115,
        "75": 0.08692951334847344,
        "90": 0.08807832929823134
    }
}