{
    "avg_prefill_latency": 0.2501104474067688,
    "prefill_latencies": [
        0.2503061294555664,
        0.2501952648162842,
        0.2502598762512207,
        0.2510256767272949,
        0.2502913475036621,
        0.24907660484313965,
        0.2502176761627197,
        0.2498934268951416,
        0.2491307258605957,
        0.2510702610015869,
        0.2497100830078125,
        0.25014829635620117
    ],
    "prefill_percentiles": {
        "10": 0.24918866157531738,
        "25": 0.24984759092330933,
        "50": 0.25020647048950195,
        "75": 0.2502950429916382,
        "90": 0.25095372200012206
    },
    "avg_decode_latency": 0.06205690348589862,
    "decode_latencies": [
        0.07894229888916016,
        0.057305865817599826,
        0.05724424786037869,
        0.05762301550971137,
        0.0567681524488661,
        0.05653736326429579,
        0.07686434851752387,
        0.0567267205980089,
        0.05619451734754774,
        0.05659559037950304,
        0.05630718337164985,
        0.07757353782653809
    ],
    "decode_percentiles": {
        "10": 0.05633020136091444,
        "25": 0.05658103360070123,
        "50": 0.05700620015462239,
        "75": 0.062433348761664495,
        "90": 0.07750261889563667
    }
}