{
    "avg_prefill_latency": 0.04534963766733805,
    "prefill_latencies": [
        0.04744720458984375,
        0.047133684158325195,
        0.04626965522766113,
        0.0453794002532959,
        0.04447627067565918,
        0.04480314254760742,
        0.045301198959350586,
        0.04428410530090332,
        0.04573369026184082,
        0.043573617935180664,
        0.04469895362854004,
        0.04509472846984863
    ],
    "prefill_percentiles": {
        "10": 0.04430332183837891,
        "25": 0.044643282890319824,
        "50": 0.04519796371459961,
        "75": 0.0458676815032959,
        "90": 0.04704728126525879
    },
    "avg_decode_latency": 0.033872240119510226,
    "decode_latencies": [
        0.03493539492289225,
        0.03343004650539822,
        0.033165031009250216,
        0.03369633356730143,
        0.0326020982530382,
        0.0337980588277181,
        0.03643825319078234,
        0.033961481518215604,
        0.03281638357374403,
        0.03260723749796549,
        0.03331043985154894,
        0.035706122716267906
    ],
    "decode_percentiles": {
        "10": 0.032628152105543345,
        "25": 0.03307786915037367,
        "50": 0.033563190036349826,
        "75": 0.034204959869384766,
        "90": 0.03562904993693034
    }
}