{
    "avg_prefill_latency": 0.26422760883967084,
    "prefill_latencies": [
        0.23387813568115234,
        0.4145476818084717,
        0.23425054550170898,
        0.23483633995056152,
        0.23398852348327637,
        0.23435282707214355,
        0.23386764526367188,
        0.4123208522796631,
        0.23412013053894043,
        0.23503732681274414,
        0.23461174964904785,
        0.23491954803466797
    ],
    "prefill_percentiles": {
        "10": 0.23388917446136476,
        "25": 0.23408722877502441,
        "50": 0.2344822883605957,
        "75": 0.234948992729187,
        "90": 0.3945924997329713
    },
    "avg_decode_latency": 0.05475642946031358,
    "decode_latencies": [
        0.05451639493306478,
        0.05472718344794379,
        0.05507424142625597,
        0.05492319001091851,
        0.0547838740878635,
        0.05444603496127658,
        0.054967006047566734,
        0.05448754628499349,
        0.05492533577813043,
        0.054694281684027776,
        0.05466477076212565,
        0.054867294099595815
    ],
    "decode_percentiles": {
        "10": 0.05449043114980062,
        "25": 0.05462767680486043,
        "50": 0.05475552876790364,
        "75": 0.05492372645272149,
        "90": 0.05496283902062311
    }
}