{
    "avg_prefill_latency": 0.13839242855707803,
    "prefill_latencies": [
        0.12333011627197266,
        0.12289237976074219,
        0.12326240539550781,
        0.12351346015930176,
        0.30498170852661133,
        0.12287497520446777,
        0.12279081344604492,
        0.1235055923461914,
        0.12348151206970215,
        0.12323737144470215,
        0.12350249290466309,
        0.1233363151550293
    ],
    "prefill_percentiles": {
        "10": 0.12287671566009521,
        "25": 0.12315112352371216,
        "50": 0.12333321571350098,
        "75": 0.12350326776504517,
        "90": 0.12351267337799073
    },
    "avg_decode_latency": 0.047026201530739116,
    "decode_latencies": [
        0.04641373952229818,
        0.04556896951463488,
        0.04612231254577637,
        0.04658969243367513,
        0.04609839121500651,
        0.045608202616373696,
        0.04593176311916775,
        0.04613264401753744,
        0.051285876168145075,
        0.05143867598639594,
        0.04633204142252604,
        0.04679210980733236
    ],
    "decode_percentiles": {
        "10": 0.0456405586666531,
        "25": 0.04605673419104682,
        "50": 0.04623234272003174,
        "75": 0.04664029677708944,
        "90": 0.0508364995320638
    }
}