{
    "avg_prefill_latency": 0.22481522957483926,
    "prefill_latencies": [
        0.2242431640625,
        0.22432875633239746,
        0.22495198249816895,
        0.22487926483154297,
        0.22495079040527344,
        0.2251443862915039,
        0.22474217414855957,
        0.22473454475402832,
        0.22472596168518066,
        0.22495031356811523,
        0.22510409355163574,
        0.22502732276916504
    ],
    "prefill_percentiles": {
        "10": 0.22436847686767578,
        "25": 0.2247323989868164,
        "50": 0.2249147891998291,
        "75": 0.22497081756591797,
        "90": 0.22509641647338868
    },
    "avg_decode_latency": 0.03231978637200816,
    "decode_latencies": [
        0.031467066870795354,
        0.03278223673502604,
        0.033474498324924044,
        0.03270374404059516,
        0.03295720948113336,
        0.03269781006707086,
        0.03212134043375651,
        0.03190406163533529,
        0.03190485636393229,
        0.0317483213212755,
        0.031929228040907115,
        0.03214706314934625
    ],
    "decode_percentiles": {
        "10": 0.03176389535268148,
        "25": 0.031904657681783036,
        "50": 0.03213420179155138,
        "75": 0.03272336721420288,
        "90": 0.03293971220652263
    }
}