{
    "avg_prefill_latency": 0.4826501210530599,
    "prefill_latencies": [
        0.4821045398712158,
        0.4827594757080078,
        0.48157644271850586,
        0.4826066493988037,
        0.48126888275146484,
        0.48365235328674316,
        0.482698917388916,
        0.4823117256164551,
        0.483579158782959,
        0.4826521873474121,
        0.4833030700683594,
        0.483288049697876
    ],
    "prefill_percentiles": {
        "10": 0.48162925243377686,
        "25": 0.48225992918014526,
        "50": 0.48267555236816406,
        "75": 0.4832918047904968,
        "90": 0.483551549911499
    },
    "avg_decode_latency": 0.042879850776107224,
    "decode_latencies": [
        0.04365526305304633,
        0.04083116849263509,
        0.04216432571411133,
        0.040688514709472656,
        0.04195976257324219,
        0.04197329945034451,
        0.042948616875542536,
        0.04205240143669976,
        0.040903170903523765,
        0.040517197714911565,
        0.04837568600972494,
        0.04848880238003201
    ],
    "decode_percentiles": {
        "10": 0.0407027800877889,
        "25": 0.0408851703008016,
        "50": 0.04201285044352214,
        "75": 0.043125278419918485,
        "90": 0.04790364371405708
    }
}