{
    "avg_prefill_latency": 0.13650707403818765,
    "prefill_latencies": [
        0.13568949699401855,
        0.13600993156433105,
        0.13666200637817383,
        0.13586735725402832,
        0.13694453239440918,
        0.13635706901550293,
        0.13716793060302734,
        0.136854887008667,
        0.1367347240447998,
        0.13617992401123047,
        0.13710474967956543,
        0.13651227951049805
    ],
    "prefill_percentiles": {
        "10": 0.1358816146850586,
        "25": 0.13613742589950562,
        "50": 0.13658714294433594,
        "75": 0.13687729835510254,
        "90": 0.13708872795104982
    },
    "avg_decode_latency": 0.04130086192378291,
    "decode_latencies": [
        0.03989230261908637,
        0.03893417782253689,
        0.03969796498616537,
        0.04068263371785482,
        0.040274328655666776,
        0.04001315434773763,
        0.04407930374145508,
        0.04475741916232639,
        0.04453306727939182,
        0.04418643315633138,
        0.0389506287044949,
        0.039608928892347545
    ],
    "decode_percentiles": {
        "10": 0.03901645872328017,
        "25": 0.03967570596271091,
        "50": 0.040143741501702204,
        "75": 0.044106086095174156,
        "90": 0.04449840386708578
    }
}