{
    "avg_prefill_latency": 0.259227712949117,
    "prefill_latencies": [
        0.2583730220794678,
        0.2590336799621582,
        0.2596132755279541,
        0.25958752632141113,
        0.25902366638183594,
        0.2586338520050049,
        0.2595386505126953,
        0.2588386535644531,
        0.2597692012786865,
        0.2594923973083496,
        0.25949788093566895,
        0.25933074951171875
    ],
    "prefill_percentiles": {
        "10": 0.2586543321609497,
        "25": 0.25897741317749023,
        "50": 0.2594115734100342,
        "75": 0.25955086946487427,
        "90": 0.2596107006072998
    },
    "avg_decode_latency": 0.05564113678755584,
    "decode_latencies": [
        0.07033154699537489,
        0.05489876535203722,
        0.0527244144015842,
        0.05085052384270562,
        0.05254814359876844,
        0.051287677552964955,
        0.07019408543904622,
        0.05064018567403158,
        0.05406904220581055,
        0.05528754658169217,
        0.0548239549001058,
        0.050037754906548396
    ],
    "decode_percentiles": {
        "10": 0.05066121949089898,
        "25": 0.051178389125400126,
        "50": 0.05339672830369738,
        "75": 0.054995960659450956,
        "90": 0.06870343155331082
    }
}