{
    "avg_prefill_latency": 0.045929133892059326,
    "prefill_latencies": [
        0.04455256462097168,
        0.044686317443847656,
        0.04446530342102051,
        0.044353485107421875,
        0.04456162452697754,
        0.054949045181274414,
        0.04569363594055176,
        0.04598808288574219,
        0.04493117332458496,
        0.046375274658203125,
        0.04563593864440918,
        0.04495716094970703
    ],
    "prefill_percentiles": {
        "10": 0.044474029541015626,
        "25": 0.044559359550476074,
        "50": 0.044944167137145996,
        "75": 0.045767247676849365,
        "90": 0.04633655548095703
    },
    "avg_decode_latency": 0.033138356826923517,
    "decode_latencies": [
        0.031679391860961914,
        0.031138181686401367,
        0.031157493591308594,
        0.031560023625691734,
        0.031162500381469727,
        0.03204912609524197,
        0.045283344056871205,
        0.03259971406724718,
        0.03641825252109104,
        0.03162248929341634,
        0.0315192805396186,
        0.03147048420376248
    ],
    "decode_percentiles": {
        "10": 0.03115799427032471,
        "25": 0.03139348824818929,
        "50": 0.03159125645955404,
        "75": 0.032186773088243276,
        "90": 0.036036398675706655
    }
}