{
    "avg_prefill_latency": 0.052547971407572426,
    "prefill_latencies": [
        0.05183148384094238,
        0.05328536033630371,
        0.05259966850280762,
        0.05324506759643555,
        0.05115771293640137,
        0.05271768569946289,
        0.05256056785583496,
        0.052918195724487305,
        0.05288124084472656,
        0.05207347869873047,
        0.0524289608001709,
        0.05287623405456543
    ],
    "prefill_percentiles": {
        "10": 0.05185568332672119,
        "25": 0.05234009027481079,
        "50": 0.052658677101135254,
        "75": 0.05289047956466675,
        "90": 0.05321238040924072
    },
    "avg_decode_latency": 0.04068535345572013,
    "decode_latencies": [
        0.04102325439453125,
        0.03954084714253744,
        0.03953316476609972,
        0.044912629657321505,
        0.038968960444132485,
        0.04041409492492676,
        0.0405373838212755,
        0.04023660553826226,
        0.04046901067097982,
        0.039857414033677846,
        0.04089132944742838,
        0.041839546627468534
    ],
    "decode_percentiles": {
        "10": 0.03953393300374349,
        "25": 0.039778272310892746,
        "50": 0.04044155279795329,
        "75": 0.0409243106842041,
        "90": 0.0417579174041748
    }
}