{
    "avg_prefill_latency": 0.3800646861394246,
    "prefill_latencies": [
        0.3790450096130371,
        0.38062596321105957,
        0.3800079822540283,
        0.38059186935424805,
        0.380220890045166,
        0.37941622734069824,
        0.3806917667388916,
        0.3792252540588379,
        0.38024091720581055,
        0.3807361125946045,
        0.38024020195007324,
        0.3797340393066406
    ],
    "prefill_percentiles": {
        "10": 0.37924435138702395,
        "25": 0.37965458631515503,
        "50": 0.38023054599761963,
        "75": 0.3806003928184509,
        "90": 0.3806851863861084
    },
    "avg_decode_latency": 0.06789181629816692,
    "decode_latencies": [
        0.07866477966308594,
        0.062179618411593966,
        0.0637101862165663,
        0.08573873837788899,
        0.06155721346537272,
        0.0583900875515408,
        0.08349476920233832,
        0.060599062177870006,
        0.05796209971110026,
        0.0773273573981391,
        0.06405003865559895,
        0.061027844746907554
    ],
    "decode_percentiles": {
        "10": 0.05861098501417372,
        "25": 0.060920649104648165,
        "50": 0.06294490231408013,
        "75": 0.07766171296437581,
        "90": 0.08301177024841308
    }
}