{
    "avg_prefill_latency": 0.5538782080014547,
    "prefill_latencies": [
        0.5514283180236816,
        0.552757740020752,
        0.5541079044342041,
        0.5547070503234863,
        0.5540666580200195,
        0.5526390075683594,
        0.5546979904174805,
        0.553145170211792,
        0.5547404289245605,
        0.554358959197998,
        0.5542445182800293,
        0.5556447505950928
    ],
    "prefill_percentiles": {
        "10": 0.5526508808135986,
        "25": 0.553048312664032,
        "50": 0.5541762113571167,
        "75": 0.5547002553939819,
        "90": 0.5547370910644531
    },
    "avg_decode_latency": 0.06960468159781562,
    "decode_latencies": [
        0.06329536437988281,
        0.06352331903245714,
        0.06391429901123047,
        0.0846896701388889,
        0.06407565540737575,
        0.06404071384006077,
        0.06431934568617079,
        0.08543152279324001,
        0.06390455034044054,
        0.06426003244188097,
        0.06420901086595324,
        0.08959269523620605
    ],
    "decode_percentiles": {
        "10": 0.06356144216325549,
        "25": 0.06391186184353298,
        "50": 0.0641423331366645,
        "75": 0.06941192679935032,
        "90": 0.0853573375278049
    }
}