{
    "avg_prefill_latency": 0.49372061093648273,
    "prefill_latencies": [
        0.4923701286315918,
        0.4922664165496826,
        0.49362850189208984,
        0.49356794357299805,
        0.49378156661987305,
        0.4932870864868164,
        0.4941976070404053,
        0.4936192035675049,
        0.4951443672180176,
        0.4931464195251465,
        0.4936697483062744,
        0.4959683418273926
    ],
    "prefill_percentiles": {
        "10": 0.4924477577209473,
        "25": 0.4932519197463989,
        "50": 0.49362385272979736,
        "75": 0.4938855767250061,
        "90": 0.4950496912002563
    },
    "avg_decode_latency": 0.06371648223311813,
    "decode_latencies": [
        0.059542576471964516,
        0.06008097860548231,
        0.06008794572618273,
        0.08183103137546116,
        0.06113783518473307,
        0.060151788923475474,
        0.06024485164218479,
        0.08081777890523274,
        0.05970390637715658,
        0.060230255126953125,
        0.06025616327921549,
        0.060512675179375544
    ],
    "decode_percentiles": {
        "10": 0.059741613599989155,
        "25": 0.060086203946007624,
        "50": 0.06023755338456896,
        "75": 0.06066896518071493,
        "90": 0.07884978453318278
    }
}