{
    "avg_prefill_latency": 0.4364749987920125,
    "prefill_latencies": [
        0.4368412494659424,
        0.43547654151916504,
        0.4401438236236572,
        0.43661022186279297,
        0.43631410598754883,
        0.4352705478668213,
        0.43707871437072754,
        0.4362509250640869,
        0.4361860752105713,
        0.43564486503601074,
        0.4353766441345215,
        0.4365062713623047
    ],
    "prefill_percentiles": {
        "10": 0.4353866338729858,
        "25": 0.4356027841567993,
        "50": 0.43628251552581787,
        "75": 0.4366679787635803,
        "90": 0.437054967880249
    },
    "avg_decode_latency": 0.06169846102043434,
    "decode_latencies": [
        0.056072235107421875,
        0.08897868792215984,
        0.07192553414238824,
        0.056314415401882596,
        0.05560660362243652,
        0.056419319576687284,
        0.05554517110188802,
        0.07711444960700141,
        0.05540386835734049,
        0.055621941884358726,
        0.05591766039530436,
        0.05546164512634277
    ],
    "decode_percentiles": {
        "10": 0.055469997723897296,
        "25": 0.0555912454922994,
        "50": 0.055994947751363114,
        "75": 0.06029587321811252,
        "90": 0.0765955580605401
    }
}