{
    "avg_prefill_latency": 0.11312560240427653,
    "prefill_latencies": [
        0.11210775375366211,
        0.11249566078186035,
        0.11279296875,
        0.11301231384277344,
        0.11280059814453125,
        0.11284446716308594,
        0.11286401748657227,
        0.1131291389465332,
        0.11591601371765137,
        0.11271953582763672,
        0.11387443542480469,
        0.11295032501220703
    ],
    "prefill_percentiles": {
        "10": 0.112518048286438,
        "25": 0.11277461051940918,
        "50": 0.1128542423248291,
        "75": 0.11304152011871338,
        "90": 0.11379990577697754
    },
    "avg_decode_latency": 0.03541611300574409,
    "decode_latencies": [
        0.032740116119384766,
        0.03267770343356662,
        0.03345322608947754,
        0.032626575893825956,
        0.03258781962924533,
        0.032036172019110784,
        0.033564355638292104,
        0.0492095152537028,
        0.03561475541856554,
        0.03714166747199164,
        0.0372831556532118,
        0.03605829344855414
    ],
    "decode_percentiles": {
        "10": 0.03259169525570339,
        "25": 0.03266492154863146,
        "50": 0.03350879086388482,
        "75": 0.03632913695441352,
        "90": 0.03726900683508979
    }
}