{
    "avg_prefill_latency": 0.26973432302474976,
    "prefill_latencies": [
        0.2705545425415039,
        0.27054357528686523,
        0.2715892791748047,
        0.27151966094970703,
        0.27110934257507324,
        0.27149486541748047,
        0.2724032402038574,
        0.2708008289337158,
        0.26772236824035645,
        0.2661478519439697,
        0.2666635513305664,
        0.2662627696990967
    ],
    "prefill_percentiles": {
        "10": 0.2663028478622437,
        "25": 0.26745766401290894,
        "50": 0.27067768573760986,
        "75": 0.2715010643005371,
        "90": 0.27158231735229493
    },
    "avg_decode_latency": 0.041327602333492704,
    "decode_latencies": [
        0.04023112191094293,
        0.043980413013034396,
        0.0413567754957411,
        0.0412037902408176,
        0.041279766294691295,
        0.04263236787584093,
        0.041883760028415255,
        0.0414476924472385,
        0.04067153400844998,
        0.0410302480061849,
        0.04025496376885308,
        0.039958794911702476
    ],
    "decode_percentiles": {
        "10": 0.04023350609673394,
        "25": 0.04056739144855075,
        "50": 0.04124177826775445,
        "75": 0.04155670934253269,
        "90": 0.042557507091098366
    }
}