{
    "avg_prefill_latency": 0.8956867257754008,
    "prefill_latencies": [
        0.8932902812957764,
        0.8949465751647949,
        0.8942263126373291,
        0.8961296081542969,
        0.896416187286377,
        0.8948686122894287,
        0.8972997665405273,
        0.895392894744873,
        0.8965153694152832,
        0.895942211151123,
        0.8967864513397217,
        0.8964264392852783
    ],
    "prefill_percentiles": {
        "10": 0.894290542602539,
        "25": 0.8949270844459534,
        "50": 0.89603590965271,
        "75": 0.8964486718177795,
        "90": 0.8967593431472778
    },
    "avg_decode_latency": 0.03660758777900978,
    "decode_latencies": [
        0.033471372392442494,
        0.03424877590603299,
        0.037263419893052846,
        0.03824758529663086,
        0.038210391998291016,
        0.03824008835686578,
        0.03810980584886339,
        0.038101143307156034,
        0.03448833359612359,
        0.041965087254842125,
        0.03350933392842611,
        0.03343571556939019
    ],
    "decode_percentiles": {
        "10": 0.03347516854604086,
        "25": 0.03406391541163127,
        "50": 0.037682281600104436,
        "75": 0.0382178160879347,
        "90": 0.03824683560265435
    }
}