{
    "avg_prefill_latency": 0.06985946496327718,
    "prefill_latencies": [
        0.06922268867492676,
        0.0697929859161377,
        0.06980061531066895,
        0.06960105895996094,
        0.07007741928100586,
        0.06963801383972168,
        0.06977343559265137,
        0.0698087215423584,
        0.069732666015625,
        0.07009553909301758,
        0.06976985931396484,
        0.07100057601928711
    ],
    "prefill_percentiles": {
        "10": 0.06960475444793701,
        "25": 0.06970900297164917,
        "50": 0.06978321075439453,
        "75": 0.06987589597702026,
        "90": 0.07009372711181641
    },
    "avg_decode_latency": 0.033500987070578116,
    "decode_latencies": [
        0.03205649058024088,
        0.03194623523288303,
        0.03598199950324164,
        0.03452301025390625,
        0.03213050630357531,
        0.03207678265041775,
        0.03224725193447537,
        0.03173775143093533,
        0.03412652015686035,
        0.033220238155788846,
        0.03967457347446018,
        0.032290485170152455
    ],
    "decode_percentiles": {
        "10": 0.03195726076761882,
        "25": 0.032071709632873535,
        "50": 0.03226886855231391,
        "75": 0.034225642681121826,
        "90": 0.035836100578308105
    }
}