{
    "avg_prefill_latency": 0.13739957412083945,
    "prefill_latencies": [
        0.13759422302246094,
        0.13761091232299805,
        0.13775253295898438,
        0.1379871368408203,
        0.13810515403747559,
        0.13270044326782227,
        0.1387617588043213,
        0.13778305053710938,
        0.13819122314453125,
        0.13720250129699707,
        0.13782691955566406,
        0.13727903366088867
    ],
    "prefill_percentiles": {
        "10": 0.13721015453338622,
        "25": 0.13751542568206787,
        "50": 0.13776779174804688,
        "75": 0.13801664113998413,
        "90": 0.1381826162338257
    },
    "avg_decode_latency": 0.04386486830534758,
    "decode_latencies": [
        0.04546819792853461,
        0.04566515816582574,
        0.046212699678209096,
        0.049330049090915255,
        0.04790986908806695,
        0.043124622768825956,
        0.042896111806233726,
        0.04217304123772515,
        0.0428373548719618,
        0.040074321958753795,
        0.04089911778767904,
        0.039787875281439886
    ],
    "decode_percentiles": {
        "10": 0.04015680154164632,
        "25": 0.04185456037521362,
        "50": 0.04301036728752984,
        "75": 0.045802043543921575,
        "90": 0.04774015214708117
    }
}