{
    "avg_prefill_latency": 0.0803685188293457,
    "prefill_latencies": [
        0.08061480522155762,
        0.07979655265808105,
        0.08099603652954102,
        0.08039236068725586,
        0.08044147491455078,
        0.08047914505004883,
        0.08118963241577148,
        0.0798635482788086,
        0.08046865463256836,
        0.08045315742492676,
        0.07995080947875977,
        0.07977604866027832
    ],
    "prefill_percentiles": {
        "10": 0.0798032522201538,
        "25": 0.07992899417877197,
        "50": 0.08044731616973877,
        "75": 0.08051306009292603,
        "90": 0.08095791339874267
    },
    "avg_decode_latency": 0.04040193116223371,
    "decode_latencies": [
        0.04470433129204644,
        0.0402321285671658,
        0.04099906815422906,
        0.040130297342936196,
        0.041680097579956055,
        0.041606744130452476,
        0.03963587019178602,
        0.039357132381863065,
        0.039046684900919594,
        0.03938651084899902,
        0.03916621208190918,
        0.03887809647454156
    ],
    "decode_percentiles": {
        "10": 0.03905863761901855,
        "25": 0.039309402306874595,
        "50": 0.039883083767361105,
        "75": 0.04115098714828491,
        "90": 0.0416727622350057
    }
}