{
    "avg_prefill_latency": 0.33082570632298786,
    "prefill_latencies": [
        0.33055877685546875,
        0.3299713134765625,
        0.33045482635498047,
        0.33050012588500977,
        0.3298628330230713,
        0.3324296474456787,
        0.3320188522338867,
        0.33095312118530273,
        0.3309645652770996,
        0.3299705982208252,
        0.3301875591278076,
        0.33203625679016113
    ],
    "prefill_percentiles": {
        "10": 0.32997066974639894,
        "25": 0.33013349771499634,
        "50": 0.33052945137023926,
        "75": 0.3312281370162964,
        "90": 0.3320345163345337
    },
    "avg_decode_latency": 0.03562523038298996,
    "decode_latencies": [
        0.04023536046346029,
        0.036272790696885854,
        0.03425237867567274,
        0.03866140047709147,
        0.03492996427747938,
        0.03750398423936632,
        0.03545382287767199,
        0.03407080968221029,
        0.03393673896789551,
        0.03403411971198188,
        0.03462205992804633,
        0.033529334598117404
    ],
    "decode_percentiles": {
        "10": 0.03394647704230414,
        "25": 0.03406163718965319,
        "50": 0.034776012102762856,
        "75": 0.03658058908250597,
        "90": 0.038545658853318954
    }
}