{
    "avg_prefill_latency": 0.44340946276982623,
    "prefill_latencies": [
        0.4422929286956787,
        0.4445796012878418,
        0.44296860694885254,
        0.4430885314941406,
        0.4436757564544678,
        0.44423604011535645,
        0.44324326515197754,
        0.44353723526000977,
        0.4429202079772949,
        0.4433422088623047,
        0.4433724880218506,
        0.44365668296813965
    ],
    "prefill_percentiles": {
        "10": 0.4429250478744507,
        "25": 0.4430585503578186,
        "50": 0.44335734844207764,
        "75": 0.4436614513397217,
        "90": 0.4441800117492676
    },
    "avg_decode_latency": 0.05290529683784203,
    "decode_latencies": [
        0.050871054331461586,
        0.05033863915337457,
        0.049908585018581815,
        0.052234252293904625,
        0.054713699552747935,
        0.05232628186543783,
        0.04913173781500922,
        0.04948181576199002,
        0.07211743460761176,
        0.0505983034769694,
        0.05374945534600152,
        0.049392302831014
    ],
    "decode_percentiles": {
        "10": 0.0494012541241116,
        "25": 0.049801892704433866,
        "50": 0.05073467890421549,
        "75": 0.05268207523557875,
        "90": 0.0546172751320733
    }
}