{
    "avg_prefill_latency": 0.3426981170972188,
    "prefill_latencies": [
        0.34276604652404785,
        0.342759370803833,
        0.3429443836212158,
        0.34327054023742676,
        0.3427164554595947,
        0.34209752082824707,
        0.34276556968688965,
        0.34252119064331055,
        0.3430206775665283,
        0.34224677085876465,
        0.34287166595458984,
        0.34239721298217773
    ],
    "prefill_percentiles": {
        "10": 0.342261815071106,
        "25": 0.34249019622802734,
        "50": 0.34276247024536133,
        "75": 0.34288984537124634,
        "90": 0.34301304817199707
    },
    "avg_decode_latency": 0.04951069310859398,
    "decode_latencies": [
        0.049926201502482094,
        0.047201077143351235,
        0.052430444293551974,
        0.05110878414577908,
        0.06568770938449436,
        0.04542390505472819,
        0.045328113767835826,
        0.05108963118659125,
        0.04695269796583387,
        0.04705450269911024,
        0.04677136739095052,
        0.04515388276841906
    ],
    "decode_percentiles": {
        "10": 0.04533769289652506,
        "25": 0.04643450180689494,
        "50": 0.047127789921230734,
        "75": 0.05109441942638821,
        "90": 0.05229827827877469
    }
}