{
    "avg_prefill_latency": 0.4454050858815511,
    "prefill_latencies": [
        0.44498372077941895,
        0.4454004764556885,
        0.44493722915649414,
        0.44547080993652344,
        0.4459536075592041,
        0.44514966011047363,
        0.44505977630615234,
        0.44518017768859863,
        0.4451730251312256,
        0.44554829597473145,
        0.446274995803833,
        0.44572925567626953
    ],
    "prefill_percentiles": {
        "10": 0.44499132633209226,
        "25": 0.4451271891593933,
        "50": 0.44529032707214355,
        "75": 0.44559353590011597,
        "90": 0.4459311723709106
    },
    "avg_decode_latency": 0.04435490899615818,
    "decode_latencies": [
        0.04257300164964464,
        0.04256362385219998,
        0.04250725110371908,
        0.04253930515713162,
        0.04306748178270128,
        0.04264481862386068,
        0.04220724105834961,
        0.06194472312927246,
        0.04255713356865777,
        0.042788717481825084,
        0.044227944480048284,
        0.04263766606648763
    ],
    "decode_percentiles": {
        "10": 0.04251045650906033,
        "25": 0.042552676465776235,
        "50": 0.04260533385806614,
        "75": 0.042858408557044134,
        "90": 0.04411189821031358
    }
}