{
    "avg_prefill_latency": 0.059774657090504967,
    "prefill_latencies": [
        0.05290961265563965,
        0.06372547149658203,
        0.07008051872253418,
        0.05991721153259277,
        0.05837225914001465,
        0.05896878242492676,
        0.05930733680725098,
        0.05857419967651367,
        0.05910134315490723,
        0.05854153633117676,
        0.05887436866760254,
        0.05892324447631836
    ],
    "prefill_percentiles": {
        "10": 0.05838918685913086,
        "25": 0.05856603384017944,
        "50": 0.05894601345062256,
        "75": 0.059459805488586426,
        "90": 0.06334464550018311
    },
    "avg_decode_latency": 0.045205758677588574,
    "decode_latencies": [
        0.04802197880215115,
        0.04779081874423557,
        0.04589888784620497,
        0.04497048589918348,
        0.044715695910983615,
        0.04478099611070421,
        0.04483299785190158,
        0.04470348358154297,
        0.04489782121446398,
        0.044632355372111,
        0.044720755683051214,
        0.04250282711452908
    ],
    "decode_percentiles": {
        "10": 0.0446394681930542,
        "25": 0.04471264282862345,
        "50": 0.0448069969813029,
        "75": 0.04520258638593885,
        "90": 0.04760162565443251
    }
}