{
    "avg_prefill_latency": 0.23663616180419922,
    "prefill_latencies": [
        0.2361278533935547,
        0.23715949058532715,
        0.23640704154968262,
        0.23697686195373535,
        0.23623180389404297,
        0.23627233505249023,
        0.23638033866882324,
        0.23542332649230957,
        0.2363288402557373,
        0.2373054027557373,
        0.23817157745361328,
        0.23684906959533691
    ],
    "prefill_percentiles": {
        "10": 0.2361382484436035,
        "25": 0.23626220226287842,
        "50": 0.23639369010925293,
        "75": 0.2370225191116333,
        "90": 0.2372908115386963
    },
    "avg_decode_latency": 0.04303389125400119,
    "decode_latencies": [
        0.04169363445705838,
        0.04176704088846842,
        0.04184150695800781,
        0.04717048009236654,
        0.042545848422580294,
        0.04198524687025282,
        0.043087402979532875,
        0.04288988643222385,
        0.04556200239393446,
        0.04268823729621039,
        0.04186322953965929,
        0.04331217871771918
    ],
    "decode_percentiles": {
        "10": 0.04177448749542236,
        "25": 0.04185779889424642,
        "50": 0.04261704285939534,
        "75": 0.04314359691407945,
        "90": 0.04533702002631293
    }
}