{
    "avg_prefill_latency": 0.41536154349644977,
    "prefill_latencies": [
        0.422487735748291,
        0.411853551864624,
        0.4115259647369385,
        0.4121561050415039,
        0.4114365577697754,
        0.4118068218231201,
        0.43828344345092773,
        0.4138054847717285,
        0.41298747062683105,
        0.41408801078796387,
        0.4116199016571045,
        0.41228747367858887
    ],
    "prefill_percentiles": {
        "10": 0.41153535842895506,
        "25": 0.4117600917816162,
        "50": 0.4122217893600464,
        "75": 0.41387611627578735,
        "90": 0.4216477632522583
    },
    "avg_decode_latency": 0.0556473555388274,
    "decode_latencies": [
        0.053973992665608726,
        0.0676569938659668,
        0.06277230050828722,
        0.0489141411251492,
        0.0499366389380561,
        0.05552882618374295,
        0.05489492416381836,
        0.05358041657341851,
        0.04969978332519531,
        0.04898683230082194,
        0.05288902918497721,
        0.0689343876308865
    ],
    "decode_percentiles": {
        "10": 0.04905812740325927,
        "25": 0.0498774250348409,
        "50": 0.053777204619513616,
        "75": 0.05733969476487902,
        "90": 0.06716852453019884
    }
}