{
    "avg_prefill_latency": 0.23722622791926065,
    "prefill_latencies": [
        0.24192309379577637,
        0.23172497749328613,
        0.2420353889465332,
        0.23282575607299805,
        0.2398056983947754,
        0.23503828048706055,
        0.23919343948364258,
        0.2350444793701172,
        0.23789477348327637,
        0.2376081943511963,
        0.2359616756439209,
        0.23765897750854492
    ],
    "prefill_percentiles": {
        "10": 0.2330470085144043,
        "25": 0.23504292964935303,
        "50": 0.2376335859298706,
        "75": 0.23934650421142578,
        "90": 0.24171135425567628
    },
    "avg_decode_latency": 0.03449854144343624,
    "decode_latencies": [
        0.034537686241997614,
        0.03442965613471137,
        0.034458663728502065,
        0.03444465001424154,
        0.03444578912523058,
        0.03446062405904134,
        0.03445612059699164,
        0.03444189495510525,
        0.03447657161288791,
        0.034858147303263344,
        0.03452234798007541,
        0.03445034556918674
    ],
    "decode_percentiles": {
        "10": 0.034442170461018884,
        "25": 0.03444550434748332,
        "50": 0.034457392162746854,
        "75": 0.03448801570468479,
        "90": 0.0345361524158054
    }
}