{
    "avg_prefill_latency": 0.9440192580223083,
    "prefill_latencies": [
        0.9392492771148682,
        0.9415066242218018,
        0.9437215328216553,
        0.9389276504516602,
        0.9421565532684326,
        0.9490892887115479,
        0.943819522857666,
        0.9459748268127441,
        0.9490668773651123,
        0.950568437576294,
        0.9421384334564209,
        0.9420120716094971
    ],
    "prefill_percentiles": {
        "10": 0.9394750118255615,
        "25": 0.9418857097625732,
        "50": 0.942939043045044,
        "75": 0.9467478394508362,
        "90": 0.9490870475769043
    },
    "avg_decode_latency": 0.035510363402190034,
    "decode_latencies": [
        0.035450485017564565,
        0.03547538651360406,
        0.03547284338209364,
        0.03546534644232856,
        0.03549223475986057,
        0.035506857766045466,
        0.03554362720913357,
        0.03560249010721842,
        0.03549271159701877,
        0.035505453745524086,
        0.03555003801981608,
        0.03556688626607259
    ],
    "decode_percentiles": {
        "10": 0.03546609613630507,
        "25": 0.03547475073072645,
        "50": 0.03549908267127143,
        "75": 0.0355452299118042,
        "90": 0.03556520144144694
    }
}