{
    "avg_prefill_latency": 0.2322727640469869,
    "prefill_latencies": [
        0.23521852493286133,
        0.22839140892028809,
        0.2360384464263916,
        0.22862005233764648,
        0.2325284481048584,
        0.23100900650024414,
        0.2326815128326416,
        0.23140764236450195,
        0.23253941535949707,
        0.23169851303100586,
        0.23328161239624023,
        0.23385858535766602
    ],
    "prefill_percentiles": {
        "10": 0.22885894775390625,
        "25": 0.2313079833984375,
        "50": 0.23253393173217773,
        "75": 0.23342585563659668,
        "90": 0.2350825309753418
    },
    "avg_decode_latency": 0.0354915769011886,
    "decode_latencies": [
        0.03551559978061252,
        0.03547803560892741,
        0.03549644682142469,
        0.03546950552198622,
        0.035489956537882485,
        0.03552195760938856,
        0.03549276457892524,
        0.03550200992160373,
        0.03549623489379883,
        0.03547898928324381,
        0.0354765256245931,
        0.035480896631876625
    ],
    "decode_percentiles": {
        "10": 0.03547667662302653,
        "25": 0.03547875086466471,
        "50": 0.035491360558403864,
        "75": 0.035497837596469455,
        "90": 0.03551424079471164
    }
}