{
    "avg_prefill_latency": 0.9359256426493326,
    "prefill_latencies": [
        0.9346022605895996,
        0.9340276718139648,
        0.9330501556396484,
        0.9291317462921143,
        0.937589168548584,
        0.9365448951721191,
        0.9339795112609863,
        0.9343345165252686,
        0.9415943622589111,
        0.9370169639587402,
        0.9373517036437988,
        0.9418847560882568
    ],
    "prefill_percentiles": {
        "10": 0.9331430912017822,
        "25": 0.9340156316757202,
        "50": 0.9355735778808594,
        "75": 0.9374110698699951,
        "90": 0.9411938428878784
    },
    "avg_decode_latency": 0.05977924068768819,
    "decode_latencies": [
        0.05972023010253906,
        0.059694647789001465,
        0.059740757942199706,
        0.05954718589782715,
        0.0595919132232666,
        0.059832406044006345,
        0.05989558696746826,
        0.059973645210266116,
        0.05998320579528808,
        0.05980265140533447,
        0.05979652404785156,
        0.05977213382720947
    ],
    "decode_percentiles": {
        "10": 0.05960218667984009,
        "25": 0.05971383452415466,
        "50": 0.059784328937530516,
        "75": 0.05984820127487182,
        "90": 0.05996583938598633
    }
}