{
    "avg_prefill_latency": 0.833088239034017,
    "prefill_latencies": [
        0.8329677581787109,
        0.8350217342376709,
        0.8297531604766846,
        0.8335273265838623,
        0.8365063667297363,
        0.8285300731658936,
        0.831071138381958,
        0.83331298828125,
        0.830855131149292,
        0.83626389503479,
        0.8384566307067871,
        0.8307926654815674
    ],
    "prefill_percentiles": {
        "10": 0.8298571109771729,
        "25": 0.8308395147323608,
        "50": 0.8331403732299805,
        "75": 0.8353322744369507,
        "90": 0.8364821195602417
    },
    "avg_decode_latency": 0.0374428011752941,
    "decode_latencies": [
        0.03741195466783312,
        0.037353171242607966,
        0.03740991486443414,
        0.037606398264567055,
        0.037364429897732206,
        0.03745404879252116,
        0.03738607300652398,
        0.03751556078592936,
        0.037464645173814565,
        0.03743139902750651,
        0.03745863172743055,
        0.03745738665262858
    ],
    "decode_percentiles": {
        "10": 0.03736659420861138,
        "25": 0.0374039543999566,
        "50": 0.03744272391001383,
        "75": 0.037460135089026556,
        "90": 0.03751046922471788
    }
}