{
    "avg_prefill_latency": 0.1768356760342916,
    "prefill_latencies": [
        0.17847585678100586,
        0.17522263526916504,
        0.18041133880615234,
        0.17695021629333496,
        0.18111896514892578,
        0.17606616020202637,
        0.18003535270690918,
        0.17531061172485352,
        0.17949962615966797,
        0.17740726470947266,
        0.16990876197814941,
        0.17162132263183594
    ],
    "prefill_percentiles": {
        "10": 0.17198145389556885,
        "25": 0.1752886176109314,
        "50": 0.1771787405014038,
        "75": 0.17963355779647827,
        "90": 0.18037374019622804
    },
    "avg_decode_latency": 0.04107745046968813,
    "decode_latencies": [
        0.04093397988213433,
        0.04107586542765299,
        0.0409300062391493,
        0.04110002517700195,
        0.04110288619995117,
        0.04094253646002875,
        0.041093561384412974,
        0.04096523920694987,
        0.041247818205091685,
        0.04115117920769586,
        0.04099724027845594,
        0.04138906796773275
    ],
    "decode_percentiles": {
        "10": 0.040934835539923775,
        "25": 0.04095956352021959,
        "50": 0.04108471340603298,
        "75": 0.04111495945188734,
        "90": 0.041238154305352104
    }
}