{
    "avg_prefill_latency": 0.2032527724901835,
    "prefill_latencies": [
        0.20105957984924316,
        0.2063121795654297,
        0.2005915641784668,
        0.20864462852478027,
        0.20278215408325195,
        0.20017623901367188,
        0.202103853225708,
        0.2009260654449463,
        0.20751643180847168,
        0.19989800453186035,
        0.20720958709716797,
        0.2018129825592041
    ],
    "prefill_percentiles": {
        "10": 0.20021777153015136,
        "25": 0.20084244012832642,
        "50": 0.20195841789245605,
        "75": 0.20653653144836426,
        "90": 0.20748574733734132
    },
    "avg_decode_latency": 0.041967780501754204,
    "decode_latencies": [
        0.04125409656100803,
        0.04124312930636936,
        0.04124800364176432,
        0.04122641351487902,
        0.048926724327935114,
        0.041423294279310435,
        0.041581948598225914,
        0.041411108440823026,
        0.04148189226786295,
        0.04129240247938368,
        0.04124079810248481,
        0.04128355450100369
    ],
    "decode_percentiles": {
        "10": 0.041241031222873266,
        "25": 0.04124678505791558,
        "50": 0.04128797849019368,
        "75": 0.04143794377644856,
        "90": 0.041571942965189616
    }
}