{
    "avg_prefill_latency": 0.47144659360249835,
    "prefill_latencies": [
        0.4709804058074951,
        0.46909618377685547,
        0.4727473258972168,
        0.46761059761047363,
        0.47014546394348145,
        0.4691605567932129,
        0.47475147247314453,
        0.4676048755645752,
        0.47345685958862305,
        0.4757218360900879,
        0.47319531440734863,
        0.4728882312774658
    ],
    "prefill_percentiles": {
        "10": 0.46775915622711184,
        "25": 0.46914446353912354,
        "50": 0.47186386585235596,
        "75": 0.47326070070266724,
        "90": 0.4746220111846924
    },
    "avg_decode_latency": 0.0758667477854976,
    "decode_latencies": [
        0.0735112296210395,
        0.07385741339789496,
        0.08115424050225152,
        0.07430320315890843,
        0.07394289970397949,
        0.07417247030470106,
        0.08089539739820692,
        0.07466212908426921,
        0.07417191399468316,
        0.07418258984883626,
        0.07463849915398492,
        0.08090898725721571
    ],
    "decode_percentiles": {
        "10": 0.07386596202850342,
        "25": 0.07411466042200725,
        "50": 0.07424289650387234,
        "75": 0.07622044616275364,
        "90": 0.08090762827131483
    }
}