{
    "avg_prefill_latency": 0.11624244848887126,
    "prefill_latencies": [
        0.1191868782043457,
        0.1143345832824707,
        0.11482906341552734,
        0.11365532875061035,
        0.11885809898376465,
        0.11692547798156738,
        0.11645865440368652,
        0.11623692512512207,
        0.11590147018432617,
        0.11538815498352051,
        0.11685776710510254,
        0.11627697944641113
    ],
    "prefill_percentiles": {
        "10": 0.11438403129577637,
        "25": 0.11524838209152222,
        "50": 0.1162569522857666,
        "75": 0.11687469482421875,
        "90": 0.11866483688354493
    },
    "avg_decode_latency": 0.03464527262581719,
    "decode_latencies": [
        0.03476855489942762,
        0.03479679425557455,
        0.03479933738708496,
        0.03456113073560926,
        0.03456746207343207,
        0.03456531630622016,
        0.03462629848056369,
        0.03458091947767469,
        0.03459991349114312,
        0.03467210133870443,
        0.03458068105909559,
        0.03462476200527615
    ],
    "decode_percentiles": {
        "10": 0.03456553088294135,
        "25": 0.03457737631267971,
        "50": 0.03461233774820964,
        "75": 0.034696214728885226,
        "90": 0.03479397031995986
    }
}