{
    "avg_prefill_latency": 0.9376497467358907,
    "prefill_latencies": [
        0.9296181201934814,
        0.9405653476715088,
        0.9402379989624023,
        0.931105375289917,
        0.9383749961853027,
        0.9436473846435547,
        0.9325723648071289,
        0.9398910999298096,
        0.9374065399169922,
        0.9399816989898682,
        0.9375197887420654,
        0.9408762454986572
    ],
    "prefill_percentiles": {
        "10": 0.9312520742416381,
        "25": 0.9361979961395264,
        "50": 0.9391330480575562,
        "75": 0.940319836139679,
        "90": 0.9408451557159424
    },
    "avg_decode_latency": 0.10152586102485657,
    "decode_latencies": [
        0.09942598342895508,
        0.10546410083770752,
        0.10011508464813232,
        0.09988365173339844,
        0.09997117519378662,
        0.10022540092468261,
        0.10624544620513916,
        0.10016586780548095,
        0.10012271404266357,
        0.10640676021575927,
        0.10035648345947265,
        0.09992766380310059
    ],
    "decode_percentiles": {
        "10": 0.09988805294036866,
        "25": 0.09996029734611511,
        "50": 0.10014429092407226,
        "75": 0.10163338780403136,
        "90": 0.106167311668396
    }
}