{
    "avg_prefill_latency": 0.210719366868337,
    "prefill_latencies": [
        0.21205973625183105,
        0.20636463165283203,
        0.2131328582763672,
        0.20865821838378906,
        0.2107844352722168,
        0.20848393440246582,
        0.21071410179138184,
        0.21141409873962402,
        0.21186518669128418,
        0.2121868133544922,
        0.21112823486328125,
        0.21184015274047852
    ],
    "prefill_percentiles": {
        "10": 0.20850136280059814,
        "25": 0.21020013093948364,
        "50": 0.21127116680145264,
        "75": 0.2119138240814209,
        "90": 0.21217410564422606
    },
    "avg_decode_latency": 0.036838425530327686,
    "decode_latencies": [
        0.03684014744228787,
        0.03684131304423014,
        0.036826875474717885,
        0.036824544270833336,
        0.0368196169535319,
        0.03686963187323676,
        0.036847326490614146,
        0.03682822651333279,
        0.03683895534939236,
        0.03687180413140191,
        0.03680027855767144,
        0.03685238626268175
    ],
    "decode_percentiles": {
        "10": 0.036820109685262045,
        "25": 0.03682629267374675,
        "50": 0.036839551395840116,
        "75": 0.03684859143363105,
        "90": 0.03686790731218126
    }
}