{
    "avg_prefill_latency": 0.03504892190297445,
    "prefill_latencies": [
        0.03501081466674805,
        0.03490948677062988,
        0.034963369369506836,
        0.03506350517272949,
        0.03515195846557617,
        0.035025596618652344,
        0.03495383262634277,
        0.03525853157043457,
        0.03506040573120117,
        0.03495454788208008,
        0.03507280349731445,
        0.03516221046447754
    ],
    "prefill_percentiles": {
        "10": 0.0349539041519165,
        "25": 0.034961163997650146,
        "50": 0.03504300117492676,
        "75": 0.03509259223937988,
        "90": 0.035161185264587405
    },
    "avg_decode_latency": 0.0343902795403092,
    "decode_latencies": [
        0.034352117114596896,
        0.034476915995279946,
        0.03435076607598199,
        0.034341759151882596,
        0.034462319480048284,
        0.03437911139594184,
        0.034361680348714195,
        0.03439177407158746,
        0.03438981374104818,
        0.03439580069647895,
        0.034393125110202365,
        0.0343881713019477
    ],
    "decode_percentiles": {
        "10": 0.034350901179843484,
        "25": 0.03435928954018487,
        "50": 0.034388992521497935,
        "75": 0.03439379400677151,
        "90": 0.03445566760169135
    }
}