{
    "avg_prefill_latency": 0.9440529942512512,
    "prefill_latencies": [
        1.0059552192687988,
        0.9415388107299805,
        0.935950517654419,
        0.9361662864685059,
        0.9429717063903809,
        0.9379336833953857,
        0.9417707920074463,
        0.9367930889129639,
        0.9407494068145752,
        0.9392764568328857,
        0.9308493137359619,
        0.9386806488037109
    ],
    "prefill_percentiles": {
        "10": 0.9359720945358276,
        "25": 0.9366363883018494,
        "50": 0.9389785528182983,
        "75": 0.9415968060493469,
        "90": 0.9428516149520874
    },
    "avg_decode_latency": 0.1223194102446238,
    "decode_latencies": [
        0.11967940330505371,
        0.12010178565979004,
        0.12745885848999022,
        0.1204970121383667,
        0.12069838047027588,
        0.12683260440826416,
        0.12135636806488037,
        0.12136485576629638,
        0.12101335525512695,
        0.12102131843566895,
        0.12699427604675292,
        0.12081470489501953
    ],
    "decode_percentiles": {
        "10": 0.12014130830764772,
        "25": 0.12064803838729858,
        "50": 0.12101733684539795,
        "75": 0.12273179292678832,
        "90": 0.12697810888290406
    }
}