{
    "avg_prefill_latency": 0.8352185487747192,
    "prefill_latencies": [
        0.8290557861328125,
        0.8248512744903564,
        0.8319087028503418,
        0.8524887561798096,
        0.8383030891418457,
        0.8272445201873779,
        0.8391969203948975,
        0.8432755470275879,
        0.8366189002990723,
        0.8243391513824463,
        0.8320868015289307,
        0.8432531356811523
    ],
    "prefill_percentiles": {
        "10": 0.8250905990600585,
        "25": 0.8286029696464539,
        "50": 0.8343528509140015,
        "75": 0.8402109742164612,
        "90": 0.8432733058929444
    },
    "avg_decode_latency": 0.055019288151352486,
    "decode_latencies": [
        0.05335285928514269,
        0.0537166330549452,
        0.05439713266160753,
        0.06078388955858019,
        0.05342724588182238,
        0.05395340919494629,
        0.05361501375834147,
        0.053445365693834096,
        0.06148322423299154,
        0.05473552809821235,
        0.053830994500054255,
        0.05349016189575195
    ],
    "decode_percentiles": {
        "10": 0.05342905786302355,
        "25": 0.05347896284527249,
        "50": 0.05377381377749973,
        "75": 0.05448173152075873,
        "90": 0.060179053412543405
    }
}