{
    "avg_prefill_latency": 0.11545270681381226,
    "prefill_latencies": [
        0.11869645118713379,
        0.11398935317993164,
        0.11670136451721191,
        0.1146554946899414,
        0.1141812801361084,
        0.11743974685668945,
        0.1128990650177002,
        0.11728882789611816,
        0.11473798751831055,
        0.11538958549499512,
        0.11423611640930176,
        0.11521720886230469
    ],
    "prefill_percentiles": {
        "10": 0.11400854587554932,
        "25": 0.11422240734100342,
        "50": 0.11497759819030762,
        "75": 0.11684823036193848,
        "90": 0.11742465496063233
    },
    "avg_decode_latency": 0.03649617786760683,
    "decode_latencies": [
        0.03652183214823405,
        0.03645025359259711,
        0.03659253650241428,
        0.03642363018459744,
        0.036498467127482094,
        0.03648037380642361,
        0.03651581870185004,
        0.036461194356282554,
        0.03648508919609918,
        0.0365501774681939,
        0.03647202915615506,
        0.03650273217095269
    ],
    "decode_percentiles": {
        "10": 0.036451347668965656,
        "25": 0.036469320456186935,
        "50": 0.03649177816179064,
        "75": 0.036517322063446045,
        "90": 0.03654734293619792
    }
}