{
    "avg_prefill_latency": 0.9437988996505737,
    "prefill_latencies": [
        0.9317755699157715,
        0.935427188873291,
        0.9423434734344482,
        0.9297378063201904,
        1.0037832260131836,
        0.9404041767120361,
        0.9407563209533691,
        0.9421260356903076,
        0.9395010471343994,
        0.945171594619751,
        0.9379105567932129,
        0.9366497993469238
    ],
    "prefill_percentiles": {
        "10": 0.9321407318115235,
        "25": 0.9363441467285156,
        "50": 0.9399526119232178,
        "75": 0.9421803951263428,
        "90": 0.9448887825012207
    },
    "avg_decode_latency": 0.13521104057629904,
    "decode_latencies": [
        0.1322857141494751,
        0.1392292022705078,
        0.13287713527679443,
        0.13357646465301515,
        0.13279404640197753,
        0.13381123542785645,
        0.14002978801727295,
        0.1340733289718628,
        0.1408928394317627,
        0.13432908058166504,
        0.13439805507659913,
        0.13423559665679932
    ],
    "decode_percentiles": {
        "10": 0.13280235528945922,
        "25": 0.13340163230895996,
        "50": 0.13415446281433108,
        "75": 0.1356058418750763,
        "90": 0.13994972944259643
    }
}