{
    "avg_prefill_latency": 0.4686623414357503,
    "prefill_latencies": [
        0.4697754383087158,
        0.4672403335571289,
        0.465700626373291,
        0.46587467193603516,
        0.4646785259246826,
        0.46558165550231934,
        0.4719352722167969,
        0.47213292121887207,
        0.47353267669677734,
        0.46832823753356934,
        0.4692223072052002,
        0.46994543075561523
    ],
    "prefill_percentiles": {
        "10": 0.4655935525894165,
        "25": 0.4658311605453491,
        "50": 0.46877527236938477,
        "75": 0.47044289112091064,
        "90": 0.4721131563186646
    },
    "avg_decode_latency": 0.04894199194731536,
    "decode_latencies": [
        0.04883922470940484,
        0.04809186193678114,
        0.0481568177541097,
        0.05576168166266547,
        0.048425912857055664,
        0.048172314961751304,
        0.04797138108147515,
        0.04821157455444336,
        0.04822768105400933,
        0.048598925272623696,
        0.048311180538601346,
        0.04853534698486328
    ],
    "decode_percentiles": {
        "10": 0.048098357518514,
        "25": 0.048168440659840904,
        "50": 0.04826943079630534,
        "75": 0.04855124155680338,
        "90": 0.048815194765726724
    }
}