{
    "avg_prefill_latency": 0.27037252982457477,
    "prefill_latencies": [
        0.2722630500793457,
        0.27015137672424316,
        0.2713134288787842,
        0.26203393936157227,
        0.2739999294281006,
        0.26633667945861816,
        0.27048254013061523,
        0.27608203887939453,
        0.2698087692260742,
        0.2729983329772949,
        0.26962757110595703,
        0.26937270164489746
    ],
    "prefill_percentiles": {
        "10": 0.26664028167724607,
        "25": 0.26956385374069214,
        "50": 0.2703169584274292,
        "75": 0.272446870803833,
        "90": 0.27389976978302
    },
    "avg_decode_latency": 0.04006259088163023,
    "decode_latencies": [
        0.04004131423102485,
        0.04012311829460992,
        0.03982294930352105,
        0.04018945164150662,
        0.04015360938178168,
        0.03996631834242079,
        0.04004571172926161,
        0.040030850304497614,
        0.04038466347588433,
        0.04013816515604655,
        0.03988864686754015,
        0.03996629185146756
    ],
    "decode_percentiles": {
        "10": 0.039896411365932895,
        "25": 0.03996631171968248,
        "50": 0.04004351298014323,
        "75": 0.04014202621248033,
        "90": 0.04018586741553413
    }
}