{
    "avg_prefill_latency": 0.9770216743151346,
    "prefill_latencies": [
        0.9777698516845703,
        0.9750974178314209,
        0.9781169891357422,
        0.9661059379577637,
        0.976334810256958,
        0.9771969318389893,
        0.9793121814727783,
        0.9766891002655029,
        0.9830145835876465,
        0.9747536182403564,
        0.9789431095123291,
        0.9809255599975586
    ],
    "prefill_percentiles": {
        "10": 0.9747879981994629,
        "25": 0.9760254621505737,
        "50": 0.9774833917617798,
        "75": 0.9790353775024414,
        "90": 0.9807642221450805
    },
    "avg_decode_latency": 0.0003095666567484538,
    "decode_latencies": [
        0.0003342628479003906,
        0.0002913475036621094,
        0.0003185272216796875,
        0.0003535747528076172,
        0.000324249267578125,
        0.0002505779266357422,
        0.0003085136413574219,
        0.0003190040588378906,
        0.00035881996154785156,
        0.000301361083984375,
        0.0002715587615966797,
        0.0002830028533935547
    ],
    "decode_percentiles": {
        "10": 0.0002727031707763672,
        "25": 0.0002892613410949707,
        "50": 0.0003135204315185547,
        "75": 0.0003267526626586914,
        "90": 0.00035164356231689455
    }
}