{
    "avg_prefill_latency": 0.11802703142166138,
    "prefill_latencies": [
        0.12299442291259766,
        0.11517333984375,
        0.11524748802185059,
        0.11800265312194824,
        0.11763715744018555,
        0.11834192276000977,
        0.11781835556030273,
        0.1201944351196289,
        0.11819028854370117,
        0.11601781845092773,
        0.1177666187286377,
        0.11893987655639648
    ],
    "prefill_percentiles": {
        "10": 0.1153245210647583,
        "25": 0.1172323226928711,
        "50": 0.11791050434112549,
        "75": 0.11849141120910645,
        "90": 0.12006897926330566
    },
    "avg_decode_latency": 0.03438416675285057,
    "decode_latencies": [
        0.03442851702372233,
        0.03429905573527018,
        0.034463723500569664,
        0.03433778550889757,
        0.03444499439663357,
        0.034358580907185875,
        0.03437034289042155,
        0.03437034289042155,
        0.034370475345187716,
        0.03443415959676107,
        0.034346448050604925,
        0.03438557518853082
    ],
    "decode_percentiles": {
        "10": 0.03433865176306831,
        "25": 0.03435554769304064,
        "50": 0.03437040911780463,
        "75": 0.03442992766698201,
        "90": 0.03444391091664632
    }
}