{
    "avg_prefill_latency": 0.4015563726425171,
    "prefill_latencies": [
        0.4006922245025635,
        0.39995336532592773,
        0.39896512031555176,
        0.39972972869873047,
        0.4075052738189697,
        0.39925432205200195,
        0.3998394012451172,
        0.40090250968933105,
        0.39986705780029297,
        0.403700590133667,
        0.40291762351989746,
        0.4053492546081543
    ],
    "prefill_percentiles": {
        "10": 0.3993018627166748,
        "25": 0.3998119831085205,
        "50": 0.4003227949142456,
        "75": 0.40311336517333984,
        "90": 0.40518438816070557
    },
    "avg_decode_latency": 0.03700340897948653,
    "decode_latencies": [
        0.03690327538384332,
        0.03697980774773492,
        0.0370482603708903,
        0.036979887220594615,
        0.03708884451124403,
        0.03702958424886068,
        0.03695408503214518,
        0.03696028391520182,
        0.03696791330973307,
        0.036989450454711914,
        0.03716537687513563,
        0.03697413868374295
    ],
    "decode_percentiles": {
        "10": 0.036954704920450845,
        "25": 0.03696600596110026,
        "50": 0.03697984748416477,
        "75": 0.03703425327936809,
        "90": 0.03708478609720866
    }
}