{
    "avg_prefill_latency": 0.23170063893000284,
    "prefill_latencies": [
        0.23589253425598145,
        0.22725558280944824,
        0.23246312141418457,
        0.22766590118408203,
        0.2355048656463623,
        0.22731637954711914,
        0.23572969436645508,
        0.23090124130249023,
        0.23456931114196777,
        0.23032426834106445,
        0.2326946258544922,
        0.23009014129638672
    ],
    "prefill_percentiles": {
        "10": 0.22735133171081542,
        "25": 0.22948408126831055,
        "50": 0.2316821813583374,
        "75": 0.2348031997680664,
        "90": 0.2357072114944458
    },
    "avg_decode_latency": 0.03655902103141502,
    "decode_latencies": [
        0.0365497006310357,
        0.03674687279595269,
        0.036544217003716364,
        0.03649952676561144,
        0.03651881217956543,
        0.03651740815904406,
        0.03649865256415473,
        0.03662745157877604,
        0.03662379582722982,
        0.0365142027537028,
        0.03654493225945367,
        0.03652267985873752
    ],
    "decode_percentiles": {
        "10": 0.03650099436442058,
        "25": 0.03651660680770874,
        "50": 0.03653344843122694,
        "75": 0.03656822443008423,
        "90": 0.03662708600362142
    }
}