{
    "avg_prefill_latency": 0.039387027422587075,
    "prefill_latencies": [
        0.03917217254638672,
        0.03899526596069336,
        0.03962063789367676,
        0.03924131393432617,
        0.039534807205200195,
        0.039861202239990234,
        0.039055585861206055,
        0.03966474533081055,
        0.03923344612121582,
        0.03945565223693848,
        0.03925585746765137,
        0.03955364227294922
    ],
    "prefill_percentiles": {
        "10": 0.03906724452972412,
        "25": 0.039218127727508545,
        "50": 0.03935575485229492,
        "75": 0.039570391178131104,
        "90": 0.03966033458709717
    },
    "avg_decode_latency": 0.034568020591029404,
    "decode_latencies": [
        0.03449212180243598,
        0.03460643026563856,
        0.034571833080715604,
        0.03452923562791613,
        0.03457567426893446,
        0.03470428784688314,
        0.034468491872151695,
        0.034706460105048284,
        0.034479114744398326,
        0.03458955552842882,
        0.03450396325853136,
        0.03458907869127062
    ],
    "decode_percentiles": {
        "10": 0.03448041545020209,
        "25": 0.03450100289450751,
        "50": 0.03457375367482503,
        "75": 0.03459377421273126,
        "90": 0.03469450208875868
    }
}