{
    "avg_prefill_latency": 0.9398600061734518,
    "prefill_latencies": [
        0.9296097755432129,
        0.9336628913879395,
        0.9358968734741211,
        0.9996020793914795,
        0.9398741722106934,
        0.9282145500183105,
        0.9389810562133789,
        0.933896541595459,
        0.9334750175476074,
        0.9343867301940918,
        0.9333014488220215,
        0.9374189376831055
    ],
    "prefill_percentiles": {
        "10": 0.9299789428710937,
        "25": 0.9334316253662109,
        "50": 0.9341416358947754,
        "75": 0.9378094673156738,
        "90": 0.9397848606109619
    },
    "avg_decode_latency": 0.05336163640022278,
    "decode_latencies": [
        0.053175950050354005,
        0.05322825908660889,
        0.05343785285949707,
        0.05334692001342774,
        0.05330677032470703,
        0.05330252647399902,
        0.053542804718017575,
        0.05330538749694824,
        0.053490495681762694,
        0.05355207920074463,
        0.053351187705993654,
        0.05329940319061279
    ],
    "decode_percentiles": {
        "10": 0.053235373497009277,
        "25": 0.05330174565315247,
        "50": 0.05332684516906738,
        "75": 0.053451013565063474,
        "90": 0.053537573814392087
    }
}