{
    "avg_prefill_latency": 0.05200974146525065,
    "prefill_latencies": [
        0.051737308502197266,
        0.05205988883972168,
        0.05204272270202637,
        0.05164694786071777,
        0.05157804489135742,
        0.05313611030578613,
        0.05196046829223633,
        0.05213427543640137,
        0.052037954330444336,
        0.05206418037414551,
        0.0520167350769043,
        0.051702260971069336
    ],
    "prefill_percentiles": {
        "10": 0.05165247917175293,
        "25": 0.05172854661941528,
        "50": 0.052027344703674316,
        "75": 0.05206096172332764,
        "90": 0.05212726593017578
    },
    "avg_decode_latency": 0.017705387539333765,
    "decode_latencies": [
        0.017460929022894964,
        0.01750816239251031,
        0.01767126719156901,
        0.017493724822998047,
        0.017663134468926325,
        0.01764867040846083,
        0.01759232415093316,
        0.0176952150132921,
        0.017700990041097004,
        0.01765222019619412,
        0.01811165279812283,
        0.01826635996500651
    ],
    "decode_percentiles": {
        "10": 0.017495168579949275,
        "25": 0.01757128371132745,
        "50": 0.017657677332560223,
        "75": 0.017696658770243325,
        "90": 0.01807058652242025
    }
}