{
    "avg_prefill_latency": 0.0745798150698344,
    "prefill_latencies": [
        0.07430362701416016,
        0.07497358322143555,
        0.07390403747558594,
        0.07478785514831543,
        0.0736236572265625,
        0.07342362403869629,
        0.07331728935241699,
        0.07499909400939941,
        0.0752553939819336,
        0.07534670829772949,
        0.07439160346984863,
        0.07663130760192871
    ],
    "prefill_percentiles": {
        "10": 0.07344362735748292,
        "25": 0.07383394241333008,
        "50": 0.07458972930908203,
        "75": 0.07506316900253296,
        "90": 0.0753375768661499
    },
    "avg_decode_latency": 0.0242126429522479,
    "decode_latencies": [
        0.02149918344285753,
        0.021814717186821833,
        0.021519131130642362,
        0.021492401758829754,
        0.052606423695882164,
        0.021561013327704534,
        0.021591981252034504,
        0.021684116787380643,
        0.02150085237291124,
        0.021958006752861872,
        0.02171892589992947,
        0.021604961819118924
    ],
    "decode_percentiles": {
        "10": 0.0214993503358629,
        "25": 0.02151456144120958,
        "50": 0.021598471535576716,
        "75": 0.02174287372165256,
        "90": 0.021943677796257867
    }
}