{
    "avg_prefill_latency": 0.04291582107543945,
    "prefill_latencies": [
        0.042736053466796875,
        0.042804718017578125,
        0.043081045150756836,
        0.04309678077697754,
        0.04271888732910156,
        0.04275369644165039,
        0.04273343086242676,
        0.04323434829711914,
        0.043027400970458984,
        0.042807579040527344,
        0.042729854583740234,
        0.04326605796813965
    ],
    "prefill_percentiles": {
        "10": 0.04273021221160889,
        "25": 0.042735397815704346,
        "50": 0.042806148529052734,
        "75": 0.04308497905731201,
        "90": 0.04322059154510498
    },
    "avg_decode_latency": 0.016737600167592365,
    "decode_latencies": [
        0.01654039488898383,
        0.016673273510403104,
        0.016874286863538954,
        0.017016914155748155,
        0.016616847780015733,
        0.016575309965345595,
        0.01675118340386285,
        0.016709989971584745,
        0.01672694418165419,
        0.01675656106736925,
        0.016662756601969402,
        0.016946739620632596
    ],
    "decode_percentiles": {
        "10": 0.016579463746812607,
        "25": 0.016651279396480985,
        "50": 0.01671846707661947,
        "75": 0.016785992516411677,
        "90": 0.01693949434492323
    }
}