{
    "avg_prefill_latency": 0.03147296110788981,
    "prefill_latencies": [
        0.03132939338684082,
        0.03165173530578613,
        0.031351566314697266,
        0.031298160552978516,
        0.03176069259643555,
        0.03145551681518555,
        0.03138136863708496,
        0.03173232078552246,
        0.031325340270996094,
        0.031249284744262695,
        0.03179645538330078,
        0.031343698501586914
    ],
    "prefill_percentiles": {
        "10": 0.03130087852478027,
        "25": 0.03132838010787964,
        "50": 0.03136646747589111,
        "75": 0.031671881675720215,
        "90": 0.03175785541534424
    },
    "avg_decode_latency": 0.01431296710614805,
    "decode_latencies": [
        0.014299339718288846,
        0.01423192024230957,
        0.014090273115370009,
        0.014172183142768012,
        0.014364692899915908,
        0.014213244120279947,
        0.01454705662197537,
        0.014457835091484917,
        0.014500617980957031,
        0.014245112737019857,
        0.014212396409776475,
        0.014420933193630643
    ],
    "decode_percentiles": {
        "10": 0.01417620446946886,
        "25": 0.014213032192654079,
        "50": 0.014272226227654353,
        "75": 0.014430158668094212,
        "90": 0.01449633969200982
    }
}