{
    "avg_prefill_latency": 0.04575415452321371,
    "prefill_latencies": [
        0.045995235443115234,
        0.04569506645202637,
        0.04530191421508789,
        0.04549860954284668,
        0.045755863189697266,
        0.04575371742248535,
        0.046347618103027344,
        0.04593968391418457,
        0.04607200622558594,
        0.04593300819396973,
        0.04535245895385742,
        0.045404672622680664
    ],
    "prefill_percentiles": {
        "10": 0.045357680320739745,
        "25": 0.045475125312805176,
        "50": 0.04575479030609131,
        "75": 0.045953571796417236,
        "90": 0.046064329147338864
    },
    "avg_decode_latency": 0.00953942758065683,
    "decode_latencies": [
        0.009655422634548612,
        0.009536822636922201,
        0.00972249772813585,
        0.00947154892815484,
        0.00945281982421875,
        0.009558916091918945,
        0.009505854712592231,
        0.00956832038031684,
        0.009492291344536675,
        0.00947350925869412,
        0.009423785739474826,
        0.009611341688368056
    ],
    "decode_percentiles": {
        "10": 0.00945469273461236,
        "25": 0.0094730191760593,
        "50": 0.009521338674757216,
        "75": 0.009579075707329644,
        "90": 0.009651014539930556
    }
}