{
    "avg_prefill_latency": 0.09436740477879842,
    "prefill_latencies": [
        0.09587574005126953,
        0.09522461891174316,
        0.09547162055969238,
        0.0940694808959961,
        0.09402990341186523,
        0.09418129920959473,
        0.09324383735656738,
        0.09324812889099121,
        0.09325528144836426,
        0.0961761474609375,
        0.09486627578735352,
        0.09276652336120605
    ],
    "prefill_percentiles": {
        "10": 0.09324426651000976,
        "25": 0.093253493309021,
        "50": 0.09412539005279541,
        "75": 0.09528636932373047,
        "90": 0.09583532810211182
    },
    "avg_decode_latency": 0.02060304880142212,
    "decode_latencies": [
        0.018056321144104003,
        0.018074607849121092,
        0.018163561820983887,
        0.018085241317749023,
        0.017960643768310545,
        0.01806061267852783,
        0.018099427223205566,
        0.018022704124450683,
        0.018231582641601563,
        0.04789509773254395,
        0.018255615234375,
        0.018331170082092285
    ],
    "decode_percentiles": {
        "10": 0.018026065826416016,
        "25": 0.018059539794921874,
        "50": 0.018092334270477295,
        "75": 0.018237590789794922,
        "90": 0.018323614597320556
    }
}