{
    "avg_prefill_latency": 0.014265120029449463,
    "prefill_latencies": [
        0.014283895492553711,
        0.014310359954833984,
        0.014228582382202148,
        0.014272212982177734,
        0.014220952987670898,
        0.014256954193115234,
        0.014208316802978516,
        0.014249324798583984,
        0.01437687873840332,
        0.014243364334106445,
        0.014203548431396484,
        0.014327049255371094
    ],
    "prefill_percentiles": {
        "10": 0.014209580421447755,
        "25": 0.014226675033569336,
        "50": 0.01425313949584961,
        "75": 0.01429051160812378,
        "90": 0.014325380325317383
    },
    "avg_decode_latency": 0.010138251163341381,
    "decode_latencies": [
        0.010046826468573676,
        0.00999360614352756,
        0.009981658723619249,
        0.00995794932047526,
        0.00996292961968316,
        0.009968307283189561,
        0.009976122114393447,
        0.010506497489081489,
        0.01076605584886339,
        0.010049661000569662,
        0.010334438747829862,
        0.010114961200290255
    ],
    "decode_percentiles": {
        "10": 0.0099634673860338,
        "25": 0.009974168406592475,
        "50": 0.010020216306050617,
        "75": 0.010169830587175157,
        "90": 0.010489291614956327
    }
}