{
    "avg_prefill_latency": 0.011199732621510824,
    "prefill_latencies": [
        0.011009931564331055,
        0.011060476303100586,
        0.011276006698608398,
        0.011308431625366211,
        0.011019468307495117,
        0.011913061141967773,
        0.011633634567260742,
        0.011116981506347656,
        0.01102304458618164,
        0.011167049407958984,
        0.010921478271484375,
        0.010947227478027344
    ],
    "prefill_percentiles": {
        "10": 0.010953497886657716,
        "25": 0.011017084121704102,
        "50": 0.011088728904724121,
        "75": 0.011284112930297852,
        "90": 0.011601114273071289
    },
    "avg_decode_latency": 0.010241866111755371,
    "decode_latencies": [
        0.010244316524929471,
        0.010447714063856337,
        0.010461754269070096,
        0.01010184817843967,
        0.01072753800286187,
        0.010455502404106988,
        0.01010833846198188,
        0.010134087668524848,
        0.010040866004096137,
        0.010092231962415908,
        0.01005819108751085,
        0.0100300047132704
    ],
    "decode_percentiles": {
        "10": 0.01004259851243761,
        "25": 0.010083721743689643,
        "50": 0.010121213065253364,
        "75": 0.010449661148919,
        "90": 0.010461129082573786
    }
}