{
    "avg_prefill_latency": 0.0245055357615153,
    "prefill_latencies": [
        0.024479389190673828,
        0.024486064910888672,
        0.024606704711914062,
        0.024504899978637695,
        0.02444767951965332,
        0.024452924728393555,
        0.024444580078125,
        0.024479150772094727,
        0.02465653419494629,
        0.02446293830871582,
        0.024427175521850586,
        0.02461838722229004
    ],
    "prefill_percentiles": {
        "10": 0.024444890022277833,
        "25": 0.024451613426208496,
        "50": 0.024479269981384277,
        "75": 0.024530351161956787,
        "90": 0.024617218971252443
    },
    "avg_decode_latency": 0.009356072655430547,
    "decode_latencies": [
        0.009374671512179904,
        0.009174770779079862,
        0.009160889519585503,
        0.009172969394259982,
        0.009164571762084961,
        0.009651263554890951,
        0.009170929590861002,
        0.009186824162801107,
        0.009190638860066732,
        0.009209712346394857,
        0.010014216105143229,
        0.009801414277818467
    ],
    "decode_percentiles": {
        "10": 0.009165207544962565,
        "25": 0.009172459443410236,
        "50": 0.00918873151143392,
        "75": 0.009443819522857666,
        "90": 0.009786399205525716
    }
}