{
    "avg_prefill_latency": 0.09119375546773274,
    "prefill_latencies": [
        0.0893254280090332,
        0.09200572967529297,
        0.09301495552062988,
        0.09034585952758789,
        0.09176349639892578,
        0.09000039100646973,
        0.0915682315826416,
        0.09140491485595703,
        0.09200739860534668,
        0.09151649475097656,
        0.08886480331420898,
        0.09250736236572266
    ],
    "prefill_percentiles": {
        "10": 0.08939292430877685,
        "25": 0.09025949239730835,
        "50": 0.09154236316680908,
        "75": 0.0920061469078064,
        "90": 0.09245736598968506
    },
    "avg_decode_latency": 0.009754666575679074,
    "decode_latencies": [
        0.009701278474595811,
        0.00967815187242296,
        0.009626176622178819,
        0.009730603959825303,
        0.009790208604600694,
        0.009841998418172201,
        0.009684880574544271,
        0.009811666276719835,
        0.009738948610093858,
        0.010022905137803819,
        0.00972249772813585,
        0.009706682629055448
    ],
    "decode_percentiles": {
        "10": 0.009678824742635091,
        "25": 0.009697178999582926,
        "50": 0.009726550843980577,
        "75": 0.00979557302263048,
        "90": 0.009838965204026965
    }
}