{
    "avg_prefill_latency": 0.04366602500279745,
    "prefill_latencies": [
        0.043839216232299805,
        0.04378342628479004,
        0.043599605560302734,
        0.043996334075927734,
        0.04374217987060547,
        0.04383683204650879,
        0.043917179107666016,
        0.043550729751586914,
        0.04342079162597656,
        0.04340815544128418,
        0.04341626167297363,
        0.04348158836364746
    ],
    "prefill_percentiles": {
        "10": 0.043416714668273924,
        "25": 0.043466389179229736,
        "50": 0.0436708927154541,
        "75": 0.04383742809295654,
        "90": 0.04390938282012939
    },
    "avg_decode_latency": 0.010995392446164732,
    "decode_latencies": [
        0.010975122451782227,
        0.010950459374321831,
        0.010941267013549805,
        0.01098958651224772,
        0.010999520619710287,
        0.010998302035861544,
        0.011221912172105577,
        0.010955863528781466,
        0.01091154416402181,
        0.011007282469007704,
        0.011003255844116211,
        0.010990593168470595
    ],
    "decode_percentiles": {
        "10": 0.010942186249627008,
        "25": 0.010954512490166558,
        "50": 0.010990089840359159,
        "75": 0.011000454425811768,
        "90": 0.011006879806518556
    }
}