{
    "avg_prefill_latency": 0.2556335727373759,
    "prefill_latencies": [
        0.25493335723876953,
        0.2560086250305176,
        0.25600600242614746,
        0.2552342414855957,
        0.2552046775817871,
        0.2553262710571289,
        0.2561016082763672,
        0.25550007820129395,
        0.2562401294708252,
        0.2560861110687256,
        0.25577569007873535,
        0.2551860809326172
    ],
    "prefill_percentiles": {
        "10": 0.2551879405975342,
        "25": 0.25522685050964355,
        "50": 0.25563788414001465,
        "75": 0.2560279965400696,
        "90": 0.256100058555603
    },
    "avg_decode_latency": 0.04056246479352315,
    "decode_latencies": [
        0.04021732807159424,
        0.04069802761077881,
        0.04031283855438232,
        0.04041202068328857,
        0.041100716590881346,
        0.04122726917266846,
        0.04061136245727539,
        0.04040448665618897,
        0.0406069278717041,
        0.040478992462158206,
        0.04032158851623535,
        0.04035801887512207
    ],
    "decode_percentiles": {
        "10": 0.04031371355056763,
        "25": 0.040348911285400385,
        "50": 0.04044550657272339,
        "75": 0.040633028745651244,
        "90": 0.041060447692871094
    }
}