{
    "avg_prefill_latency": 0.06948139270146687,
    "prefill_latencies": [
        0.06939482688903809,
        0.06973028182983398,
        0.06948375701904297,
        0.0694127082824707,
        0.0694112777709961,
        0.06932497024536133,
        0.06958746910095215,
        0.06973767280578613,
        0.06951284408569336,
        0.06924772262573242,
        0.06934499740600586,
        0.06958818435668945
    ],
    "prefill_percentiles": {
        "10": 0.06932697296142579,
        "25": 0.06938236951828003,
        "50": 0.06944823265075684,
        "75": 0.06958764791488647,
        "90": 0.06971607208251954
    },
    "avg_decode_latency": 0.0129866533809238,
    "decode_latencies": [
        0.012844165166219076,
        0.012960380978054471,
        0.013046211666531034,
        0.012888961368136935,
        0.012995852364434136,
        0.012885305616590712,
        0.012985600365532769,
        0.012914816538492838,
        0.01293341318766276,
        0.012930181291368272,
        0.012831158108181424,
        0.013623793919881185
    ],
    "decode_percentiles": {
        "10": 0.01284827921125624,
        "25": 0.01288804743025038,
        "50": 0.012931797239515517,
        "75": 0.01298816336525811,
        "90": 0.013041175736321345
    }
}