{
    "avg_prefill_latency": 0.251537024974823,
    "prefill_latencies": [
        0.2525026798248291,
        0.2512521743774414,
        0.2509775161743164,
        0.2511167526245117,
        0.25113987922668457,
        0.25081872940063477,
        0.25182080268859863,
        0.251220703125,
        0.2513716220855713,
        0.25271105766296387,
        0.2514808177947998,
        0.2520315647125244
    ],
    "prefill_percentiles": {
        "10": 0.2509914398193359,
        "25": 0.25113409757614136,
        "50": 0.25131189823150635,
        "75": 0.2518734931945801,
        "90": 0.2524555683135986
    },
    "avg_decode_latency": 0.0238612949848175,
    "decode_latencies": [
        0.024103426933288576,
        0.024420285224914552,
        0.02406318187713623,
        0.024215507507324218,
        0.023654818534851074,
        0.023560047149658203,
        0.023636245727539064,
        0.0235365629196167,
        0.023935103416442872,
        0.023765015602111816,
        0.023921918869018555,
        0.023523426055908202
    ],
    "decode_percentiles": {
        "10": 0.02353891134262085,
        "25": 0.02361719608306885,
        "50": 0.023843467235565186,
        "75": 0.024073243141174316,
        "90": 0.024204299449920655
    }
}