{
    "avg_prefill_latency": 0.10288496812184651,
    "prefill_latencies": [
        0.09757399559020996,
        0.09710073471069336,
        0.15998196601867676,
        0.09711742401123047,
        0.09708237648010254,
        0.09699273109436035,
        0.0974876880645752,
        0.09799885749816895,
        0.09861564636230469,
        0.09736847877502441,
        0.09883999824523926,
        0.09845972061157227
    ],
    "prefill_percentiles": {
        "10": 0.09708421230316162,
        "25": 0.09711325168609619,
        "50": 0.09753084182739258,
        "75": 0.09849870204925537,
        "90": 0.0988175630569458
    },
    "avg_decode_latency": 0.02534362784138432,
    "decode_latencies": [
        0.025234778722127277,
        0.024702522489759658,
        0.024959405263264973,
        0.024663209915161133,
        0.024770021438598633,
        0.02465547455681695,
        0.025763670603434246,
        0.02516786257425944,
        0.025483714209662542,
        0.025648991266886394,
        0.026262230343288846,
        0.02681165271335178
    ],
    "decode_percentiles": {
        "10": 0.024667141172620987,
        "25": 0.024753146701388888,
        "50": 0.02520132064819336,
        "75": 0.025677661101023357,
        "90": 0.026212374369303387
    }
}