{
    "avg_prefill_latency": 0.20987244447072348,
    "prefill_latencies": [
        0.20090365409851074,
        0.20012974739074707,
        0.19976115226745605,
        0.20089054107666016,
        0.20027518272399902,
        0.19983196258544922,
        0.3111917972564697,
        0.20032119750976562,
        0.20098233222961426,
        0.20155715942382812,
        0.20166254043579102,
        0.20096206665039062
    ],
    "prefill_percentiles": {
        "10": 0.199861741065979,
        "25": 0.20023882389068604,
        "50": 0.20089709758758545,
        "75": 0.20112603902816772,
        "90": 0.20165200233459474
    },
    "avg_decode_latency": 0.04551712451157747,
    "decode_latencies": [
        0.04982373449537489,
        0.0400445991092258,
        0.0401007334391276,
        0.0523730648888482,
        0.041461441251966685,
        0.04035589430067274,
        0.0406282212999132,
        0.040394226710001625,
        0.055286407470703125,
        0.04315810733371311,
        0.0446932315826416,
        0.057885832256740995
    ],
    "decode_percentiles": {
        "10": 0.04012624952528212,
        "25": 0.040384643607669406,
        "50": 0.0423097742928399,
        "75": 0.05046106709374322,
        "90": 0.054995073212517634
    }
}