{
    "avg_prefill_latency": 0.07482465108235677,
    "prefill_latencies": [
        0.0746469497680664,
        0.07418155670166016,
        0.07450366020202637,
        0.07447123527526855,
        0.07418060302734375,
        0.07477951049804688,
        0.07493305206298828,
        0.07510614395141602,
        0.07481622695922852,
        0.07542157173156738,
        0.07494759559631348,
        0.07590770721435547
    ],
    "prefill_percentiles": {
        "10": 0.074210524559021,
        "25": 0.07449555397033691,
        "50": 0.0747978687286377,
        "75": 0.07498723268508911,
        "90": 0.07539002895355225
    },
    "avg_decode_latency": 0.02309798973577994,
    "decode_latencies": [
        0.02157041761610243,
        0.02153809865315755,
        0.021545251210530598,
        0.021665387683444552,
        0.022206677330864802,
        0.021910084618462458,
        0.03321578767564562,
        0.021970139609442815,
        0.02225473192003038,
        0.023136801189846463,
        0.022716310289171007,
        0.02344618903266059
    ],
    "decode_percentiles": {
        "10": 0.021547767851087783,
        "25": 0.021641645166609023,
        "50": 0.02208840847015381,
        "75": 0.02282143301433987,
        "90": 0.023415250248379177
    }
}