{
    "avg_prefill_latency": 0.08168478806813557,
    "prefill_latencies": [
        0.08195734024047852,
        0.08119678497314453,
        0.08134198188781738,
        0.08173656463623047,
        0.0815582275390625,
        0.08116555213928223,
        0.08131814002990723,
        0.08207058906555176,
        0.0817105770111084,
        0.0817413330078125,
        0.0816643238067627,
        0.08275604248046875
    ],
    "prefill_percentiles": {
        "10": 0.0812089204788208,
        "25": 0.08133602142333984,
        "50": 0.08168745040893555,
        "75": 0.081795334815979,
        "90": 0.08205926418304443
    },
    "avg_decode_latency": 0.024268918567233618,
    "decode_latencies": [
        0.023138099246554904,
        0.022905694113837347,
        0.022927946514553495,
        0.02352240350511339,
        0.022793028089735243,
        0.03187910715738932,
        0.023265918095906574,
        0.02350539631313748,
        0.024604294035169814,
        0.024640321731567383,
        0.023479011323716905,
        0.024565802680121526
    ],
    "decode_percentiles": {
        "10": 0.02290791935390896,
        "25": 0.02308556106355455,
        "50": 0.02349220381842719,
        "75": 0.024575425518883597,
        "90": 0.024636718961927626
    }
}