{
    "avg_prefill_latency": 0.2586070696512858,
    "prefill_latencies": [
        0.2591972351074219,
        0.2575235366821289,
        0.25709080696105957,
        0.25716376304626465,
        0.2567925453186035,
        0.25744009017944336,
        0.2620375156402588,
        0.2599966526031494,
        0.2593538761138916,
        0.2596476078033447,
        0.25750207901000977,
        0.2595391273498535
    ],
    "prefill_percentiles": {
        "10": 0.2570981025695801,
        "25": 0.2573710083961487,
        "50": 0.2583603858947754,
        "75": 0.2595662474632263,
        "90": 0.25996174812316897
    },
    "avg_decode_latency": 0.03873640696207682,
    "decode_latencies": [
        0.03629753589630127,
        0.036311006546020506,
        0.036116814613342284,
        0.04631192684173584,
        0.03542671203613281,
        0.036746430397033694,
        0.038493895530700685,
        0.038962793350219724,
        0.04900147914886475,
        0.03795468807220459,
        0.03702025413513184,
        0.036193346977233885
    ],
    "decode_percentiles": {
        "10": 0.036124467849731445,
        "25": 0.03627148866653442,
        "50": 0.036883342266082766,
        "75": 0.03861111998558044,
        "90": 0.04557701349258423
    }
}