{
    "avg_prefill_latency": 0.25738435983657837,
    "prefill_latencies": [
        0.25676774978637695,
        0.2567403316497803,
        0.2572290897369385,
        0.25736188888549805,
        0.2568533420562744,
        0.2578771114349365,
        0.254044771194458,
        0.25827789306640625,
        0.2581808567047119,
        0.25896263122558594,
        0.25782036781311035,
        0.2584962844848633
    ],
    "prefill_percentiles": {
        "10": 0.25674307346343994,
        "25": 0.25683194398880005,
        "50": 0.2575911283493042,
        "75": 0.2582051157951355,
        "90": 0.25847444534301756
    },
    "avg_decode_latency": 0.04192613561948141,
    "decode_latencies": [
        0.03908624649047852,
        0.038554811477661134,
        0.046012258529663085,
        0.039358997344970705,
        0.03949260711669922,
        0.04765441417694092,
        0.0394902229309082,
        0.04000189304351807,
        0.04039385318756104,
        0.051569437980651854,
        0.04070615768432617,
        0.04079272747039795
    ],
    "decode_percentiles": {
        "10": 0.039113521575927734,
        "25": 0.03945741653442383,
        "50": 0.04019787311553955,
        "75": 0.04209761023521423,
        "90": 0.04749019861221314
    }
}