{
    "avg_prefill_latency": 0.15755716959635416,
    "prefill_latencies": [
        0.15691781044006348,
        0.15691900253295898,
        0.15731000900268555,
        0.1570897102355957,
        0.15760040283203125,
        0.16020584106445312,
        0.1577744483947754,
        0.1571948528289795,
        0.15689611434936523,
        0.1572263240814209,
        0.15767717361450195,
        0.15787434577941895
    ],
    "prefill_percentiles": {
        "10": 0.15691792964935303,
        "25": 0.15704703330993652,
        "50": 0.15726816654205322,
        "75": 0.1577014923095703,
        "90": 0.15786435604095458
    },
    "avg_decode_latency": 0.02507256578516077,
    "decode_latencies": [
        0.023082971572875977,
        0.023139662212795682,
        0.023132801055908203,
        0.022898568047417536,
        0.023792293336656358,
        0.03804882367451986,
        0.023457103305392794,
        0.025259892145792644,
        0.024197631412082247,
        0.02407648828294542,
        0.02438672383626302,
        0.025397830539279513
    ],
    "decode_percentiles": {
        "10": 0.023087954521179198,
        "25": 0.023137946923573814,
        "50": 0.02393439080980089,
        "75": 0.024605015913645424,
        "90": 0.025384036699930827
    }
}