{
    "avg_prefill_latency": 0.26418282588322956,
    "prefill_latencies": [
        0.25670409202575684,
        0.25835585594177246,
        0.2562375068664551,
        0.25909900665283203,
        0.2564218044281006,
        0.2573082447052002,
        0.33452486991882324,
        0.2572464942932129,
        0.2590489387512207,
        0.25641536712646484,
        0.2579810619354248,
        0.2608506679534912
    ],
    "prefill_percentiles": {
        "10": 0.2564160108566284,
        "25": 0.2566335201263428,
        "50": 0.2576446533203125,
        "75": 0.25906145572662354,
        "90": 0.2606755018234253
    },
    "avg_decode_latency": 0.054023975133895875,
    "decode_latencies": [
        0.06041626930236817,
        0.04915928840637207,
        0.04909987449645996,
        0.058782410621643064,
        0.049414658546447755,
        0.05000369548797608,
        0.04978907108306885,
        0.05042710304260254,
        0.057519960403442386,
        0.05285792350769043,
        0.05234932899475098,
        0.06846811771392822
    ],
    "decode_percentiles": {
        "10": 0.04918482542037964,
        "25": 0.04969546794891357,
        "50": 0.051388216018676755,
        "75": 0.057835572957992555,
        "90": 0.060252883434295655
    }
}