{
    "avg_prefill_latency": 0.19834444920221964,
    "prefill_latencies": [
        0.19727349281311035,
        0.19839859008789062,
        0.19892430305480957,
        0.19921517372131348,
        0.1974639892578125,
        0.198394775390625,
        0.19948720932006836,
        0.19810223579406738,
        0.19846820831298828,
        0.1982252597808838,
        0.19818949699401855,
        0.19799065589904785
    ],
    "prefill_percentiles": {
        "10": 0.19751665592193604,
        "25": 0.1980743408203125,
        "50": 0.1983100175857544,
        "75": 0.1985822319984436,
        "90": 0.19918608665466309
    },
    "avg_decode_latency": 0.019331157207489014,
    "decode_latencies": [
        0.018649154239230685,
        0.019308514065212674,
        0.018970515992906358,
        0.02011529604593913,
        0.021085553699069552,
        0.022394551171196833,
        0.018568489286634658,
        0.018369038899739582,
        0.018511798646714952,
        0.018573469585842557,
        0.018584701750013564,
        0.01884280310736762
    ],
    "decode_percentiles": {
        "10": 0.018517467710706923,
        "25": 0.018572224511040583,
        "50": 0.018745978673299152,
        "75": 0.019510209560394287,
        "90": 0.02098852793375651
    }
}