{
    "avg_prefill_latency": 0.2351259191830953,
    "prefill_latencies": [
        0.23495125770568848,
        0.23513412475585938,
        0.23387789726257324,
        0.23555588722229004,
        0.23457741737365723,
        0.2364344596862793,
        0.2339489459991455,
        0.23502016067504883,
        0.23441815376281738,
        0.2364497184753418,
        0.2353043556213379,
        0.2358386516571045
    ],
    "prefill_percentiles": {
        "10": 0.2339958667755127,
        "25": 0.23453760147094727,
        "50": 0.2350771427154541,
        "75": 0.23562657833099365,
        "90": 0.2363748788833618
    },
    "avg_decode_latency": 0.020450234413146973,
    "decode_latencies": [
        0.019671175214979384,
        0.019619226455688477,
        0.019580311245388456,
        0.019655625025431316,
        0.019955582088894315,
        0.019580973519219294,
        0.029181056552463107,
        0.01943638589647081,
        0.01931696467929416,
        0.019392384423149958,
        0.019943873087565105,
        0.020069254769219294
    ],
    "decode_percentiles": {
        "10": 0.019396784570482044,
        "25": 0.019544329908159044,
        "50": 0.019637425740559898,
        "75": 0.01994680033789741,
        "90": 0.020057887501186797
    }
}