{
    "avg_prefill_latency": 0.1583040157953898,
    "prefill_latencies": [
        0.149153470993042,
        0.1498124599456787,
        0.14950323104858398,
        0.14939570426940918,
        0.14899802207946777,
        0.14915943145751953,
        0.14942550659179688,
        0.15090131759643555,
        0.2435929775238037,
        0.15404772758483887,
        0.15226030349731445,
        0.1533980369567871
    ],
    "prefill_percentiles": {
        "10": 0.14915406703948975,
        "25": 0.14933663606643677,
        "50": 0.14965784549713135,
        "75": 0.15254473686218262,
        "90": 0.1539827585220337
    },
    "avg_decode_latency": 0.03741996818118625,
    "decode_latencies": [
        0.03555342886182997,
        0.03591905699835883,
        0.03590602344936795,
        0.04290906588236491,
        0.03567348586188422,
        0.03557716475592719,
        0.03589916229248047,
        0.03707824812995063,
        0.03848833507961697,
        0.038352754380967885,
        0.03848952717251248,
        0.03919336530897352
    ],
    "decode_percentiles": {
        "10": 0.03558679686652289,
        "25": 0.03584274318483141,
        "50": 0.03649865256415473,
        "75": 0.03848863310284085,
        "90": 0.03912298149532742
    }
}