{
    "avg_prefill_latency": 0.012092093626658121,
    "prefill_latencies": [
        0.011986494064331055,
        0.012029409408569336,
        0.012130498886108398,
        0.012108325958251953,
        0.012076616287231445,
        0.012174606323242188,
        0.01209259033203125,
        0.01205587387084961,
        0.012078046798706055,
        0.012070178985595703,
        0.012091398239135742,
        0.012211084365844727
    ],
    "prefill_percentiles": {
        "10": 0.012032055854797363,
        "25": 0.01206660270690918,
        "50": 0.012084722518920898,
        "75": 0.012113869190216064,
        "90": 0.012170195579528809
    },
    "avg_decode_latency": 0.012150740181958235,
    "decode_latencies": [
        0.011997911665174697,
        0.012170738644070096,
        0.012109809451633029,
        0.012129730648464628,
        0.012248171700371636,
        0.012107557720608182,
        0.01210943857828776,
        0.01209168963962131,
        0.01211698849995931,
        0.012156671947903104,
        0.012166341145833334,
        0.012403832541571723
    ],
    "decode_percentiles": {
        "10": 0.012093276447719997,
        "25": 0.012108968363867866,
        "50": 0.01212335957421197,
        "75": 0.012167440520392524,
        "90": 0.012240428394741482
    }
}