{
    "avg_prefill_latency": 0.19353667894999185,
    "prefill_latencies": [
        0.19270110130310059,
        0.1926414966583252,
        0.19286298751831055,
        0.19297385215759277,
        0.19227123260498047,
        0.19402551651000977,
        0.19372844696044922,
        0.19384002685546875,
        0.193328857421875,
        0.19375872611999512,
        0.19423294067382812,
        0.1960749626159668
    ],
    "prefill_percentiles": {
        "10": 0.19264745712280273,
        "25": 0.19282251596450806,
        "50": 0.1935286521911621,
        "75": 0.193886399269104,
        "90": 0.1942121982574463
    },
    "avg_decode_latency": 0.0423814610198692,
    "decode_latencies": [
        0.046814918518066406,
        0.038467619154188365,
        0.03884172439575195,
        0.051472637388441295,
        0.038495937983194985,
        0.03855739699469672,
        0.04751960436503092,
        0.03928971290588379,
        0.038586431079440646,
        0.04798695776197645,
        0.04119316736857096,
        0.04135142432318793
    ],
    "decode_percentiles": {
        "10": 0.03850208388434516,
        "25": 0.03857917255825467,
        "50": 0.04024144013722737,
        "75": 0.046991089979807533,
        "90": 0.0479402224222819
    }
}