{
    "avg_prefill_latency": 0.12709492444992065,
    "prefill_latencies": [
        0.1264505386352539,
        0.126068115234375,
        0.12588882446289062,
        0.12651777267456055,
        0.12679100036621094,
        0.12651348114013672,
        0.12644076347351074,
        0.12633299827575684,
        0.1283566951751709,
        0.12794137001037598,
        0.13039183616638184,
        0.12744569778442383
    ],
    "prefill_percentiles": {
        "10": 0.12609460353851318,
        "25": 0.12641382217407227,
        "50": 0.12651562690734863,
        "75": 0.12756961584091187,
        "90": 0.12831516265869142
    },
    "avg_decode_latency": 0.033020509613884814,
    "decode_latencies": [
        0.029379420810275607,
        0.028977897432115342,
        0.029209269417656794,
        0.028835614522298176,
        0.036743508444892034,
        0.02906256251864963,
        0.03051008118523492,
        0.031402932273017034,
        0.03379903899298774,
        0.03271031379699707,
        0.050932221942477755,
        0.03468325403001574
    ],
    "decode_percentiles": {
        "10": 0.028986363940768773,
        "25": 0.029172592692905,
        "50": 0.030956506729125977,
        "75": 0.03402009275224474,
        "90": 0.036537483003404404
    }
}