{
    "avg_prefill_latency": 0.07873942454655965,
    "prefill_latencies": [
        0.07785987854003906,
        0.07840776443481445,
        0.0793159008026123,
        0.07788658142089844,
        0.07891249656677246,
        0.07910370826721191,
        0.07877039909362793,
        0.07930874824523926,
        0.07843995094299316,
        0.07884335517883301,
        0.07867980003356934,
        0.07934451103210449
    ],
    "prefill_percentiles": {
        "10": 0.07793869972229003,
        "25": 0.07843190431594849,
        "50": 0.07880687713623047,
        "75": 0.07915496826171875,
        "90": 0.079315185546875
    },
    "avg_decode_latency": 0.0175924058313723,
    "decode_latencies": [
        0.01709005567762587,
        0.017154667112562392,
        0.017280631595187716,
        0.017014503479003906,
        0.017288684844970703,
        0.01728955904642741,
        0.017798423767089844,
        0.01791548728942871,
        0.017639266120062932,
        0.01764014032151964,
        0.018323050604926214,
        0.018674400117662217
    ],
    "decode_percentiles": {
        "10": 0.017096516821119522,
        "25": 0.017249140474531386,
        "50": 0.017464412583245173,
        "75": 0.01782768964767456,
        "90": 0.018282294273376465
    }
}