{
    "avg_prefill_latency": 0.20312205950419107,
    "prefill_latencies": [
        0.20552992820739746,
        0.20192337036132812,
        0.20064592361450195,
        0.20134544372558594,
        0.20184016227722168,
        0.20124149322509766,
        0.2031998634338379,
        0.20344901084899902,
        0.20408082008361816,
        0.20574617385864258,
        0.2039949893951416,
        0.2044675350189209
    ],
    "prefill_percentiles": {
        "10": 0.20125188827514648,
        "25": 0.20171648263931274,
        "50": 0.20332443714141846,
        "75": 0.20417749881744385,
        "90": 0.2054236888885498
    },
    "avg_decode_latency": 0.030527596120481143,
    "decode_latencies": [
        0.02714387575785319,
        0.04069744216071235,
        0.026118781831529405,
        0.02614593505859375,
        0.02725423706902398,
        0.027648528416951496,
        0.029641654756334092,
        0.029480987124972872,
        0.029277960459391277,
        0.02947590086195204,
        0.04485058784484863,
        0.028595262103610568
    ],
    "decode_percentiles": {
        "10": 0.026245729128519694,
        "25": 0.027226646741231285,
        "50": 0.02893661128150092,
        "75": 0.029521154032813177,
        "90": 0.03959186342027453
    }
}