{
    "avg_prefill_latency": 0.2756263812383016,
    "prefill_latencies": [
        0.27569055557250977,
        0.2740468978881836,
        0.27619338035583496,
        0.2743687629699707,
        0.2768244743347168,
        0.2748680114746094,
        0.27677011489868164,
        0.2758636474609375,
        0.2762641906738281,
        0.2753124237060547,
        0.2752382755279541,
        0.2760758399963379
    ],
    "prefill_percentiles": {
        "10": 0.27441868782043455,
        "25": 0.2751457095146179,
        "50": 0.27577710151672363,
        "75": 0.27621108293533325,
        "90": 0.2767195224761963
    },
    "avg_decode_latency": 0.00035361448923746747,
    "decode_latencies": [
        0.0003724098205566406,
        0.0004208087921142578,
        0.0003523826599121094,
        0.0003516674041748047,
        0.0002949237823486328,
        0.00028705596923828125,
        0.0003070831298828125,
        0.0003418922424316406,
        0.0003676414489746094,
        0.0003495216369628906,
        0.0003752708435058594,
        0.0004227161407470703
    ],
    "decode_percentiles": {
        "10": 0.00029613971710205076,
        "25": 0.0003331899642944336,
        "50": 0.00035202503204345703,
        "75": 0.0003731250762939453,
        "90": 0.000416254997253418
    }
}