{
    "avg_prefill_latency": 0.25216372807820636,
    "prefill_latencies": [
        0.2513735294342041,
        0.253173828125,
        0.2518317699432373,
        0.25231289863586426,
        0.2519838809967041,
        0.25188398361206055,
        0.2520444393157959,
        0.2524905204772949,
        0.2516014575958252,
        0.2517244815826416,
        0.2526419162750244,
        0.2529020309448242
    ],
    "prefill_percentiles": {
        "10": 0.25161375999450686,
        "25": 0.2518049478530884,
        "50": 0.25201416015625,
        "75": 0.2525283694267273,
        "90": 0.2528760194778442
    },
    "avg_decode_latency": 0.023423381646474204,
    "decode_latencies": [
        0.022580432891845702,
        0.022519946098327637,
        0.02243804931640625,
        0.022441792488098144,
        0.022440648078918456,
        0.022930288314819337,
        0.022810983657836913,
        0.031931281089782715,
        0.022620153427124024,
        0.022472333908081055,
        0.022746634483337403,
        0.02314803600311279
    ],
    "decode_percentiles": {
        "10": 0.022440762519836423,
        "25": 0.022464698553085326,
        "50": 0.022600293159484863,
        "75": 0.02284080982208252,
        "90": 0.023126261234283445
    }
}