{
    "avg_prefill_latency": 0.012779494126637777,
    "prefill_latencies": [
        0.012639760971069336,
        0.012619733810424805,
        0.012761116027832031,
        0.013012409210205078,
        0.012774467468261719,
        0.012731552124023438,
        0.012707948684692383,
        0.012784242630004883,
        0.012671947479248047,
        0.01317739486694336,
        0.012725830078125,
        0.012747526168823242
    ],
    "prefill_percentiles": {
        "10": 0.012642979621887207,
        "25": 0.012698948383331299,
        "50": 0.01273953914642334,
        "75": 0.01277691125869751,
        "90": 0.01298959255218506
    },
    "avg_decode_latency": 0.012185101155881527,
    "decode_latencies": [
        0.012060880661010742,
        0.012080113093058268,
        0.012112034691704644,
        0.012188937928941514,
        0.012224515279134115,
        0.012285232543945312,
        0.012326796849568685,
        0.012326134575737847,
        0.012158950169881185,
        0.012155850728352865,
        0.012162552939520942,
        0.012139214409722222
    ],
    "decode_percentiles": {
        "10": 0.012083305252922906,
        "25": 0.012132419480217827,
        "50": 0.012160751554701064,
        "75": 0.012239694595336914,
        "90": 0.012322044372558594
    }
}