{
    "avg_prefill_latency": 0.1779646078745524,
    "prefill_latencies": [
        0.17933320999145508,
        0.1778268814086914,
        0.17864203453063965,
        0.1768038272857666,
        0.1742091178894043,
        0.17712879180908203,
        0.17619609832763672,
        0.17998528480529785,
        0.17970561981201172,
        0.1784985065460205,
        0.17847800254821777,
        0.17876791954040527
    ],
    "prefill_percentiles": {
        "10": 0.1762568712234497,
        "25": 0.17704755067825317,
        "50": 0.17848825454711914,
        "75": 0.17890924215316772,
        "90": 0.17966837882995607
    },
    "avg_decode_latency": 0.032153964042663574,
    "decode_latencies": [
        0.032208919525146484,
        0.032049012184143064,
        0.032066750526428225,
        0.03222990036010742,
        0.03217158317565918,
        0.03220036029815674,
        0.032264089584350585,
        0.03215968608856201,
        0.03213961124420166,
        0.032181835174560545,
        0.03206577301025391,
        0.032110047340393064
    ],
    "decode_percentiles": {
        "10": 0.03206587076187134,
        "25": 0.032099223136901854,
        "50": 0.0321656346321106,
        "75": 0.03220250010490418,
        "90": 0.03222780227661133
    }
}