{
    "avg_prefill_latency": 0.1737794280052185,
    "prefill_latencies": [
        0.17188620567321777,
        0.16990423202514648,
        0.17210054397583008,
        0.17141175270080566,
        0.17439603805541992,
        0.1754288673400879,
        0.1737813949584961,
        0.1773543357849121,
        0.17426323890686035,
        0.17487239837646484,
        0.17665696144104004,
        0.17329716682434082
    ],
    "prefill_percentiles": {
        "10": 0.17145919799804688,
        "25": 0.172046959400177,
        "50": 0.17402231693267822,
        "75": 0.1750115156173706,
        "90": 0.17653415203094483
    },
    "avg_decode_latency": 0.04054049849510192,
    "decode_latencies": [
        0.05572245121002197,
        0.03679213523864746,
        0.0369379997253418,
        0.038029599189758304,
        0.0373420000076294,
        0.03734111785888672,
        0.03734312057495117,
        0.037101364135742186,
        0.03696463108062744,
        0.03686373233795166,
        0.05935380458831787,
        0.03669402599334717
    ],
    "decode_percentiles": {
        "10": 0.03679929494857788,
        "25": 0.036919432878494265,
        "50": 0.037221240997314456,
        "75": 0.037514740228652955,
        "90": 0.05395316600799561
    }
}