{
    "avg_prefill_latency": 0.1260093649228414,
    "prefill_latencies": [
        0.12599945068359375,
        0.12753653526306152,
        0.12597918510437012,
        0.12460994720458984,
        0.1258237361907959,
        0.12624716758728027,
        0.1261425018310547,
        0.12496471405029297,
        0.12561774253845215,
        0.12625885009765625,
        0.12645459175109863,
        0.12647795677185059
    ],
    "prefill_percentiles": {
        "10": 0.1250300168991089,
        "25": 0.12577223777770996,
        "50": 0.12607097625732422,
        "75": 0.12630778551101685,
        "90": 0.12647562026977538
    },
    "avg_decode_latency": 0.02372924045280174,
    "decode_latencies": [
        0.021895276175604925,
        0.02191395229763455,
        0.021700938542683918,
        0.02177254358927409,
        0.021587451299031574,
        0.02172692616780599,
        0.021700382232666016,
        0.021689282523261175,
        0.04577096303304037,
        0.021604749891493056,
        0.02174340354071723,
        0.021645016140407987
    ],
    "decode_percentiles": {
        "10": 0.02160877651638455,
        "25": 0.02167821592754788,
        "50": 0.021713932355244953,
        "75": 0.021803226735856798,
        "90": 0.02191208468543159
    }
}