{
    "avg_prefill_latency": 0.17004064718882242,
    "prefill_latencies": [
        0.16812634468078613,
        0.17069005966186523,
        0.17145538330078125,
        0.1700270175933838,
        0.1710352897644043,
        0.17185449600219727,
        0.17378783226013184,
        0.16727066040039062,
        0.1699669361114502,
        0.16701674461364746,
        0.16951870918273926,
        0.1697382926940918
    ],
    "prefill_percentiles": {
        "10": 0.16735622882843018,
        "25": 0.16917061805725098,
        "50": 0.169996976852417,
        "75": 0.17114031314849854,
        "90": 0.17181458473205566
    },
    "avg_decode_latency": 0.032401311397552486,
    "decode_latencies": [
        0.03267204761505127,
        0.03240945339202881,
        0.032286858558654784,
        0.03203098773956299,
        0.032370352745056154,
        0.03246064186096191,
        0.032296609878540036,
        0.032379770278930665,
        0.032407402992248535,
        0.03242659568786621,
        0.032627987861633304,
        0.03244702816009522
    ],
    "decode_percentiles": {
        "10": 0.03228783369064331,
        "25": 0.03235191702842712,
        "50": 0.03240842819213867,
        "75": 0.03245043158531189,
        "90": 0.032611253261566164
    }
}