{
    "avg_prefill_latency": 0.16997526089350382,
    "prefill_latencies": [
        0.16823506355285645,
        0.17076587677001953,
        0.16842031478881836,
        0.1703658103942871,
        0.17136335372924805,
        0.16974091529846191,
        0.17025232315063477,
        0.1696639060974121,
        0.16902995109558105,
        0.1697077751159668,
        0.16944456100463867,
        0.1727132797241211
    ],
    "prefill_percentiles": {
        "10": 0.16848127841949462,
        "25": 0.16934090852737427,
        "50": 0.16972434520721436,
        "75": 0.17046582698822021,
        "90": 0.1713036060333252
    },
    "avg_decode_latency": 0.029299012819925942,
    "decode_latencies": [
        0.027220678329467774,
        0.02729172706604004,
        0.027466988563537596,
        0.027397966384887694,
        0.027456283569335938,
        0.027455759048461915,
        0.027374958992004393,
        0.05103123188018799,
        0.02728900909423828,
        0.02731180191040039,
        0.027248191833496093,
        0.02704355716705322
    ],
    "decode_percentiles": {
        "10": 0.027223429679870605,
        "25": 0.027278804779052732,
        "50": 0.027343380451202392,
        "75": 0.02745589017868042,
        "90": 0.02746591806411743
    }
}