{
    "avg_prefill_latency": 0.01645725965499878,
    "prefill_latencies": [
        0.016460418701171875,
        0.01659393310546875,
        0.016318082809448242,
        0.016590595245361328,
        0.016402244567871094,
        0.016378164291381836,
        0.01641368865966797,
        0.0165860652923584,
        0.01639246940612793,
        0.01647019386291504,
        0.016359567642211914,
        0.016521692276000977
    ],
    "prefill_percentiles": {
        "10": 0.016361427307128907,
        "25": 0.016388893127441406,
        "50": 0.016437053680419922,
        "75": 0.016537785530090332,
        "90": 0.016590142250061037
    },
    "avg_decode_latency": 0.012595938311682807,
    "decode_latencies": [
        0.012523889541625977,
        0.012562407387627495,
        0.012492020924886068,
        0.01256145371331109,
        0.012840906778971354,
        0.012507571114434136,
        0.01271714104546441,
        0.012598064210679796,
        0.012499623828464083,
        0.01258026229010688,
        0.012578460905287001,
        0.012689457999335395
    ],
    "decode_percentiles": {
        "10": 0.01250041855706109,
        "25": 0.012519809934828017,
        "50": 0.012570434146457247,
        "75": 0.012620912657843696,
        "90": 0.012714372740851508
    }
}