{
    "avg_prefill_latency": 0.09657188256581624,
    "prefill_latencies": [
        0.09609580039978027,
        0.09848952293395996,
        0.09786057472229004,
        0.09572696685791016,
        0.09633040428161621,
        0.09504365921020508,
        0.0978701114654541,
        0.09575343132019043,
        0.09693408012390137,
        0.09439444541931152,
        0.0976712703704834,
        0.09669232368469238
    ],
    "prefill_percentiles": {
        "10": 0.09511198997497558,
        "25": 0.09574681520462036,
        "50": 0.0965113639831543,
        "75": 0.09771859645843506,
        "90": 0.0978691577911377
    },
    "avg_decode_latency": 0.021481049060821534,
    "decode_latencies": [
        0.021852684020996094,
        0.02224583625793457,
        0.021395611763000488,
        0.02154080867767334,
        0.021104884147644044,
        0.020781779289245607,
        0.021961688995361328,
        0.02065422534942627,
        0.022635984420776366,
        0.021008229255676268,
        0.021508049964904786,
        0.021082806587219238
    ],
    "decode_percentiles": {
        "10": 0.020804424285888672,
        "25": 0.021064162254333496,
        "50": 0.021451830863952637,
        "75": 0.021879935264587404,
        "90": 0.02221742153167725
    }
}