{
    "avg_prefill_latency": 0.07416162888209026,
    "prefill_latencies": [
        0.07661318778991699,
        0.07652020454406738,
        0.0752553939819336,
        0.07576680183410645,
        0.07628154754638672,
        0.07286691665649414,
        0.0733497142791748,
        0.0716707706451416,
        0.07449150085449219,
        0.0722050666809082,
        0.07303142547607422,
        0.07188701629638672
    ],
    "prefill_percentiles": {
        "10": 0.07191882133483887,
        "25": 0.07270145416259766,
        "50": 0.0739206075668335,
        "75": 0.07589548826217651,
        "90": 0.07649633884429932
    },
    "avg_decode_latency": 0.03475407538590608,
    "decode_latencies": [
        0.052290783988104925,
        0.03212247954474555,
        0.03152722782558865,
        0.04771468374464247,
        0.03372804323832194,
        0.02886562877231174,
        0.02860440148247613,
        0.028172016143798828,
        0.038057274288601346,
        0.02944175402323405,
        0.028590785132514104,
        0.0379338264465332
    ],
    "decode_percentiles": {
        "10": 0.028592146767510308,
        "25": 0.02880032194985284,
        "50": 0.031824853685167104,
        "75": 0.03796468840705024,
        "90": 0.04674894279903836
    }
}