{
    "avg_prefill_latency": 0.0933850606282552,
    "prefill_latencies": [
        0.09228920936584473,
        0.09371185302734375,
        0.09334349632263184,
        0.09139561653137207,
        0.09336543083190918,
        0.09556984901428223,
        0.0939946174621582,
        0.0930793285369873,
        0.09433150291442871,
        0.09385323524475098,
        0.09309625625610352,
        0.09259033203125
    ],
    "prefill_percentiles": {
        "10": 0.09231932163238525,
        "25": 0.09295707941055298,
        "50": 0.09335446357727051,
        "75": 0.09388858079910278,
        "90": 0.09429781436920166
    },
    "avg_decode_latency": 0.017958164215087894,
    "decode_latencies": [
        0.015504386689927842,
        0.016020033094618056,
        0.01538991928100586,
        0.016099744372897677,
        0.01689004898071289,
        0.032513565487331815,
        0.016807821061876085,
        0.017600403891669378,
        0.01710110240512424,
        0.01875607172648112,
        0.016203509436713323,
        0.016611364152696397
    ],
    "decode_percentiles": {
        "10": 0.015555951330396865,
        "25": 0.016079816553327773,
        "50": 0.01670959260728624,
        "75": 0.017225927776760526,
        "90": 0.018640504942999948
    }
}