{
    "avg_prefill_latency": 0.0994480053583781,
    "prefill_latencies": [
        0.10172033309936523,
        0.09964704513549805,
        0.10058832168579102,
        0.09668684005737305,
        0.09836101531982422,
        0.09898233413696289,
        0.1006474494934082,
        0.09925198554992676,
        0.09879112243652344,
        0.10013127326965332,
        0.0991356372833252,
        0.09943270683288574
    ],
    "prefill_percentiles": {
        "10": 0.09840402603149415,
        "25": 0.09893453121185303,
        "50": 0.09934234619140625,
        "75": 0.10024553537368774,
        "90": 0.10064153671264649
    },
    "avg_decode_latency": 0.018908174832661946,
    "decode_latencies": [
        0.020689558982849122,
        0.01919093132019043,
        0.019342780113220215,
        0.019164443016052246,
        0.019023680686950685,
        0.018946003913879395,
        0.019074249267578124,
        0.018497347831726074,
        0.019175028800964354,
        0.017697358131408693,
        0.017754316329956055,
        0.01834239959716797
    ],
    "decode_percentiles": {
        "10": 0.017813124656677247,
        "25": 0.018458610773086546,
        "50": 0.019048964977264403,
        "75": 0.019179004430770873,
        "90": 0.019327595233917236
    }
}