{
    "avg_prefill_latency": 0.07794958353042603,
    "prefill_latencies": [
        0.07742738723754883,
        0.07767748832702637,
        0.07706570625305176,
        0.07740068435668945,
        0.07873129844665527,
        0.07853055000305176,
        0.07755637168884277,
        0.07809305191040039,
        0.07788944244384766,
        0.07798624038696289,
        0.07834601402282715,
        0.07869076728820801
    ],
    "prefill_percentiles": {
        "10": 0.0774033546447754,
        "25": 0.07752412557601929,
        "50": 0.07793784141540527,
        "75": 0.0783921480178833,
        "90": 0.07867474555969238
    },
    "avg_decode_latency": 0.015941544815346046,
    "decode_latencies": [
        0.0142060915629069,
        0.014165030585394965,
        0.01403196652730306,
        0.01402841673956977,
        0.013758685853746202,
        0.013884279463026259,
        0.013868861728244357,
        0.014459874894883897,
        0.014822721481323242,
        0.01584935188293457,
        0.016013092464870878,
        0.03221016459994846
    ],
    "decode_percentiles": {
        "10": 0.013870403501722547,
        "25": 0.013992382420433892,
        "50": 0.014185561074150933,
        "75": 0.015079379081726074,
        "90": 0.015996718406677247
    }
}