{
    "avg_prefill_latency": 0.03149096171061198,
    "prefill_latencies": [
        0.031369686126708984,
        0.031571388244628906,
        0.03134918212890625,
        0.031463623046875,
        0.03134512901306152,
        0.03145766258239746,
        0.03152775764465332,
        0.03165078163146973,
        0.03153681755065918,
        0.031510114669799805,
        0.031554222106933594,
        0.03155517578125
    ],
    "prefill_percentiles": {
        "10": 0.031351232528686525,
        "25": 0.03143566846847534,
        "50": 0.03151893615722656,
        "75": 0.031554460525512695,
        "90": 0.03156976699829102
    },
    "avg_decode_latency": 0.013518936104244657,
    "decode_latencies": [
        0.013348155551486544,
        0.013290776146782769,
        0.013565116458468966,
        0.013557937410142686,
        0.013599236806233725,
        0.013623555501302084,
        0.01350635952419705,
        0.013472716013590494,
        0.013544268078274198,
        0.013560030195448134,
        0.013424661424424913,
        0.01373442014058431
    ],
    "decode_percentiles": {
        "10": 0.01335580613878038,
        "25": 0.013460702366299098,
        "50": 0.013551102744208442,
        "75": 0.013573646545410156,
        "90": 0.013621123631795249
    }
}