{
    "avg_prefill_latency": 0.115683913230896,
    "prefill_latencies": [
        0.11480975151062012,
        0.1145024299621582,
        0.11444759368896484,
        0.11392617225646973,
        0.11629247665405273,
        0.11706423759460449,
        0.11740708351135254,
        0.11741781234741211,
        0.11754274368286133,
        0.1130836009979248,
        0.11544227600097656,
        0.11627078056335449
    ],
    "prefill_percentiles": {
        "10": 0.11397831439971924,
        "25": 0.11448872089385986,
        "50": 0.11585652828216553,
        "75": 0.1171499490737915,
        "90": 0.11741673946380615
    },
    "avg_decode_latency": 0.02755717635154724,
    "decode_latencies": [
        0.026529359817504882,
        0.026445984840393066,
        0.026416015625,
        0.026820659637451172,
        0.028046250343322754,
        0.029309940338134766,
        0.028877449035644532,
        0.02905573844909668,
        0.027452254295349122,
        0.028461289405822755,
        0.026949691772460937,
        0.02632148265838623
    ],
    "decode_percentiles": {
        "10": 0.02641901254653931,
        "25": 0.026508516073226927,
        "50": 0.027200973033905028,
        "75": 0.0285653293132782,
        "90": 0.029037909507751467
    }
}