{
    "avg_prefill_latency": 0.059466699759165444,
    "prefill_latencies": [
        0.05844378471374512,
        0.0591886043548584,
        0.05930280685424805,
        0.05994462966918945,
        0.059760093688964844,
        0.059908390045166016,
        0.05920696258544922,
        0.06067991256713867,
        0.05853867530822754,
        0.05908370018005371,
        0.05982685089111328,
        0.059715986251831055
    ],
    "prefill_percentiles": {
        "10": 0.05859317779541016,
        "25": 0.05916237831115723,
        "50": 0.05950939655303955,
        "75": 0.059847235679626465,
        "90": 0.05994100570678711
    },
    "avg_decode_latency": 0.022153439345183195,
    "decode_latencies": [
        0.021751377317640517,
        0.021834082073635526,
        0.022319555282592773,
        0.02266738149854872,
        0.022637446721394856,
        0.022420194413926866,
        0.02259540557861328,
        0.022097561094495986,
        0.022331502702501085,
        0.02169103092617459,
        0.0218203862508138,
        0.02167534828186035
    ],
    "decode_percentiles": {
        "10": 0.02169706556532118,
        "25": 0.02180313401752048,
        "50": 0.022208558188544378,
        "75": 0.02246399720509847,
        "90": 0.0226332426071167
    }
}