{
    "avg_prefill_latency": 0.09166185061136882,
    "prefill_latencies": [
        0.09013915061950684,
        0.09083414077758789,
        0.09271860122680664,
        0.09192681312561035,
        0.09170794486999512,
        0.09006142616271973,
        0.09038734436035156,
        0.0922393798828125,
        0.09167289733886719,
        0.09280633926391602,
        0.09347796440124512,
        0.09197020530700684
    ],
    "prefill_percentiles": {
        "10": 0.0901639699935913,
        "25": 0.09072244167327881,
        "50": 0.09181737899780273,
        "75": 0.09235918521881104,
        "90": 0.09279756546020508
    },
    "avg_decode_latency": 0.029062388119874175,
    "decode_latencies": [
        0.025442414813571505,
        0.025528960757785372,
        0.02532802687750922,
        0.025394307242499456,
        0.025448401769002277,
        0.025700913535224065,
        0.025690846972995333,
        0.025354756249321833,
        0.02631823221842448,
        0.02833376990424262,
        0.06255136595831977,
        0.027656661139594182
    ],
    "decode_percentiles": {
        "10": 0.025358711348639595,
        "25": 0.025430387920803495,
        "50": 0.025609903865390353,
        "75": 0.026652839448716905,
        "90": 0.028266059027777776
    }
}