{
    "avg_prefill_latency": 0.01614232858022054,
    "prefill_latencies": [
        0.015787124633789062,
        0.015578746795654297,
        0.016831159591674805,
        0.015718936920166016,
        0.015767574310302734,
        0.016371965408325195,
        0.015973806381225586,
        0.015797138214111328,
        0.015404701232910156,
        0.015399456024169922,
        0.01924872398376465,
        0.015828609466552734
    ],
    "prefill_percentiles": {
        "10": 0.01542210578918457,
        "25": 0.015683889389038086,
        "50": 0.015792131423950195,
        "75": 0.01607334613800049,
        "90": 0.016785240173339842
    },
    "avg_decode_latency": 0.015117331787391946,
    "decode_latencies": [
        0.01493541399637858,
        0.014874537785847982,
        0.014963600370619033,
        0.01502076784769694,
        0.015100214216444228,
        0.016324467129177518,
        0.015524095959133573,
        0.014901770485772027,
        0.014585389031304253,
        0.015202999114990234,
        0.015034145779079862,
        0.014940579732259115
    ],
    "decode_percentiles": {
        "10": 0.014877261055840387,
        "25": 0.014927003118726943,
        "50": 0.014992184109157987,
        "75": 0.01512591044108073,
        "90": 0.01549198627471924
    }
}