{
    "avg_prefill_latency": 0.017979979515075684,
    "prefill_latencies": [
        0.017966270446777344,
        0.01797032356262207,
        0.01795792579650879,
        0.018010377883911133,
        0.017940998077392578,
        0.018009185791015625,
        0.01796865463256836,
        0.018007278442382812,
        0.01796102523803711,
        0.017990589141845703,
        0.017911672592163086,
        0.018065452575683594
    ],
    "prefill_percentiles": {
        "10": 0.0179426908493042,
        "25": 0.01796025037765503,
        "50": 0.017969489097595215,
        "75": 0.018007755279541016,
        "90": 0.018010258674621582
    },
    "avg_decode_latency": 0.013829516039954292,
    "decode_latencies": [
        0.013897922303941514,
        0.013740883933173286,
        0.01378615697224935,
        0.013658576541476779,
        0.0137076907687717,
        0.013869841893513998,
        0.014134089152018229,
        0.013738632202148438,
        0.013769255744086372,
        0.013736433453030057,
        0.013941261503431533,
        0.013973448011610243
    ],
    "decode_percentiles": {
        "10": 0.013710565037197536,
        "25": 0.013738082514868842,
        "50": 0.01377770635816786,
        "75": 0.013908757103814019,
        "90": 0.013970229360792372
    }
}