{
    "avg_prefill_latency": 0.08706504106521606,
    "prefill_latencies": [
        0.08884000778198242,
        0.08436822891235352,
        0.08788371086120605,
        0.08820438385009766,
        0.08889913558959961,
        0.08790969848632812,
        0.08882951736450195,
        0.08467507362365723,
        0.08510398864746094,
        0.08547568321228027,
        0.08669757843017578,
        0.08789348602294922
    ],
    "prefill_percentiles": {
        "10": 0.0847179651260376,
        "25": 0.08538275957107544,
        "50": 0.08788859844207764,
        "75": 0.08836066722869873,
        "90": 0.08883895874023437
    },
    "avg_decode_latency": 0.01931259367201063,
    "decode_latencies": [
        0.019207106696234807,
        0.019132746590508357,
        0.01917200618320041,
        0.0190476311577691,
        0.019062254163953993,
        0.0189818541208903,
        0.019035922156439886,
        0.019373257954915363,
        0.019836028416951496,
        0.019679652320014104,
        0.019428941938612197,
        0.019793722364637587
    ],
    "decode_percentiles": {
        "10": 0.019037093056572807,
        "25": 0.01905859841240777,
        "50": 0.01918955643971761,
        "75": 0.019491619533962674,
        "90": 0.01978231536017524
    }
}