{
    "avg_prefill_latency": 0.07527317603429158,
    "prefill_latencies": [
        0.07453227043151855,
        0.07655096054077148,
        0.0733950138092041,
        0.07610797882080078,
        0.07599568367004395,
        0.0746908187866211,
        0.07486987113952637,
        0.07670950889587402,
        0.07456207275390625,
        0.07614564895629883,
        0.07590866088867188,
        0.07380962371826172
    ],
    "prefill_percentiles": {
        "10": 0.0738818883895874,
        "25": 0.07455462217330933,
        "50": 0.07538926601409912,
        "75": 0.07611739635467529,
        "90": 0.07651042938232422
    },
    "avg_decode_latency": 0.019270720305266206,
    "decode_latencies": [
        0.01919873555501302,
        0.01914766099717882,
        0.01924909485710992,
        0.01906805568271213,
        0.019229915406968858,
        0.019728607601589628,
        0.01946083704630534,
        0.019247505399915908,
        0.019248565038045246,
        0.019200483957926433,
        0.019299109776814777,
        0.019170072343614366
    ],
    "decode_percentiles": {
        "10": 0.019149902131822372,
        "25": 0.019191569752163358,
        "50": 0.019238710403442383,
        "75": 0.019261598587036133,
        "90": 0.019444664319356285
    }
}