{
    "avg_prefill_latency": 0.11933245261510213,
    "prefill_latencies": [
        0.11889338493347168,
        0.11969280242919922,
        0.11889505386352539,
        0.11983323097229004,
        0.11913752555847168,
        0.11957383155822754,
        0.11863160133361816,
        0.11864972114562988,
        0.1203911304473877,
        0.12017345428466797,
        0.11844730377197266,
        0.11967039108276367
    ],
    "prefill_percentiles": {
        "10": 0.11863341331481933,
        "25": 0.11883246898651123,
        "50": 0.11935567855834961,
        "75": 0.11972790956497192,
        "90": 0.12013943195343017
    },
    "avg_decode_latency": 0.02163321375846863,
    "decode_latencies": [
        0.021486520767211914,
        0.021691393852233887,
        0.021712708473205566,
        0.02170827388763428,
        0.021582651138305663,
        0.021797871589660643,
        0.021506571769714357,
        0.021813440322875976,
        0.02146894931793213,
        0.021534109115600587,
        0.02168114185333252,
        0.021614933013916017
    ],
    "decode_percentiles": {
        "10": 0.02148852586746216,
        "25": 0.02152722477912903,
        "50": 0.02164803743362427,
        "75": 0.0217093825340271,
        "90": 0.021789355278015135
    }
}