{
    "avg_prefill_latency": 0.0399657686551412,
    "prefill_latencies": [
        0.03944516181945801,
        0.03976869583129883,
        0.039714813232421875,
        0.039606332778930664,
        0.03980135917663574,
        0.039658546447753906,
        0.04323124885559082,
        0.0396428108215332,
        0.03943490982055664,
        0.04002976417541504,
        0.0395967960357666,
        0.03965878486633301
    ],
    "prefill_percentiles": {
        "10": 0.03946032524108887,
        "25": 0.03960394859313965,
        "50": 0.03965866565704346,
        "75": 0.03977686166763306,
        "90": 0.04000692367553711
    },
    "avg_decode_latency": 0.016042537159389924,
    "decode_latencies": [
        0.015954256057739258,
        0.015974468655056424,
        0.01604498757256402,
        0.01591422822740343,
        0.01596885257297092,
        0.016057517793443467,
        0.015897936291164823,
        0.015881511900160048,
        0.016246875127156574,
        0.016400708092583552,
        0.016066498226589628,
        0.016102605395846896
    ],
    "decode_percentiles": {
        "10": 0.015899565484788682,
        "25": 0.0159442491001553,
        "50": 0.016009728113810223,
        "75": 0.016075525018903945,
        "90": 0.016232448154025608
    }
}