{
    "avg_prefill_latency": 0.018420040607452393,
    "prefill_latencies": [
        0.01961827278137207,
        0.018212080001831055,
        0.018155813217163086,
        0.018245935440063477,
        0.018210649490356445,
        0.01827859878540039,
        0.0183408260345459,
        0.018210411071777344,
        0.018168926239013672,
        0.01817941665649414,
        0.018222570419311523,
        0.01919698715209961
    ],
    "prefill_percentiles": {
        "10": 0.018169975280761717,
        "25": 0.018202662467956543,
        "50": 0.01821732521057129,
        "75": 0.018294155597686768,
        "90": 0.019111371040344237
    },
    "avg_decode_latency": 0.01334468302903352,
    "decode_latencies": [
        0.013474835289849175,
        0.013313531875610352,
        0.013527631759643555,
        0.013367838329739042,
        0.013325108422173394,
        0.01331488291422526,
        0.013396051194932725,
        0.013319969177246094,
        0.013286007775200738,
        0.01326849725511339,
        0.0132701661851671,
        0.01327167616950141
    ],
    "decode_percentiles": {
        "10": 0.01327031718360053,
        "25": 0.013282424873775907,
        "50": 0.013317426045735676,
        "75": 0.013374891546037462,
        "90": 0.01346695688035753
    }
}