{
    "avg_prefill_latency": 0.0476112961769104,
    "prefill_latencies": [
        0.04762744903564453,
        0.04791998863220215,
        0.047591447830200195,
        0.047178030014038086,
        0.047959089279174805,
        0.04699373245239258,
        0.04755091667175293,
        0.04766082763671875,
        0.047417402267456055,
        0.04715728759765625,
        0.04844856262207031,
        0.047830820083618164
    ],
    "prefill_percentiles": {
        "10": 0.047159361839294436,
        "25": 0.04735755920410156,
        "50": 0.04760944843292236,
        "75": 0.04785311222076416,
        "90": 0.04795517921447754
    },
    "avg_decode_latency": 0.008872151374816895,
    "decode_latencies": [
        0.008710993660820855,
        0.008713112937079536,
        0.008710463841756185,
        0.010081476635403104,
        0.00930227173699273,
        0.008617719014485678,
        0.008617374632093642,
        0.0089363521999783,
        0.008647786246405708,
        0.008677376641167535,
        0.008752584457397461,
        0.008698304494222006
    ],
    "decode_percentiles": {
        "10": 0.00862072573767768,
        "25": 0.008669979042477079,
        "50": 0.00871072875128852,
        "75": 0.00879852639304267,
        "90": 0.009265679783291287
    }
}