{
    "avg_prefill_latency": 0.010857184727986654,
    "prefill_latencies": [
        0.010889530181884766,
        0.010832548141479492,
        0.010855674743652344,
        0.010856151580810547,
        0.010883569717407227,
        0.010816812515258789,
        0.010858535766601562,
        0.010871648788452148,
        0.010855674743652344,
        0.01084136962890625,
        0.010855436325073242,
        0.010869264602661133
    ],
    "prefill_percentiles": {
        "10": 0.010833430290222167,
        "25": 0.010851919651031494,
        "50": 0.010855913162231445,
        "75": 0.010869860649108887,
        "90": 0.010882377624511719
    },
    "avg_decode_latency": 0.008598005330121073,
    "decode_latencies": [
        0.008463833067152236,
        0.008874813715616861,
        0.008636289172702365,
        0.00844626956515842,
        0.008458190494113497,
        0.009146928787231445,
        0.008732265896267362,
        0.008472151226467557,
        0.008502430386013456,
        0.008462985356648764,
        0.008472283681233725,
        0.008507622612847222
    ],
    "decode_percentiles": {
        "10": 0.008458669980367024,
        "25": 0.008463621139526367,
        "50": 0.008487357033623591,
        "75": 0.008660283353593614,
        "90": 0.008860558933681912
    }
}