{
    "avg_prefill_latency": 0.08796906471252441,
    "prefill_latencies": [
        0.08709430694580078,
        0.08871173858642578,
        0.08876895904541016,
        0.08878469467163086,
        0.08722877502441406,
        0.08614587783813477,
        0.09014725685119629,
        0.08782386779785156,
        0.08776688575744629,
        0.08729743957519531,
        0.08698701858520508,
        0.08887195587158203
    ],
    "prefill_percentiles": {
        "10": 0.08699774742126465,
        "25": 0.08719515800476074,
        "50": 0.08779537677764893,
        "75": 0.08877289295196533,
        "90": 0.08886322975158692
    },
    "avg_decode_latency": 0.011310480259082935,
    "decode_latencies": [
        0.011140849855211046,
        0.01127979490492079,
        0.011255158318413628,
        0.011152346928914389,
        0.011167022917005751,
        0.011920266681247287,
        0.011252270804511176,
        0.011299159791734483,
        0.011534637875027128,
        0.011255211300320096,
        0.011218547821044922,
        0.011250495910644531
    ],
    "decode_percentiles": {
        "10": 0.011153814527723524,
        "25": 0.011205666595035128,
        "50": 0.011253714561462402,
        "75": 0.011284636126624214,
        "90": 0.011511090066697862
    }
}