{
    "avg_prefill_latency": 0.008394598960876465,
    "prefill_latencies": [
        0.008441448211669922,
        0.00840306282043457,
        0.008471012115478516,
        0.008400440216064453,
        0.008425712585449219,
        0.008405208587646484,
        0.008351564407348633,
        0.008315801620483398,
        0.008382797241210938,
        0.008383989334106445,
        0.008399009704589844,
        0.008355140686035156
    ],
    "prefill_percentiles": {
        "10": 0.008351922035217285,
        "25": 0.008375883102416992,
        "50": 0.008399724960327148,
        "75": 0.008410334587097168,
        "90": 0.008439874649047852
    },
    "avg_decode_latency": 0.009585601312142832,
    "decode_latencies": [
        0.008486429850260416,
        0.008455329471164279,
        0.008452521430121528,
        0.014466789033677842,
        0.008442216449313693,
        0.008477820290459527,
        0.00860232777065701,
        0.008595599068535699,
        0.008452574412027994,
        0.01569933361477322,
        0.008442163467407227,
        0.008454110887315538
    ],
    "decode_percentiles": {
        "10": 0.008443246947394477,
        "25": 0.008452561166551378,
        "50": 0.008466574880811904,
        "75": 0.008597281244066026,
        "90": 0.013880342907375762
    }
}