{
    "avg_prefill_latency": 0.03275140126546224,
    "prefill_latencies": [
        0.0328218936920166,
        0.03271126747131348,
        0.0327153205871582,
        0.03280520439147949,
        0.032680511474609375,
        0.032773733139038086,
        0.032836198806762695,
        0.03269171714782715,
        0.03268241882324219,
        0.032738447189331055,
        0.032805442810058594,
        0.03275465965270996
    ],
    "prefill_percentiles": {
        "10": 0.03268334865570068,
        "25": 0.032706379890441895,
        "50": 0.03274655342102051,
        "75": 0.03280526399612427,
        "90": 0.0328202486038208
    },
    "avg_decode_latency": 0.015554531856819436,
    "decode_latencies": [
        0.0226592222849528,
        0.015047232309977213,
        0.014836947123209635,
        0.01496275266011556,
        0.014874246385362413,
        0.014826827579074435,
        0.01481024424235026,
        0.01486878924899631,
        0.014908631642659506,
        0.015187687344021268,
        0.014838510089450412,
        0.014833291371663412
    ],
    "decode_percentiles": {
        "10": 0.014827473958333334,
        "25": 0.014836033185323078,
        "50": 0.014871517817179361,
        "75": 0.014983872572580974,
        "90": 0.015173641840616862
    }
}