{
    "avg_prefill_latency": 0.09723333517710368,
    "prefill_latencies": [
        0.09549450874328613,
        0.09725165367126465,
        0.09856319427490234,
        0.09795546531677246,
        0.09662556648254395,
        0.09788393974304199,
        0.09812045097351074,
        0.09711647033691406,
        0.09493303298950195,
        0.09781718254089355,
        0.09730744361877441,
        0.09773111343383789
    ],
    "prefill_percentiles": {
        "10": 0.09560761451721192,
        "25": 0.09699374437332153,
        "50": 0.09751927852630615,
        "75": 0.09790182113647461,
        "90": 0.09810395240783691
    },
    "avg_decode_latency": 0.009046892325083416,
    "decode_latencies": [
        0.008941517935858833,
        0.008908430735270182,
        0.009042845831976997,
        0.00895275010002984,
        0.009605142805311415,
        0.008968326780531142,
        0.009106424119737413,
        0.008995003170437284,
        0.008982843822903104,
        0.008972750769721137,
        0.009110583199395074,
        0.00897608862982856
    ],
    "decode_percentiles": {
        "10": 0.008942641152275933,
        "25": 0.008964432610405816,
        "50": 0.00897946622636583,
        "75": 0.0090587404039171,
        "90": 0.009110167291429308
    }
}