{
    "avg_prefill_latency": 0.13131940364837646,
    "prefill_latencies": [
        0.1226956844329834,
        0.12093496322631836,
        0.1224522590637207,
        0.12613749504089355,
        0.12261199951171875,
        0.12200546264648438,
        0.12397074699401855,
        0.1234891414642334,
        0.2236461639404297,
        0.12171387672424316,
        0.12392306327819824,
        0.12225198745727539
    ],
    "prefill_percentiles": {
        "10": 0.12174303531646728,
        "25": 0.12219035625457764,
        "50": 0.12265384197235107,
        "75": 0.12393498420715332,
        "90": 0.12592082023620604
    },
    "avg_decode_latency": 0.02516337898042467,
    "decode_latencies": [
        0.024095535278320312,
        0.023666487799750432,
        0.024733463923136394,
        0.03740610016716851,
        0.023815313975016277,
        0.02401076422797309,
        0.024088594648573134,
        0.02371668815612793,
        0.024127642313639324,
        0.024266507890489366,
        0.023929728402031794,
        0.024103720982869465
    ],
    "decode_percentiles": {
        "10": 0.023726550738016765,
        "25": 0.023901124795277916,
        "50": 0.02409206496344672,
        "75": 0.024162358707851835,
        "90": 0.024686768319871693
    }
}