{
    "avg_prefill_latency": 0.11740269263585408,
    "prefill_latencies": [
        0.11689591407775879,
        0.11805415153503418,
        0.11785101890563965,
        0.11762666702270508,
        0.11559033393859863,
        0.11618494987487793,
        0.11794734001159668,
        0.11752152442932129,
        0.11630964279174805,
        0.117156982421875,
        0.11974000930786133,
        0.11795377731323242
    ],
    "prefill_percentiles": {
        "10": 0.11619741916656494,
        "25": 0.1167493462562561,
        "50": 0.11757409572601318,
        "75": 0.11794894933700562,
        "90": 0.11804411411285401
    },
    "avg_decode_latency": 0.0245699992886296,
    "decode_latencies": [
        0.022933006286621094,
        0.02289149496290419,
        0.031042363908555772,
        0.02275562286376953,
        0.02257559034559462,
        0.023056321673923068,
        0.02279429965549045,
        0.03298513094584147,
        0.022867653104994033,
        0.022832685046725802,
        0.024163246154785156,
        0.023942576514350042
    ],
    "decode_percentiles": {
        "10": 0.022759490542941622,
        "25": 0.022823088698916964,
        "50": 0.02291225062476264,
        "75": 0.02399774392445882,
        "90": 0.03035445213317871
    }
}