{
    "avg_prefill_latency": 0.10225156943003337,
    "prefill_latencies": [
        0.10123586654663086,
        0.10179948806762695,
        0.10083198547363281,
        0.10306811332702637,
        0.1004037857055664,
        0.10261130332946777,
        0.10126423835754395,
        0.10322356224060059,
        0.10155606269836426,
        0.10073971748352051,
        0.10620427131652832,
        0.1040804386138916
    ],
    "prefill_percentiles": {
        "10": 0.10074894428253174,
        "25": 0.10113489627838135,
        "50": 0.1016777753829956,
        "75": 0.10310697555541992,
        "90": 0.1039947509765625
    },
    "avg_decode_latency": 0.024452432438179298,
    "decode_latencies": [
        0.021104918585883245,
        0.02123893631829156,
        0.021112389034695096,
        0.020942396587795682,
        0.032067298889160156,
        0.021155277887980144,
        0.022450023227267794,
        0.023991690741644964,
        0.023889038297865126,
        0.022148847579956055,
        0.04088245497809516,
        0.0224459171295166
    ],
    "decode_percentiles": {
        "10": 0.02110566563076443,
        "25": 0.021144555674658883,
        "50": 0.022297382354736328,
        "75": 0.023914701408810086,
        "90": 0.03125973807440864
    }
}