{
    "avg_prefill_latency": 0.17225122451782227,
    "prefill_latencies": [
        0.15688300132751465,
        0.15586209297180176,
        0.15447425842285156,
        0.2547624111175537,
        0.1586287021636963,
        0.1536107063293457,
        0.15537738800048828,
        0.15546441078186035,
        0.1578366756439209,
        0.2531311511993408,
        0.15577077865600586,
        0.1552131175994873
    ],
    "prefill_percentiles": {
        "10": 0.15454814434051514,
        "25": 0.15533632040023804,
        "50": 0.1558164358139038,
        "75": 0.15803468227386475,
        "90": 0.2436809062957764
    },
    "avg_decode_latency": 0.02815316341541432,
    "decode_latencies": [
        0.027219189537896052,
        0.027047978507147893,
        0.027065568500094943,
        0.027240859137641057,
        0.027268913057115342,
        0.02725386619567871,
        0.03808999061584473,
        0.027144432067871094,
        0.027276251051161025,
        0.02786021762424045,
        0.02705550193786621,
        0.02731519275241428
    ],
    "decode_percentiles": {
        "10": 0.027056508594089083,
        "25": 0.027124716175927058,
        "50": 0.027247362666659884,
        "75": 0.027285986476474337,
        "90": 0.027805715137057832
    }
}