{
    "avg_prefill_latency": 0.09332968791325887,
    "prefill_latencies": [
        0.09328484535217285,
        0.09329771995544434,
        0.09342670440673828,
        0.09184575080871582,
        0.09627223014831543,
        0.0923616886138916,
        0.09379386901855469,
        0.09294962882995605,
        0.09343910217285156,
        0.09219050407409668,
        0.09327816963195801,
        0.09381604194641113
    ],
    "prefill_percentiles": {
        "10": 0.09220762252807617,
        "25": 0.09280264377593994,
        "50": 0.0932912826538086,
        "75": 0.09352779388427734,
        "90": 0.09381382465362549
    },
    "avg_decode_latency": 0.009462491229728417,
    "decode_latencies": [
        0.00945697890387641,
        0.009381347232394747,
        0.009415626525878906,
        0.009418196148342557,
        0.00968562232123481,
        0.009419467714097764,
        0.009480290942721896,
        0.009476741154988607,
        0.009640640682644315,
        0.00937840673658583,
        0.009395175509982638,
        0.009401400883992514
    ],
    "decode_percentiles": {
        "10": 0.009382730060153537,
        "25": 0.009399844540490044,
        "50": 0.00941883193122016,
        "75": 0.009477628601921929,
        "90": 0.009624605708652072
    }
}