{
    "avg_prefill_latency": 0.0748104453086853,
    "prefill_latencies": [
        0.07552552223205566,
        0.07543325424194336,
        0.07301521301269531,
        0.0734872817993164,
        0.07465910911560059,
        0.0775151252746582,
        0.07469868659973145,
        0.0740976333618164,
        0.07380366325378418,
        0.07562398910522461,
        0.0756845474243164,
        0.07418131828308105
    ],
    "prefill_percentiles": {
        "10": 0.07351891994476319,
        "25": 0.07402414083480835,
        "50": 0.07467889785766602,
        "75": 0.0755501389503479,
        "90": 0.07567849159240722
    },
    "avg_decode_latency": 0.014570534229278564,
    "decode_latencies": [
        0.012950579325358072,
        0.012766281763712565,
        0.012656450271606445,
        0.012772030300564237,
        0.023874441782633465,
        0.01858316527472602,
        0.012956433826022677,
        0.013005230161878798,
        0.01319530275132921,
        0.015976111094156902,
        0.013235463036431206,
        0.012874921162923178
    ],
    "decode_percentiles": {
        "10": 0.012766856617397732,
        "25": 0.012849198447333442,
        "50": 0.012980831993950738,
        "75": 0.01392062505086263,
        "90": 0.018322459856669106
    }
}