{
    "avg_prefill_latency": 0.16275626420974731,
    "prefill_latencies": [
        0.16086173057556152,
        0.1635730266571045,
        0.16364240646362305,
        0.16545891761779785,
        0.1616678237915039,
        0.16272687911987305,
        0.16256237030029297,
        0.16314101219177246,
        0.16185879707336426,
        0.16195917129516602,
        0.16254067420959473,
        0.16308236122131348
    ],
    "prefill_percentiles": {
        "10": 0.16168692111968994,
        "25": 0.16193407773971558,
        "50": 0.162644624710083,
        "75": 0.16324901580810547,
        "90": 0.1636354684829712
    },
    "avg_decode_latency": 0.020214195604677555,
    "decode_latencies": [
        0.019024716483222112,
        0.019001033571031358,
        0.019388569725884333,
        0.02047088411119249,
        0.019997808668348525,
        0.01954637633429633,
        0.019760873582628038,
        0.018782986534966364,
        0.01862941847907172,
        0.030560917324490018,
        0.018693738513522677,
        0.01871302392747667
    ],
    "decode_percentiles": {
        "10": 0.018695667054918076,
        "25": 0.018765495883093942,
        "50": 0.019206643104553223,
        "75": 0.01982010735405816,
        "90": 0.020423576566908096
    }
}