{
    "avg_prefill_latency": 0.11851821343104045,
    "prefill_latencies": [
        0.11985206604003906,
        0.11911702156066895,
        0.11613011360168457,
        0.11772966384887695,
        0.12170934677124023,
        0.11862707138061523,
        0.11746549606323242,
        0.11504173278808594,
        0.1210019588470459,
        0.1185915470123291,
        0.11975884437561035,
        0.11719369888305664
    ],
    "prefill_percentiles": {
        "10": 0.11623647212982177,
        "25": 0.11739754676818848,
        "50": 0.11860930919647217,
        "75": 0.11978214979171753,
        "90": 0.12088696956634522
    },
    "avg_decode_latency": 0.016405617749249497,
    "decode_latencies": [
        0.016267485088772245,
        0.016277180777655706,
        0.016215218438042536,
        0.016092883216010198,
        0.017083538903130427,
        0.016646703084309895,
        0.01649165153503418,
        0.016405185063680012,
        0.016520235273573134,
        0.016308440102471247,
        0.01642894744873047,
        0.016129944059583876
    ],
    "decode_percentiles": {
        "10": 0.01613847149742974,
        "25": 0.016254418426089816,
        "50": 0.016356812583075628,
        "75": 0.016498797469668917,
        "90": 0.01663405630323622
    }
}