{
    "avg_prefill_latency": 0.010125875473022461,
    "prefill_latencies": [
        0.010007143020629883,
        0.009737014770507812,
        0.009811162948608398,
        0.010497331619262695,
        0.010823726654052734,
        0.009670495986938477,
        0.010588884353637695,
        0.009797811508178711,
        0.011780738830566406,
        0.010019302368164062,
        0.009412527084350586,
        0.00936436653137207
    ],
    "prefill_percentiles": {
        "10": 0.009438323974609374,
        "25": 0.009720385074615479,
        "50": 0.00990915298461914,
        "75": 0.010520219802856445,
        "90": 0.01080024242401123
    },
    "avg_decode_latency": 0.009002513355678981,
    "decode_latencies": [
        0.0091196166144477,
        0.00900925530327691,
        0.009034024344550239,
        0.008786466386583116,
        0.00898477766248915,
        0.00912891493903266,
        0.008870813581678603,
        0.00908260875278049,
        0.009452475441826714,
        0.008541875415378146,
        0.008969386418660482,
        0.009049945407443576
    ],
    "decode_percentiles": {
        "10": 0.008794901106092665,
        "25": 0.008944743209415013,
        "50": 0.009021639823913574,
        "75": 0.009091860718197292,
        "90": 0.009127985106574164
    }
}