{
    "avg_prefill_latency": 1.120993713537852,
    "prefill_latencies": [
        1.118791103363037,
        1.1204304695129395,
        1.1187098026275635,
        1.1215629577636719,
        1.124192237854004,
        1.119676113128662,
        1.1214215755462646,
        1.1220076084136963,
        1.119532823562622,
        1.126215934753418,
        1.1197535991668701,
        1.1196303367614746
    ],
    "prefill_percentiles": {
        "10": 1.1188652753829955,
        "25": 1.1196059584617615,
        "50": 1.1200920343399048,
        "75": 1.121674120426178,
        "90": 1.1239737749099732
    },
    "avg_decode_latency": 0.050593040607593676,
    "decode_latencies": [
        0.05061599943372938,
        0.05077804459465875,
        0.050715472963121205,
        0.050688478681776256,
        0.050510936313205294,
        0.050639046563042536,
        0.0504856374528673,
        0.05051022105746799,
        0.050516366958618164,
        0.05065928565131293,
        0.050566779242621526,
        0.0504302183787028
    ],
    "decode_percentiles": {
        "10": 0.05048809581332737,
        "25": 0.05051075749927097,
        "50": 0.05059138933817545,
        "75": 0.05066658390892877,
        "90": 0.05071277353498671
    }
}