{
    "avg_prefill_latency": 0.2583607832590739,
    "prefill_latencies": [
        0.2594623565673828,
        0.2571992874145508,
        0.2584803104400635,
        0.2576444149017334,
        0.25558996200561523,
        0.26006031036376953,
        0.2582094669342041,
        0.2591280937194824,
        0.25528573989868164,
        0.2595396041870117,
        0.2588236331939697,
        0.2609062194824219
    ],
    "prefill_percentiles": {
        "10": 0.2557508945465088,
        "25": 0.25753313302993774,
        "50": 0.2586519718170166,
        "75": 0.25948166847229004,
        "90": 0.26000823974609377
    },
    "avg_decode_latency": 0.054918139069168655,
    "decode_latencies": [
        0.05423193507724338,
        0.05426266458299425,
        0.0541690985361735,
        0.0543206532796224,
        0.0542603333791097,
        0.05433699819776747,
        0.054245392481486,
        0.06145477294921875,
        0.05469499693976508,
        0.054506275388929576,
        0.054155959023369685,
        0.05437858899434408
    ],
    "decode_percentiles": {
        "10": 0.05417538219028049,
        "25": 0.05424202813042535,
        "50": 0.05429165893130833,
        "75": 0.05441051059299045,
        "90": 0.05467612478468153
    }
}