{
    "avg_prefill_latency": 0.29342899719874066,
    "prefill_latencies": [
        0.2896716594696045,
        0.2937302589416504,
        0.2943699359893799,
        0.29715633392333984,
        0.29357004165649414,
        0.2941768169403076,
        0.293712854385376,
        0.29163432121276855,
        0.2907981872558594,
        0.2903633117675781,
        0.2970743179321289,
        0.2948899269104004
    ],
    "prefill_percentiles": {
        "10": 0.29040679931640623,
        "25": 0.29142528772354126,
        "50": 0.2937215566635132,
        "75": 0.294499933719635,
        "90": 0.29685587882995607
    },
    "avg_decode_latency": 0.05741375905496104,
    "decode_latencies": [
        0.05681475003560384,
        0.05668187141418457,
        0.056690057118733726,
        0.056814882490370006,
        0.05657725863986545,
        0.05703785684373644,
        0.06325525707668728,
        0.05761946572197808,
        0.05706853336758084,
        0.05694988038804796,
        0.056771543290879994,
        0.056683752271864146
    ],
    "decode_percentiles": {
        "10": 0.05668205949995253,
        "25": 0.05668848090701633,
        "50": 0.05681481626298693,
        "75": 0.05704552597469754,
        "90": 0.05756437248653836
    }
}