{
    "avg_prefill_latency": 0.16736050446828207,
    "prefill_latencies": [
        0.16673827171325684,
        0.16614675521850586,
        0.16725754737854004,
        0.1666734218597412,
        0.16788649559020996,
        0.1678633689880371,
        0.16847562789916992,
        0.16697001457214355,
        0.1688554286956787,
        0.1658339500427246,
        0.16808176040649414,
        0.1675434112548828
    ],
    "prefill_percentiles": {
        "10": 0.1661994218826294,
        "25": 0.16672205924987793,
        "50": 0.16740047931671143,
        "75": 0.167935311794281,
        "90": 0.16843624114990235
    },
    "avg_decode_latency": 0.046466158496008984,
    "decode_latencies": [
        0.04643893241882324,
        0.04646931754218207,
        0.046380175484551325,
        0.04642902480231391,
        0.04641572634379069,
        0.04649363623725043,
        0.04648722542656793,
        0.046490112940470375,
        0.046516630384657115,
        0.046478483412000865,
        0.04649382167392307,
        0.046500815285576716
    ],
    "decode_percentiles": {
        "10": 0.04641705618964301,
        "25": 0.04643645551469591,
        "50": 0.046482854419284396,
        "75": 0.04649368259641859,
        "90": 0.046500115924411355
    }
}