{
    "avg_prefill_latency": 0.6888496279716492,
    "prefill_latencies": [
        0.6840956211090088,
        0.6906590461730957,
        0.6870071887969971,
        0.675896406173706,
        0.6892504692077637,
        0.6923296451568604,
        0.6927194595336914,
        0.6931304931640625,
        0.6904981136322021,
        0.689563512802124,
        0.6886672973632812,
        0.6923782825469971
    ],
    "prefill_percentiles": {
        "10": 0.6843867778778077,
        "25": 0.6882522702217102,
        "50": 0.6900308132171631,
        "75": 0.6923418045043945,
        "90": 0.692685341835022
    },
    "avg_decode_latency": 0.09704528914557563,
    "decode_latencies": [
        0.101858033074273,
        0.0953430864546034,
        0.10187745094299316,
        0.09610128402709961,
        0.09525569279988606,
        0.10162525706821018,
        0.09529757499694824,
        0.09556134541829427,
        0.09539935323927137,
        0.09537182913886176,
        0.09562595685323079,
        0.09522660573323567
    ],
    "decode_percentiles": {
        "10": 0.09525988101959228,
        "25": 0.0953317085901896,
        "50": 0.09548034932878283,
        "75": 0.09748227728737725,
        "90": 0.10183475547366673
    }
}