{
    "avg_prefill_latency": 0.6462780833244324,
    "prefill_latencies": [
        0.6480937004089355,
        0.6485042572021484,
        0.6479604244232178,
        0.646059513092041,
        0.6500113010406494,
        0.6446757316589355,
        0.6377711296081543,
        0.6469635963439941,
        0.6481437683105469,
        0.649029016494751,
        0.6522464752197266,
        0.6358780860900879
    ],
    "prefill_percentiles": {
        "10": 0.6384615898132324,
        "25": 0.6457135677337646,
        "50": 0.6480270624160767,
        "75": 0.6486354470252991,
        "90": 0.6499130725860596
    },
    "avg_decode_latency": 0.0958568497940346,
    "decode_latencies": [
        0.09984797901577419,
        0.09335337744818793,
        0.09342567125956218,
        0.10001418325636122,
        0.09348241488138835,
        0.10001039505004883,
        0.09426667955186632,
        0.09355746375189887,
        0.09392640325758192,
        0.09370480643378364,
        0.10019034809536403,
        0.09450247552659777
    ],
    "decode_percentiles": {
        "10": 0.0934313456217448,
        "25": 0.09353870153427124,
        "50": 0.09409654140472412,
        "75": 0.09988858302434285,
        "90": 0.10001380443572998
    }
}