{
    "avg_prefill_latency": 0.06687597433725993,
    "prefill_latencies": [
        0.06354665756225586,
        0.07000160217285156,
        0.06748843193054199,
        0.06434392929077148,
        0.06760621070861816,
        0.07001781463623047,
        0.0641169548034668,
        0.06839442253112793,
        0.06669473648071289,
        0.06756854057312012,
        0.06545329093933105,
        0.06727910041809082
    ],
    "prefill_percentiles": {
        "10": 0.06413965225219727,
        "25": 0.06517595052719116,
        "50": 0.0673837661743164,
        "75": 0.0678032636642456,
        "90": 0.0698408842086792
    },
    "avg_decode_latency": 0.033552191875599054,
    "decode_latencies": [
        0.03353807661268446,
        0.03352906968858507,
        0.0335636403825548,
        0.033495955997043185,
        0.033586978912353516,
        0.03350030051337348,
        0.03355561362372504,
        0.03356867366366916,
        0.03356300459967719,
        0.03355807728237576,
        0.03361831771002875,
        0.033548593521118164
    ],
    "decode_percentiles": {
        "10": 0.03350317743089464,
        "25": 0.03353582488165961,
        "50": 0.033556845453050405,
        "75": 0.03356489870283339,
        "90": 0.03358514838748508
    }
}