{
    "avg_prefill_latency": 1.238480846087138,
    "prefill_latencies": [
        1.2356350421905518,
        1.2313389778137207,
        1.2394695281982422,
        1.236072063446045,
        1.245405673980713,
        1.238631248474121,
        1.23946213722229,
        1.2461907863616943,
        1.239065408706665,
        1.242741346359253,
        1.232832670211792,
        1.2349252700805664
    ],
    "prefill_percentiles": {
        "10": 1.2330419301986695,
        "25": 1.2354575991630554,
        "50": 1.238848328590393,
        "75": 1.2402874827384949,
        "90": 1.245139241218567
    },
    "avg_decode_latency": 0.0943738751941257,
    "decode_latencies": [
        0.09237019220987956,
        0.09911224577162,
        0.09286665916442871,
        0.09292872746785481,
        0.09908035066392687,
        0.09291768074035645,
        0.09263502226935492,
        0.09968588087293836,
        0.09274400605095758,
        0.09277444415622288,
        0.09261785613165961,
        0.0927534368303087
    ],
    "decode_percentiles": {
        "10": 0.09261957274542915,
        "25": 0.0927167601055569,
        "50": 0.0928205516603258,
        "75": 0.09446663326687282,
        "90": 0.09910905626085069
    }
}