{
    "avg_prefill_latency": 0.21424537897109985,
    "prefill_latencies": [
        0.21393084526062012,
        0.21472930908203125,
        0.21319985389709473,
        0.21742677688598633,
        0.20980024337768555,
        0.2150101661682129,
        0.2142796516418457,
        0.21409821510314941,
        0.2134087085723877,
        0.21791696548461914,
        0.21042943000793457,
        0.21671438217163086
    ],
    "prefill_percentiles": {
        "10": 0.21070647239685059,
        "25": 0.21335649490356445,
        "50": 0.21418893337249756,
        "75": 0.21543622016906738,
        "90": 0.21735553741455077
    },
    "avg_decode_latency": 0.04120013228169194,
    "decode_latencies": [
        0.041314787334865995,
        0.041083945168389216,
        0.04118135240342882,
        0.04125550058152941,
        0.0410919189453125,
        0.04119486278957791,
        0.04126154051886664,
        0.041107124752468534,
        0.041373623741997614,
        0.04107035530938043,
        0.04124283790588379,
        0.04122373792860243
    ],
    "decode_percentiles": {
        "10": 0.04108474254608154,
        "25": 0.04110332330067953,
        "50": 0.041209300359090165,
        "75": 0.041257010565863714,
        "90": 0.04130946265326606
    }
}