{
    "avg_prefill_latency": 0.576940913995107,
    "prefill_latencies": [
        0.5757389068603516,
        0.5762641429901123,
        0.5776782035827637,
        0.5796020030975342,
        0.5789072513580322,
        0.5812737941741943,
        0.5674068927764893,
        0.5698878765106201,
        0.5743937492370605,
        0.5797677040100098,
        0.5812785625457764,
        0.5810918807983398
    ],
    "prefill_percentiles": {
        "10": 0.5703384637832641,
        "25": 0.5754026174545288,
        "50": 0.578292727470398,
        "75": 0.5800987482070923,
        "90": 0.5812556028366089
    },
    "avg_decode_latency": 0.057734924334066885,
    "decode_latencies": [
        0.05690259403652615,
        0.05705428123474121,
        0.057200352350870766,
        0.057163238525390625,
        0.057185755835639104,
        0.06363701820373535,
        0.05810909801059299,
        0.0573726495107015,
        0.057107263141208224,
        0.05699369642469618,
        0.05702026685078939,
        0.05707287788391113
    ],
    "decode_percentiles": {
        "10": 0.0569963534673055,
        "25": 0.05704577763875326,
        "50": 0.05713525083329943,
        "75": 0.057243426640828446,
        "90": 0.05803545316060384
    }
}