{
    "avg_prefill_latency": 0.4988832473754883,
    "prefill_latencies": [
        0.4866147041320801,
        0.49152469635009766,
        0.49385976791381836,
        0.49136829376220703,
        0.49376606941223145,
        0.48974013328552246,
        0.49242353439331055,
        0.5592122077941895,
        0.5011286735534668,
        0.495743989944458,
        0.4956691265106201,
        0.4955477714538574
    ],
    "prefill_percentiles": {
        "10": 0.4899029493331909,
        "25": 0.491485595703125,
        "50": 0.4938129186630249,
        "75": 0.4956878423690796,
        "90": 0.5005902051925659
    },
    "avg_decode_latency": 0.05445230669445462,
    "decode_latencies": [
        0.054617881774902344,
        0.05436017778184679,
        0.05448736084832086,
        0.05444275008307563,
        0.05456010500590006,
        0.054641405741373696,
        0.05446108182271322,
        0.05404949188232422,
        0.05440741115146213,
        0.054305632909139,
        0.05459467569986979,
        0.05449970563252767
    ],
    "decode_percentiles": {
        "10": 0.05431108739640978,
        "25": 0.054395602809058294,
        "50": 0.054474221335517034,
        "75": 0.054568747679392494,
        "90": 0.05461556116739909
    }
}