{
    "avg_prefill_latency": 1.284750501314799,
    "prefill_latencies": [
        1.2711236476898193,
        1.2874059677124023,
        1.2761666774749756,
        1.284924030303955,
        1.2888543605804443,
        1.2913942337036133,
        1.28369140625,
        1.2834160327911377,
        1.2863457202911377,
        1.28141188621521,
        1.289534568786621,
        1.2927374839782715
    ],
    "prefill_percentiles": {
        "10": 1.276691198348999,
        "25": 1.2829149961471558,
        "50": 1.2856348752975464,
        "75": 1.2890244126319885,
        "90": 1.291208267211914
    },
    "avg_decode_latency": 0.09765494090539438,
    "decode_latencies": [
        0.09513746367560492,
        0.09506750106811523,
        0.10215539402431911,
        0.09517852465311687,
        0.09533656968010797,
        0.10260762108696832,
        0.09546661376953125,
        0.10223070780436198,
        0.09576159053378636,
        0.09556023279825847,
        0.1020096672905816,
        0.09534740447998047
    ],
    "decode_percentiles": {
        "10": 0.09514156977335612,
        "25": 0.0952970584233602,
        "50": 0.09551342328389487,
        "75": 0.10204609897401598,
        "90": 0.1022231764263577
    }
}