{
    "avg_prefill_latency": 1.0130147536595662,
    "prefill_latencies": [
        1.0117104053497314,
        1.0123236179351807,
        1.015202283859253,
        1.014237403869629,
        1.0129883289337158,
        1.0106480121612549,
        1.015047311782837,
        1.0115165710449219,
        1.0084190368652344,
        1.012791395187378,
        1.016559362411499,
        1.0147333145141602
    ],
    "prefill_percentiles": {
        "10": 1.0107348680496215,
        "25": 1.011661946773529,
        "50": 1.0128898620605469,
        "75": 1.0148118138313293,
        "90": 1.0151867866516113
    },
    "avg_decode_latency": 0.037694619761572935,
    "decode_latencies": [
        0.03765063815646701,
        0.0376531547970242,
        0.03769241438971625,
        0.03768518235948351,
        0.037704282336764865,
        0.03767045338948568,
        0.03764186965094672,
        0.03773034943474664,
        0.03772099812825521,
        0.03769564628601074,
        0.0377557012769911,
        0.0377347469329834
    ],
    "decode_percentiles": {
        "10": 0.03765088982052273,
        "25": 0.037666128741370306,
        "50": 0.0376940303378635,
        "75": 0.03772333595487807,
        "90": 0.037734307183159725
    }
}