{
    "avg_prefill_latency": 0.9531759222348531,
    "prefill_latencies": [
        0.9515883922576904,
        0.9485177993774414,
        0.9470376968383789,
        0.9474735260009766,
        0.9574599266052246,
        0.9501512050628662,
        0.9521598815917969,
        0.9564471244812012,
        0.9613261222839355,
        0.9568331241607666,
        0.9548616409301758,
        0.9542546272277832
    ],
    "prefill_percentiles": {
        "10": 0.947577953338623,
        "25": 0.94974285364151,
        "50": 0.95320725440979,
        "75": 0.9565436244010925,
        "90": 0.9573972463607788
    },
    "avg_decode_latency": 0.04054730026810257,
    "decode_latencies": [
        0.04057184855143229,
        0.04051017761230469,
        0.04055356979370117,
        0.04057971636454264,
        0.04056485493977865,
        0.0405222839779324,
        0.04061137305365668,
        0.04054594039916992,
        0.04043936729431152,
        0.040468056996663414,
        0.04063593016730414,
        0.04056448406643338
    ],
    "decode_percentiles": {
        "10": 0.04047226905822754,
        "25": 0.040519257386525474,
        "50": 0.04055902693006727,
        "75": 0.04057381550470988,
        "90": 0.04060820738474528
    }
}