{
    "avg_prefill_latency": 0.04038280248641968,
    "prefill_latencies": [
        0.04001140594482422,
        0.04077768325805664,
        0.0404047966003418,
        0.040029287338256836,
        0.0408778190612793,
        0.04040837287902832,
        0.04009532928466797,
        0.04091477394104004,
        0.04048800468444824,
        0.04013824462890625,
        0.040798187255859375,
        0.03964972496032715
    ],
    "prefill_percentiles": {
        "10": 0.04001319408416748,
        "25": 0.040078818798065186,
        "50": 0.04040658473968506,
        "75": 0.040782809257507324,
        "90": 0.040869855880737306
    },
    "avg_decode_latency": 0.03469547739735356,
    "decode_latencies": [
        0.03454717000325521,
        0.0349175665113661,
        0.03469787703620063,
        0.034591860241360135,
        0.03479337692260742,
        0.03470275137159559,
        0.03461284107632107,
        0.034778224097357854,
        0.0347139835357666,
        0.03460786077711317,
        0.03479356235928006,
        0.03458865483601888
    ],
    "decode_percentiles": {
        "10": 0.034588975376553005,
        "25": 0.03460386064317491,
        "50": 0.03470031420389811,
        "75": 0.03478201230367024,
        "90": 0.034793543815612796
    }
}